{
  "type": "FeatureCollection",
  "features": [
    {
      "type": "Feature",
      "properties": {
        "Name": "New curved line 1"
      },
      "geometry": {
        "type": "LineString",
        "coordinates": [
          [
            35.321903,
            47.571662
          ],
          [
            35.322079,
            47.571665
          ],
          [
            35.322272,
            47.571665
          ],
          [
            35.322481,
            47.571662
          ],
          [
            35.322708,
            47.571657
          ],
          [
            35.322951,
            47.57165
          ],
          [
            35.323211,
            47.571643
          ],
          [
            35.323488,
            47.571636
          ],
          [
            35.323782,
            47.571629
          ],
          [
            35.324092,
            47.571624
          ],
          [
            35.324419,
            47.571622
          ],
          [
            35.324763,
            47.571623
          ],
          [
            35.325123,
            47.571627
          ],
          [
            35.3255,
            47.571636
          ],
          [
            35.325893,
            47.571651
          ],
          [
            35.326303,
            47.571671
          ],
          [
            35.326729,
            47.571699
          ],
          [
            35.327172,
            47.571734
          ],
          [
            35.327631,
            47.571778
          ],
          [
            35.328106,
            47.571831
          ],
          [
            35.328598,
            47.571893
          ],
          [
            35.329122,
            47.571965
          ],
          [
            35.32969,
            47.572042
          ],
          [
            35.330299,
            47.572126
          ],
          [
            35.330942,
            47.572215
          ],
          [
            35.331614,
            47.572311
          ],
          [
            35.332312,
            47.572412
          ],
          [
            35.333029,
            47.572519
          ],
          [
            35.333761,
            47.572632
          ],
          [
            35.334503,
            47.572751
          ],
          [
            35.33525,
            47.572874
          ],
          [
            35.335997,
            47.573003
          ],
          [
            35.336739,
            47.573137
          ],
          [
            35.337471,
            47.573276
          ],
          [
            35.338188,
            47.573421
          ],
          [
            35.338886,
            47.573569
          ],
          [
            35.339558,
            47.573723
          ],
          [
            35.340201,
            47.573882
          ],
          [
            35.340809,
            47.574044
          ],
          [
            35.341378,
            47.574212
          ],
          [
            35.341902,
            47.574383
          ],
          [
            35.342383,
            47.574566
          ],
          [
            35.342827,
            47.574764
          ],
          [
            35.343239,
            47.574976
          ],
          [
            35.343623,
            47.575201
          ],
          [
            35.34398,
            47.575435
          ],
          [
            35.344315,
            47.575678
          ],
          [
            35.344631,
            47.575927
          ],
          [
            35.344932,
            47.576181
          ],
          [
            35.345221,
            47.576436
          ],
          [
            35.345501,
            47.576692
          ],
          [
            35.345777,
            47.576947
          ],
          [
            35.34605,
            47.577197
          ],
          [
            35.346326,
            47.577443
          ],
          [
            35.346607,
            47.577681
          ],
          [
            35.346897,
            47.577909
          ],
          [
            35.347199,
            47.578126
          ],
          [
            35.347516,
            47.57833
          ],
          [
            35.347853,
            47.578518
          ],
          [
            35.348212,
            47.57869
          ],
          [
            35.348597,
            47.578842
          ],
          [
            35.348998,
            47.578979
          ],
          [
            35.349403,
            47.579107
          ],
          [
            35.349814,
            47.579226
          ],
          [
            35.350229,
            47.579336
          ],
          [
            35.35065,
            47.579437
          ],
          [
            35.351077,
            47.579531
          ],
          [
            35.35151,
            47.579615
          ],
          [
            35.35195,
            47.579692
          ],
          [
            35.352397,
            47.579761
          ],
          [
            35.352851,
            47.579822
          ],
          [
            35.353312,
            47.579876
          ],
          [
            35.353781,
            47.579923
          ],
          [
            35.354259,
            47.579962
          ],
          [
            35.354746,
            47.579995
          ],
          [
            35.355241,
            47.580021
          ],
          [
            35.355746,
            47.58004
          ],
          [
            35.356261,
            47.580054
          ],
          [
            35.356785,
            47.580061
          ],
          [
            35.35732,
            47.580062
          ],
          [
            35.357866,
            47.580058
          ],
          [
            35.358432,
            47.580044
          ],
          [
            35.359025,
            47.580019
          ],
          [
            35.359642,
            47.579982
          ],
          [
            35.36028,
            47.579935
          ],
          [
            35.360935,
            47.579879
          ],
          [
            35.361604,
            47.579815
          ],
          [
            35.362284,
            47.579743
          ],
          [
            35.362971,
            47.579665
          ],
          [
            35.363664,
            47.579582
          ],
          [
            35.364357,
            47.579493
          ],
          [
            35.365049,
            47.579401
          ],
          [
            35.365735,
            47.579306
          ],
          [
            35.366413,
            47.579209
          ],
          [
            35.36708,
            47.579111
          ],
          [
            35.367731,
            47.579013
          ],
          [
            35.368365,
            47.578915
          ],
          [
            35.368977,
            47.57882
          ],
          [
            35.369565,
            47.578727
          ],
          [
            35.370126,
            47.578637
          ],
          [
            35.370655,
            47.578552
          ],
          [
            35.371166,
            47.578478
          ],
          [
            35.37167,
            47.578418
          ],
          [
            35.372169,
            47.578369
          ],
          [
            35.372659,
            47.578329
          ],
          [
            35.373139,
            47.578296
          ],
          [
            35.37361,
            47.578267
          ],
          [
            35.374068,
            47.578238
          ],
          [
            35.374513,
            47.578208
          ],
          [
            35.374944,
            47.578174
          ],
          [
            35.37536,
            47.578133
          ],
          [
            35.375758,
            47.578082
          ],
          [
            35.376139,
            47.578019
          ],
          [
            35.3765,
            47.577941
          ],
          [
            35.37684,
            47.577845
          ],
          [
            35.377159,
            47.57773
          ],
          [
            35.377454,
            47.577592
          ],
          [
            35.377725,
            47.577428
          ],
          [
            35.377971,
            47.577236
          ],
          [
            35.378189,
            47.577013
          ],
          [
            35.37838,
            47.576757
          ],
          [
            35.37853,
            47.576459
          ],
          [
            35.378633,
            47.576113
          ],
          [
            35.378692,
            47.575725
          ],
          [
            35.378712,
            47.5753
          ],
          [
            35.378699,
            47.574843
          ],
          [
            35.378657,
            47.57436
          ],
          [
            35.378591,
            47.573854
          ],
          [
            35.378505,
            47.573333
          ],
          [
            35.378404,
            47.572799
          ],
          [
            35.378294,
            47.572259
          ],
          [
            35.378178,
            47.571717
          ],
          [
            35.378063,
            47.571179
          ],
          [
            35.377951,
            47.570649
          ],
          [
            35.377849,
            47.570133
          ],
          [
            35.37776,
            47.569636
          ],
          [
            35.37769,
            47.569163
          ],
          [
            35.377644,
            47.568718
          ],
          [
            35.377626,
            47.568308
          ],
          [
            35.377641,
            47.567936
          ],
          [
            35.377693,
            47.567608
          ],
          [
            35.377767,
            47.567313
          ],
          [
            35.377842,
            47.567036
          ],
          [
            35.377921,
            47.566777
          ],
          [
            35.378005,
            47.566535
          ],
          [
            35.378096,
            47.56631
          ],
          [
            35.378194,
            47.5661
          ],
          [
            35.378303,
            47.565907
          ],
          [
            35.378422,
            47.565728
          ],
          [
            35.378555,
            47.565564
          ],
          [
            35.378702,
            47.565415
          ],
          [
            35.378864,
            47.565279
          ],
          [
            35.379044,
            47.565156
          ],
          [
            35.379244,
            47.565047
          ],
          [
            35.379463,
            47.564949
          ],
          [
            35.379705,
            47.564864
          ],
          [
            35.37997,
            47.564789
          ],
          [
            35.380261,
            47.564726
          ],
          [
            35.380578,
            47.564673
          ],
          [
            35.380923,
            47.56463
          ],
          [
            35.381298,
            47.564597
          ],
          [
            35.381711,
            47.564582
          ],
          [
            35.382168,
            47.564596
          ],
          [
            35.382663,
            47.564634
          ],
          [
            35.383193,
            47.564695
          ],
          [
            35.383755,
            47.564775
          ],
          [
            35.384344,
            47.564872
          ],
          [
            35.384957,
            47.564982
          ],
          [
            35.38559,
            47.565104
          ],
          [
            35.386238,
            47.565235
          ],
          [
            35.386899,
            47.565371
          ],
          [
            35.387567,
            47.565511
          ],
          [
            35.38824,
            47.56565
          ],
          [
            35.388913,
            47.565787
          ],
          [
            35.389583,
            47.565919
          ],
          [
            35.390246,
            47.566044
          ],
          [
            35.390897,
            47.566157
          ],
          [
            35.391534,
            47.566257
          ],
          [
            35.392151,
            47.566341
          ],
          [
            35.392746,
            47.566406
          ],
          [
            35.393314,
            47.56645
          ],
          [
            35.393873,
            47.566485
          ],
          [
            35.394441,
            47.566526
          ],
          [
            35.395016,
            47.56657
          ],
          [
            35.395595,
            47.566616
          ],
          [
            35.396176,
            47.566661
          ],
          [
            35.396757,
            47.566703
          ],
          [
            35.397334,
            47.566741
          ],
          [
            35.397905,
            47.566771
          ],
          [
            35.398469,
            47.566793
          ],
          [
            35.399022,
            47.566805
          ],
          [
            35.399562,
            47.566803
          ],
          [
            35.400087,
            47.566786
          ],
          [
            35.400595,
            47.566753
          ],
          [
            35.401082,
            47.5667
          ],
          [
            35.401546,
            47.566626
          ],
          [
            35.401985,
            47.56653
          ],
          [
            35.402397,
            47.566408
          ],
          [
            35.402779,
            47.566259
          ],
          [
            35.403128,
            47.56608
          ],
          [
            35.403442,
            47.565871
          ],
          [
            35.403722,
            47.565622
          ],
          [
            35.40397,
            47.56533
          ],
          [
            35.404188,
            47.564998
          ],
          [
            35.404379,
            47.564632
          ],
          [
            35.404543,
            47.564235
          ],
          [
            35.404684,
            47.563811
          ],
          [
            35.404802,
            47.563364
          ],
          [
            35.404899,
            47.5629
          ],
          [
            35.404979,
            47.562421
          ],
          [
            35.405041,
            47.561932
          ],
          [
            35.405089,
            47.561438
          ],
          [
            35.405123,
            47.560942
          ],
          [
            35.405147,
            47.560448
          ],
          [
            35.405161,
            47.559961
          ],
          [
            35.405168,
            47.559485
          ],
          [
            35.40517,
            47.559024
          ],
          [
            35.405168,
            47.558583
          ],
          [
            35.405164,
            47.558164
          ],
          [
            35.405161,
            47.557774
          ],
          [
            35.405159,
            47.557415
          ],
          [
            35.405157,
            47.557084
          ],
          [
            35.405149,
            47.556776
          ],
          [
            35.405135,
            47.556486
          ],
          [
            35.405115,
            47.556213
          ],
          [
            35.405088,
            47.555954
          ],
          [
            35.405053,
            47.555707
          ],
          [
            35.40501,
            47.55547
          ],
          [
            35.404958,
            47.55524
          ],
          [
            35.404897,
            47.555016
          ],
          [
            35.404826,
            47.554794
          ],
          [
            35.404745,
            47.554572
          ],
          [
            35.404652,
            47.554348
          ],
          [
            35.404548,
            47.55412
          ],
          [
            35.404431,
            47.553885
          ],
          [
            35.404302,
            47.553641
          ],
          [
            35.404159,
            47.553385
          ],
          [
            35.404002,
            47.553116
          ],
          [
            35.403831,
            47.55283
          ],
          [
            35.403645,
            47.552526
          ],
          [
            35.403442,
            47.552201
          ],
          [
            35.403211,
            47.551855
          ],
          [
            35.40294,
            47.551488
          ],
          [
            35.402634,
            47.551103
          ],
          [
            35.402298,
            47.550703
          ],
          [
            35.401938,
            47.550289
          ],
          [
            35.401557,
            47.549864
          ],
          [
            35.40116,
            47.54943
          ],
          [
            35.400752,
            47.548989
          ],
          [
            35.400338,
            47.548543
          ],
          [
            35.399923,
            47.548095
          ],
          [
            35.399512,
            47.547647
          ],
          [
            35.399108,
            47.547202
          ],
          [
            35.398718,
            47.54676
          ],
          [
            35.398345,
            47.546325
          ],
          [
            35.397995,
            47.545898
          ],
          [
            35.397672,
            47.545483
          ],
          [
            35.397381,
            47.545081
          ],
          [
            35.397127,
            47.544694
          ],
          [
            35.396914,
            47.544324
          ],
          [
            35.396748,
            47.543975
          ],
          [
            35.396616,
            47.543635
          ],
          [
            35.396506,
            47.543293
          ],
          [
            35.396415,
            47.542952
          ],
          [
            35.396345,
            47.542613
          ],
          [
            35.396295,
            47.542277
          ],
          [
            35.396264,
            47.541946
          ],
          [
            35.396253,
            47.54162
          ],
          [
            35.396261,
            47.541303
          ],
          [
            35.396289,
            47.540995
          ],
          [
            35.396335,
            47.540698
          ],
          [
            35.396399,
            47.540412
          ],
          [
            35.396482,
            47.540141
          ],
          [
            35.396583,
            47.539885
          ],
          [
            35.396702,
            47.539645
          ],
          [
            35.396838,
            47.539424
          ],
          [
            35.396992,
            47.539223
          ],
          [
            35.397163,
            47.539043
          ],
          [
            35.397351,
            47.538885
          ],
          [
            35.397556,
            47.538752
          ],
          [
            35.397778,
            47.538644
          ],
          [
            35.397991,
            47.538567
          ],
          [
            35.398177,
            47.538522
          ],
          [
            35.398344,
            47.538507
          ],
          [
            35.398499,
            47.538519
          ],
          [
            35.398651,
            47.538555
          ],
          [
            35.398808,
            47.538612
          ],
          [
            35.398977,
            47.538689
          ],
          [
            35.399167,
            47.538782
          ],
          [
            35.399385,
            47.538889
          ],
          [
            35.399639,
            47.539006
          ],
          [
            35.399938,
            47.539133
          ],
          [
            35.400289,
            47.539264
          ],
          [
            35.4007,
            47.539399
          ],
          [
            35.401179,
            47.539535
          ],
          [
            35.401734,
            47.539668
          ],
          [
            35.402374,
            47.539797
          ],
          [
            35.403105,
            47.539918
          ],
          [
            35.403937,
            47.540028
          ],
          [
            35.404876,
            47.540126
          ],
          [
            35.405931,
            47.540209
          ],
          [
            35.407135,
            47.540284
          ],
          [
            35.408505,
            47.540361
          ],
          [
            35.410023,
            47.540439
          ],
          [
            35.411673,
            47.540519
          ],
          [
            35.413438,
            47.5406
          ],
          [
            35.415301,
            47.540681
          ],
          [
            35.417247,
            47.540761
          ],
          [
            35.419258,
            47.540841
          ],
          [
            35.421317,
            47.540921
          ],
          [
            35.423409,
            47.540998
          ],
          [
            35.425515,
            47.541074
          ],
          [
            35.427621,
            47.541147
          ],
          [
            35.429708,
            47.541218
          ],
          [
            35.43176,
            47.541286
          ],
          [
            35.433761,
            47.541349
          ],
          [
            35.435693,
            47.541409
          ],
          [
            35.437541,
            47.541465
          ],
          [
            35.439288,
            47.541515
          ],
          [
            35.440916,
            47.54156
          ],
          [
            35.44241,
            47.541599
          ],
          [
            35.44379,
            47.54163
          ],
          [
            35.445095,
            47.541652
          ],
          [
            35.446329,
            47.541665
          ],
          [
            35.447501,
            47.54167
          ],
          [
            35.448615,
            47.541669
          ],
          [
            35.449679,
            47.541664
          ],
          [
            35.450698,
            47.541654
          ],
          [
            35.451679,
            47.541641
          ],
          [
            35.452628,
            47.541626
          ],
          [
            35.453551,
            47.54161
          ],
          [
            35.454455,
            47.541595
          ],
          [
            35.455346,
            47.541581
          ],
          [
            35.45623,
            47.54157
          ],
          [
            35.457113,
            47.541563
          ],
          [
            35.458002,
            47.54156
          ],
          [
            35.458903,
            47.541563
          ],
          [
            35.459822,
            47.541573
          ],
          [
            35.460765,
            47.541592
          ],
          [
            35.46174,
            47.541619
          ],
          [
            35.462751,
            47.541657
          ],
          [
            35.463807,
            47.541698
          ],
          [
            35.464904,
            47.541736
          ],
          [
            35.466035,
            47.541771
          ],
          [
            35.467194,
            47.541805
          ],
          [
            35.468373,
            47.54184
          ],
          [
            35.469566,
            47.541876
          ],
          [
            35.470765,
            47.541915
          ],
          [
            35.471963,
            47.541959
          ],
          [
            35.473153,
            47.542009
          ],
          [
            35.474328,
            47.542066
          ],
          [
            35.475481,
            47.542132
          ],
          [
            35.476604,
            47.542208
          ],
          [
            35.477692,
            47.542295
          ],
          [
            35.478736,
            47.542395
          ],
          [
            35.47973,
            47.542509
          ],
          [
            35.480666,
            47.542638
          ],
          [
            35.481538,
            47.542784
          ],
          [
            35.482338,
            47.542949
          ],
          [
            35.483059,
            47.543133
          ],
          [
            35.483694,
            47.543337
          ],
          [
            35.484212,
            47.543576
          ],
          [
            35.484597,
            47.543857
          ],
          [
            35.484865,
            47.544175
          ],
          [
            35.48503,
            47.544525
          ],
          [
            35.485108,
            47.544902
          ],
          [
            35.485114,
            47.5453
          ],
          [
            35.485065,
            47.545715
          ],
          [
            35.484975,
            47.546142
          ],
          [
            35.48486,
            47.546575
          ],
          [
            35.484735,
            47.547009
          ],
          [
            35.484616,
            47.547439
          ],
          [
            35.484518,
            47.547861
          ],
          [
            35.484457,
            47.548268
          ],
          [
            35.484448,
            47.548655
          ],
          [
            35.484507,
            47.549019
          ],
          [
            35.484649,
            47.549352
          ],
          [
            35.484889,
            47.549652
          ],
          [
            35.485243,
            47.549911
          ],
          [
            35.485726,
            47.550125
          ],
          [
            35.486355,
            47.55029
          ],
          [
            35.487123,
            47.550401
          ],
          [
            35.488008,
            47.550465
          ],
          [
            35.488999,
            47.550485
          ],
          [
            35.490086,
            47.550466
          ],
          [
            35.491259,
            47.550414
          ],
          [
            35.492506,
            47.550332
          ],
          [
            35.493818,
            47.550226
          ],
          [
            35.495183,
            47.550101
          ],
          [
            35.496592,
            47.549961
          ],
          [
            35.498033,
            47.549812
          ],
          [
            35.499497,
            47.549657
          ],
          [
            35.500972,
            47.549503
          ],
          [
            35.502449,
            47.549353
          ],
          [
            35.503916,
            47.549213
          ],
          [
            35.505363,
            47.549087
          ],
          [
            35.50678,
            47.54898
          ],
          [
            35.508156,
            47.548897
          ],
          [
            35.50948,
            47.548843
          ],
          [
            35.510742,
            47.548823
          ],
          [
            35.511932,
            47.548841
          ],
          [
            35.513072,
            47.548896
          ],
          [
            35.514193,
            47.54898
          ],
          [
            35.515295,
            47.549089
          ],
          [
            35.51638,
            47.549221
          ],
          [
            35.51745,
            47.549373
          ],
          [
            35.518504,
            47.549541
          ],
          [
            35.519545,
            47.549723
          ],
          [
            35.520573,
            47.549914
          ],
          [
            35.52159,
            47.550113
          ],
          [
            35.522597,
            47.550315
          ],
          [
            35.523595,
            47.550518
          ],
          [
            35.524585,
            47.550718
          ],
          [
            35.525568,
            47.550913
          ],
          [
            35.526545,
            47.551099
          ],
          [
            35.527519,
            47.551273
          ],
          [
            35.528489,
            47.551432
          ],
          [
            35.529457,
            47.551573
          ],
          [
            35.530424,
            47.551692
          ],
          [
            35.531391,
            47.551787
          ],
          [
            35.53236,
            47.551854
          ],
          [
            35.533316,
            47.551895
          ],
          [
            35.534246,
            47.551916
          ],
          [
            35.535155,
            47.551919
          ],
          [
            35.536045,
            47.551906
          ],
          [
            35.53692,
            47.551877
          ],
          [
            35.537784,
            47.551836
          ],
          [
            35.53864,
            47.551784
          ],
          [
            35.539493,
            47.551722
          ],
          [
            35.540345,
            47.551653
          ],
          [
            35.541201,
            47.551579
          ],
          [
            35.542063,
            47.5515
          ],
          [
            35.542936,
            47.55142
          ],
          [
            35.543823,
            47.55134
          ],
          [
            35.544727,
            47.551261
          ],
          [
            35.545653,
            47.551186
          ],
          [
            35.546604,
            47.551116
          ],
          [
            35.547583,
            47.551053
          ],
          [
            35.548594,
            47.551
          ],
          [
            35.549641,
            47.550957
          ],
          [
            35.550728,
            47.550927
          ],
          [
            35.551868,
            47.550905
          ],
          [
            35.553067,
            47.550887
          ],
          [
            35.55432,
            47.550872
          ],
          [
            35.555618,
            47.55086
          ],
          [
            35.556955,
            47.550851
          ],
          [
            35.558322,
            47.550844
          ],
          [
            35.559713,
            47.55084
          ],
          [
            35.561121,
            47.550838
          ],
          [
            35.562538,
            47.550838
          ],
          [
            35.563956,
            47.55084
          ],
          [
            35.56537,
            47.550844
          ],
          [
            35.566771,
            47.550849
          ],
          [
            35.568151,
            47.550856
          ],
          [
            35.569505,
            47.550864
          ],
          [
            35.570824,
            47.550873
          ],
          [
            35.572102,
            47.550882
          ],
          [
            35.57333,
            47.550893
          ],
          [
            35.574502,
            47.550904
          ],
          [
            35.575611,
            47.550915
          ],
          [
            35.576649,
            47.550927
          ],
          [
            35.577638,
            47.55095
          ],
          [
            35.578606,
            47.550996
          ],
          [
            35.57955,
            47.551059
          ],
          [
            35.580469,
            47.551136
          ],
          [
            35.581363,
            47.551225
          ],
          [
            35.582229,
            47.55132
          ],
          [
            35.583066,
            47.551419
          ],
          [
            35.583874,
            47.551518
          ],
          [
            35.58465,
            47.551614
          ],
          [
            35.585393,
            47.551702
          ],
          [
            35.586102,
            47.551779
          ],
          [
            35.586775,
            47.551842
          ],
          [
            35.587412,
            47.551886
          ],
          [
            35.588011,
            47.551909
          ],
          [
            35.58857,
            47.551907
          ],
          [
            35.589088,
            47.551876
          ],
          [
            35.589564,
            47.551812
          ],
          [
            35.589996,
            47.551713
          ],
          [
            35.590384,
            47.551573
          ],
          [
            35.590725,
            47.55139
          ],
          [
            35.591003,
            47.551161
          ],
          [
            35.591206,
            47.550889
          ],
          [
            35.591341,
            47.550576
          ],
          [
            35.591414,
            47.550227
          ],
          [
            35.591432,
            47.549845
          ],
          [
            35.5914,
            47.549434
          ],
          [
            35.591325,
            47.548998
          ],
          [
            35.591214,
            47.54854
          ],
          [
            35.591072,
            47.548064
          ],
          [
            35.590907,
            47.547574
          ],
          [
            35.590725,
            47.547073
          ],
          [
            35.590531,
            47.546566
          ],
          [
            35.590333,
            47.546055
          ],
          [
            35.590137,
            47.545545
          ],
          [
            35.589948,
            47.545038
          ],
          [
            35.589775,
            47.54454
          ],
          [
            35.589622,
            47.544054
          ],
          [
            35.589496,
            47.543582
          ],
          [
            35.589404,
            47.54313
          ],
          [
            35.589352,
            47.5427
          ],
          [
            35.589316,
            47.542287
          ],
          [
            35.58927,
            47.54188
          ],
          [
            35.589217,
            47.541479
          ],
          [
            35.589158,
            47.541082
          ],
          [
            35.589097,
            47.54069
          ],
          [
            35.589035,
            47.540301
          ],
          [
            35.588976,
            47.539915
          ],
          [
            35.588922,
            47.53953
          ],
          [
            35.588874,
            47.539145
          ],
          [
            35.588837,
            47.53876
          ],
          [
            35.588811,
            47.538374
          ],
          [
            35.5888,
            47.537986
          ],
          [
            35.588805,
            47.537595
          ],
          [
            35.58883,
            47.5372
          ],
          [
            35.588877,
            47.536801
          ],
          [
            35.588948,
            47.536396
          ],
          [
            35.589046,
            47.535985
          ],
          [
            35.589172,
            47.535566
          ],
          [
            35.589331,
            47.53514
          ],
          [
            35.589523,
            47.534704
          ],
          [
            35.589748,
            47.534256
          ],
          [
            35.59,
            47.533793
          ],
          [
            35.590279,
            47.533317
          ],
          [
            35.590583,
            47.53283
          ],
          [
            35.590911,
            47.532334
          ],
          [
            35.591262,
            47.531831
          ],
          [
            35.591633,
            47.531323
          ],
          [
            35.592024,
            47.530811
          ],
          [
            35.592434,
            47.530298
          ],
          [
            35.59286,
            47.529785
          ],
          [
            35.593302,
            47.529275
          ],
          [
            35.593759,
            47.528768
          ],
          [
            35.594228,
            47.528267
          ],
          [
            35.594709,
            47.527774
          ],
          [
            35.5952,
            47.527291
          ],
          [
            35.5957,
            47.526819
          ],
          [
            35.596208,
            47.52636
          ],
          [
            35.596722,
            47.525917
          ],
          [
            35.597241,
            47.525491
          ],
          [
            35.597763,
            47.525084
          ],
          [
            35.598308,
            47.524694
          ],
          [
            35.598892,
            47.524318
          ],
          [
            35.59951,
            47.523955
          ],
          [
            35.600158,
            47.523604
          ],
          [
            35.60083,
            47.523263
          ],
          [
            35.601522,
            47.522933
          ],
          [
            35.602228,
            47.522612
          ],
          [
            35.602943,
            47.522299
          ],
          [
            35.603663,
            47.521993
          ],
          [
            35.604383,
            47.521693
          ],
          [
            35.605097,
            47.521398
          ],
          [
            35.605801,
            47.521108
          ],
          [
            35.60649,
            47.520821
          ],
          [
            35.607158,
            47.520536
          ],
          [
            35.607801,
            47.520253
          ],
          [
            35.608414,
            47.51997
          ],
          [
            35.608992,
            47.519687
          ],
          [
            35.60953,
            47.519402
          ],
          [
            35.610023,
            47.519114
          ],
          [
            35.610466,
            47.518824
          ],
          [
            35.610827,
            47.518538
          ],
          [
            35.611087,
            47.518264
          ],
          [
            35.61126,
            47.518001
          ],
          [
            35.61136,
            47.517747
          ],
          [
            35.611401,
            47.5175
          ],
          [
            35.611396,
            47.517257
          ],
          [
            35.611361,
            47.517018
          ],
          [
            35.611308,
            47.516781
          ],
          [
            35.611252,
            47.516543
          ],
          [
            35.611206,
            47.516302
          ],
          [
            35.611186,
            47.516058
          ],
          [
            35.611203,
            47.515808
          ],
          [
            35.611274,
            47.51555
          ],
          [
            35.611411,
            47.515282
          ],
          [
            35.611629,
            47.515003
          ],
          [
            35.611941,
            47.514711
          ],
          [
            35.612362,
            47.514404
          ],
          [
            35.612905,
            47.51408
          ],
          [
            35.613584,
            47.513738
          ],
          [
            35.614414,
            47.513375
          ],
          [
            35.615401,
            47.512979
          ],
          [
            35.616532,
            47.512545
          ],
          [
            35.617796,
            47.512076
          ],
          [
            35.619178,
            47.511579
          ],
          [
            35.620666,
            47.511058
          ],
          [
            35.622248,
            47.510517
          ],
          [
            35.623909,
            47.509964
          ],
          [
            35.625637,
            47.509402
          ],
          [
            35.627419,
            47.508836
          ],
          [
            35.629241,
            47.508273
          ],
          [
            35.631092,
            47.507716
          ],
          [
            35.632958,
            47.507172
          ],
          [
            35.634825,
            47.506644
          ],
          [
            35.636682,
            47.506139
          ],
          [
            35.638514,
            47.505662
          ],
          [
            35.640309,
            47.505217
          ],
          [
            35.642054,
            47.50481
          ],
          [
            35.643736,
            47.504446
          ],
          [
            35.645342,
            47.50413
          ],
          [
            35.646858,
            47.503867
          ],
          [
            35.648322,
            47.503656
          ],
          [
            35.649777,
            47.503491
          ],
          [
            35.651223,
            47.503368
          ],
          [
            35.652658,
            47.503283
          ],
          [
            35.65408,
            47.503232
          ],
          [
            35.655489,
            47.503212
          ],
          [
            35.656883,
            47.503219
          ],
          [
            35.658262,
            47.503248
          ],
          [
            35.659623,
            47.503296
          ],
          [
            35.660967,
            47.503359
          ],
          [
            35.66229,
            47.503434
          ],
          [
            35.663593,
            47.503516
          ],
          [
            35.664874,
            47.503602
          ],
          [
            35.666132,
            47.503687
          ],
          [
            35.667365,
            47.503769
          ],
          [
            35.668573,
            47.503842
          ],
          [
            35.669753,
            47.503904
          ],
          [
            35.670906,
            47.503951
          ],
          [
            35.67203,
            47.503978
          ],
          [
            35.673122,
            47.503982
          ],
          [
            35.674188,
            47.503988
          ],
          [
            35.67523,
            47.504018
          ],
          [
            35.676248,
            47.504067
          ],
          [
            35.677242,
            47.504133
          ],
          [
            35.678213,
            47.504209
          ],
          [
            35.679161,
            47.504291
          ],
          [
            35.680084,
            47.504376
          ],
          [
            35.680984,
            47.504457
          ],
          [
            35.681861,
            47.50453
          ],
          [
            35.682714,
            47.504591
          ],
          [
            35.683543,
            47.504636
          ],
          [
            35.684349,
            47.504659
          ],
          [
            35.685131,
            47.504656
          ],
          [
            35.68589,
            47.504622
          ],
          [
            35.686625,
            47.504553
          ],
          [
            35.687336,
            47.504445
          ],
          [
            35.688024,
            47.504291
          ],
          [
            35.688688,
            47.504089
          ],
          [
            35.689328,
            47.503833
          ],
          [
            35.689945,
            47.503519
          ],
          [
            35.690525,
            47.503127
          ],
          [
            35.691056,
            47.50265
          ],
          [
            35.691543,
            47.502096
          ],
          [
            35.69199,
            47.501475
          ],
          [
            35.692402,
            47.500796
          ],
          [
            35.692783,
            47.500069
          ],
          [
            35.693138,
            47.499304
          ],
          [
            35.69347,
            47.498509
          ],
          [
            35.693785,
            47.497695
          ],
          [
            35.694087,
            47.496872
          ],
          [
            35.694379,
            47.496047
          ],
          [
            35.694667,
            47.495232
          ],
          [
            35.694954,
            47.494436
          ],
          [
            35.695246,
            47.493667
          ],
          [
            35.695546,
            47.492936
          ],
          [
            35.695859,
            47.492253
          ],
          [
            35.696189,
            47.491626
          ],
          [
            35.696541,
            47.491065
          ],
          [
            35.696918,
            47.490581
          ],
          [
            35.697327,
            47.490181
          ],
          [
            35.697744,
            47.489855
          ],
          [
            35.698147,
            47.489582
          ],
          [
            35.698539,
            47.489358
          ],
          [
            35.698925,
            47.48918
          ],
          [
            35.699307,
            47.489043
          ],
          [
            35.69969,
            47.488944
          ],
          [
            35.700075,
            47.488878
          ],
          [
            35.700467,
            47.488843
          ],
          [
            35.70087,
            47.488834
          ],
          [
            35.701286,
            47.488847
          ],
          [
            35.701718,
            47.488879
          ],
          [
            35.702172,
            47.488926
          ],
          [
            35.702649,
            47.488983
          ],
          [
            35.703153,
            47.489047
          ],
          [
            35.703688,
            47.489115
          ],
          [
            35.704256,
            47.489182
          ],
          [
            35.704862,
            47.489245
          ],
          [
            35.70551,
            47.4893
          ],
          [
            35.706201,
            47.489342
          ],
          [
            35.70694,
            47.489369
          ],
          [
            35.707745,
            47.4894
          ],
          [
            35.708629,
            47.489456
          ],
          [
            35.709582,
            47.489534
          ],
          [
            35.710595,
            47.48963
          ],
          [
            35.71166,
            47.489741
          ],
          [
            35.712768,
            47.489863
          ],
          [
            35.71391,
            47.489993
          ],
          [
            35.715078,
            47.490128
          ],
          [
            35.716262,
            47.490264
          ],
          [
            35.717454,
            47.490398
          ],
          [
            35.718645,
            47.490527
          ],
          [
            35.719827,
            47.490647
          ],
          [
            35.72099,
            47.490754
          ],
          [
            35.722126,
            47.490846
          ],
          [
            35.723226,
            47.490919
          ],
          [
            35.724282,
            47.490969
          ],
          [
            35.725284,
            47.490993
          ],
          [
            35.726224,
            47.490988
          ],
          [
            35.727093,
            47.490951
          ],
          [
            35.727882,
            47.490877
          ],
          [
            35.728593,
            47.490762
          ],
          [
            35.729235,
            47.490606
          ],
          [
            35.729815,
            47.490413
          ],
          [
            35.730341,
            47.490187
          ],
          [
            35.730818,
            47.489934
          ],
          [
            35.731254,
            47.489656
          ],
          [
            35.731656,
            47.489358
          ],
          [
            35.73203,
            47.489045
          ],
          [
            35.732383,
            47.488721
          ],
          [
            35.732721,
            47.48839
          ],
          [
            35.733052,
            47.488057
          ],
          [
            35.733382,
            47.487725
          ],
          [
            35.733719,
            47.4874
          ],
          [
            35.734068,
            47.487085
          ],
          [
            35.734436,
            47.486785
          ],
          [
            35.734831,
            47.486504
          ],
          [
            35.735259,
            47.486247
          ],
          [
            35.735727,
            47.486017
          ],
          [
            35.736241,
            47.485819
          ],
          [
            35.736809,
            47.485657
          ],
          [
            35.737383,
            47.485526
          ],
          [
            35.737921,
            47.485417
          ],
          [
            35.73843,
            47.485327
          ],
          [
            35.73892,
            47.485256
          ],
          [
            35.7394,
            47.485201
          ],
          [
            35.73988,
            47.485161
          ],
          [
            35.740368,
            47.485134
          ],
          [
            35.740875,
            47.485118
          ],
          [
            35.741409,
            47.485112
          ],
          [
            35.74198,
            47.485113
          ],
          [
            35.742597,
            47.485121
          ],
          [
            35.743269,
            47.485134
          ],
          [
            35.744005,
            47.485149
          ],
          [
            35.744815,
            47.485165
          ],
          [
            35.745708,
            47.485181
          ],
          [
            35.746694,
            47.485195
          ],
          [
            35.747781,
            47.485205
          ],
          [
            35.748978,
            47.485209
          ],
          [
            35.750296,
            47.485205
          ],
          [
            35.751743,
            47.485193
          ],
          [
            35.753379,
            47.485187
          ],
          [
            35.75524,
            47.485202
          ],
          [
            35.7573,
            47.485234
          ],
          [
            35.759533,
            47.48528
          ],
          [
            35.761912,
            47.485336
          ],
          [
            35.764411,
            47.485399
          ],
          [
            35.767004,
            47.485464
          ],
          [
            35.769666,
            47.485529
          ],
          [
            35.77237,
            47.48559
          ],
          [
            35.775089,
            47.485643
          ],
          [
            35.777798,
            47.485684
          ],
          [
            35.780471,
            47.485711
          ],
          [
            35.783081,
            47.485719
          ],
          [
            35.785603,
            47.485705
          ],
          [
            35.788009,
            47.485666
          ],
          [
            35.790275,
            47.485598
          ],
          [
            35.792374,
            47.485496
          ],
          [
            35.794279,
            47.485359
          ],
          [
            35.795965,
            47.485182
          ],
          [
            35.797405,
            47.484961
          ],
          [
            35.798611,
            47.484684
          ],
          [
            35.799623,
            47.484347
          ],
          [
            35.800457,
            47.483955
          ],
          [
            35.801131,
            47.483515
          ],
          [
            35.801662,
            47.483034
          ],
          [
            35.802067,
            47.482519
          ],
          [
            35.802363,
            47.481976
          ],
          [
            35.802567,
            47.481412
          ],
          [
            35.802697,
            47.480834
          ],
          [
            35.80277,
            47.480248
          ],
          [
            35.802802,
            47.479661
          ],
          [
            35.802811,
            47.47908
          ],
          [
            35.802813,
            47.478512
          ],
          [
            35.802827,
            47.477963
          ],
          [
            35.802869,
            47.47744
          ],
          [
            35.802956,
            47.476949
          ],
          [
            35.803106,
            47.476498
          ],
          [
            35.803335,
            47.476093
          ],
          [
            35.803661,
            47.475741
          ],
          [
            35.8041,
            47.475448
          ],
          [
            35.804617,
            47.475211
          ],
          [
            35.805164,
            47.475022
          ],
          [
            35.805737,
            47.474875
          ],
          [
            35.806336,
            47.474766
          ],
          [
            35.806957,
            47.474691
          ],
          [
            35.807598,
            47.474644
          ],
          [
            35.808257,
            47.474622
          ],
          [
            35.808933,
            47.47462
          ],
          [
            35.809622,
            47.474633
          ],
          [
            35.810323,
            47.474657
          ],
          [
            35.811033,
            47.474688
          ],
          [
            35.811751,
            47.474721
          ],
          [
            35.812473,
            47.474751
          ],
          [
            35.813199,
            47.474775
          ],
          [
            35.813925,
            47.474787
          ],
          [
            35.81465,
            47.474783
          ],
          [
            35.815371,
            47.474759
          ],
          [
            35.816086,
            47.47471
          ],
          [
            35.816793,
            47.474632
          ],
          [
            35.81749,
            47.474519
          ],
          [
            35.818173,
            47.474375
          ],
          [
            35.818843,
            47.474205
          ],
          [
            35.819503,
            47.474013
          ],
          [
            35.820155,
            47.473802
          ],
          [
            35.820802,
            47.473574
          ],
          [
            35.821447,
            47.473333
          ],
          [
            35.822092,
            47.473081
          ],
          [
            35.82274,
            47.472822
          ],
          [
            35.823393,
            47.472558
          ],
          [
            35.824056,
            47.472293
          ],
          [
            35.824729,
            47.47203
          ],
          [
            35.825416,
            47.471771
          ],
          [
            35.82612,
            47.47152
          ],
          [
            35.826843,
            47.471279
          ],
          [
            35.827588,
            47.471052
          ],
          [
            35.828358,
            47.470842
          ],
          [
            35.829155,
            47.470651
          ],
          [
            35.829982,
            47.470483
          ],
          [
            35.830842,
            47.47034
          ],
          [
            35.831738,
            47.470226
          ],
          [
            35.832644,
            47.470145
          ],
          [
            35.83354,
            47.470095
          ],
          [
            35.834429,
            47.470073
          ],
          [
            35.835319,
            47.470077
          ],
          [
            35.836214,
            47.470101
          ],
          [
            35.83712,
            47.470143
          ],
          [
            35.838043,
            47.470199
          ],
          [
            35.838987,
            47.470265
          ],
          [
            35.839959,
            47.470338
          ],
          [
            35.840964,
            47.470415
          ],
          [
            35.842008,
            47.470491
          ],
          [
            35.843096,
            47.470563
          ],
          [
            35.844234,
            47.470628
          ],
          [
            35.845426,
            47.470682
          ],
          [
            35.84668,
            47.470721
          ],
          [
            35.848,
            47.470742
          ],
          [
            35.849392,
            47.470742
          ],
          [
            35.850861,
            47.470716
          ],
          [
            35.852413,
            47.470661
          ],
          [
            35.854053,
            47.470574
          ],
          [
            35.85583,
            47.470441
          ],
          [
            35.857775,
            47.470254
          ],
          [
            35.859867,
            47.470022
          ],
          [
            35.862089,
            47.469751
          ],
          [
            35.864419,
            47.469448
          ],
          [
            35.866839,
            47.469122
          ],
          [
            35.869329,
            47.468778
          ],
          [
            35.871869,
            47.468424
          ],
          [
            35.874441,
            47.468068
          ],
          [
            35.877024,
            47.467717
          ],
          [
            35.879599,
            47.467377
          ],
          [
            35.882147,
            47.467057
          ],
          [
            35.884648,
            47.466763
          ],
          [
            35.887082,
            47.466502
          ],
          [
            35.88943,
            47.466282
          ],
          [
            35.891673,
            47.466111
          ],
          [
            35.893791,
            47.465994
          ],
          [
            35.895765,
            47.46594
          ],
          [
            35.897574,
            47.465956
          ],
          [
            35.8992,
            47.466049
          ],
          [
            35.900669,
            47.46621
          ],
          [
            35.902022,
            47.466423
          ],
          [
            35.903268,
            47.466687
          ],
          [
            35.904415,
            47.466998
          ],
          [
            35.905469,
            47.467353
          ],
          [
            35.906438,
            47.467749
          ],
          [
            35.907328,
            47.468183
          ],
          [
            35.908149,
            47.468652
          ],
          [
            35.908906,
            47.469152
          ],
          [
            35.909607,
            47.469682
          ],
          [
            35.91026,
            47.470238
          ],
          [
            35.910872,
            47.470817
          ],
          [
            35.91145,
            47.471415
          ],
          [
            35.912001,
            47.472031
          ],
          [
            35.912534,
            47.47266
          ],
          [
            35.913054,
            47.473301
          ],
          [
            35.91357,
            47.473949
          ],
          [
            35.914089,
            47.474602
          ],
          [
            35.914618,
            47.475258
          ],
          [
            35.915165,
            47.475912
          ],
          [
            35.9157,
            47.476584
          ],
          [
            35.916192,
            47.477295
          ],
          [
            35.916643,
            47.478039
          ],
          [
            35.917059,
            47.478813
          ],
          [
            35.917441,
            47.479613
          ],
          [
            35.917793,
            47.480436
          ],
          [
            35.918119,
            47.481277
          ],
          [
            35.918422,
            47.482133
          ],
          [
            35.918706,
            47.482999
          ],
          [
            35.918974,
            47.483873
          ],
          [
            35.919229,
            47.48475
          ],
          [
            35.919474,
            47.485626
          ],
          [
            35.919714,
            47.486498
          ],
          [
            35.919952,
            47.487361
          ],
          [
            35.92019,
            47.488212
          ],
          [
            35.920433,
            47.489048
          ],
          [
            35.920684,
            47.489863
          ],
          [
            35.920945,
            47.490655
          ],
          [
            35.921222,
            47.49142
          ],
          [
            35.921516,
            47.492153
          ],
          [
            35.921838,
            47.492847
          ],
          [
            35.922189,
            47.4935
          ],
          [
            35.922564,
            47.494119
          ],
          [
            35.922958,
            47.494707
          ],
          [
            35.923366,
            47.495272
          ],
          [
            35.923781,
            47.495818
          ],
          [
            35.924199,
            47.49635
          ],
          [
            35.924613,
            47.496875
          ],
          [
            35.925019,
            47.497398
          ],
          [
            35.925411,
            47.497923
          ],
          [
            35.925783,
            47.498458
          ],
          [
            35.926131,
            47.499006
          ],
          [
            35.926448,
            47.499575
          ],
          [
            35.926728,
            47.500168
          ],
          [
            35.926968,
            47.500792
          ],
          [
            35.927161,
            47.501452
          ],
          [
            35.927301,
            47.502153
          ],
          [
            35.927383,
            47.502902
          ],
          [
            35.927403,
            47.503703
          ],
          [
            35.927353,
            47.504562
          ],
          [
            35.927211,
            47.505502
          ],
          [
            35.926964,
            47.506534
          ],
          [
            35.926623,
            47.507647
          ],
          [
            35.926202,
            47.508829
          ],
          [
            35.925711,
            47.510069
          ],
          [
            35.925163,
            47.511355
          ],
          [
            35.924569,
            47.512675
          ],
          [
            35.923942,
            47.514018
          ],
          [
            35.923292,
            47.515374
          ],
          [
            35.922632,
            47.516729
          ],
          [
            35.921974,
            47.518072
          ],
          [
            35.92133,
            47.519393
          ],
          [
            35.920711,
            47.520679
          ],
          [
            35.920129,
            47.52192
          ],
          [
            35.919596,
            47.523102
          ],
          [
            35.919124,
            47.524216
          ],
          [
            35.918725,
            47.525249
          ],
          [
            35.918411,
            47.52619
          ],
          [
            35.918193,
            47.527027
          ],
          [
            35.918083,
            47.52775
          ],
          [
            35.918064,
            47.528375
          ],
          [
            35.918106,
            47.528931
          ],
          [
            35.918206,
            47.529422
          ],
          [
            35.918361,
            47.529851
          ],
          [
            35.918566,
            47.530221
          ],
          [
            35.918819,
            47.530536
          ],
          [
            35.919115,
            47.530798
          ],
          [
            35.919451,
            47.531012
          ],
          [
            35.919824,
            47.531181
          ],
          [
            35.920229,
            47.531307
          ],
          [
            35.920664,
            47.531395
          ],
          [
            35.921124,
            47.531447
          ],
          [
            35.921606,
            47.531467
          ],
          [
            35.922106,
            47.531459
          ],
          [
            35.922621,
            47.531425
          ],
          [
            35.923148,
            47.53137
          ],
          [
            35.923682,
            47.531296
          ],
          [
            35.92422,
            47.531206
          ],
          [
            35.924758,
            47.531105
          ],
          [
            35.925293,
            47.530995
          ],
          [
            35.925822,
            47.530866
          ],
          [
            35.926348,
            47.530706
          ],
          [
            35.926873,
            47.530514
          ],
          [
            35.927402,
            47.530293
          ],
          [
            35.927939,
            47.530043
          ],
          [
            35.928487,
            47.529763
          ],
          [
            35.929049,
            47.529456
          ],
          [
            35.92963,
            47.529121
          ],
          [
            35.930233,
            47.52876
          ],
          [
            35.930861,
            47.528373
          ],
          [
            35.931519,
            47.52796
          ],
          [
            35.93221,
            47.527524
          ],
          [
            35.932938,
            47.527063
          ],
          [
            35.933706,
            47.526579
          ],
          [
            35.934518,
            47.526073
          ],
          [
            35.935378,
            47.525545
          ],
          [
            35.93629,
            47.524996
          ],
          [
            35.937256,
            47.524426
          ],
          [
            35.938282,
            47.523837
          ],
          [
            35.939369,
            47.523229
          ],
          [
            35.940556,
            47.522558
          ],
          [
            35.941868,
            47.521788
          ],
          [
            35.943289,
            47.520932
          ],
          [
            35.944806,
            47.520005
          ],
          [
            35.946403,
            47.519019
          ],
          [
            35.948067,
            47.517988
          ],
          [
            35.949781,
            47.516925
          ],
          [
            35.951532,
            47.515843
          ],
          [
            35.953306,
            47.514757
          ],
          [
            35.955087,
            47.513678
          ],
          [
            35.956861,
            47.512622
          ],
          [
            35.958613,
            47.511601
          ],
          [
            35.960329,
            47.510628
          ],
          [
            35.961994,
            47.509717
          ],
          [
            35.963594,
            47.508881
          ],
          [
            35.965113,
            47.508134
          ],
          [
            35.966538,
            47.50749
          ],
          [
            35.967853,
            47.50696
          ],
          [
            35.969044,
            47.50656
          ],
          [
            35.970097,
            47.506302
          ],
          [
            35.971009,
            47.506185
          ],
          [
            35.971798,
            47.506194
          ],
          [
            35.972476,
            47.506318
          ],
          [
            35.973053,
            47.506546
          ],
          [
            35.973543,
            47.506868
          ],
          [
            35.973957,
            47.507274
          ],
          [
            35.974308,
            47.507753
          ],
          [
            35.974606,
            47.508295
          ],
          [
            35.974865,
            47.50889
          ],
          [
            35.975096,
            47.509527
          ],
          [
            35.975311,
            47.510195
          ],
          [
            35.975522,
            47.510885
          ],
          [
            35.975742,
            47.511586
          ],
          [
            35.975981,
            47.512287
          ],
          [
            35.976252,
            47.512979
          ],
          [
            35.976568,
            47.51365
          ],
          [
            35.976939,
            47.514291
          ],
          [
            35.977378,
            47.514891
          ],
          [
            35.977897,
            47.515439
          ],
          [
            35.978508,
            47.515925
          ],
          [
            35.97921,
            47.516378
          ],
          [
            35.97999,
            47.516832
          ],
          [
            35.980837,
            47.517287
          ],
          [
            35.981742,
            47.51774
          ],
          [
            35.982696,
            47.518193
          ],
          [
            35.98369,
            47.518645
          ],
          [
            35.984714,
            47.519093
          ],
          [
            35.985759,
            47.519539
          ],
          [
            35.986815,
            47.519981
          ],
          [
            35.987874,
            47.520418
          ],
          [
            35.988926,
            47.52085
          ],
          [
            35.989961,
            47.521276
          ],
          [
            35.990971,
            47.521695
          ],
          [
            35.991945,
            47.522107
          ],
          [
            35.992875,
            47.522512
          ],
          [
            35.993752,
            47.522907
          ],
          [
            35.994565,
            47.523293
          ],
          [
            35.995305,
            47.523669
          ],
          [
            35.995965,
            47.524034
          ],
          [
            35.996532,
            47.524388
          ],
          [
            35.997012,
            47.524742
          ],
          [
            35.997417,
            47.525108
          ],
          [
            35.997753,
            47.525481
          ],
          [
            35.998027,
            47.525858
          ],
          [
            35.998245,
            47.526237
          ],
          [
            35.998414,
            47.526613
          ],
          [
            35.998541,
            47.526984
          ],
          [
            35.998632,
            47.527346
          ],
          [
            35.998694,
            47.527697
          ],
          [
            35.998732,
            47.528032
          ],
          [
            35.998754,
            47.528349
          ],
          [
            35.998765,
            47.528645
          ],
          [
            35.998774,
            47.528915
          ],
          [
            35.998785,
            47.529157
          ],
          [
            35.998806,
            47.529368
          ],
          [
            35.998842,
            47.529544
          ],
          [
            35.998902,
            47.529682
          ],
          [
            35.99899,
            47.529779
          ],
          [
            35.999113,
            47.529831
          ],
          [
            35.999279,
            47.529836
          ],
          [
            35.999455,
            47.529783
          ],
          [
            35.999608,
            47.529667
          ],
          [
            35.999744,
            47.529494
          ],
          [
            35.999867,
            47.52927
          ],
          [
            35.999982,
            47.529002
          ],
          [
            36.000094,
            47.528695
          ],
          [
            36.000208,
            47.528354
          ],
          [
            36.000328,
            47.527986
          ],
          [
            36.000461,
            47.527597
          ],
          [
            36.000609,
            47.527192
          ],
          [
            36.00078,
            47.526777
          ],
          [
            36.000976,
            47.526359
          ],
          [
            36.001204,
            47.525942
          ],
          [
            36.001468,
            47.525534
          ],
          [
            36.001773,
            47.525139
          ],
          [
            36.002124,
            47.524764
          ],
          [
            36.002526,
            47.524414
          ],
          [
            36.002984,
            47.524096
          ],
          [
            36.003502,
            47.523815
          ],
          [
            36.004086,
            47.523577
          ],
          [
            36.004754,
            47.523365
          ],
          [
            36.005517,
            47.523158
          ],
          [
            36.006364,
            47.522958
          ],
          [
            36.007285,
            47.522764
          ],
          [
            36.008271,
            47.522579
          ],
          [
            36.009311,
            47.522402
          ],
          [
            36.010396,
            47.522234
          ],
          [
            36.011515,
            47.522076
          ],
          [
            36.012659,
            47.52193
          ],
          [
            36.013817,
            47.521794
          ],
          [
            36.014979,
            47.521672
          ],
          [
            36.016136,
            47.521562
          ],
          [
            36.017278,
            47.521467
          ],
          [
            36.018394,
            47.521387
          ],
          [
            36.019475,
            47.521322
          ],
          [
            36.02051,
            47.521273
          ],
          [
            36.02149,
            47.521242
          ],
          [
            36.022405,
            47.521228
          ],
          [
            36.023244,
            47.521233
          ],
          [
            36.023998,
            47.521258
          ],
          [
            36.024683,
            47.521308
          ],
          [
            36.025324,
            47.521386
          ],
          [
            36.025924,
            47.521489
          ],
          [
            36.026485,
            47.521617
          ],
          [
            36.027009,
            47.521765
          ],
          [
            36.027501,
            47.521933
          ],
          [
            36.027962,
            47.522117
          ],
          [
            36.028395,
            47.522315
          ],
          [
            36.028803,
            47.522525
          ],
          [
            36.029188,
            47.522745
          ],
          [
            36.029554,
            47.522973
          ],
          [
            36.029903,
            47.523205
          ],
          [
            36.030238,
            47.52344
          ],
          [
            36.030561,
            47.523676
          ],
          [
            36.030875,
            47.523909
          ],
          [
            36.031183,
            47.524139
          ],
          [
            36.031488,
            47.524362
          ],
          [
            36.031792,
            47.524576
          ],
          [
            36.032099,
            47.524778
          ],
          [
            36.03241,
            47.524968
          ],
          [
            36.032712,
            47.525144
          ],
          [
            36.032993,
            47.525308
          ],
          [
            36.033254,
            47.525464
          ],
          [
            36.033496,
            47.525613
          ],
          [
            36.033723,
            47.525756
          ],
          [
            36.033936,
            47.525896
          ],
          [
            36.034136,
            47.526035
          ],
          [
            36.034327,
            47.526173
          ],
          [
            36.03451,
            47.526314
          ],
          [
            36.034687,
            47.526458
          ],
          [
            36.03486,
            47.526609
          ],
          [
            36.035031,
            47.526767
          ],
          [
            36.035202,
            47.526935
          ],
          [
            36.035375,
            47.527114
          ],
          [
            36.035553,
            47.527306
          ],
          [
            36.035736,
            47.527514
          ],
          [
            36.035928,
            47.527738
          ],
          [
            36.03613,
            47.527982
          ],
          [
            36.036344,
            47.528246
          ],
          [
            36.036572,
            47.528532
          ],
          [
            36.036799,
            47.528825
          ],
          [
            36.03701,
            47.52911
          ],
          [
            36.037208,
            47.52939
          ],
          [
            36.037397,
            47.52967
          ],
          [
            36.037579,
            47.529951
          ],
          [
            36.037759,
            47.530239
          ],
          [
            36.037939,
            47.530537
          ],
          [
            36.038124,
            47.530847
          ],
          [
            36.038315,
            47.531175
          ],
          [
            36.038517,
            47.531522
          ],
          [
            36.038733,
            47.531894
          ],
          [
            36.038966,
            47.532293
          ],
          [
            36.03922,
            47.532724
          ],
          [
            36.039497,
            47.533189
          ],
          [
            36.039802,
            47.533692
          ],
          [
            36.040138,
            47.534237
          ],
          [
            36.040507,
            47.534827
          ],
          [
            36.040913,
            47.535466
          ],
          [
            36.04136,
            47.536158
          ],
          [
            36.041851,
            47.536906
          ],
          [
            36.04237,
            47.537724
          ],
          [
            36.042902,
            47.538619
          ],
          [
            36.043448,
            47.539584
          ],
          [
            36.044011,
            47.540612
          ],
          [
            36.044593,
            47.541695
          ],
          [
            36.045197,
            47.542826
          ],
          [
            36.045823,
            47.543998
          ],
          [
            36.046476,
            47.545203
          ],
          [
            36.047156,
            47.546434
          ],
          [
            36.047867,
            47.547684
          ],
          [
            36.04861,
            47.548945
          ],
          [
            36.049388,
            47.550211
          ],
          [
            36.050203,
            47.551474
          ],
          [
            36.051057,
            47.552726
          ],
          [
            36.051953,
            47.553961
          ],
          [
            36.052892,
            47.555171
          ],
          [
            36.053877,
            47.556349
          ],
          [
            36.05491,
            47.557487
          ],
          [
            36.055993,
            47.558578
          ],
          [
            36.057129,
            47.559616
          ],
          [
            36.058383,
            47.560622
          ],
          [
            36.059806,
            47.561626
          ],
          [
            36.061374,
            47.562624
          ],
          [
            36.063064,
            47.563615
          ],
          [
            36.064855,
            47.564598
          ],
          [
            36.066723,
            47.565572
          ],
          [
            36.068647,
            47.566533
          ],
          [
            36.070602,
            47.567481
          ],
          [
            36.072568,
            47.568414
          ],
          [
            36.07452,
            47.569331
          ],
          [
            36.076438,
            47.570229
          ],
          [
            36.078297,
            47.571108
          ],
          [
            36.080075,
            47.571964
          ],
          [
            36.081751,
            47.572798
          ],
          [
            36.083301,
            47.573607
          ],
          [
            36.084702,
            47.574389
          ],
          [
            36.085932,
            47.575143
          ],
          [
            36.086969,
            47.575868
          ],
          [
            36.087789,
            47.576561
          ],
          [
            36.088371,
            47.577221
          ],
          [
            36.088691,
            47.577842
          ],
          [
            36.088755,
            47.578421
          ],
          [
            36.088591,
            47.578962
          ],
          [
            36.088223,
            47.579468
          ],
          [
            36.087677,
            47.579942
          ],
          [
            36.086977,
            47.580387
          ],
          [
            36.08615,
            47.580806
          ],
          [
            36.085221,
            47.581202
          ],
          [
            36.084215,
            47.581579
          ],
          [
            36.083157,
            47.581939
          ],
          [
            36.082073,
            47.582286
          ],
          [
            36.080988,
            47.582623
          ],
          [
            36.079928,
            47.582953
          ],
          [
            36.078918,
            47.583279
          ],
          [
            36.077983,
            47.583604
          ],
          [
            36.077149,
            47.583931
          ],
          [
            36.07644,
            47.584264
          ],
          [
            36.075883,
            47.584605
          ],
          [
            36.075503,
            47.584958
          ],
          [
            36.075325,
            47.585326
          ],
          [
            36.0753,
            47.585694
          ],
          [
            36.075358,
            47.586047
          ],
          [
            36.075497,
            47.586387
          ],
          [
            36.07571,
            47.586715
          ],
          [
            36.075993,
            47.587036
          ],
          [
            36.076342,
            47.587349
          ],
          [
            36.076753,
            47.587659
          ],
          [
            36.07722,
            47.587966
          ],
          [
            36.07774,
            47.588273
          ],
          [
            36.078308,
            47.588582
          ],
          [
            36.078919,
            47.588896
          ],
          [
            36.079568,
            47.589216
          ],
          [
            36.080253,
            47.589545
          ],
          [
            36.080967,
            47.589885
          ],
          [
            36.081706,
            47.590238
          ],
          [
            36.082466,
            47.590606
          ],
          [
            36.083243,
            47.590991
          ],
          [
            36.084031,
            47.591396
          ],
          [
            36.084826,
            47.591822
          ],
          [
            36.085625,
            47.592273
          ],
          [
            36.086452,
            47.592737
          ],
          [
            36.087333,
            47.593204
          ],
          [
            36.088265,
            47.593676
          ],
          [
            36.089242,
            47.594155
          ],
          [
            36.09026,
            47.59464
          ],
          [
            36.091313,
            47.595135
          ],
          [
            36.092398,
            47.595641
          ],
          [
            36.09351,
            47.596159
          ],
          [
            36.094644,
            47.59669
          ],
          [
            36.095796,
            47.597236
          ],
          [
            36.09696,
            47.597799
          ],
          [
            36.098133,
            47.598379
          ],
          [
            36.099309,
            47.59898
          ],
          [
            36.100484,
            47.599601
          ],
          [
            36.101654,
            47.600244
          ],
          [
            36.102813,
            47.600911
          ],
          [
            36.103957,
            47.601604
          ],
          [
            36.105082,
            47.602323
          ],
          [
            36.106182,
            47.603071
          ],
          [
            36.107254,
            47.603848
          ],
          [
            36.108314,
            47.60466
          ],
          [
            36.109383,
            47.605509
          ],
          [
            36.110457,
            47.606392
          ],
          [
            36.111536,
            47.607305
          ],
          [
            36.112617,
            47.608248
          ],
          [
            36.113699,
            47.609216
          ],
          [
            36.114779,
            47.610208
          ],
          [
            36.115856,
            47.61122
          ],
          [
            36.116928,
            47.61225
          ],
          [
            36.117994,
            47.613295
          ],
          [
            36.11905,
            47.614352
          ],
          [
            36.120096,
            47.615419
          ],
          [
            36.121129,
            47.616493
          ],
          [
            36.122148,
            47.617572
          ],
          [
            36.12315,
            47.618652
          ],
          [
            36.124135,
            47.619731
          ],
          [
            36.125099,
            47.620807
          ],
          [
            36.126041,
            47.621876
          ],
          [
            36.12696,
            47.622936
          ],
          [
            36.127853,
            47.623984
          ],
          [
            36.128711,
            47.625048
          ],
          [
            36.129529,
            47.626152
          ],
          [
            36.13031,
            47.627291
          ],
          [
            36.13106,
            47.628458
          ],
          [
            36.131783,
            47.629645
          ],
          [
            36.132483,
            47.630847
          ],
          [
            36.133165,
            47.632057
          ],
          [
            36.133834,
            47.633268
          ],
          [
            36.134494,
            47.634474
          ],
          [
            36.135149,
            47.635667
          ],
          [
            36.135804,
            47.636843
          ],
          [
            36.136464,
            47.637993
          ],
          [
            36.137133,
            47.639111
          ],
          [
            36.137815,
            47.640191
          ],
          [
            36.138515,
            47.641227
          ],
          [
            36.139238,
            47.642211
          ],
          [
            36.139988,
            47.643136
          ],
          [
            36.140769,
            47.643997
          ],
          [
            36.141587,
            47.644787
          ],
          [
            36.142445,
            47.645499
          ],
          [
            36.14336,
            47.646125
          ],
          [
            36.144342,
            47.646666
          ],
          [
            36.14538,
            47.647131
          ],
          [
            36.146466,
            47.647526
          ],
          [
            36.14759,
            47.647859
          ],
          [
            36.148745,
            47.64814
          ],
          [
            36.149921,
            47.648374
          ],
          [
            36.151109,
            47.648571
          ],
          [
            36.1523,
            47.648738
          ],
          [
            36.153485,
            47.648882
          ],
          [
            36.154655,
            47.649012
          ],
          [
            36.155801,
            47.649135
          ],
          [
            36.156915,
            47.64926
          ],
          [
            36.157987,
            47.649393
          ],
          [
            36.159009,
            47.649543
          ],
          [
            36.159971,
            47.649718
          ],
          [
            36.160864,
            47.649925
          ],
          [
            36.16168,
            47.650172
          ],
          [
            36.16241,
            47.650468
          ],
          [
            36.163044,
            47.650819
          ],
          [
            36.163601,
            47.651212
          ],
          [
            36.164106,
            47.651626
          ],
          [
            36.16456,
            47.652059
          ],
          [
            36.164965,
            47.652511
          ],
          [
            36.165322,
            47.652978
          ],
          [
            36.165632,
            47.65346
          ],
          [
            36.165896,
            47.653955
          ],
          [
            36.166116,
            47.654461
          ],
          [
            36.166293,
            47.654976
          ],
          [
            36.166429,
            47.655498
          ],
          [
            36.166524,
            47.656027
          ],
          [
            36.166581,
            47.656559
          ],
          [
            36.1666,
            47.657094
          ],
          [
            36.166582,
            47.65763
          ],
          [
            36.16653,
            47.658165
          ],
          [
            36.166444,
            47.658697
          ],
          [
            36.166326,
            47.659224
          ],
          [
            36.166177,
            47.659745
          ],
          [
            36.165998,
            47.660259
          ],
          [
            36.165791,
            47.660763
          ],
          [
            36.165517,
            47.661263
          ],
          [
            36.165146,
            47.661766
          ],
          [
            36.164687,
            47.662271
          ],
          [
            36.164153,
            47.662778
          ],
          [
            36.163554,
            47.663286
          ],
          [
            36.1629,
            47.663795
          ],
          [
            36.162204,
            47.664305
          ],
          [
            36.161475,
            47.664814
          ],
          [
            36.160725,
            47.665324
          ],
          [
            36.159965,
            47.665832
          ],
          [
            36.159205,
            47.666339
          ],
          [
            36.158457,
            47.666843
          ],
          [
            36.157732,
            47.667346
          ],
          [
            36.15704,
            47.667846
          ],
          [
            36.156392,
            47.668343
          ],
          [
            36.1558,
            47.668836
          ],
          [
            36.155274,
            47.669325
          ],
          [
            36.154825,
            47.669809
          ],
          [
            36.154465,
            47.670289
          ],
          [
            36.154203,
            47.670763
          ],
          [
            36.154026,
            47.67123
          ],
          [
            36.153907,
            47.671689
          ],
          [
            36.153842,
            47.672142
          ],
          [
            36.153829,
            47.672589
          ],
          [
            36.153862,
            47.67303
          ],
          [
            36.153939,
            47.673468
          ],
          [
            36.154056,
            47.673902
          ],
          [
            36.154208,
            47.674333
          ],
          [
            36.154393,
            47.674763
          ],
          [
            36.154606,
            47.675191
          ],
          [
            36.154843,
            47.67562
          ],
          [
            36.155102,
            47.676049
          ],
          [
            36.155377,
            47.67648
          ],
          [
            36.155665,
            47.676913
          ],
          [
            36.155964,
            47.677349
          ],
          [
            36.156267,
            47.677789
          ],
          [
            36.156573,
            47.678234
          ],
          [
            36.156877,
            47.678684
          ],
          [
            36.157176,
            47.679141
          ],
          [
            36.157465,
            47.679605
          ],
          [
            36.157777,
            47.68008
          ],
          [
            36.158143,
            47.680567
          ],
          [
            36.158555,
            47.681066
          ],
          [
            36.159006,
            47.681573
          ],
          [
            36.159488,
            47.682088
          ],
          [
            36.159994,
            47.682608
          ],
          [
            36.160518,
            47.683132
          ],
          [
            36.161051,
            47.683657
          ],
          [
            36.161586,
            47.684184
          ],
          [
            36.162116,
            47.684708
          ],
          [
            36.162634,
            47.685229
          ],
          [
            36.163132,
            47.685746
          ],
          [
            36.163603,
            47.686255
          ],
          [
            36.16404,
            47.686757
          ],
          [
            36.164435,
            47.687247
          ],
          [
            36.164782,
            47.687726
          ],
          [
            36.165072,
            47.688191
          ],
          [
            36.165299,
            47.688641
          ],
          [
            36.165455,
            47.689073
          ],
          [
            36.165533,
            47.689486
          ],
          [
            36.165531,
            47.689875
          ],
          [
            36.165456,
            47.690238
          ],
          [
            36.165315,
            47.690579
          ],
          [
            36.165114,
            47.690899
          ],
          [
            36.164858,
            47.691203
          ],
          [
            36.164556,
            47.691493
          ],
          [
            36.164213,
            47.691771
          ],
          [
            36.163835,
            47.692041
          ],
          [
            36.163429,
            47.692307
          ],
          [
            36.163001,
            47.69257
          ],
          [
            36.162558,
            47.692833
          ],
          [
            36.162105,
            47.693101
          ],
          [
            36.16165,
            47.693375
          ],
          [
            36.161199,
            47.693658
          ],
          [
            36.160757,
            47.693954
          ],
          [
            36.160332,
            47.694266
          ],
          [
            36.15993,
            47.694596
          ],
          [
            36.159557,
            47.694947
          ],
          [
            36.15922,
            47.695323
          ],
          [
            36.158924,
            47.695725
          ],
          [
            36.158653,
            47.696153
          ],
          [
            36.158384,
            47.6966
          ],
          [
            36.158119,
            47.697066
          ],
          [
            36.157857,
            47.697548
          ],
          [
            36.1576,
            47.698044
          ],
          [
            36.157347,
            47.698554
          ],
          [
            36.1571,
            47.699075
          ],
          [
            36.156859,
            47.699607
          ],
          [
            36.156625,
            47.700147
          ],
          [
            36.156397,
            47.700693
          ],
          [
            36.156178,
            47.701245
          ],
          [
            36.155966,
            47.7018
          ],
          [
            36.155763,
            47.702358
          ],
          [
            36.155569,
            47.702916
          ],
          [
            36.155386,
            47.703472
          ],
          [
            36.155212,
            47.704026
          ],
          [
            36.155049,
            47.704575
          ],
          [
            36.154898,
            47.705119
          ],
          [
            36.154759,
            47.705654
          ],
          [
            36.154633,
            47.706181
          ],
          [
            36.154495,
            47.706702
          ],
          [
            36.154328,
            47.707223
          ],
          [
            36.154139,
            47.707744
          ],
          [
            36.153934,
            47.708265
          ],
          [
            36.153719,
            47.708786
          ],
          [
            36.153503,
            47.709307
          ],
          [
            36.153291,
            47.709828
          ],
          [
            36.153092,
            47.710349
          ],
          [
            36.152911,
            47.710869
          ],
          [
            36.152755,
            47.711389
          ],
          [
            36.152632,
            47.711909
          ],
          [
            36.152548,
            47.712429
          ],
          [
            36.15251,
            47.712949
          ],
          [
            36.152526,
            47.713468
          ],
          [
            36.152601,
            47.713987
          ],
          [
            36.152743,
            47.714505
          ],
          [
            36.152959,
            47.715024
          ],
          [
            36.153255,
            47.715542
          ],
          [
            36.153639,
            47.716059
          ],
          [
            36.154118,
            47.716576
          ],
          [
            36.154728,
            47.717085
          ],
          [
            36.155491,
            47.717581
          ],
          [
            36.156391,
            47.718066
          ],
          [
            36.157409,
            47.718541
          ],
          [
            36.158528,
            47.71901
          ],
          [
            36.159732,
            47.719475
          ],
          [
            36.161002,
            47.719939
          ],
          [
            36.162322,
            47.720402
          ],
          [
            36.163675,
            47.720869
          ],
          [
            36.165042,
            47.72134
          ],
          [
            36.166408,
            47.721819
          ],
          [
            36.167753,
            47.722308
          ],
          [
            36.169062,
            47.722809
          ],
          [
            36.170318,
            47.723325
          ],
          [
            36.171501,
            47.723857
          ],
          [
            36.172597,
            47.724409
          ],
          [
            36.173586,
            47.724982
          ],
          [
            36.174452,
            47.725579
          ],
          [
            36.175178,
            47.726202
          ],
          [
            36.175747,
            47.726854
          ],
          [
            36.176167,
            47.727542
          ],
          [
            36.176467,
            47.728271
          ],
          [
            36.176657,
            47.729035
          ],
          [
            36.176748,
            47.729831
          ],
          [
            36.176751,
            47.730654
          ],
          [
            36.176677,
            47.731499
          ],
          [
            36.176535,
            47.732363
          ],
          [
            36.176338,
            47.73324
          ],
          [
            36.176095,
            47.734127
          ],
          [
            36.175817,
            47.735019
          ],
          [
            36.175515,
            47.735912
          ],
          [
            36.175199,
            47.7368
          ],
          [
            36.174881,
            47.737681
          ],
          [
            36.17457,
            47.738549
          ],
          [
            36.174278,
            47.7394
          ],
          [
            36.174016,
            47.74023
          ],
          [
            36.173793,
            47.741034
          ],
          [
            36.173621,
            47.741808
          ],
          [
            36.173511,
            47.742548
          ],
          [
            36.173472,
            47.743248
          ],
          [
            36.17348,
            47.743925
          ],
          [
            36.1735,
            47.744594
          ],
          [
            36.173533,
            47.745254
          ],
          [
            36.173578,
            47.745905
          ],
          [
            36.173635,
            47.746544
          ],
          [
            36.173704,
            47.747172
          ],
          [
            36.173785,
            47.747787
          ],
          [
            36.173877,
            47.748387
          ],
          [
            36.17398,
            47.748971
          ],
          [
            36.174095,
            47.749539
          ],
          [
            36.17422,
            47.750089
          ],
          [
            36.174355,
            47.75062
          ],
          [
            36.174501,
            47.75113
          ],
          [
            36.174657,
            47.75162
          ],
          [
            36.174822,
            47.752086
          ],
          [
            36.174997,
            47.752529
          ],
          [
            36.175182,
            47.752947
          ],
          [
            36.175376,
            47.753339
          ],
          [
            36.175578,
            47.753704
          ],
          [
            36.17579,
            47.75404
          ],
          [
            36.176008,
            47.754332
          ],
          [
            36.17623,
            47.754567
          ],
          [
            36.176459,
            47.754753
          ],
          [
            36.176694,
            47.754894
          ],
          [
            36.176936,
            47.754998
          ],
          [
            36.177188,
            47.75507
          ],
          [
            36.177448,
            47.755115
          ],
          [
            36.177719,
            47.755141
          ],
          [
            36.178001,
            47.755154
          ],
          [
            36.178295,
            47.755158
          ],
          [
            36.178602,
            47.755162
          ],
          [
            36.178923,
            47.755169
          ],
          [
            36.179259,
            47.755187
          ],
          [
            36.17961,
            47.755222
          ],
          [
            36.179978,
            47.755279
          ],
          [
            36.180364,
            47.755365
          ],
          [
            36.180767,
            47.755486
          ],
          [
            36.181191,
            47.755648
          ],
          [
            36.181634,
            47.755856
          ],
          [
            36.182098,
            47.756118
          ],
          [
            36.182575,
            47.756429
          ],
          [
            36.183057,
            47.75678
          ],
          [
            36.183546,
            47.757168
          ],
          [
            36.184043,
            47.757589
          ],
          [
            36.184551,
            47.758038
          ],
          [
            36.185072,
            47.758512
          ],
          [
            36.185607,
            47.759007
          ],
          [
            36.186159,
            47.75952
          ],
          [
            36.186729,
            47.760046
          ],
          [
            36.187321,
            47.760582
          ],
          [
            36.187934,
            47.761124
          ],
          [
            36.188573,
            47.761668
          ],
          [
            36.189238,
            47.76221
          ],
          [
            36.189931,
            47.762747
          ],
          [
            36.190655,
            47.763274
          ],
          [
            36.191411,
            47.763788
          ],
          [
            36.192202,
            47.764286
          ],
          [
            36.19303,
            47.764762
          ],
          [
            36.193895,
            47.765214
          ],
          [
            36.194801,
            47.765638
          ],
          [
            36.195744,
            47.766035
          ],
          [
            36.196718,
            47.766411
          ],
          [
            36.197723,
            47.766768
          ],
          [
            36.198759,
            47.76711
          ],
          [
            36.199825,
            47.767438
          ],
          [
            36.200921,
            47.767756
          ],
          [
            36.202046,
            47.768065
          ],
          [
            36.2032,
            47.768368
          ],
          [
            36.204383,
            47.768667
          ],
          [
            36.205595,
            47.768966
          ],
          [
            36.206834,
            47.769266
          ],
          [
            36.2081,
            47.76957
          ],
          [
            36.209394,
            47.769881
          ],
          [
            36.210715,
            47.7702
          ],
          [
            36.212061,
            47.770531
          ],
          [
            36.213434,
            47.770876
          ],
          [
            36.214833,
            47.771237
          ],
          [
            36.216256,
            47.771618
          ],
          [
            36.217704,
            47.772019
          ],
          [
            36.219177,
            47.772445
          ],
          [
            36.220698,
            47.772894
          ],
          [
            36.222287,
            47.773362
          ],
          [
            36.223935,
            47.773848
          ],
          [
            36.225637,
            47.774351
          ],
          [
            36.227385,
            47.774868
          ],
          [
            36.229171,
            47.775397
          ],
          [
            36.230989,
            47.775938
          ],
          [
            36.232831,
            47.776487
          ],
          [
            36.234689,
            47.777044
          ],
          [
            36.236558,
            47.777607
          ],
          [
            36.238429,
            47.778174
          ],
          [
            36.240296,
            47.778744
          ],
          [
            36.24215,
            47.779314
          ],
          [
            36.243986,
            47.779882
          ],
          [
            36.245795,
            47.780448
          ],
          [
            36.247571,
            47.781009
          ],
          [
            36.249307,
            47.781564
          ],
          [
            36.250994,
            47.782111
          ],
          [
            36.252626,
            47.782648
          ],
          [
            36.254196,
            47.783173
          ],
          [
            36.255704,
            47.7837
          ],
          [
            36.257159,
            47.784241
          ],
          [
            36.258566,
            47.784793
          ],
          [
            36.259931,
            47.785354
          ],
          [
            36.26126,
            47.78592
          ],
          [
            36.262558,
            47.786489
          ],
          [
            36.26383,
            47.787058
          ],
          [
            36.265084,
            47.787624
          ],
          [
            36.266323,
            47.788185
          ],
          [
            36.267554,
            47.788738
          ],
          [
            36.268782,
            47.78928
          ],
          [
            36.270012,
            47.789808
          ],
          [
            36.271252,
            47.79032
          ],
          [
            36.272505,
            47.790812
          ],
          [
            36.273778,
            47.791283
          ],
          [
            36.275076,
            47.791728
          ],
          [
            36.276405,
            47.792146
          ],
          [
            36.27777,
            47.792534
          ],
          [
            36.279177,
            47.792889
          ],
          [
            36.280632,
            47.793207
          ],
          [
            36.282132,
            47.793492
          ],
          [
            36.28367,
            47.793747
          ],
          [
            36.28524,
            47.793974
          ],
          [
            36.286841,
            47.794175
          ],
          [
            36.288467,
            47.794352
          ],
          [
            36.290115,
            47.794505
          ],
          [
            36.291781,
            47.794637
          ],
          [
            36.293463,
            47.79475
          ],
          [
            36.295155,
            47.794845
          ],
          [
            36.296854,
            47.794923
          ],
          [
            36.298557,
            47.794986
          ],
          [
            36.300259,
            47.795037
          ],
          [
            36.301957,
            47.795076
          ],
          [
            36.303648,
            47.795105
          ],
          [
            36.305327,
            47.795126
          ],
          [
            36.306991,
            47.795141
          ],
          [
            36.308636,
            47.795151
          ],
          [
            36.310258,
            47.795158
          ],
          [
            36.311854,
            47.795163
          ],
          [
            36.313419,
            47.795168
          ],
          [
            36.314967,
            47.795156
          ],
          [
            36.316511,
            47.79511
          ],
          [
            36.31805,
            47.795036
          ],
          [
            36.319584,
            47.794937
          ],
          [
            36.321111,
            47.794818
          ],
          [
            36.322631,
            47.794682
          ],
          [
            36.324142,
            47.794535
          ],
          [
            36.325644,
            47.794379
          ],
          [
            36.327136,
            47.79422
          ],
          [
            36.328617,
            47.794061
          ],
          [
            36.330085,
            47.793908
          ],
          [
            36.331541,
            47.793763
          ],
          [
            36.332982,
            47.793632
          ],
          [
            36.334409,
            47.793518
          ],
          [
            36.335819,
            47.793426
          ],
          [
            36.337213,
            47.79336
          ],
          [
            36.338589,
            47.793323
          ],
          [
            36.339947,
            47.793322
          ],
          [
            36.341284,
            47.793358
          ],
          [
            36.342602,
            47.793438
          ],
          [
            36.343907,
            47.793566
          ],
          [
            36.34521,
            47.793741
          ],
          [
            36.346506,
            47.793958
          ],
          [
            36.347795,
            47.794212
          ],
          [
            36.349074,
            47.794499
          ],
          [
            36.350341,
            47.794813
          ],
          [
            36.351595,
            47.79515
          ],
          [
            36.352832,
            47.795503
          ],
          [
            36.354052,
            47.795869
          ],
          [
            36.355251,
            47.796242
          ],
          [
            36.356428,
            47.796617
          ],
          [
            36.357582,
            47.796989
          ],
          [
            36.358709,
            47.797353
          ],
          [
            36.359807,
            47.797705
          ],
          [
            36.360876,
            47.798038
          ],
          [
            36.361912,
            47.798349
          ],
          [
            36.362913,
            47.798631
          ],
          [
            36.363878,
            47.798881
          ],
          [
            36.364804,
            47.799093
          ],
          [
            36.36569,
            47.799262
          ],
          [
            36.366524,
            47.799386
          ],
          [
            36.3673,
            47.799472
          ],
          [
            36.368022,
            47.799522
          ],
          [
            36.368696,
            47.799543
          ],
          [
            36.369328,
            47.799537
          ],
          [
            36.369922,
            47.79951
          ],
          [
            36.370484,
            47.799465
          ],
          [
            36.371018,
            47.799407
          ],
          [
            36.37153,
            47.79934
          ],
          [
            36.372026,
            47.799269
          ],
          [
            36.372509,
            47.799197
          ],
          [
            36.372987,
            47.79913
          ],
          [
            36.373462,
            47.799071
          ],
          [
            36.373942,
            47.799025
          ],
          [
            36.374431,
            47.798997
          ],
          [
            36.374934,
            47.798989
          ],
          [
            36.375456,
            47.799008
          ],
          [
            36.376003,
            47.799057
          ],
          [
            36.37658,
            47.79914
          ],
          [
            36.377192,
            47.799262
          ],
          [
            36.377816,
            47.799422
          ],
          [
            36.378431,
            47.799614
          ],
          [
            36.379039,
            47.799836
          ],
          [
            36.379641,
            47.800084
          ],
          [
            36.380243,
            47.800355
          ],
          [
            36.380845,
            47.800645
          ],
          [
            36.38145,
            47.800952
          ],
          [
            36.382063,
            47.801272
          ],
          [
            36.382684,
            47.801602
          ],
          [
            36.383318,
            47.801939
          ],
          [
            36.383966,
            47.802279
          ],
          [
            36.384632,
            47.80262
          ],
          [
            36.385318,
            47.802957
          ],
          [
            36.386028,
            47.803289
          ],
          [
            36.386763,
            47.803611
          ],
          [
            36.387527,
            47.803921
          ],
          [
            36.388322,
            47.804215
          ],
          [
            36.389152,
            47.804489
          ],
          [
            36.390018,
            47.804742
          ],
          [
            36.390924,
            47.804969
          ],
          [
            36.391877,
            47.805178
          ],
          [
            36.392879,
            47.805379
          ],
          [
            36.393925,
            47.805571
          ],
          [
            36.395011,
            47.805755
          ],
          [
            36.396133,
            47.805932
          ],
          [
            36.397287,
            47.806101
          ],
          [
            36.398467,
            47.806263
          ],
          [
            36.39967,
            47.806417
          ],
          [
            36.400891,
            47.806565
          ],
          [
            36.402125,
            47.806706
          ],
          [
            36.40337,
            47.80684
          ],
          [
            36.404619,
            47.806968
          ],
          [
            36.405869,
            47.80709
          ],
          [
            36.407115,
            47.807207
          ],
          [
            36.408353,
            47.807317
          ],
          [
            36.409579,
            47.807423
          ],
          [
            36.410788,
            47.807523
          ],
          [
            36.411976,
            47.807618
          ],
          [
            36.413138,
            47.807708
          ],
          [
            36.41427,
            47.807794
          ],
          [
            36.415392,
            47.80787
          ],
          [
            36.416522,
            47.807934
          ],
          [
            36.417659,
            47.807987
          ],
          [
            36.418801,
            47.808028
          ],
          [
            36.419944,
            47.808061
          ],
          [
            36.421086,
            47.808086
          ],
          [
            36.422225,
            47.808105
          ],
          [
            36.423357,
            47.808117
          ],
          [
            36.424482,
            47.808126
          ],
          [
            36.425595,
            47.808132
          ],
          [
            36.426694,
            47.808137
          ],
          [
            36.427777,
            47.808141
          ],
          [
            36.428842,
            47.808146
          ],
          [
            36.429885,
            47.808153
          ],
          [
            36.430905,
            47.808164
          ],
          [
            36.431898,
            47.808179
          ],
          [
            36.432862,
            47.808201
          ],
          [
            36.433795,
            47.808229
          ],
          [
            36.434694,
            47.808266
          ],
          [
            36.435556,
            47.808313
          ],
          [
            36.436389,
            47.808362
          ],
          [
            36.4372,
            47.808408
          ],
          [
            36.437989,
            47.808451
          ],
          [
            36.438757,
            47.808493
          ],
          [
            36.439503,
            47.808534
          ],
          [
            36.440226,
            47.808576
          ],
          [
            36.440928,
            47.80862
          ],
          [
            36.441608,
            47.808667
          ],
          [
            36.442265,
            47.808718
          ],
          [
            36.4429,
            47.808774
          ],
          [
            36.443513,
            47.808836
          ],
          [
            36.444103,
            47.808906
          ],
          [
            36.444671,
            47.808985
          ],
          [
            36.445215,
            47.809073
          ],
          [
            36.445737,
            47.809172
          ],
          [
            36.446236,
            47.809283
          ],
          [
            36.446713,
            47.809407
          ],
          [
            36.447166,
            47.809545
          ],
          [
            36.447595,
            47.809699
          ],
          [
            36.448002,
            47.809869
          ],
          [
            36.448361,
            47.810045
          ],
          [
            36.448654,
            47.810217
          ],
          [
            36.448889,
            47.810388
          ],
          [
            36.449072,
            47.81056
          ],
          [
            36.449213,
            47.810736
          ],
          [
            36.449318,
            47.810918
          ],
          [
            36.449395,
            47.811108
          ],
          [
            36.449452,
            47.811309
          ],
          [
            36.449497,
            47.811523
          ],
          [
            36.449536,
            47.811753
          ],
          [
            36.449578,
            47.812002
          ],
          [
            36.449631,
            47.812271
          ],
          [
            36.449702,
            47.812563
          ],
          [
            36.449799,
            47.812881
          ],
          [
            36.449929,
            47.813226
          ],
          [
            36.4501,
            47.813602
          ],
          [
            36.45032,
            47.814011
          ],
          [
            36.450597,
            47.814456
          ],
          [
            36.450937,
            47.814938
          ],
          [
            36.451349,
            47.81546
          ],
          [
            36.4518,
            47.816036
          ],
          [
            36.452254,
            47.816673
          ],
          [
            36.452716,
            47.817364
          ],
          [
            36.45319,
            47.818105
          ],
          [
            36.453681,
            47.818888
          ],
          [
            36.454192,
            47.819707
          ],
          [
            36.454729,
            47.820557
          ],
          [
            36.455296,
            47.821432
          ],
          [
            36.455897,
            47.822325
          ],
          [
            36.456537,
            47.823229
          ],
          [
            36.457219,
            47.82414
          ],
          [
            36.457949,
            47.825051
          ],
          [
            36.458731,
            47.825955
          ],
          [
            36.459569,
            47.826847
          ],
          [
            36.460468,
            47.82772
          ],
          [
            36.461432,
            47.828569
          ],
          [
            36.462465,
            47.829387
          ],
          [
            36.463573,
            47.830168
          ],
          [
            36.464758,
            47.830907
          ],
          [
            36.466026,
            47.831596
          ],
          [
            36.467392,
            47.832254
          ],
          [
            36.46886,
            47.832903
          ],
          [
            36.470424,
            47.833541
          ],
          [
            36.472074,
            47.834168
          ],
          [
            36.473804,
            47.834783
          ],
          [
            36.475605,
            47.835385
          ],
          [
            36.477469,
            47.835973
          ],
          [
            36.479388,
            47.836546
          ],
          [
            36.481354,
            47.837104
          ],
          [
            36.483359,
            47.837646
          ],
          [
            36.485395,
            47.83817
          ],
          [
            36.487454,
            47.838676
          ],
          [
            36.489528,
            47.839163
          ],
          [
            36.491609,
            47.83963
          ],
          [
            36.493689,
            47.840076
          ],
          [
            36.495759,
            47.840501
          ],
          [
            36.497813,
            47.840903
          ],
          [
            36.499842,
            47.841282
          ],
          [
            36.501837,
            47.841637
          ],
          [
            36.503792,
            47.841966
          ],
          [
            36.505744,
            47.842254
          ],
          [
            36.507734,
            47.842488
          ],
          [
            36.509756,
            47.842674
          ],
          [
            36.511804,
            47.842818
          ],
          [
            36.513872,
            47.842926
          ],
          [
            36.515954,
            47.843004
          ],
          [
            36.518044,
            47.843057
          ],
          [
            36.520137,
            47.843093
          ],
          [
            36.522226,
            47.843116
          ],
          [
            36.524305,
            47.843133
          ],
          [
            36.526369,
            47.84315
          ],
          [
            36.528412,
            47.843172
          ],
          [
            36.530428,
            47.843206
          ],
          [
            36.53241,
            47.843258
          ],
          [
            36.534353,
            47.843333
          ],
          [
            36.536251,
            47.843437
          ],
          [
            36.538098,
            47.843578
          ],
          [
            36.539888,
            47.843759
          ],
          [
            36.541615,
            47.843988
          ],
          [
            36.543274,
            47.844271
          ],
          [
            36.544887,
            47.844564
          ],
          [
            36.546479,
            47.844829
          ],
          [
            36.548048,
            47.845074
          ],
          [
            36.549591,
            47.845307
          ],
          [
            36.551106,
            47.845536
          ],
          [
            36.55259,
            47.845771
          ],
          [
            36.554041,
            47.84602
          ],
          [
            36.555455,
            47.846292
          ],
          [
            36.556831,
            47.846594
          ],
          [
            36.558166,
            47.846936
          ],
          [
            36.559456,
            47.847326
          ],
          [
            36.560701,
            47.847772
          ],
          [
            36.561897,
            47.848284
          ],
          [
            36.563041,
            47.848869
          ],
          [
            36.564131,
            47.849537
          ],
          [
            36.565164,
            47.850295
          ],
          [
            36.566138,
            47.851153
          ],
          [
            36.567051,
            47.852119
          ],
          [
            36.567899,
            47.853201
          ],
          [
            36.56868,
            47.854408
          ],
          [
            36.569339,
            47.8558
          ],
          [
            36.569837,
            47.857414
          ],
          [
            36.570192,
            47.859224
          ],
          [
            36.570424,
            47.861205
          ],
          [
            36.570552,
            47.86333
          ],
          [
            36.570596,
            47.865575
          ],
          [
            36.570574,
            47.867914
          ],
          [
            36.570506,
            47.87032
          ],
          [
            36.570412,
            47.872769
          ],
          [
            36.570311,
            47.875235
          ],
          [
            36.570221,
            47.877692
          ],
          [
            36.570163,
            47.880114
          ],
          [
            36.570155,
            47.882476
          ],
          [
            36.570218,
            47.884752
          ],
          [
            36.57037,
            47.886916
          ],
          [
            36.57063,
            47.888944
          ],
          [
            36.571018,
            47.890808
          ],
          [
            36.571553,
            47.892484
          ],
          [
            36.572255,
            47.893946
          ],
          [
            36.573143,
            47.895169
          ],
          [
            36.574231,
            47.896168
          ],
          [
            36.575509,
            47.896988
          ],
          [
            36.576957,
            47.897644
          ],
          [
            36.578554,
            47.89815
          ],
          [
            36.58028,
            47.898522
          ],
          [
            36.582117,
            47.898775
          ],
          [
            36.584043,
            47.898924
          ],
          [
            36.586038,
            47.898983
          ],
          [
            36.588084,
            47.898967
          ],
          [
            36.590159,
            47.898892
          ],
          [
            36.592244,
            47.898773
          ],
          [
            36.594319,
            47.898624
          ],
          [
            36.596364,
            47.89846
          ],
          [
            36.598359,
            47.898296
          ],
          [
            36.600284,
            47.898148
          ],
          [
            36.602119,
            47.89803
          ],
          [
            36.603845,
            47.897958
          ],
          [
            36.60544,
            47.897945
          ],
          [
            36.606886,
            47.898008
          ],
          [
            36.608162,
            47.898161
          ],
          [
            36.609288,
            47.898363
          ],
          [
            36.610303,
            47.898565
          ],
          [
            36.611217,
            47.898766
          ],
          [
            36.612039,
            47.89897
          ],
          [
            36.612779,
            47.899176
          ],
          [
            36.613446,
            47.899385
          ],
          [
            36.61405,
            47.899599
          ],
          [
            36.614601,
            47.899819
          ],
          [
            36.615108,
            47.900045
          ],
          [
            36.615581,
            47.900279
          ],
          [
            36.616029,
            47.900522
          ],
          [
            36.616461,
            47.900775
          ],
          [
            36.616888,
            47.901039
          ],
          [
            36.617319,
            47.901315
          ],
          [
            36.617764,
            47.901604
          ],
          [
            36.618231,
            47.901907
          ],
          [
            36.618731,
            47.902226
          ],
          [
            36.619273,
            47.90256
          ],
          [
            36.619867,
            47.902912
          ],
          [
            36.620522,
            47.903282
          ],
          [
            36.621242,
            47.903675
          ],
          [
            36.62202,
            47.904092
          ],
          [
            36.622846,
            47.904531
          ],
          [
            36.623712,
            47.904991
          ],
          [
            36.624608,
            47.905468
          ],
          [
            36.625527,
            47.905962
          ],
          [
            36.626458,
            47.906469
          ],
          [
            36.627393,
            47.906988
          ],
          [
            36.628324,
            47.907516
          ],
          [
            36.629241,
            47.908052
          ],
          [
            36.630136,
            47.908593
          ],
          [
            36.630999,
            47.909138
          ],
          [
            36.631823,
            47.909683
          ],
          [
            36.632597,
            47.910227
          ],
          [
            36.633313,
            47.910768
          ],
          [
            36.633962,
            47.911304
          ],
          [
            36.634536,
            47.911832
          ],
          [
            36.635025,
            47.912351
          ],
          [
            36.63542,
            47.912858
          ],
          [
            36.635714,
            47.913351
          ],
          [
            36.6359,
            47.91384
          ],
          [
            36.635987,
            47.914338
          ],
          [
            36.635982,
            47.914841
          ],
          [
            36.635894,
            47.915348
          ],
          [
            36.635731,
            47.915858
          ],
          [
            36.635503,
            47.916369
          ],
          [
            36.635216,
            47.916879
          ],
          [
            36.634881,
            47.917387
          ],
          [
            36.634505,
            47.917891
          ],
          [
            36.634096,
            47.918389
          ],
          [
            36.633664,
            47.91888
          ],
          [
            36.633216,
            47.919362
          ],
          [
            36.632761,
            47.919834
          ],
          [
            36.632308,
            47.920293
          ],
          [
            36.631864,
            47.920738
          ],
          [
            36.631439,
            47.921168
          ],
          [
            36.631041,
            47.92158
          ],
          [
            36.630678,
            47.921974
          ],
          [
            36.630359,
            47.922347
          ],
          [
            36.630092,
            47.922698
          ],
          [
            36.629874,
            47.923028
          ],
          [
            36.629694,
            47.923341
          ],
          [
            36.629545,
            47.923637
          ],
          [
            36.629423,
            47.923917
          ],
          [
            36.62932,
            47.924182
          ],
          [
            36.629231,
            47.924433
          ],
          [
            36.62915,
            47.924671
          ],
          [
            36.629071,
            47.924896
          ],
          [
            36.628989,
            47.925109
          ],
          [
            36.628898,
            47.925312
          ],
          [
            36.628792,
            47.925504
          ],
          [
            36.628664,
            47.925687
          ],
          [
            36.62851,
            47.925862
          ],
          [
            36.628323,
            47.92603
          ],
          [
            36.628097,
            47.926191
          ],
          [
            36.627827,
            47.926346
          ],
          [
            36.627507,
            47.926496
          ],
          [
            36.627131,
            47.926642
          ],
          [
            36.626692,
            47.926785
          ],
          [
            36.626186,
            47.926926
          ],
          [
            36.6256,
            47.927042
          ],
          [
            36.62493,
            47.927117
          ],
          [
            36.624185,
            47.927157
          ],
          [
            36.623375,
            47.927167
          ],
          [
            36.622506,
            47.927154
          ],
          [
            36.621589,
            47.927124
          ],
          [
            36.620631,
            47.927082
          ],
          [
            36.619641,
            47.927036
          ],
          [
            36.618628,
            47.92699
          ],
          [
            36.617601,
            47.926951
          ],
          [
            36.616567,
            47.926925
          ],
          [
            36.615536,
            47.926918
          ],
          [
            36.614517,
            47.926936
          ],
          [
            36.613517,
            47.926986
          ],
          [
            36.612546,
            47.927073
          ],
          [
            36.611612,
            47.927203
          ],
          [
            36.610724,
            47.927382
          ],
          [
            36.60989,
            47.927617
          ],
          [
            36.609119,
            47.927913
          ],
          [
            36.608419,
            47.928277
          ],
          [
            36.607736,
            47.928726
          ],
          [
            36.607014,
            47.929266
          ],
          [
            36.606264,
            47.929887
          ],
          [
            36.605498,
            47.930579
          ],
          [
            36.604725,
            47.931331
          ],
          [
            36.603958,
            47.932134
          ],
          [
            36.603206,
            47.932977
          ],
          [
            36.60248,
            47.933849
          ],
          [
            36.601791,
            47.934742
          ],
          [
            36.601151,
            47.935643
          ],
          [
            36.600569,
            47.936543
          ],
          [
            36.600056,
            47.937433
          ],
          [
            36.599624,
            47.9383
          ],
          [
            36.599283,
            47.939136
          ],
          [
            36.599043,
            47.93993
          ],
          [
            36.598916,
            47.940672
          ],
          [
            36.598913,
            47.941351
          ],
          [
            36.599043,
            47.941958
          ],
          [
            36.599319,
            47.942481
          ],
          [
            36.599751,
            47.942912
          ],
          [
            36.600266,
            47.943184
          ],
          [
            36.600797,
            47.943261
          ],
          [
            36.601356,
            47.94317
          ],
          [
            36.601959,
            47.942939
          ],
          [
            36.602618,
            47.942598
          ],
          [
            36.603349,
            47.942174
          ],
          [
            36.604165,
            47.941696
          ],
          [
            36.605081,
            47.941192
          ],
          [
            36.60611,
            47.940691
          ],
          [
            36.607266,
            47.940221
          ],
          [
            36.608564,
            47.939811
          ],
          [
            36.610017,
            47.939488
          ],
          [
            36.61164,
            47.939282
          ],
          [
            36.613447,
            47.939221
          ],
          [
            36.615451,
            47.939333
          ],
          [
            36.617668,
            47.939647
          ],
          [
            36.62011,
            47.940191
          ],
          [
            36.622792,
            47.940993
          ],
          [
            36.625729,
            47.942082
          ],
          [
            36.628933,
            47.943487
          ],
          [
            36.632579,
            47.945321
          ],
          [
            36.636789,
            47.94764
          ],
          [
            36.641494,
            47.950387
          ],
          [
            36.646631,
            47.953502
          ],
          [
            36.652131,
            47.956928
          ],
          [
            36.657931,
            47.960605
          ],
          [
            36.663962,
            47.964476
          ],
          [
            36.670161,
            47.968481
          ],
          [
            36.676459,
            47.972563
          ],
          [
            36.682792,
            47.976662
          ],
          [
            36.689093,
            47.980721
          ],
          [
            36.695296,
            47.984681
          ],
          [
            36.701335,
            47.988483
          ],
          [
            36.707145,
            47.992069
          ],
          [
            36.712658,
            47.995381
          ],
          [
            36.71781,
            47.998359
          ],
          [
            36.722533,
            48.000946
          ],
          [
            36.726762,
            48.003083
          ],
          [
            36.730432,
            48.004712
          ],
          [
            36.733475,
            48.005774
          ],
          [
            36.735923,
            48.006221
          ],
          [
            36.737879,
            48.006087
          ],
          [
            36.739387,
            48.005433
          ],
          [
            36.740487,
            48.004319
          ],
          [
            36.741222,
            48.002807
          ],
          [
            36.741635,
            48.000957
          ],
          [
            36.741768,
            47.998831
          ],
          [
            36.741664,
            47.99649
          ],
          [
            36.741363,
            47.993995
          ],
          [
            36.74091,
            47.991407
          ],
          [
            36.740345,
            47.988786
          ],
          [
            36.739712,
            47.986195
          ],
          [
            36.739053,
            47.983694
          ],
          [
            36.738409,
            47.981344
          ],
          [
            36.737824,
            47.979206
          ],
          [
            36.737339,
            47.977341
          ],
          [
            36.736997,
            47.97581
          ],
          [
            36.73684,
            47.974675
          ],
          [
            36.736911,
            47.973996
          ],
          [
            36.737251,
            47.973835
          ],
          [
            36.737785,
            47.974139
          ],
          [
            36.738401,
            47.974796
          ],
          [
            36.739091,
            47.975772
          ],
          [
            36.739844,
            47.977036
          ],
          [
            36.740652,
            47.978557
          ],
          [
            36.741506,
            47.980302
          ],
          [
            36.742396,
            47.98224
          ],
          [
            36.743313,
            47.984339
          ],
          [
            36.744248,
            47.986567
          ],
          [
            36.745191,
            47.988892
          ],
          [
            36.746133,
            47.991283
          ],
          [
            36.747065,
            47.993707
          ],
          [
            36.747977,
            47.996132
          ],
          [
            36.748861,
            47.998527
          ],
          [
            36.749707,
            48.000861
          ],
          [
            36.750506,
            48.0031
          ],
          [
            36.751249,
            48.005214
          ],
          [
            36.751925,
            48.00717
          ],
          [
            36.752527,
            48.008937
          ],
          [
            36.753044,
            48.010482
          ],
          [
            36.753474,
            48.011879
          ],
          [
            36.753824,
            48.013224
          ],
          [
            36.754102,
            48.014518
          ],
          [
            36.754319,
            48.015764
          ],
          [
            36.75448,
            48.016964
          ],
          [
            36.754597,
            48.018119
          ],
          [
            36.754675,
            48.019232
          ],
          [
            36.754725,
            48.020305
          ],
          [
            36.754754,
            48.02134
          ],
          [
            36.754771,
            48.022339
          ],
          [
            36.754785,
            48.023304
          ],
          [
            36.754803,
            48.024237
          ],
          [
            36.754835,
            48.02514
          ],
          [
            36.754888,
            48.026016
          ],
          [
            36.754971,
            48.026866
          ],
          [
            36.755093,
            48.027693
          ],
          [
            36.755262,
            48.028498
          ],
          [
            36.755486,
            48.029283
          ],
          [
            36.755774,
            48.030052
          ],
          [
            36.756134,
            48.030805
          ],
          [
            36.756548,
            48.031522
          ],
          [
            36.756992,
            48.032183
          ],
          [
            36.757464,
            48.032794
          ],
          [
            36.757965,
            48.033359
          ],
          [
            36.758492,
            48.033884
          ],
          [
            36.759045,
            48.034374
          ],
          [
            36.759623,
            48.034833
          ],
          [
            36.760225,
            48.035267
          ],
          [
            36.760851,
            48.03568
          ],
          [
            36.761498,
            48.036078
          ],
          [
            36.762168,
            48.036467
          ],
          [
            36.762858,
            48.03685
          ],
          [
            36.763567,
            48.037232
          ],
          [
            36.764296,
            48.03762
          ],
          [
            36.765042,
            48.038018
          ],
          [
            36.765805,
            48.038431
          ],
          [
            36.766584,
            48.038863
          ],
          [
            36.767378,
            48.039321
          ],
          [
            36.768187,
            48.039809
          ],
          [
            36.769009,
            48.040332
          ],
          [
            36.769862,
            48.040884
          ],
          [
            36.770762,
            48.041454
          ],
          [
            36.771705,
            48.04204
          ],
          [
            36.772684,
            48.04264
          ],
          [
            36.773694,
            48.043252
          ],
          [
            36.774732,
            48.043874
          ],
          [
            36.775792,
            48.044504
          ],
          [
            36.776868,
            48.04514
          ],
          [
            36.777956,
            48.04578
          ],
          [
            36.779051,
            48.046422
          ],
          [
            36.780147,
            48.047063
          ],
          [
            36.781241,
            48.047703
          ],
          [
            36.782325,
            48.048338
          ],
          [
            36.783397,
            48.048967
          ],
          [
            36.78445,
            48.049588
          ],
          [
            36.78548,
            48.050198
          ],
          [
            36.786481,
            48.050796
          ],
          [
            36.787449,
            48.05138
          ],
          [
            36.788379,
            48.051948
          ],
          [
            36.789265,
            48.052497
          ],
          [
            36.790099,
            48.05305
          ],
          [
            36.790881,
            48.053629
          ],
          [
            36.791617,
            48.054226
          ],
          [
            36.792315,
            48.054838
          ],
          [
            36.79298,
            48.055457
          ],
          [
            36.793618,
            48.056078
          ],
          [
            36.794238,
            48.056697
          ],
          [
            36.794844,
            48.057307
          ],
          [
            36.795445,
            48.057902
          ],
          [
            36.796045,
            48.058478
          ],
          [
            36.796653,
            48.059027
          ],
          [
            36.797274,
            48.059546
          ],
          [
            36.797915,
            48.060028
          ],
          [
            36.798582,
            48.060468
          ],
          [
            36.799283,
            48.06086
          ],
          [
            36.800023,
            48.061198
          ],
          [
            36.80081,
            48.061478
          ],
          [
            36.801649,
            48.061692
          ],
          [
            36.802548,
            48.061837
          ],
          [
            36.803513,
            48.061905
          ],
          [
            36.804537,
            48.061874
          ],
          [
            36.805608,
            48.061731
          ],
          [
            36.806722,
            48.061488
          ],
          [
            36.807877,
            48.061158
          ],
          [
            36.809069,
            48.060751
          ],
          [
            36.810295,
            48.060281
          ],
          [
            36.811551,
            48.059758
          ],
          [
            36.812836,
            48.059196
          ],
          [
            36.814145,
            48.058604
          ],
          [
            36.815475,
            48.057997
          ],
          [
            36.816824,
            48.057385
          ],
          [
            36.818188,
            48.056781
          ],
          [
            36.819563,
            48.056196
          ],
          [
            36.820948,
            48.055642
          ],
          [
            36.822338,
            48.055131
          ],
          [
            36.82373,
            48.054676
          ],
          [
            36.825122,
            48.054288
          ],
          [
            36.82651,
            48.053978
          ],
          [
            36.827891,
            48.05376
          ],
          [
            36.829262,
            48.053644
          ],
          [
            36.83065,
            48.053611
          ],
          [
            36.832082,
            48.05363
          ],
          [
            36.833552,
            48.053698
          ],
          [
            36.835052,
            48.053812
          ],
          [
            36.836576,
            48.05397
          ],
          [
            36.838119,
            48.054167
          ],
          [
            36.839674,
            48.054402
          ],
          [
            36.841234,
            48.054671
          ],
          [
            36.842794,
            48.054972
          ],
          [
            36.844347,
            48.055301
          ],
          [
            36.845886,
            48.055655
          ],
          [
            36.847406,
            48.056032
          ],
          [
            36.8489,
            48.056428
          ],
          [
            36.850361,
            48.056841
          ],
          [
            36.851784,
            48.057267
          ],
          [
            36.853163,
            48.057703
          ],
          [
            36.85449,
            48.058147
          ],
          [
            36.855759,
            48.058596
          ],
          [
            36.856965,
            48.059047
          ],
          [
            36.858101,
            48.059496
          ],
          [
            36.859165,
            48.059943
          ],
          [
            36.860165,
            48.060391
          ],
          [
            36.861106,
            48.060842
          ],
          [
            36.861993,
            48.061299
          ],
          [
            36.862831,
            48.061765
          ],
          [
            36.863626,
            48.062243
          ],
          [
            36.864383,
            48.062733
          ],
          [
            36.865107,
            48.063241
          ],
          [
            36.865805,
            48.063767
          ],
          [
            36.86648,
            48.064315
          ],
          [
            36.867139,
            48.064886
          ],
          [
            36.867787,
            48.065485
          ],
          [
            36.868429,
            48.066112
          ],
          [
            36.86907,
            48.066772
          ],
          [
            36.869716,
            48.067466
          ],
          [
            36.870373,
            48.068197
          ],
          [
            36.871045,
            48.068967
          ],
          [
            36.871737,
            48.06978
          ],
          [
            36.872456,
            48.070637
          ],
          [
            36.873207,
            48.071541
          ],
          [
            36.873989,
            48.072519
          ],
          [
            36.874796,
            48.073586
          ],
          [
            36.875624,
            48.074734
          ],
          [
            36.876469,
            48.075952
          ],
          [
            36.877326,
            48.077229
          ],
          [
            36.878191,
            48.078556
          ],
          [
            36.87906,
            48.079922
          ],
          [
            36.879929,
            48.081318
          ],
          [
            36.880794,
            48.082732
          ],
          [
            36.881651,
            48.084156
          ],
          [
            36.882494,
            48.085579
          ],
          [
            36.883321,
            48.08699
          ],
          [
            36.884127,
            48.08838
          ],
          [
            36.884908,
            48.089738
          ],
          [
            36.885659,
            48.091055
          ],
          [
            36.886377,
            48.092319
          ],
          [
            36.887057,
            48.093522
          ],
          [
            36.887695,
            48.094652
          ],
          [
            36.888287,
            48.0957
          ],
          [
            36.888828,
            48.096655
          ],
          [
            36.889298,
            48.097536
          ],
          [
            36.889685,
            48.098369
          ],
          [
            36.889997,
            48.099155
          ],
          [
            36.890247,
            48.099898
          ],
          [
            36.890443,
            48.100599
          ],
          [
            36.890596,
            48.101262
          ],
          [
            36.890715,
            48.101888
          ],
          [
            36.890811,
            48.10248
          ],
          [
            36.890894,
            48.103039
          ],
          [
            36.890974,
            48.10357
          ],
          [
            36.891061,
            48.104073
          ],
          [
            36.891164,
            48.104552
          ],
          [
            36.891295,
            48.105008
          ],
          [
            36.891462,
            48.105445
          ],
          [
            36.891677,
            48.105863
          ],
          [
            36.891948,
            48.106267
          ],
          [
            36.892287,
            48.106657
          ],
          [
            36.892703,
            48.107037
          ],
          [
            36.893206,
            48.107409
          ],
          [
            36.893806,
            48.107775
          ],
          [
            36.894526,
            48.1081
          ],
          [
            36.895369,
            48.108355
          ],
          [
            36.896321,
            48.108547
          ],
          [
            36.897367,
            48.108687
          ],
          [
            36.898494,
            48.108783
          ],
          [
            36.899685,
            48.108844
          ],
          [
            36.900926,
            48.10888
          ],
          [
            36.902203,
            48.108901
          ],
          [
            36.9035,
            48.108914
          ],
          [
            36.904804,
            48.108929
          ],
          [
            36.906098,
            48.108955
          ],
          [
            36.907369,
            48.109002
          ],
          [
            36.908602,
            48.109079
          ],
          [
            36.909782,
            48.109194
          ],
          [
            36.910893,
            48.109358
          ],
          [
            36.911923,
            48.109578
          ],
          [
            36.912855,
            48.109865
          ],
          [
            36.913675,
            48.110227
          ],
          [
            36.914369,
            48.110673
          ],
          [
            36.914921,
            48.111214
          ],
          [
            36.915322,
            48.111843
          ],
          [
            36.915582,
            48.112547
          ],
          [
            36.915717,
            48.11332
          ],
          [
            36.915739,
            48.114157
          ],
          [
            36.915665,
            48.11505
          ],
          [
            36.915509,
            48.115995
          ],
          [
            36.915285,
            48.116986
          ],
          [
            36.915007,
            48.118016
          ],
          [
            36.914692,
            48.119081
          ],
          [
            36.914352,
            48.120174
          ],
          [
            36.914003,
            48.121289
          ],
          [
            36.91366,
            48.122422
          ],
          [
            36.913337,
            48.123565
          ],
          [
            36.913048,
            48.124713
          ],
          [
            36.912809,
            48.12586
          ],
          [
            36.912633,
            48.127001
          ],
          [
            36.912536,
            48.128129
          ],
          [
            36.912532,
            48.129239
          ],
          [
            36.912635,
            48.130326
          ],
          [
            36.912861,
            48.131382
          ],
          [
            36.91319,
            48.132424
          ],
          [
            36.91359,
            48.133472
          ],
          [
            36.914055,
            48.134524
          ],
          [
            36.91458,
            48.135581
          ],
          [
            36.91516,
            48.136641
          ],
          [
            36.915788,
            48.137706
          ],
          [
            36.916459,
            48.138773
          ],
          [
            36.917168,
            48.139844
          ],
          [
            36.917908,
            48.140917
          ],
          [
            36.918676,
            48.141993
          ],
          [
            36.919464,
            48.143071
          ],
          [
            36.920268,
            48.14415
          ],
          [
            36.921082,
            48.145231
          ],
          [
            36.921901,
            48.146312
          ],
          [
            36.922718,
            48.147395
          ],
          [
            36.923529,
            48.148477
          ],
          [
            36.924327,
            48.149559
          ],
          [
            36.925108,
            48.150641
          ],
          [
            36.925865,
            48.151722
          ],
          [
            36.926594,
            48.152802
          ],
          [
            36.927318,
            48.153893
          ],
          [
            36.928064,
            48.155005
          ],
          [
            36.928828,
            48.156133
          ],
          [
            36.929607,
            48.157275
          ],
          [
            36.930397,
            48.158427
          ],
          [
            36.931196,
            48.159586
          ],
          [
            36.931999,
            48.160748
          ],
          [
            36.932804,
            48.161909
          ],
          [
            36.933607,
            48.163067
          ],
          [
            36.934404,
            48.164217
          ],
          [
            36.935193,
            48.165357
          ],
          [
            36.935971,
            48.166483
          ],
          [
            36.936732,
            48.16759
          ],
          [
            36.937476,
            48.168677
          ],
          [
            36.938197,
            48.169739
          ],
          [
            36.938893,
            48.170773
          ],
          [
            36.93956,
            48.171775
          ],
          [
            36.940196,
            48.172742
          ],
          [
            36.940795,
            48.173671
          ],
          [
            36.941357,
            48.174557
          ],
          [
            36.941904,
            48.175414
          ],
          [
            36.94246,
            48.176254
          ],
          [
            36.943021,
            48.177078
          ],
          [
            36.943581,
            48.177883
          ],
          [
            36.944135,
            48.178668
          ],
          [
            36.944678,
            48.179433
          ],
          [
            36.945205,
            48.180176
          ],
          [
            36.94571,
            48.180897
          ],
          [
            36.946188,
            48.181594
          ],
          [
            36.946635,
            48.182266
          ],
          [
            36.947045,
            48.182912
          ],
          [
            36.947413,
            48.183531
          ],
          [
            36.947733,
            48.184122
          ],
          [
            36.948002,
            48.184683
          ],
          [
            36.948212,
            48.185214
          ],
          [
            36.94836,
            48.185714
          ],
          [
            36.948441,
            48.186181
          ],
          [
            36.948448,
            48.186615
          ],
          [
            36.948377,
            48.187014
          ],
          [
            36.948223,
            48.187377
          ],
          [
            36.947957,
            48.187682
          ],
          [
            36.947564,
            48.187913
          ],
          [
            36.947055,
            48.188078
          ],
          [
            36.946445,
            48.188185
          ],
          [
            36.945745,
            48.188241
          ],
          [
            36.94497,
            48.188255
          ],
          [
            36.944133,
            48.188233
          ],
          [
            36.943245,
            48.188185
          ],
          [
            36.942321,
            48.188117
          ],
          [
            36.941373,
            48.188039
          ],
          [
            36.940414,
            48.187956
          ],
          [
            36.939458,
            48.187878
          ],
          [
            36.938517,
            48.187812
          ],
          [
            36.937605,
            48.187766
          ],
          [
            36.936735,
            48.187748
          ],
          [
            36.935918,
            48.187766
          ],
          [
            36.93517,
            48.187827
          ],
          [
            36.934502,
            48.18794
          ],
          [
            36.933928,
            48.188111
          ],
          [
            36.93346,
            48.18835
          ],
          [
            36.933082,
            48.18863
          ],
          [
            36.932765,
            48.188925
          ],
          [
            36.932502,
            48.189234
          ],
          [
            36.932291,
            48.18956
          ],
          [
            36.932125,
            48.189905
          ],
          [
            36.932,
            48.190269
          ],
          [
            36.931912,
            48.190655
          ],
          [
            36.931854,
            48.191064
          ],
          [
            36.931823,
            48.191498
          ],
          [
            36.931813,
            48.191958
          ],
          [
            36.93182,
            48.192446
          ],
          [
            36.931839,
            48.192964
          ],
          [
            36.931865,
            48.193513
          ],
          [
            36.931892,
            48.194095
          ],
          [
            36.931917,
            48.194711
          ],
          [
            36.931935,
            48.195363
          ],
          [
            36.931939,
            48.196052
          ],
          [
            36.931926,
            48.196781
          ],
          [
            36.931892,
            48.19755
          ],
          [
            36.931829,
            48.198362
          ],
          [
            36.931745,
            48.199244
          ],
          [
            36.931649,
            48.200215
          ],
          [
            36.931542,
            48.201265
          ],
          [
            36.931428,
            48.202384
          ],
          [
            36.931308,
            48.203563
          ],
          [
            36.931184,
            48.204791
          ],
          [
            36.93106,
            48.20606
          ],
          [
            36.930937,
            48.207358
          ],
          [
            36.930817,
            48.208677
          ],
          [
            36.930703,
            48.210006
          ],
          [
            36.930597,
            48.211336
          ],
          [
            36.930501,
            48.212656
          ],
          [
            36.930417,
            48.213957
          ],
          [
            36.930348,
            48.215229
          ],
          [
            36.930297,
            48.216462
          ],
          [
            36.930264,
            48.217646
          ],
          [
            36.930253,
            48.218772
          ],
          [
            36.930265,
            48.219829
          ],
          [
            36.930304,
            48.220808
          ],
          [
            36.93037,
            48.221699
          ],
          [
            36.930438,
            48.222528
          ],
          [
            36.930483,
            48.223325
          ],
          [
            36.930512,
            48.224093
          ],
          [
            36.930532,
            48.224828
          ],
          [
            36.930549,
            48.225533
          ],
          [
            36.93057,
            48.226206
          ],
          [
            36.930602,
            48.226846
          ],
          [
            36.930652,
            48.227454
          ],
          [
            36.930726,
            48.22803
          ],
          [
            36.930832,
            48.228572
          ],
          [
            36.930975,
            48.229081
          ],
          [
            36.931163,
            48.229556
          ],
          [
            36.931403,
            48.229997
          ],
          [
            36.931701,
            48.230404
          ],
          [
            36.932064,
            48.230776
          ],
          [
            36.932499,
            48.231113
          ],
          [
            36.933012,
            48.231415
          ],
          [
            36.933611,
            48.231681
          ],
          [
            36.934302,
            48.231912
          ],
          [
            36.935091,
            48.232106
          ],
          [
            36.936033,
            48.232234
          ],
          [
            36.937161,
            48.232274
          ],
          [
            36.938453,
            48.232235
          ],
          [
            36.939887,
            48.232127
          ],
          [
            36.941441,
            48.231959
          ],
          [
            36.943093,
            48.231741
          ],
          [
            36.944819,
            48.231482
          ],
          [
            36.946599,
            48.231191
          ],
          [
            36.94841,
            48.230879
          ],
          [
            36.950229,
            48.230555
          ],
          [
            36.952035,
            48.230228
          ],
          [
            36.953806,
            48.229907
          ],
          [
            36.955518,
            48.229604
          ],
          [
            36.95715,
            48.229325
          ],
          [
            36.95868,
            48.229083
          ],
          [
            36.960085,
            48.228885
          ],
          [
            36.961343,
            48.228741
          ],
          [
            36.962433,
            48.228662
          ],
          [
            36.963331,
            48.228656
          ],
          [
            36.964016,
            48.228732
          ],
          [
            36.964515,
            48.228888
          ],
          [
            36.964878,
            48.229109
          ],
          [
            36.965113,
            48.229388
          ],
          [
            36.965228,
            48.229718
          ],
          [
            36.965232,
            48.230095
          ],
          [
            36.965135,
            48.230511
          ],
          [
            36.964944,
            48.230961
          ],
          [
            36.964668,
            48.231437
          ],
          [
            36.964317,
            48.231934
          ],
          [
            36.963898,
            48.232445
          ],
          [
            36.963421,
            48.232964
          ],
          [
            36.962893,
            48.233485
          ],
          [
            36.962325,
            48.234002
          ],
          [
            36.961724,
            48.234508
          ],
          [
            36.961099,
            48.234997
          ],
          [
            36.960459,
            48.235462
          ],
          [
            36.959813,
            48.235898
          ],
          [
            36.959169,
            48.236298
          ],
          [
            36.958536,
            48.236656
          ],
          [
            36.957922,
            48.236965
          ],
          [
            36.95727,
            48.237236
          ],
          [
            36.956523,
            48.237482
          ],
          [
            36.955692,
            48.237707
          ],
          [
            36.95479,
            48.237911
          ],
          [
            36.953828,
            48.238097
          ],
          [
            36.952816,
            48.238268
          ],
          [
            36.951767,
            48.238424
          ],
          [
            36.950693,
            48.238568
          ],
          [
            36.949604,
            48.238701
          ],
          [
            36.948513,
            48.238827
          ],
          [
            36.94743,
            48.238946
          ],
          [
            36.946368,
            48.23906
          ],
          [
            36.945337,
            48.239172
          ],
          [
            36.94435,
            48.239284
          ],
          [
            36.943418,
            48.239397
          ],
          [
            36.942552,
            48.239513
          ],
          [
            36.941764,
            48.239635
          ],
          [
            36.941066,
            48.239764
          ],
          [
            36.940468,
            48.239903
          ],
          [
            36.939983,
            48.240052
          ],
          [
            36.93958,
            48.240213
          ],
          [
            36.93922,
            48.240384
          ],
          [
            36.938904,
            48.240563
          ],
          [
            36.938633,
            48.240749
          ],
          [
            36.938407,
            48.240939
          ],
          [
            36.938227,
            48.241132
          ],
          [
            36.938094,
            48.241326
          ],
          [
            36.938009,
            48.24152
          ],
          [
            36.937971,
            48.241711
          ],
          [
            36.937982,
            48.241899
          ],
          [
            36.938043,
            48.242082
          ],
          [
            36.938154,
            48.242257
          ],
          [
            36.938316,
            48.242423
          ],
          [
            36.938529,
            48.242579
          ],
          [
            36.938794,
            48.242722
          ],
          [
            36.939113,
            48.242852
          ],
          [
            36.939484,
            48.242966
          ],
          [
            36.93991,
            48.243062
          ],
          [
            36.940391,
            48.243139
          ],
          [
            36.940928,
            48.243196
          ],
          [
            36.941559,
            48.243224
          ],
          [
            36.942315,
            48.243219
          ],
          [
            36.943183,
            48.243185
          ],
          [
            36.944151,
            48.243126
          ],
          [
            36.945204,
            48.243046
          ],
          [
            36.946331,
            48.242948
          ],
          [
            36.947519,
            48.242836
          ],
          [
            36.948753,
            48.242714
          ],
          [
            36.950022,
            48.242586
          ],
          [
            36.951313,
            48.242457
          ],
          [
            36.952612,
            48.242328
          ],
          [
            36.953907,
            48.242206
          ],
          [
            36.955185,
            48.242092
          ],
          [
            36.956432,
            48.241992
          ],
          [
            36.957636,
            48.241909
          ],
          [
            36.958784,
            48.241846
          ],
          [
            36.959863,
            48.241808
          ],
          [
            36.96086,
            48.241799
          ],
          [
            36.961763,
            48.241822
          ],
          [
            36.962557,
            48.241881
          ],
          [
            36.963258,
            48.241965
          ],
          [
            36.963895,
            48.242059
          ],
          [
            36.964471,
            48.242165
          ],
          [
            36.964994,
            48.242282
          ],
          [
            36.965467,
            48.242412
          ],
          [
            36.965897,
            48.242555
          ],
          [
            36.966288,
            48.242712
          ],
          [
            36.966647,
            48.242884
          ],
          [
            36.966979,
            48.243071
          ],
          [
            36.967288,
            48.243275
          ],
          [
            36.967581,
            48.243495
          ],
          [
            36.967863,
            48.243732
          ],
          [
            36.968139,
            48.243988
          ],
          [
            36.968415,
            48.244262
          ],
          [
            36.968696,
            48.244555
          ],
          [
            36.968988,
            48.244869
          ],
          [
            36.969295,
            48.245204
          ],
          [
            36.969624,
            48.24556
          ],
          [
            36.96998,
            48.245939
          ],
          [
            36.970367,
            48.24634
          ],
          [
            36.97078,
            48.24678
          ],
          [
            36.971207,
            48.24727
          ],
          [
            36.971644,
            48.247805
          ],
          [
            36.972091,
            48.248379
          ],
          [
            36.972545,
            48.248986
          ],
          [
            36.973004,
            48.249622
          ],
          [
            36.973465,
            48.250281
          ],
          [
            36.973928,
            48.250956
          ],
          [
            36.974389,
            48.251644
          ],
          [
            36.974847,
            48.252337
          ],
          [
            36.975299,
            48.253031
          ],
          [
            36.975744,
            48.253721
          ],
          [
            36.976179,
            48.254399
          ],
          [
            36.976602,
            48.255062
          ],
          [
            36.977012,
            48.255704
          ],
          [
            36.977406,
            48.256319
          ],
          [
            36.977781,
            48.256901
          ],
          [
            36.978137,
            48.257446
          ],
          [
            36.97847,
            48.257946
          ],
          [
            36.978779,
            48.258399
          ],
          [
            36.979054,
            48.258812
          ],
          [
            36.979289,
            48.259201
          ],
          [
            36.979489,
            48.259567
          ],
          [
            36.979659,
            48.25991
          ],
          [
            36.979804,
            48.260233
          ],
          [
            36.979929,
            48.260537
          ],
          [
            36.980038,
            48.260822
          ],
          [
            36.980136,
            48.261089
          ],
          [
            36.980228,
            48.261341
          ],
          [
            36.980318,
            48.261577
          ],
          [
            36.980413,
            48.2618
          ],
          [
            36.980515,
            48.262009
          ],
          [
            36.980631,
            48.262208
          ],
          [
            36.980765,
            48.262396
          ],
          [
            36.980921,
            48.262574
          ],
          [
            36.981105,
            48.262745
          ],
          [
            36.981321,
            48.262909
          ],
          [
            36.981575,
            48.263067
          ],
          [
            36.98187,
            48.26322
          ],
          [
            36.982212,
            48.26337
          ],
          [
            36.9826,
            48.263511
          ],
          [
            36.983028,
            48.263638
          ],
          [
            36.983492,
            48.263752
          ],
          [
            36.983988,
            48.263854
          ],
          [
            36.984514,
            48.263943
          ],
          [
            36.985065,
            48.264022
          ],
          [
            36.985638,
            48.26409
          ],
          [
            36.98623,
            48.264148
          ],
          [
            36.986836,
            48.264197
          ],
          [
            36.987453,
            48.264238
          ],
          [
            36.988078,
            48.264271
          ],
          [
            36.988707,
            48.264297
          ],
          [
            36.989337,
            48.264317
          ],
          [
            36.989963,
            48.264331
          ],
          [
            36.990583,
            48.264341
          ],
          [
            36.991192,
            48.264346
          ],
          [
            36.991788,
            48.264348
          ],
          [
            36.992366,
            48.264348
          ],
          [
            36.992923,
            48.264345
          ],
          [
            36.993456,
            48.264341
          ],
          [
            36.993971,
            48.264337
          ],
          [
            36.994478,
            48.264332
          ],
          [
            36.994978,
            48.264326
          ],
          [
            36.995471,
            48.264317
          ],
          [
            36.995958,
            48.264306
          ],
          [
            36.99644,
            48.264291
          ],
          [
            36.996917,
            48.26427
          ],
          [
            36.99739,
            48.264245
          ],
          [
            36.99786,
            48.264213
          ],
          [
            36.998327,
            48.264173
          ],
          [
            36.998791,
            48.264126
          ],
          [
            36.999255,
            48.26407
          ],
          [
            36.999717,
            48.264004
          ],
          [
            37.000179,
            48.263927
          ],
          [
            37.000642,
            48.263839
          ],
          [
            37.001105,
            48.263739
          ],
          [
            37.00157,
            48.263625
          ],
          [
            37.002038,
            48.263498
          ],
          [
            37.002509,
            48.263356
          ],
          [
            37.002983,
            48.263198
          ],
          [
            37.003462,
            48.263023
          ],
          [
            37.003945,
            48.262831
          ],
          [
            37.004431,
            48.262621
          ],
          [
            37.00492,
            48.262397
          ],
          [
            37.005411,
            48.262158
          ],
          [
            37.005903,
            48.261906
          ],
          [
            37.006396,
            48.261643
          ],
          [
            37.006889,
            48.261369
          ],
          [
            37.00738,
            48.261086
          ],
          [
            37.00787,
            48.260795
          ],
          [
            37.008357,
            48.260497
          ],
          [
            37.008842,
            48.260194
          ],
          [
            37.009322,
            48.259886
          ],
          [
            37.009797,
            48.259575
          ],
          [
            37.010267,
            48.259262
          ],
          [
            37.010731,
            48.258949
          ],
          [
            37.011188,
            48.258636
          ],
          [
            37.011638,
            48.258325
          ],
          [
            37.012078,
            48.258017
          ],
          [
            37.01251,
            48.257713
          ],
          [
            37.012932,
            48.257399
          ],
          [
            37.013342,
            48.257062
          ],
          [
            37.013744,
            48.256706
          ],
          [
            37.014136,
            48.256334
          ],
          [
            37.014521,
            48.255951
          ],
          [
            37.0149,
            48.255558
          ],
          [
            37.015273,
            48.255161
          ],
          [
            37.015641,
            48.254762
          ],
          [
            37.016005,
            48.254365
          ],
          [
            37.016367,
            48.253973
          ],
          [
            37.016728,
            48.253591
          ],
          [
            37.017087,
            48.253221
          ],
          [
            37.017448,
            48.252867
          ],
          [
            37.017809,
            48.252533
          ],
          [
            37.018173,
            48.252223
          ],
          [
            37.01854,
            48.251939
          ],
          [
            37.018912,
            48.251685
          ],
          [
            37.019289,
            48.251465
          ],
          [
            37.019673,
            48.251282
          ],
          [
            37.020063,
            48.251141
          ],
          [
            37.020452,
            48.251042
          ],
          [
            37.020831,
            48.250983
          ],
          [
            37.021202,
            48.250961
          ],
          [
            37.021567,
            48.250972
          ],
          [
            37.021928,
            48.251013
          ],
          [
            37.022287,
            48.251081
          ],
          [
            37.022647,
            48.251171
          ],
          [
            37.023009,
            48.251282
          ],
          [
            37.023376,
            48.251408
          ],
          [
            37.023749,
            48.251548
          ],
          [
            37.024131,
            48.251697
          ],
          [
            37.024523,
            48.251853
          ],
          [
            37.024929,
            48.252011
          ],
          [
            37.025349,
            48.252169
          ],
          [
            37.025787,
            48.252322
          ],
          [
            37.026243,
            48.252469
          ],
          [
            37.026721,
            48.252604
          ],
          [
            37.027222,
            48.252726
          ],
          [
            37.027749,
            48.252829
          ],
          [
            37.028303,
            48.252912
          ],
          [
            37.028896,
            48.252983
          ],
          [
            37.029534,
            48.253051
          ],
          [
            37.030212,
            48.253118
          ],
          [
            37.030925,
            48.253183
          ],
          [
            37.031668,
            48.253246
          ],
          [
            37.032435,
            48.253307
          ],
          [
            37.033221,
            48.253366
          ],
          [
            37.034021,
            48.253424
          ],
          [
            37.03483,
            48.25348
          ],
          [
            37.035642,
            48.253534
          ],
          [
            37.036452,
            48.253587
          ],
          [
            37.037256,
            48.253638
          ],
          [
            37.038047,
            48.253688
          ],
          [
            37.038821,
            48.253736
          ],
          [
            37.039572,
            48.253783
          ],
          [
            37.040296,
            48.253829
          ],
          [
            37.040987,
            48.253873
          ],
          [
            37.041639,
            48.253916
          ],
          [
            37.042248,
            48.253958
          ],
          [
            37.042809,
            48.253998
          ],
          [
            37.043321,
            48.254025
          ],
          [
            37.043793,
            48.254027
          ],
          [
            37.044229,
            48.254008
          ],
          [
            37.044631,
            48.253973
          ],
          [
            37.045004,
            48.253926
          ],
          [
            37.045352,
            48.253871
          ],
          [
            37.045677,
            48.253811
          ],
          [
            37.045986,
            48.253751
          ],
          [
            37.04628,
            48.253696
          ],
          [
            37.046564,
            48.253648
          ],
          [
            37.046841,
            48.253613
          ],
          [
            37.047116,
            48.253594
          ],
          [
            37.047392,
            48.253595
          ],
          [
            37.047673,
            48.25362
          ],
          [
            37.047962,
            48.253674
          ],
          [
            37.048265,
            48.253761
          ],
          [
            37.048583,
            48.253884
          ],
          [
            37.048922,
            48.254047
          ],
          [
            37.049285,
            48.254256
          ],
          [
            37.049675,
            48.254513
          ],
          [
            37.050102,
            48.254816
          ],
          [
            37.050567,
            48.255158
          ],
          [
            37.051066,
            48.255536
          ],
          [
            37.051591,
            48.255949
          ],
          [
            37.052139,
            48.256393
          ],
          [
            37.052702,
            48.256867
          ],
          [
            37.053275,
            48.257368
          ],
          [
            37.053852,
            48.257895
          ],
          [
            37.054428,
            48.258444
          ],
          [
            37.054996,
            48.259013
          ],
          [
            37.055552,
            48.2596
          ],
          [
            37.05609,
            48.260203
          ],
          [
            37.056603,
            48.260819
          ],
          [
            37.057085,
            48.261446
          ],
          [
            37.057533,
            48.262082
          ],
          [
            37.057938,
            48.262725
          ],
          [
            37.058296,
            48.263371
          ],
          [
            37.058602,
            48.26402
          ],
          [
            37.058848,
            48.264668
          ],
          [
            37.059031,
            48.265312
          ],
          [
            37.059137,
            48.265957
          ],
          [
            37.059167,
            48.266607
          ],
          [
            37.059127,
            48.267262
          ],
          [
            37.059026,
            48.267925
          ],
          [
            37.058872,
            48.268595
          ],
          [
            37.058673,
            48.269273
          ],
          [
            37.058436,
            48.269961
          ],
          [
            37.05817,
            48.27066
          ],
          [
            37.057883,
            48.271371
          ],
          [
            37.057582,
            48.272093
          ],
          [
            37.057276,
            48.27283
          ],
          [
            37.056973,
            48.273581
          ],
          [
            37.05668,
            48.274347
          ],
          [
            37.056406,
            48.27513
          ],
          [
            37.056158,
            48.275929
          ],
          [
            37.055945,
            48.276748
          ],
          [
            37.055774,
            48.277585
          ],
          [
            37.055654,
            48.278443
          ],
          [
            37.055592,
            48.279322
          ],
          [
            37.055597,
            48.280223
          ],
          [
            37.055671,
            48.281165
          ],
          [
            37.055807,
            48.282163
          ],
          [
            37.055997,
            48.283209
          ],
          [
            37.056235,
            48.284297
          ],
          [
            37.056513,
            48.28542
          ],
          [
            37.056825,
            48.286572
          ],
          [
            37.057162,
            48.287744
          ],
          [
            37.057518,
            48.288931
          ],
          [
            37.057886,
            48.290125
          ],
          [
            37.058258,
            48.29132
          ],
          [
            37.058628,
            48.292509
          ],
          [
            37.058988,
            48.293685
          ],
          [
            37.059331,
            48.294841
          ],
          [
            37.05965,
            48.295971
          ],
          [
            37.059938,
            48.297068
          ],
          [
            37.060188,
            48.298124
          ],
          [
            37.060393,
            48.299133
          ],
          [
            37.060544,
            48.300088
          ],
          [
            37.060636,
            48.300982
          ],
          [
            37.060661,
            48.301809
          ],
          [
            37.060623,
            48.302565
          ],
          [
            37.060531,
            48.303254
          ],
          [
            37.060391,
            48.303883
          ],
          [
            37.060208,
            48.304459
          ],
          [
            37.059986,
            48.304988
          ],
          [
            37.05973,
            48.305478
          ],
          [
            37.059444,
            48.305934
          ],
          [
            37.059134,
            48.306363
          ],
          [
            37.058803,
            48.306773
          ],
          [
            37.058457,
            48.307169
          ],
          [
            37.058099,
            48.307559
          ],
          [
            37.057736,
            48.307948
          ],
          [
            37.057371,
            48.308344
          ],
          [
            37.05701,
            48.308753
          ],
          [
            37.056656,
            48.309182
          ],
          [
            37.056315,
            48.309638
          ],
          [
            37.055991,
            48.310126
          ],
          [
            37.055689,
            48.310655
          ],
          [
            37.055413,
            48.311229
          ],
          [
            37.055168,
            48.311857
          ],
          [
            37.054946,
            48.312537
          ],
          [
            37.054735,
            48.313259
          ],
          [
            37.054533,
            48.314019
          ],
          [
            37.05434,
            48.314812
          ],
          [
            37.054154,
            48.315634
          ],
          [
            37.053975,
            48.316479
          ],
          [
            37.053801,
            48.317343
          ],
          [
            37.053631,
            48.318221
          ],
          [
            37.053465,
            48.319107
          ],
          [
            37.053301,
            48.319998
          ],
          [
            37.053139,
            48.320888
          ],
          [
            37.052976,
            48.321772
          ],
          [
            37.052813,
            48.322646
          ],
          [
            37.052648,
            48.323505
          ],
          [
            37.052481,
            48.324343
          ],
          [
            37.052309,
            48.325157
          ],
          [
            37.052132,
            48.325941
          ],
          [
            37.05195,
            48.326691
          ],
          [
            37.051761,
            48.327401
          ],
          [
            37.051563,
            48.328066
          ],
          [
            37.051361,
            48.328692
          ],
          [
            37.051158,
            48.329286
          ],
          [
            37.050953,
            48.329851
          ],
          [
            37.050748,
            48.33039
          ],
          [
            37.05054,
            48.330905
          ],
          [
            37.050331,
            48.3314
          ],
          [
            37.050119,
            48.331875
          ],
          [
            37.049906,
            48.332335
          ],
          [
            37.04969,
            48.332781
          ],
          [
            37.049471,
            48.333216
          ],
          [
            37.04925,
            48.333643
          ],
          [
            37.049025,
            48.334065
          ],
          [
            37.048798,
            48.334483
          ],
          [
            37.048567,
            48.334901
          ],
          [
            37.048333,
            48.33532
          ],
          [
            37.048094,
            48.335745
          ],
          [
            37.047852,
            48.336176
          ],
          [
            37.047606,
            48.336617
          ],
          [
            37.047355,
            48.33707
          ],
          [
            37.0471,
            48.337538
          ],
          [
            37.046825,
            48.338023
          ],
          [
            37.046516,
            48.338523
          ],
          [
            37.046181,
            48.339035
          ],
          [
            37.045823,
            48.339558
          ],
          [
            37.045448,
            48.340087
          ],
          [
            37.045061,
            48.340621
          ],
          [
            37.044667,
            48.341157
          ],
          [
            37.044271,
            48.341693
          ],
          [
            37.043879,
            48.342225
          ],
          [
            37.043495,
            48.342751
          ],
          [
            37.043125,
            48.343269
          ],
          [
            37.042774,
            48.343777
          ],
          [
            37.042447,
            48.34427
          ],
          [
            37.042149,
            48.344747
          ],
          [
            37.041886,
            48.345205
          ],
          [
            37.041662,
            48.345642
          ],
          [
            37.041482,
            48.346055
          ],
          [
            37.041353,
            48.346441
          ],
          [
            37.041278,
            48.346798
          ],
          [
            37.041264,
            48.347123
          ],
          [
            37.041301,
            48.347425
          ],
          [
            37.041379,
            48.347717
          ],
          [
            37.041495,
            48.347996
          ],
          [
            37.041648,
            48.348262
          ],
          [
            37.041836,
            48.348513
          ],
          [
            37.042058,
            48.348749
          ],
          [
            37.042312,
            48.348969
          ],
          [
            37.042596,
            48.349171
          ],
          [
            37.042908,
            48.349355
          ],
          [
            37.043248,
            48.349519
          ],
          [
            37.043614,
            48.349662
          ],
          [
            37.044003,
            48.349784
          ],
          [
            37.044415,
            48.349884
          ],
          [
            37.044847,
            48.349959
          ],
          [
            37.045299,
            48.350011
          ],
          [
            37.045768,
            48.350036
          ],
          [
            37.046253,
            48.350035
          ],
          [
            37.046752,
            48.350006
          ],
          [
            37.047264,
            48.349948
          ],
          [
            37.047787,
            48.349861
          ],
          [
            37.04834,
            48.34972
          ],
          [
            37.048942,
            48.349508
          ],
          [
            37.049587,
            48.349233
          ],
          [
            37.050271,
            48.348904
          ],
          [
            37.050988,
            48.348529
          ],
          [
            37.051733,
            48.348116
          ],
          [
            37.052502,
            48.347674
          ],
          [
            37.053289,
            48.34721
          ],
          [
            37.05409,
            48.346734
          ],
          [
            37.0549,
            48.346253
          ],
          [
            37.055713,
            48.345775
          ],
          [
            37.056525,
            48.34531
          ],
          [
            37.057331,
            48.344865
          ],
          [
            37.058125,
            48.344448
          ],
          [
            37.058903,
            48.344069
          ],
          [
            37.05966,
            48.343735
          ],
          [
            37.060391,
            48.343454
          ],
          [
            37.061091,
            48.343235
          ],
          [
            37.061755,
            48.343086
          ],
          [
            37.062378,
            48.343015
          ],
          [
            37.062979,
            48.343019
          ],
          [
            37.063578,
            48.343084
          ],
          [
            37.064173,
            48.343204
          ],
          [
            37.064763,
            48.343375
          ],
          [
            37.065346,
            48.343591
          ],
          [
            37.065919,
            48.343847
          ],
          [
            37.06648,
            48.344139
          ],
          [
            37.067028,
            48.344459
          ],
          [
            37.06756,
            48.344805
          ],
          [
            37.068075,
            48.345169
          ],
          [
            37.06857,
            48.345547
          ],
          [
            37.069044,
            48.345934
          ],
          [
            37.069494,
            48.346325
          ],
          [
            37.069919,
            48.346714
          ],
          [
            37.070316,
            48.347096
          ],
          [
            37.070684,
            48.347466
          ],
          [
            37.07102,
            48.347818
          ],
          [
            37.071322,
            48.348148
          ],
          [
            37.07159,
            48.348451
          ],
          [
            37.071819,
            48.34872
          ],
          [
            37.07199,
            48.348969
          ],
          [
            37.072086,
            48.349213
          ],
          [
            37.072116,
            48.349452
          ],
          [
            37.072088,
            48.349687
          ],
          [
            37.072012,
            48.349919
          ],
          [
            37.071896,
            48.350146
          ],
          [
            37.071748,
            48.35037
          ],
          [
            37.071576,
            48.350591
          ],
          [
            37.07139,
            48.350808
          ],
          [
            37.071197,
            48.351023
          ],
          [
            37.071006,
            48.351235
          ],
          [
            37.070826,
            48.351444
          ],
          [
            37.070666,
            48.351651
          ],
          [
            37.070532,
            48.351856
          ],
          [
            37.070435,
            48.35206
          ],
          [
            37.070383,
            48.352261
          ],
          [
            37.070384,
            48.352461
          ],
          [
            37.070446,
            48.35266
          ],
          [
            37.070578,
            48.352858
          ],
          [
            37.070789,
            48.353055
          ],
          [
            37.071067,
            48.353247
          ],
          [
            37.07139,
            48.353432
          ],
          [
            37.071757,
            48.353609
          ],
          [
            37.072165,
            48.353781
          ],
          [
            37.072611,
            48.353947
          ],
          [
            37.073092,
            48.35411
          ],
          [
            37.073606,
            48.35427
          ],
          [
            37.074148,
            48.354428
          ],
          [
            37.074718,
            48.354586
          ],
          [
            37.075312,
            48.354745
          ],
          [
            37.075926,
            48.354905
          ],
          [
            37.076559,
            48.355067
          ],
          [
            37.077208,
            48.355234
          ],
          [
            37.077869,
            48.355405
          ],
          [
            37.07854,
            48.355582
          ],
          [
            37.079219,
            48.355765
          ],
          [
            37.079901,
            48.355957
          ],
          [
            37.080585,
            48.356158
          ],
          [
            37.081268,
            48.356369
          ],
          [
            37.081947,
            48.356591
          ],
          [
            37.082639,
            48.356825
          ],
          [
            37.083361,
            48.35707
          ],
          [
            37.08411,
            48.357325
          ],
          [
            37.084883,
            48.357589
          ],
          [
            37.085676,
            48.35786
          ],
          [
            37.086486,
            48.358139
          ],
          [
            37.08731,
            48.358423
          ],
          [
            37.088144,
            48.358712
          ],
          [
            37.088987,
            48.359005
          ],
          [
            37.089833,
            48.3593
          ],
          [
            37.090681,
            48.359597
          ],
          [
            37.091526,
            48.359895
          ],
          [
            37.092366,
            48.360193
          ],
          [
            37.093198,
            48.360489
          ],
          [
            37.094017,
            48.360783
          ],
          [
            37.094822,
            48.361073
          ],
          [
            37.095608,
            48.361359
          ],
          [
            37.096373,
            48.36164
          ],
          [
            37.097114,
            48.361914
          ],
          [
            37.097826,
            48.36218
          ],
          [
            37.098529,
            48.362432
          ],
          [
            37.099242,
            48.362666
          ],
          [
            37.099961,
            48.362884
          ],
          [
            37.100682,
            48.36309
          ],
          [
            37.101403,
            48.363286
          ],
          [
            37.10212,
            48.363476
          ],
          [
            37.10283,
            48.363661
          ],
          [
            37.103529,
            48.363846
          ],
          [
            37.104213,
            48.364034
          ],
          [
            37.10488,
            48.364226
          ],
          [
            37.105526,
            48.364427
          ],
          [
            37.106148,
            48.364638
          ],
          [
            37.106742,
            48.364864
          ],
          [
            37.107305,
            48.365107
          ],
          [
            37.107834,
            48.365369
          ],
          [
            37.108325,
            48.365655
          ],
          [
            37.108774,
            48.365966
          ],
          [
            37.109179,
            48.366306
          ],
          [
            37.109537,
            48.366678
          ],
          [
            37.109842,
            48.367084
          ],
          [
            37.110082,
            48.367538
          ],
          [
            37.11025,
            48.368045
          ],
          [
            37.110351,
            48.368599
          ],
          [
            37.110394,
            48.369194
          ],
          [
            37.110386,
            48.369824
          ],
          [
            37.110334,
            48.370483
          ],
          [
            37.110244,
            48.371163
          ],
          [
            37.110125,
            48.371859
          ],
          [
            37.109983,
            48.372565
          ],
          [
            37.109826,
            48.373274
          ],
          [
            37.109661,
            48.37398
          ],
          [
            37.109494,
            48.374678
          ],
          [
            37.109334,
            48.375359
          ],
          [
            37.109187,
            48.376019
          ],
          [
            37.10906,
            48.376651
          ],
          [
            37.108961,
            48.377249
          ],
          [
            37.108896,
            48.377806
          ],
          [
            37.108874,
            48.378316
          ],
          [
            37.108901,
            48.378774
          ],
          [
            37.108984,
            48.379172
          ],
          [
            37.109105,
            48.379519
          ],
          [
            37.109242,
            48.379831
          ],
          [
            37.109395,
            48.380109
          ],
          [
            37.109563,
            48.380356
          ],
          [
            37.109746,
            48.380573
          ],
          [
            37.109946,
            48.380763
          ],
          [
            37.11016,
            48.380928
          ],
          [
            37.110391,
            48.381069
          ],
          [
            37.110637,
            48.38119
          ],
          [
            37.110899,
            48.381292
          ],
          [
            37.111177,
            48.381377
          ],
          [
            37.11147,
            48.381447
          ],
          [
            37.11178,
            48.381505
          ],
          [
            37.112105,
            48.381552
          ],
          [
            37.112446,
            48.381591
          ],
          [
            37.112803,
            48.381624
          ],
          [
            37.113176,
            48.381653
          ],
          [
            37.113565,
            48.38168
          ],
          [
            37.11397,
            48.381707
          ],
          [
            37.114391,
            48.381737
          ],
          [
            37.114832,
            48.381768
          ],
          [
            37.115295,
            48.381798
          ],
          [
            37.115778,
            48.381826
          ],
          [
            37.116282,
            48.38185
          ],
          [
            37.116804,
            48.381867
          ],
          [
            37.117344,
            48.381878
          ],
          [
            37.117901,
            48.38188
          ],
          [
            37.118473,
            48.381872
          ],
          [
            37.119059,
            48.381852
          ],
          [
            37.119659,
            48.381819
          ],
          [
            37.120271,
            48.381771
          ],
          [
            37.120895,
            48.381707
          ],
          [
            37.121528,
            48.381625
          ],
          [
            37.12217,
            48.381524
          ],
          [
            37.12282,
            48.381402
          ],
          [
            37.123477,
            48.381257
          ],
          [
            37.12414,
            48.381089
          ],
          [
            37.124807,
            48.380895
          ],
          [
            37.125477,
            48.380675
          ],
          [
            37.12615,
            48.380426
          ],
          [
            37.126842,
            48.380133
          ],
          [
            37.127566,
            48.379784
          ],
          [
            37.128319,
            48.379387
          ],
          [
            37.129097,
            48.378947
          ],
          [
            37.129894,
            48.378471
          ],
          [
            37.130707,
            48.377965
          ],
          [
            37.131531,
            48.377434
          ],
          [
            37.132363,
            48.376886
          ],
          [
            37.133197,
            48.376326
          ],
          [
            37.13403,
            48.375761
          ],
          [
            37.134858,
            48.375198
          ],
          [
            37.135675,
            48.374641
          ],
          [
            37.136478,
            48.374097
          ],
          [
            37.137263,
            48.373573
          ],
          [
            37.138025,
            48.373075
          ],
          [
            37.13876,
            48.372609
          ],
          [
            37.139463,
            48.372181
          ],
          [
            37.140131,
            48.371798
          ],
          [
            37.140759,
            48.371465
          ],
          [
            37.141342,
            48.37119
          ],
          [
            37.141874,
            48.370967
          ],
          [
            37.142354,
            48.370786
          ],
          [
            37.142787,
            48.370645
          ],
          [
            37.14318,
            48.370538
          ],
          [
            37.143537,
            48.370462
          ],
          [
            37.143865,
            48.370414
          ],
          [
            37.144169,
            48.37039
          ],
          [
            37.144455,
            48.370387
          ],
          [
            37.144728,
            48.370401
          ],
          [
            37.144995,
            48.370427
          ],
          [
            37.145261,
            48.370463
          ],
          [
            37.145532,
            48.370506
          ],
          [
            37.145813,
            48.37055
          ],
          [
            37.146111,
            48.370593
          ],
          [
            37.14643,
            48.370631
          ],
          [
            37.146776,
            48.370661
          ],
          [
            37.147156,
            48.370678
          ],
          [
            37.147575,
            48.370679
          ],
          [
            37.148038,
            48.370661
          ],
          [
            37.148552,
            48.37062
          ],
          [
            37.14911,
            48.370556
          ],
          [
            37.149702,
            48.370474
          ],
          [
            37.150324,
            48.370378
          ],
          [
            37.150974,
            48.370269
          ],
          [
            37.15165,
            48.370151
          ],
          [
            37.152348,
            48.370026
          ],
          [
            37.153066,
            48.369896
          ],
          [
            37.153801,
            48.369765
          ],
          [
            37.15455,
            48.369634
          ],
          [
            37.155311,
            48.369508
          ],
          [
            37.156081,
            48.369387
          ],
          [
            37.156858,
            48.369276
          ],
          [
            37.157638,
            48.369176
          ],
          [
            37.158419,
            48.36909
          ],
          [
            37.159198,
            48.369021
          ],
          [
            37.159972,
            48.368972
          ],
          [
            37.16074,
            48.368945
          ],
          [
            37.161497,
            48.368943
          ],
          [
            37.162242,
            48.368968
          ],
          [
            37.162971,
            48.369023
          ],
          [
            37.163701,
            48.369098
          ],
          [
            37.164445,
            48.369179
          ],
          [
            37.165202,
            48.36927
          ],
          [
            37.165968,
            48.369371
          ],
          [
            37.166741,
            48.369483
          ],
          [
            37.167519,
            48.369608
          ],
          [
            37.168299,
            48.369747
          ],
          [
            37.169077,
            48.369902
          ],
          [
            37.169852,
            48.370073
          ],
          [
            37.170621,
            48.370263
          ],
          [
            37.171381,
            48.370473
          ],
          [
            37.17213,
            48.370704
          ],
          [
            37.172865,
            48.370957
          ],
          [
            37.173582,
            48.371234
          ],
          [
            37.174281,
            48.371536
          ],
          [
            37.174958,
            48.371864
          ],
          [
            37.175609,
            48.37222
          ],
          [
            37.176234,
            48.372606
          ],
          [
            37.176829,
            48.373022
          ],
          [
            37.177391,
            48.37347
          ],
          [
            37.177908,
            48.373972
          ],
          [
            37.178373,
            48.374542
          ],
          [
            37.178793,
            48.375173
          ],
          [
            37.179172,
            48.375857
          ],
          [
            37.179518,
            48.376585
          ],
          [
            37.179836,
            48.377352
          ],
          [
            37.180133,
            48.378147
          ],
          [
            37.180414,
            48.378964
          ],
          [
            37.180685,
            48.379795
          ],
          [
            37.180953,
            48.380632
          ],
          [
            37.181224,
            48.381467
          ],
          [
            37.181503,
            48.382292
          ],
          [
            37.181797,
            48.3831
          ],
          [
            37.182111,
            48.383883
          ],
          [
            37.182452,
            48.384632
          ],
          [
            37.182827,
            48.385341
          ],
          [
            37.18324,
            48.386
          ],
          [
            37.183698,
            48.386603
          ],
          [
            37.184207,
            48.387142
          ],
          [
            37.184772,
            48.387608
          ],
          [
            37.185385,
            48.388001
          ],
          [
            37.18603,
            48.388329
          ],
          [
            37.186705,
            48.388599
          ],
          [
            37.187409,
            48.388818
          ],
          [
            37.18814,
            48.388991
          ],
          [
            37.188896,
            48.389125
          ],
          [
            37.189676,
            48.389227
          ],
          [
            37.190479,
            48.389303
          ],
          [
            37.191301,
            48.38936
          ],
          [
            37.192143,
            48.389404
          ],
          [
            37.193002,
            48.389442
          ],
          [
            37.193877,
            48.38948
          ],
          [
            37.194767,
            48.389525
          ],
          [
            37.195668,
            48.389583
          ],
          [
            37.196581,
            48.38966
          ],
          [
            37.197503,
            48.389764
          ],
          [
            37.198433,
            48.389901
          ],
          [
            37.199368,
            48.390077
          ],
          [
            37.200309,
            48.390298
          ],
          [
            37.201252,
            48.390572
          ],
          [
            37.202221,
            48.390892
          ],
          [
            37.203235,
            48.391244
          ],
          [
            37.204289,
            48.391626
          ],
          [
            37.205377,
            48.392035
          ],
          [
            37.206493,
            48.392467
          ],
          [
            37.207631,
            48.39292
          ],
          [
            37.208784,
            48.39339
          ],
          [
            37.209948,
            48.393875
          ],
          [
            37.211115,
            48.394371
          ],
          [
            37.212281,
            48.394875
          ],
          [
            37.213439,
            48.395384
          ],
          [
            37.214584,
            48.395896
          ],
          [
            37.215709,
            48.396406
          ],
          [
            37.216808,
            48.396912
          ],
          [
            37.217876,
            48.397411
          ],
          [
            37.218907,
            48.3979
          ],
          [
            37.219894,
            48.398375
          ],
          [
            37.220833,
            48.398834
          ],
          [
            37.221716,
            48.399274
          ],
          [
            37.222538,
            48.399691
          ],
          [
            37.223339,
            48.400098
          ],
          [
            37.224158,
            48.400509
          ],
          [
            37.224987,
            48.400923
          ],
          [
            37.225817,
            48.401337
          ],
          [
            37.226642,
            48.401751
          ],
          [
            37.227452,
            48.402162
          ],
          [
            37.22824,
            48.402569
          ],
          [
            37.228998,
            48.402971
          ],
          [
            37.229718,
            48.403365
          ],
          [
            37.230392,
            48.403751
          ],
          [
            37.231011,
            48.404125
          ],
          [
            37.231569,
            48.404488
          ],
          [
            37.232056,
            48.404837
          ],
          [
            37.232466,
            48.40517
          ],
          [
            37.232789,
            48.405487
          ],
          [
            37.233019,
            48.405784
          ],
          [
            37.233147,
            48.406062
          ],
          [
            37.233164,
            48.406317
          ],
          [
            37.233064,
            48.406549
          ],
          [
            37.232838,
            48.406756
          ],
          [
            37.232468,
            48.406935
          ],
          [
            37.231951,
            48.407085
          ],
          [
            37.231297,
            48.407209
          ],
          [
            37.23052,
            48.407309
          ],
          [
            37.22963,
            48.407387
          ],
          [
            37.22864,
            48.407445
          ],
          [
            37.227561,
            48.407486
          ],
          [
            37.226405,
            48.407511
          ],
          [
            37.225185,
            48.407524
          ],
          [
            37.223911,
            48.407526
          ],
          [
            37.222597,
            48.407519
          ],
          [
            37.221253,
            48.407506
          ],
          [
            37.219891,
            48.407489
          ],
          [
            37.218524,
            48.407469
          ],
          [
            37.217163,
            48.407451
          ],
          [
            37.21582,
            48.407435
          ],
          [
            37.214507,
            48.407423
          ],
          [
            37.213235,
            48.407419
          ],
          [
            37.212017,
            48.407424
          ],
          [
            37.210865,
            48.40744
          ],
          [
            37.209724,
            48.407457
          ],
          [
            37.208537,
            48.407463
          ],
          [
            37.207313,
            48.407461
          ],
          [
            37.206059,
            48.407451
          ],
          [
            37.204782,
            48.407436
          ],
          [
            37.20349,
            48.407416
          ],
          [
            37.202192,
            48.407395
          ],
          [
            37.200895,
            48.407373
          ],
          [
            37.199606,
            48.407352
          ],
          [
            37.198334,
            48.407333
          ],
          [
            37.197085,
            48.407319
          ],
          [
            37.195869,
            48.407312
          ],
          [
            37.194692,
            48.407311
          ],
          [
            37.193562,
            48.407321
          ],
          [
            37.192487,
            48.407341
          ],
          [
            37.191474,
            48.407374
          ],
          [
            37.190532,
            48.407422
          ],
          [
            37.189668,
            48.407486
          ],
          [
            37.18889,
            48.407567
          ],
          [
            37.188206,
            48.407668
          ],
          [
            37.187584,
            48.407788
          ],
          [
            37.18699,
            48.407925
          ],
          [
            37.186429,
            48.408078
          ],
          [
            37.185904,
            48.408245
          ],
          [
            37.185419,
            48.408426
          ],
          [
            37.184977,
            48.408618
          ],
          [
            37.184583,
            48.408821
          ],
          [
            37.18424,
            48.409034
          ],
          [
            37.183951,
            48.409256
          ],
          [
            37.183721,
            48.409484
          ],
          [
            37.183553,
            48.409718
          ],
          [
            37.183451,
            48.409957
          ],
          [
            37.183419,
            48.410199
          ],
          [
            37.18346,
            48.410443
          ],
          [
            37.183579,
            48.410688
          ],
          [
            37.183778,
            48.410933
          ],
          [
            37.184062,
            48.411176
          ],
          [
            37.184434,
            48.411417
          ],
          [
            37.184899,
            48.411653
          ],
          [
            37.185459,
            48.411884
          ],
          [
            37.186161,
            48.412116
          ],
          [
            37.187037,
            48.412355
          ],
          [
            37.188068,
            48.412599
          ],
          [
            37.189238,
            48.412849
          ],
          [
            37.19053,
            48.413104
          ],
          [
            37.191925,
            48.413361
          ],
          [
            37.193406,
            48.413621
          ],
          [
            37.194957,
            48.413882
          ],
          [
            37.196559,
            48.414144
          ],
          [
            37.198194,
            48.414405
          ],
          [
            37.199846,
            48.414665
          ],
          [
            37.201498,
            48.414922
          ],
          [
            37.203131,
            48.415176
          ],
          [
            37.204728,
            48.415426
          ],
          [
            37.206272,
            48.415671
          ],
          [
            37.207745,
            48.415909
          ],
          [
            37.20913,
            48.416141
          ],
          [
            37.210409,
            48.416364
          ],
          [
            37.211566,
            48.416579
          ],
          [
            37.212582,
            48.416783
          ],
          [
            37.213498,
            48.41697
          ],
          [
            37.214368,
            48.417134
          ],
          [
            37.215193,
            48.417277
          ],
          [
            37.215972,
            48.417404
          ],
          [
            37.216708,
            48.417518
          ],
          [
            37.217401,
            48.417621
          ],
          [
            37.218052,
            48.417718
          ],
          [
            37.218661,
            48.417812
          ],
          [
            37.21923,
            48.417905
          ],
          [
            37.219759,
            48.418001
          ],
          [
            37.22025,
            48.418104
          ],
          [
            37.220702,
            48.418216
          ],
          [
            37.221117,
            48.418342
          ],
          [
            37.221496,
            48.418483
          ],
          [
            37.221839,
            48.418645
          ],
          [
            37.222148,
            48.418829
          ],
          [
            37.222423,
            48.419039
          ],
          [
            37.222665,
            48.419279
          ],
          [
            37.222875,
            48.419551
          ],
          [
            37.223053,
            48.419859
          ],
          [
            37.223164,
            48.420206
          ],
          [
            37.223177,
            48.420589
          ],
          [
            37.223104,
            48.421005
          ],
          [
            37.222955,
            48.421451
          ],
          [
            37.222742,
            48.421922
          ],
          [
            37.222474,
            48.422417
          ],
          [
            37.222163,
            48.422931
          ],
          [
            37.22182,
            48.423462
          ],
          [
            37.221455,
            48.424006
          ],
          [
            37.221079,
            48.424559
          ],
          [
            37.220703,
            48.425118
          ],
          [
            37.220338,
            48.42568
          ],
          [
            37.219995,
            48.426242
          ],
          [
            37.219684,
            48.4268
          ],
          [
            37.219416,
            48.427351
          ],
          [
            37.219202,
            48.427892
          ],
          [
            37.219054,
            48.428419
          ],
          [
            37.21898,
            48.428929
          ],
          [
            37.218994,
            48.429418
          ],
          [
            37.219105,
            48.429884
          ],
          [
            37.2193,
            48.430325
          ],
          [
            37.219557,
            48.430743
          ],
          [
            37.219871,
            48.431143
          ],
          [
            37.220238,
            48.431527
          ],
          [
            37.220652,
            48.431898
          ],
          [
            37.221111,
            48.432259
          ],
          [
            37.221608,
            48.432613
          ],
          [
            37.22214,
            48.432963
          ],
          [
            37.222702,
            48.433312
          ],
          [
            37.223289,
            48.433664
          ],
          [
            37.223897,
            48.434021
          ],
          [
            37.224522,
            48.434386
          ],
          [
            37.225159,
            48.434763
          ],
          [
            37.225804,
            48.435154
          ],
          [
            37.226451,
            48.435562
          ],
          [
            37.227097,
            48.435991
          ],
          [
            37.227737,
            48.436443
          ],
          [
            37.228367,
            48.436922
          ],
          [
            37.228981,
            48.43743
          ],
          [
            37.229576,
            48.43797
          ],
          [
            37.230161,
            48.438554
          ],
          [
            37.230749,
            48.439185
          ],
          [
            37.231341,
            48.439857
          ],
          [
            37.231937,
            48.440566
          ],
          [
            37.232537,
            48.441305
          ],
          [
            37.233143,
            48.442069
          ],
          [
            37.233754,
            48.442851
          ],
          [
            37.234372,
            48.443648
          ],
          [
            37.234996,
            48.444452
          ],
          [
            37.235627,
            48.445258
          ],
          [
            37.236266,
            48.446061
          ],
          [
            37.236914,
            48.446855
          ],
          [
            37.23757,
            48.447634
          ],
          [
            37.238235,
            48.448393
          ],
          [
            37.23891,
            48.449126
          ],
          [
            37.239596,
            48.449828
          ],
          [
            37.240292,
            48.450492
          ],
          [
            37.240999,
            48.451113
          ],
          [
            37.241719,
            48.451686
          ],
          [
            37.242451,
            48.452204
          ],
          [
            37.243196,
            48.452665
          ],
          [
            37.243955,
            48.453073
          ],
          [
            37.244727,
            48.453433
          ],
          [
            37.245512,
            48.45375
          ],
          [
            37.246308,
            48.45403
          ],
          [
            37.247114,
            48.454279
          ],
          [
            37.247931,
            48.454503
          ],
          [
            37.248757,
            48.454705
          ],
          [
            37.249591,
            48.454893
          ],
          [
            37.250433,
            48.455072
          ],
          [
            37.251282,
            48.455247
          ],
          [
            37.252137,
            48.455423
          ],
          [
            37.252997,
            48.455607
          ],
          [
            37.253861,
            48.455803
          ],
          [
            37.25473,
            48.456017
          ],
          [
            37.255601,
            48.456255
          ],
          [
            37.256475,
            48.456523
          ],
          [
            37.25735,
            48.456825
          ],
          [
            37.258226,
            48.457167
          ],
          [
            37.259102,
            48.457555
          ],
          [
            37.259997,
            48.45799
          ],
          [
            37.260927,
            48.458468
          ],
          [
            37.261887,
            48.458982
          ],
          [
            37.262872,
            48.459529
          ],
          [
            37.263875,
            48.460104
          ],
          [
            37.264892,
            48.460701
          ],
          [
            37.265916,
            48.461316
          ],
          [
            37.266943,
            48.461943
          ],
          [
            37.267967,
            48.462579
          ],
          [
            37.268983,
            48.463218
          ],
          [
            37.269985,
            48.463855
          ],
          [
            37.270967,
            48.464486
          ],
          [
            37.271924,
            48.465105
          ],
          [
            37.272852,
            48.465708
          ],
          [
            37.273743,
            48.46629
          ],
          [
            37.274593,
            48.466845
          ],
          [
            37.275396,
            48.46737
          ],
          [
            37.276147,
            48.467859
          ],
          [
            37.27684,
            48.468307
          ],
          [
            37.27747,
            48.46871
          ],
          [
            37.278007,
            48.469077
          ],
          [
            37.278434,
            48.469423
          ],
          [
            37.278765,
            48.469746
          ],
          [
            37.279013,
            48.47005
          ],
          [
            37.279193,
            48.470333
          ],
          [
            37.279318,
            48.470597
          ],
          [
            37.279401,
            48.470843
          ],
          [
            37.279457,
            48.471071
          ],
          [
            37.279499,
            48.471282
          ],
          [
            37.27954,
            48.471477
          ],
          [
            37.279595,
            48.471657
          ],
          [
            37.279678,
            48.471821
          ],
          [
            37.279801,
            48.471972
          ],
          [
            37.279979,
            48.472109
          ],
          [
            37.280226,
            48.472234
          ],
          [
            37.280554,
            48.472347
          ],
          [
            37.280978,
            48.472448
          ],
          [
            37.281512,
            48.47254
          ],
          [
            37.282169,
            48.472621
          ],
          [
            37.282963,
            48.472694
          ],
          [
            37.283893,
            48.472744
          ],
          [
            37.284942,
            48.472759
          ],
          [
            37.286099,
            48.472744
          ],
          [
            37.287355,
            48.472702
          ],
          [
            37.288697,
            48.472637
          ],
          [
            37.290117,
            48.472552
          ],
          [
            37.291603,
            48.472452
          ],
          [
            37.293144,
            48.47234
          ],
          [
            37.294731,
            48.47222
          ],
          [
            37.296352,
            48.472096
          ],
          [
            37.297998,
            48.471971
          ],
          [
            37.299657,
            48.47185
          ],
          [
            37.301318,
            48.471735
          ],
          [
            37.302972,
            48.471631
          ],
          [
            37.304608,
            48.471541
          ],
          [
            37.306215,
            48.47147
          ],
          [
            37.307783,
            48.471421
          ],
          [
            37.309301,
            48.471397
          ],
          [
            37.310759,
            48.471403
          ],
          [
            37.312145,
            48.471442
          ],
          [
            37.313482,
            48.471506
          ],
          [
            37.314799,
            48.471584
          ],
          [
            37.316097,
            48.471675
          ],
          [
            37.317377,
            48.47178
          ],
          [
            37.318643,
            48.471897
          ],
          [
            37.319894,
            48.472027
          ],
          [
            37.321134,
            48.472169
          ],
          [
            37.322363,
            48.472323
          ],
          [
            37.323582,
            48.472489
          ],
          [
            37.324795,
            48.472665
          ],
          [
            37.326001,
            48.472853
          ],
          [
            37.327203,
            48.473051
          ],
          [
            37.328403,
            48.473259
          ],
          [
            37.329602,
            48.473476
          ],
          [
            37.330801,
            48.473704
          ],
          [
            37.332003,
            48.47394
          ],
          [
            37.333209,
            48.474185
          ],
          [
            37.33442,
            48.474439
          ],
          [
            37.335638,
            48.4747
          ],
          [
            37.336864,
            48.47497
          ],
          [
            37.3381,
            48.475258
          ],
          [
            37.339344,
            48.475575
          ],
          [
            37.340594,
            48.475916
          ],
          [
            37.341848,
            48.47628
          ],
          [
            37.343106,
            48.476662
          ],
          [
            37.344366,
            48.477059
          ],
          [
            37.345626,
            48.477467
          ],
          [
            37.346885,
            48.477885
          ],
          [
            37.348142,
            48.478307
          ],
          [
            37.349396,
            48.478732
          ],
          [
            37.350644,
            48.479156
          ],
          [
            37.351886,
            48.479574
          ],
          [
            37.353119,
            48.479985
          ],
          [
            37.354343,
            48.480385
          ],
          [
            37.355557,
            48.480771
          ],
          [
            37.356758,
            48.481138
          ],
          [
            37.357945,
            48.481485
          ],
          [
            37.359118,
            48.481807
          ],
          [
            37.360274,
            48.482102
          ],
          [
            37.361412,
            48.482366
          ],
          [
            37.362562,
            48.482596
          ],
          [
            37.363748,
            48.482792
          ],
          [
            37.364962,
            48.482959
          ],
          [
            37.366197,
            48.4831
          ],
          [
            37.367443,
            48.483219
          ],
          [
            37.368693,
            48.483319
          ],
          [
            37.369939,
            48.483405
          ],
          [
            37.371172,
            48.48348
          ],
          [
            37.372384,
            48.483547
          ],
          [
            37.373568,
            48.483611
          ],
          [
            37.374714,
            48.483675
          ],
          [
            37.375815,
            48.483743
          ],
          [
            37.376863,
            48.483818
          ],
          [
            37.377849,
            48.483905
          ],
          [
            37.378765,
            48.484007
          ],
          [
            37.379603,
            48.484127
          ],
          [
            37.380355,
            48.48427
          ],
          [
            37.381012,
            48.484439
          ],
          [
            37.381567,
            48.484637
          ],
          [
            37.382011,
            48.48487
          ],
          [
            37.382322,
            48.485138
          ],
          [
            37.382492,
            48.485439
          ],
          [
            37.382534,
            48.485769
          ],
          [
            37.382461,
            48.486125
          ],
          [
            37.382288,
            48.486503
          ],
          [
            37.382028,
            48.4869
          ],
          [
            37.381694,
            48.487311
          ],
          [
            37.381301,
            48.487734
          ],
          [
            37.380861,
            48.488165
          ],
          [
            37.380389,
            48.488599
          ],
          [
            37.379897,
            48.489034
          ],
          [
            37.3794,
            48.489466
          ],
          [
            37.378912,
            48.489892
          ],
          [
            37.378445,
            48.490307
          ],
          [
            37.378013,
            48.490708
          ],
          [
            37.377631,
            48.491092
          ],
          [
            37.377311,
            48.491454
          ],
          [
            37.377067,
            48.491792
          ],
          [
            37.376912,
            48.492101
          ],
          [
            37.376862,
            48.492379
          ],
          [
            37.37689,
            48.492628
          ],
          [
            37.376963,
            48.492857
          ],
          [
            37.377076,
            48.493067
          ],
          [
            37.377228,
            48.49326
          ],
          [
            37.377414,
            48.493436
          ],
          [
            37.377632,
            48.493599
          ],
          [
            37.377878,
            48.493749
          ],
          [
            37.378149,
            48.493888
          ],
          [
            37.378443,
            48.494018
          ],
          [
            37.378755,
            48.49414
          ],
          [
            37.379083,
            48.494256
          ],
          [
            37.379424,
            48.494367
          ],
          [
            37.379774,
            48.494475
          ],
          [
            37.380131,
            48.494581
          ],
          [
            37.380491,
            48.494688
          ],
          [
            37.38085,
            48.494797
          ],
          [
            37.381207,
            48.494908
          ],
          [
            37.381557,
            48.495025
          ],
          [
            37.381898,
            48.495148
          ],
          [
            37.382226,
            48.495279
          ],
          [
            37.38253,
            48.495417
          ],
          [
            37.382804,
            48.495559
          ],
          [
            37.383054,
            48.495703
          ],
          [
            37.383286,
            48.495849
          ],
          [
            37.383507,
            48.495997
          ],
          [
            37.383724,
            48.496145
          ],
          [
            37.383941,
            48.496292
          ],
          [
            37.384165,
            48.496439
          ],
          [
            37.384404,
            48.496583
          ],
          [
            37.384661,
            48.496724
          ],
          [
            37.384945,
            48.496862
          ],
          [
            37.385261,
            48.496996
          ],
          [
            37.385616,
            48.497124
          ],
          [
            37.386015,
            48.497247
          ],
          [
            37.386465,
            48.497362
          ],
          [
            37.386971,
            48.49747
          ],
          [
            37.387541,
            48.49757
          ],
          [
            37.388181,
            48.49766
          ],
          [
            37.388896,
            48.497741
          ],
          [
            37.389693,
            48.49781
          ],
          [
            37.39059,
            48.497872
          ],
          [
            37.391592,
            48.497928
          ],
          [
            37.392689,
            48.497978
          ],
          [
            37.393872,
            48.498022
          ],
          [
            37.395129,
            48.498061
          ],
          [
            37.39645,
            48.498093
          ],
          [
            37.397824,
            48.49812
          ],
          [
            37.399242,
            48.49814
          ],
          [
            37.400693,
            48.498154
          ],
          [
            37.402166,
            48.498161
          ],
          [
            37.40365,
            48.498161
          ],
          [
            37.405137,
            48.498154
          ],
          [
            37.406614,
            48.498141
          ],
          [
            37.408072,
            48.49812
          ],
          [
            37.4095,
            48.498092
          ],
          [
            37.410888,
            48.498057
          ],
          [
            37.412225,
            48.498014
          ],
          [
            37.413501,
            48.497964
          ],
          [
            37.414706,
            48.497905
          ],
          [
            37.415829,
            48.497839
          ],
          [
            37.416892,
            48.497769
          ],
          [
            37.417927,
            48.497697
          ],
          [
            37.418934,
            48.497625
          ],
          [
            37.419914,
            48.497549
          ],
          [
            37.420869,
            48.497469
          ],
          [
            37.421799,
            48.497383
          ],
          [
            37.422705,
            48.497291
          ],
          [
            37.42359,
            48.497192
          ],
          [
            37.424452,
            48.497084
          ],
          [
            37.425294,
            48.496966
          ],
          [
            37.426117,
            48.496837
          ],
          [
            37.426921,
            48.496696
          ],
          [
            37.427709,
            48.496542
          ],
          [
            37.42848,
            48.496374
          ],
          [
            37.429235,
            48.496189
          ],
          [
            37.429977,
            48.495988
          ],
          [
            37.430706,
            48.49577
          ],
          [
            37.431422,
            48.495532
          ],
          [
            37.432128,
            48.495274
          ],
          [
            37.432823,
            48.494995
          ],
          [
            37.433505,
            48.494693
          ],
          [
            37.434168,
            48.494368
          ],
          [
            37.434812,
            48.494022
          ],
          [
            37.435439,
            48.493656
          ],
          [
            37.436049,
            48.493272
          ],
          [
            37.436642,
            48.49287
          ],
          [
            37.437219,
            48.492453
          ],
          [
            37.437781,
            48.492021
          ],
          [
            37.438327,
            48.491576
          ],
          [
            37.438858,
            48.49112
          ],
          [
            37.439375,
            48.490654
          ],
          [
            37.439878,
            48.490179
          ],
          [
            37.440368,
            48.489696
          ],
          [
            37.440846,
            48.489208
          ],
          [
            37.44131,
            48.488716
          ],
          [
            37.441763,
            48.48822
          ],
          [
            37.442205,
            48.487723
          ],
          [
            37.442636,
            48.487225
          ],
          [
            37.443056,
            48.486729
          ],
          [
            37.443466,
            48.486235
          ],
          [
            37.443858,
            48.485742
          ],
          [
            37.444224,
            48.485246
          ],
          [
            37.444566,
            48.484747
          ],
          [
            37.444887,
            48.484244
          ],
          [
            37.445189,
            48.483738
          ],
          [
            37.445474,
            48.483226
          ],
          [
            37.445745,
            48.48271
          ],
          [
            37.446005,
            48.482188
          ],
          [
            37.446254,
            48.48166
          ],
          [
            37.446497,
            48.481125
          ],
          [
            37.446735,
            48.480584
          ],
          [
            37.44697,
            48.480035
          ],
          [
            37.447205,
            48.479478
          ],
          [
            37.447443,
            48.478912
          ],
          [
            37.447685,
            48.478337
          ],
          [
            37.447934,
            48.477753
          ],
          [
            37.448192,
            48.477159
          ],
          [
            37.448461,
            48.476554
          ],
          [
            37.448745,
            48.475938
          ],
          [
            37.449045,
            48.475311
          ],
          [
            37.449333,
            48.474668
          ],
          [
            37.449585,
            48.474005
          ],
          [
            37.449806,
            48.473325
          ],
          [
            37.450004,
            48.472629
          ],
          [
            37.450187,
            48.47192
          ],
          [
            37.450361,
            48.471199
          ],
          [
            37.450533,
            48.470468
          ],
          [
            37.450711,
            48.469729
          ],
          [
            37.450901,
            48.468983
          ],
          [
            37.45111,
            48.468234
          ],
          [
            37.451346,
            48.467481
          ],
          [
            37.451616,
            48.466729
          ],
          [
            37.451926,
            48.465977
          ],
          [
            37.452284,
            48.465229
          ],
          [
            37.452696,
            48.464486
          ],
          [
            37.453171,
            48.46375
          ],
          [
            37.453714,
            48.463023
          ],
          [
            37.454332,
            48.462307
          ],
          [
            37.455034,
            48.461603
          ],
          [
            37.455826,
            48.460913
          ],
          [
            37.456719,
            48.46022
          ],
          [
            37.457713,
            48.459507
          ],
          [
            37.4588,
            48.458777
          ],
          [
            37.45997,
            48.458036
          ],
          [
            37.461215,
            48.457288
          ],
          [
            37.462525,
            48.456536
          ],
          [
            37.463891,
            48.455785
          ],
          [
            37.465304,
            48.455039
          ],
          [
            37.466754,
            48.454303
          ],
          [
            37.468234,
            48.453581
          ],
          [
            37.469733,
            48.452877
          ],
          [
            37.471242,
            48.452194
          ],
          [
            37.472753,
            48.451539
          ],
          [
            37.474257,
            48.450914
          ],
          [
            37.475743,
            48.450324
          ],
          [
            37.477204,
            48.449773
          ],
          [
            37.478629,
            48.449266
          ],
          [
            37.480011,
            48.448807
          ],
          [
            37.481339,
            48.4484
          ],
          [
            37.482605,
            48.448048
          ],
          [
            37.48383,
            48.447757
          ],
          [
            37.485041,
            48.447525
          ],
          [
            37.486239,
            48.447346
          ],
          [
            37.487425,
            48.447216
          ],
          [
            37.488599,
            48.44713
          ],
          [
            37.489761,
            48.447085
          ],
          [
            37.490913,
            48.447074
          ],
          [
            37.492053,
            48.447095
          ],
          [
            37.493184,
            48.447141
          ],
          [
            37.494305,
            48.447209
          ],
          [
            37.495417,
            48.447293
          ],
          [
            37.49652,
            48.44739
          ],
          [
            37.497615,
            48.447494
          ],
          [
            37.498702,
            48.447601
          ],
          [
            37.499783,
            48.447707
          ],
          [
            37.500856,
            48.447806
          ],
          [
            37.501923,
            48.447894
          ],
          [
            37.502985,
            48.447967
          ],
          [
            37.504041,
            48.44802
          ],
          [
            37.505093,
            48.448048
          ],
          [
            37.506139,
            48.448062
          ],
          [
            37.50718,
            48.448075
          ],
          [
            37.508214,
            48.448088
          ],
          [
            37.509242,
            48.448101
          ],
          [
            37.510263,
            48.448115
          ],
          [
            37.511277,
            48.448129
          ],
          [
            37.512284,
            48.448144
          ],
          [
            37.513284,
            48.448161
          ],
          [
            37.514275,
            48.44818
          ],
          [
            37.515258,
            48.448201
          ],
          [
            37.516233,
            48.448225
          ],
          [
            37.517199,
            48.448252
          ],
          [
            37.518156,
            48.448282
          ],
          [
            37.519103,
            48.448316
          ],
          [
            37.520041,
            48.448354
          ],
          [
            37.520969,
            48.448396
          ],
          [
            37.521887,
            48.448444
          ],
          [
            37.522794,
            48.448496
          ],
          [
            37.523691,
            48.448554
          ],
          [
            37.524576,
            48.448618
          ],
          [
            37.525424,
            48.448696
          ],
          [
            37.526214,
            48.448795
          ],
          [
            37.526954,
            48.448912
          ],
          [
            37.527653,
            48.449043
          ],
          [
            37.52832,
            48.449187
          ],
          [
            37.528963,
            48.449339
          ],
          [
            37.529591,
            48.449497
          ],
          [
            37.530212,
            48.449658
          ],
          [
            37.530836,
            48.449819
          ],
          [
            37.531469,
            48.449977
          ],
          [
            37.532123,
            48.450128
          ],
          [
            37.532804,
            48.450271
          ],
          [
            37.533521,
            48.450401
          ],
          [
            37.534283,
            48.450517
          ],
          [
            37.535099,
            48.450614
          ],
          [
            37.535977,
            48.45069
          ],
          [
            37.536926,
            48.450742
          ],
          [
            37.537954,
            48.450767
          ],
          [
            37.53907,
            48.450762
          ],
          [
            37.540283,
            48.450724
          ],
          [
            37.541598,
            48.450631
          ],
          [
            37.543008,
            48.45047
          ],
          [
            37.544506,
            48.450249
          ],
          [
            37.546083,
            48.449979
          ],
          [
            37.54773,
            48.449668
          ],
          [
            37.549439,
            48.449325
          ],
          [
            37.551201,
            48.44896
          ],
          [
            37.553009,
            48.448582
          ],
          [
            37.554853,
            48.4482
          ],
          [
            37.556725,
            48.447824
          ],
          [
            37.558617,
            48.447463
          ],
          [
            37.56052,
            48.447125
          ],
          [
            37.562426,
            48.446821
          ],
          [
            37.564326,
            48.446559
          ],
          [
            37.566211,
            48.446349
          ],
          [
            37.568074,
            48.4462
          ],
          [
            37.569906,
            48.446121
          ],
          [
            37.571699,
            48.446121
          ],
          [
            37.573443,
            48.44621
          ],
          [
            37.57513,
            48.446397
          ],
          [
            37.576809,
            48.446699
          ],
          [
            37.578528,
            48.447116
          ],
          [
            37.580276,
            48.447637
          ],
          [
            37.582048,
            48.44825
          ],
          [
            37.583833,
            48.448941
          ],
          [
            37.585624,
            48.449699
          ],
          [
            37.587411,
            48.45051
          ],
          [
            37.589187,
            48.451363
          ],
          [
            37.590944,
            48.452245
          ],
          [
            37.592672,
            48.453143
          ],
          [
            37.594364,
            48.454045
          ],
          [
            37.59601,
            48.454939
          ],
          [
            37.597603,
            48.455812
          ],
          [
            37.599134,
            48.456651
          ],
          [
            37.600594,
            48.457444
          ],
          [
            37.601976,
            48.458179
          ],
          [
            37.60327,
            48.458844
          ],
          [
            37.604468,
            48.459425
          ],
          [
            37.605563,
            48.45991
          ],
          [
            37.606544,
            48.460287
          ],
          [
            37.607409,
            48.460554
          ],
          [
            37.608162,
            48.460724
          ],
          [
            37.608812,
            48.460808
          ],
          [
            37.609368,
            48.460815
          ],
          [
            37.609837,
            48.460758
          ],
          [
            37.610227,
            48.460645
          ],
          [
            37.610548,
            48.460488
          ],
          [
            37.610806,
            48.460296
          ],
          [
            37.61101,
            48.460081
          ],
          [
            37.611169,
            48.459853
          ],
          [
            37.61129,
            48.459622
          ],
          [
            37.611381,
            48.459399
          ],
          [
            37.611452,
            48.459194
          ],
          [
            37.611509,
            48.459018
          ],
          [
            37.611562,
            48.458881
          ],
          [
            37.611617,
            48.458794
          ],
          [
            37.611685,
            48.458766
          ],
          [
            37.611772,
            48.458809
          ],
          [
            37.611887,
            48.458933
          ],
          [
            37.612038,
            48.459149
          ],
          [
            37.6122,
            48.459446
          ],
          [
            37.612344,
            48.459805
          ],
          [
            37.612472,
            48.46022
          ],
          [
            37.612584,
            48.460687
          ],
          [
            37.612683,
            48.461199
          ],
          [
            37.612769,
            48.461753
          ],
          [
            37.612843,
            48.462342
          ],
          [
            37.612908,
            48.462962
          ],
          [
            37.612965,
            48.463606
          ],
          [
            37.613014,
            48.464271
          ],
          [
            37.613057,
            48.464951
          ],
          [
            37.613096,
            48.46564
          ],
          [
            37.613132,
            48.466333
          ],
          [
            37.613167,
            48.467026
          ],
          [
            37.6132,
            48.467712
          ],
          [
            37.613235,
            48.468388
          ],
          [
            37.613272,
            48.469047
          ],
          [
            37.613313,
            48.469684
          ],
          [
            37.613359,
            48.470294
          ],
          [
            37.613411,
            48.470873
          ],
          [
            37.613453,
            48.471443
          ],
          [
            37.613471,
            48.472031
          ],
          [
            37.613469,
            48.472633
          ],
          [
            37.613451,
            48.473245
          ],
          [
            37.61342,
            48.473865
          ],
          [
            37.613382,
            48.474487
          ],
          [
            37.613339,
            48.475109
          ],
          [
            37.613297,
            48.475728
          ],
          [
            37.613259,
            48.476339
          ],
          [
            37.613229,
            48.47694
          ],
          [
            37.613211,
            48.477526
          ],
          [
            37.613209,
            48.478094
          ],
          [
            37.613228,
            48.478641
          ],
          [
            37.613271,
            48.479163
          ],
          [
            37.613343,
            48.479656
          ],
          [
            37.613447,
            48.480117
          ],
          [
            37.613587,
            48.480542
          ],
          [
            37.613769,
            48.480929
          ],
          [
            37.613995,
            48.481272
          ],
          [
            37.614269,
            48.48157
          ],
          [
            37.614624,
            48.481807
          ],
          [
            37.615078,
            48.481978
          ],
          [
            37.61562,
            48.482089
          ],
          [
            37.616234,
            48.482147
          ],
          [
            37.61691,
            48.48216
          ],
          [
            37.617633,
            48.482135
          ],
          [
            37.61839,
            48.482079
          ],
          [
            37.619169,
            48.482
          ],
          [
            37.619956,
            48.481903
          ],
          [
            37.620739,
            48.481798
          ],
          [
            37.621503,
            48.48169
          ],
          [
            37.622237,
            48.481586
          ],
          [
            37.622927,
            48.481495
          ],
          [
            37.62356,
            48.481423
          ],
          [
            37.624122,
            48.481378
          ],
          [
            37.624602,
            48.481366
          ],
          [
            37.624985,
            48.481395
          ],
          [
            37.625259,
            48.481472
          ],
          [
            37.625411,
            48.481603
          ],
          [
            37.625427,
            48.481797
          ],
          [
            37.625295,
            48.482049
          ],
          [
            37.62502,
            48.482346
          ],
          [
            37.624616,
            48.482684
          ],
          [
            37.624098,
            48.483059
          ],
          [
            37.62348,
            48.483467
          ],
          [
            37.622777,
            48.483903
          ],
          [
            37.622002,
            48.484364
          ],
          [
            37.621171,
            48.484845
          ],
          [
            37.620298,
            48.485342
          ],
          [
            37.619398,
            48.485851
          ],
          [
            37.618484,
            48.486367
          ],
          [
            37.617571,
            48.486887
          ],
          [
            37.616673,
            48.487407
          ],
          [
            37.615806,
            48.487921
          ],
          [
            37.614983,
            48.488427
          ],
          [
            37.614218,
            48.488919
          ],
          [
            37.613527,
            48.489394
          ],
          [
            37.612924,
            48.489847
          ],
          [
            37.612423,
            48.490275
          ],
          [
            37.612038,
            48.490672
          ],
          [
            37.611742,
            48.491042
          ],
          [
            37.611496,
            48.491393
          ],
          [
            37.611297,
            48.491726
          ],
          [
            37.611144,
            48.492045
          ],
          [
            37.611032,
            48.49235
          ],
          [
            37.610959,
            48.492645
          ],
          [
            37.610923,
            48.492933
          ],
          [
            37.610921,
            48.493215
          ],
          [
            37.61095,
            48.493494
          ],
          [
            37.611008,
            48.493772
          ],
          [
            37.611091,
            48.494052
          ],
          [
            37.611197,
            48.494336
          ],
          [
            37.611324,
            48.494627
          ],
          [
            37.611468,
            48.494926
          ],
          [
            37.611627,
            48.495237
          ],
          [
            37.611799,
            48.495561
          ],
          [
            37.61198,
            48.495901
          ],
          [
            37.612167,
            48.49626
          ],
          [
            37.612359,
            48.49664
          ],
          [
            37.612553,
            48.497043
          ],
          [
            37.61276,
            48.497454
          ],
          [
            37.612995,
            48.49786
          ],
          [
            37.613255,
            48.498263
          ],
          [
            37.613539,
            48.498666
          ],
          [
            37.613844,
            48.499072
          ],
          [
            37.614169,
            48.499482
          ],
          [
            37.614513,
            48.499901
          ],
          [
            37.614872,
            48.50033
          ],
          [
            37.615246,
            48.500772
          ],
          [
            37.615632,
            48.50123
          ],
          [
            37.616028,
            48.501707
          ],
          [
            37.616434,
            48.502205
          ],
          [
            37.616846,
            48.502727
          ],
          [
            37.617262,
            48.503276
          ],
          [
            37.617682,
            48.503854
          ],
          [
            37.618103,
            48.504464
          ],
          [
            37.618524,
            48.505109
          ],
          [
            37.618942,
            48.505792
          ],
          [
            37.619355,
            48.506514
          ],
          [
            37.619762,
            48.507279
          ],
          [
            37.620165,
            48.508118
          ],
          [
            37.620565,
            48.509051
          ],
          [
            37.620964,
            48.510067
          ],
          [
            37.621364,
            48.511154
          ],
          [
            37.621765,
            48.5123
          ],
          [
            37.622168,
            48.513493
          ],
          [
            37.622575,
            48.514721
          ],
          [
            37.622987,
            48.515973
          ],
          [
            37.623404,
            48.517237
          ],
          [
            37.623829,
            48.518501
          ],
          [
            37.624261,
            48.519753
          ],
          [
            37.624702,
            48.520982
          ],
          [
            37.625154,
            48.522175
          ],
          [
            37.625616,
            48.52332
          ],
          [
            37.626091,
            48.524407
          ],
          [
            37.626579,
            48.525423
          ],
          [
            37.627082,
            48.526357
          ],
          [
            37.627601,
            48.527195
          ],
          [
            37.628136,
            48.527928
          ],
          [
            37.628689,
            48.528542
          ],
          [
            37.629265,
            48.529074
          ],
          [
            37.629869,
            48.529565
          ],
          [
            37.630496,
            48.530013
          ],
          [
            37.631146,
            48.530417
          ],
          [
            37.631814,
            48.530775
          ],
          [
            37.632498,
            48.531084
          ],
          [
            37.633195,
            48.531344
          ],
          [
            37.633903,
            48.531551
          ],
          [
            37.634619,
            48.531706
          ],
          [
            37.635341,
            48.531804
          ],
          [
            37.636065,
            48.531846
          ],
          [
            37.636788,
            48.531828
          ],
          [
            37.637509,
            48.531749
          ],
          [
            37.638225,
            48.531608
          ],
          [
            37.638932,
            48.531402
          ],
          [
            37.639628,
            48.531129
          ],
          [
            37.640311,
            48.530789
          ],
          [
            37.640977,
            48.530378
          ],
          [
            37.641625,
            48.529895
          ],
          [
            37.64225,
            48.529338
          ],
          [
            37.642859,
            48.528655
          ],
          [
            37.643458,
            48.527808
          ],
          [
            37.644049,
            48.526813
          ],
          [
            37.644631,
            48.525689
          ],
          [
            37.645206,
            48.524453
          ],
          [
            37.645773,
            48.523124
          ],
          [
            37.646333,
            48.52172
          ],
          [
            37.646888,
            48.520259
          ],
          [
            37.647436,
            48.518758
          ],
          [
            37.647979,
            48.517235
          ],
          [
            37.648518,
            48.515709
          ],
          [
            37.649052,
            48.514198
          ],
          [
            37.649583,
            48.512718
          ],
          [
            37.65011,
            48.511289
          ],
          [
            37.650635,
            48.509929
          ],
          [
            37.651157,
            48.508654
          ],
          [
            37.651678,
            48.507484
          ],
          [
            37.652198,
            48.506436
          ],
          [
            37.652717,
            48.505527
          ],
          [
            37.653236,
            48.504777
          ],
          [
            37.653753,
            48.504169
          ],
          [
            37.654264,
            48.503668
          ],
          [
            37.654769,
            48.503265
          ],
          [
            37.65527,
            48.502952
          ],
          [
            37.655767,
            48.50272
          ],
          [
            37.65626,
            48.502558
          ],
          [
            37.65675,
            48.502459
          ],
          [
            37.657237,
            48.502414
          ],
          [
            37.657721,
            48.502412
          ],
          [
            37.658204,
            48.502446
          ],
          [
            37.658685,
            48.502506
          ],
          [
            37.659165,
            48.502583
          ],
          [
            37.659644,
            48.502668
          ],
          [
            37.660124,
            48.502752
          ],
          [
            37.660603,
            48.502826
          ],
          [
            37.661083,
            48.502881
          ],
          [
            37.661565,
            48.502908
          ],
          [
            37.662048,
            48.502898
          ],
          [
            37.662533,
            48.502842
          ],
          [
            37.663021,
            48.50273
          ],
          [
            37.663501,
            48.502591
          ],
          [
            37.663966,
            48.502456
          ],
          [
            37.664417,
            48.502325
          ],
          [
            37.664859,
            48.502195
          ],
          [
            37.665292,
            48.502065
          ],
          [
            37.665721,
            48.501934
          ],
          [
            37.666148,
            48.5018
          ],
          [
            37.666577,
            48.501662
          ],
          [
            37.667008,
            48.501517
          ],
          [
            37.667447,
            48.501365
          ],
          [
            37.667894,
            48.501204
          ],
          [
            37.668354,
            48.501032
          ],
          [
            37.668829,
            48.500848
          ],
          [
            37.669322,
            48.50065
          ],
          [
            37.669835,
            48.500437
          ],
          [
            37.670371,
            48.500208
          ],
          [
            37.670933,
            48.49996
          ],
          [
            37.671525,
            48.499692
          ],
          [
            37.672148,
            48.499402
          ],
          [
            37.672806,
            48.49909
          ],
          [
            37.673505,
            48.498746
          ],
          [
            37.674247,
            48.498363
          ],
          [
            37.675029,
            48.497947
          ],
          [
            37.675846,
            48.497502
          ],
          [
            37.676692,
            48.497031
          ],
          [
            37.677565,
            48.49654
          ],
          [
            37.678459,
            48.496031
          ],
          [
            37.679371,
            48.495509
          ],
          [
            37.680295,
            48.494979
          ],
          [
            37.681228,
            48.494444
          ],
          [
            37.682165,
            48.493909
          ],
          [
            37.683101,
            48.493377
          ],
          [
            37.684033,
            48.492854
          ],
          [
            37.684956,
            48.492342
          ],
          [
            37.685865,
            48.491847
          ],
          [
            37.686757,
            48.491373
          ],
          [
            37.687626,
            48.490923
          ],
          [
            37.688469,
            48.490502
          ],
          [
            37.689281,
            48.490113
          ],
          [
            37.690058,
            48.489762
          ],
          [
            37.690815,
            48.489434
          ],
          [
            37.691569,
            48.489114
          ],
          [
            37.692321,
            48.488803
          ],
          [
            37.693067,
            48.488501
          ],
          [
            37.693806,
            48.48821
          ],
          [
            37.694538,
            48.487931
          ],
          [
            37.69526,
            48.487665
          ],
          [
            37.69597,
            48.487412
          ],
          [
            37.696669,
            48.487175
          ],
          [
            37.697353,
            48.486953
          ],
          [
            37.698022,
            48.486749
          ],
          [
            37.698674,
            48.486562
          ],
          [
            37.699308,
            48.486394
          ],
          [
            37.699922,
            48.486246
          ],
          [
            37.700514,
            48.486119
          ],
          [
            37.701084,
            48.486015
          ],
          [
            37.701629,
            48.485933
          ],
          [
            37.702149,
            48.485875
          ],
          [
            37.702641,
            48.485843
          ],
          [
            37.703104,
            48.485837
          ],
          [
            37.70353,
            48.485869
          ],
          [
            37.703913,
            48.485947
          ],
          [
            37.704258,
            48.486068
          ],
          [
            37.704569,
            48.486225
          ],
          [
            37.704848,
            48.486416
          ],
          [
            37.705101,
            48.486634
          ],
          [
            37.70533,
            48.486876
          ],
          [
            37.705541,
            48.487137
          ],
          [
            37.705736,
            48.487412
          ],
          [
            37.70592,
            48.487696
          ],
          [
            37.706097,
            48.487986
          ],
          [
            37.70627,
            48.488275
          ],
          [
            37.706444,
            48.48856
          ],
          [
            37.706621,
            48.488837
          ],
          [
            37.706807,
            48.489099
          ],
          [
            37.707006,
            48.489344
          ],
          [
            37.70722,
            48.489565
          ],
          [
            37.707453,
            48.489759
          ],
          [
            37.707711,
            48.489921
          ],
          [
            37.707996,
            48.490046
          ],
          [
            37.708303,
            48.490145
          ],
          [
            37.708621,
            48.490231
          ],
          [
            37.70895,
            48.490304
          ],
          [
            37.709288,
            48.490366
          ],
          [
            37.709635,
            48.490416
          ],
          [
            37.709988,
            48.490454
          ],
          [
            37.710349,
            48.490482
          ],
          [
            37.710714,
            48.4905
          ],
          [
            37.711084,
            48.490507
          ],
          [
            37.711456,
            48.490505
          ],
          [
            37.711831,
            48.490494
          ],
          [
            37.712207,
            48.490474
          ],
          [
            37.712583,
            48.490445
          ],
          [
            37.712957,
            48.490409
          ],
          [
            37.713329,
            48.490365
          ],
          [
            37.713698,
            48.490314
          ],
          [
            37.714063,
            48.490256
          ],
          [
            37.714422,
            48.490192
          ],
          [
            37.714775,
            48.490122
          ],
          [
            37.71512,
            48.490046
          ],
          [
            37.715448,
            48.489956
          ],
          [
            37.715753,
            48.489843
          ],
          [
            37.716037,
            48.48971
          ],
          [
            37.716305,
            48.489559
          ],
          [
            37.716562,
            48.489393
          ],
          [
            37.71681,
            48.489216
          ],
          [
            37.717055,
            48.489029
          ],
          [
            37.717299,
            48.488834
          ],
          [
            37.717547,
            48.488636
          ],
          [
            37.717803,
            48.488436
          ],
          [
            37.71807,
            48.488236
          ],
          [
            37.718352,
            48.488041
          ],
          [
            37.718654,
            48.487851
          ],
          [
            37.71898,
            48.48767
          ],
          [
            37.719333,
            48.487501
          ],
          [
            37.719717,
            48.487346
          ],
          [
            37.720136,
            48.487207
          ],
          [
            37.720594,
            48.487088
          ],
          [
            37.721095,
            48.48699
          ],
          [
            37.721643,
            48.486918
          ],
          [
            37.722243,
            48.486868
          ],
          [
            37.722891,
            48.486838
          ],
          [
            37.723585,
            48.486827
          ],
          [
            37.724319,
            48.486831
          ],
          [
            37.72509,
            48.486849
          ],
          [
            37.725893,
            48.48688
          ],
          [
            37.726723,
            48.486922
          ],
          [
            37.727577,
            48.486973
          ],
          [
            37.728449,
            48.487031
          ],
          [
            37.729336,
            48.487095
          ],
          [
            37.730233,
            48.487163
          ],
          [
            37.731136,
            48.487233
          ],
          [
            37.73204,
            48.487303
          ],
          [
            37.732941,
            48.487372
          ],
          [
            37.733834,
            48.487438
          ],
          [
            37.734716,
            48.487498
          ],
          [
            37.735581,
            48.487552
          ],
          [
            37.736426,
            48.487598
          ],
          [
            37.737246,
            48.487634
          ],
          [
            37.738037,
            48.487657
          ],
          [
            37.738814,
            48.487672
          ],
          [
            37.739596,
            48.487684
          ],
          [
            37.74038,
            48.487692
          ],
          [
            37.741165,
            48.487698
          ],
          [
            37.74195,
            48.4877
          ],
          [
            37.742734,
            48.4877
          ],
          [
            37.743513,
            48.487698
          ],
          [
            37.744288,
            48.487694
          ],
          [
            37.745056,
            48.487689
          ],
          [
            37.745816,
            48.487682
          ],
          [
            37.746566,
            48.487674
          ],
          [
            37.747305,
            48.487665
          ],
          [
            37.748031,
            48.487656
          ],
          [
            37.748743,
            48.487647
          ],
          [
            37.749439,
            48.487637
          ],
          [
            37.750118,
            48.487628
          ],
          [
            37.750778,
            48.487619
          ],
          [
            37.751417,
            48.487612
          ],
          [
            37.752035,
            48.487605
          ],
          [
            37.752628,
            48.4876
          ],
          [
            37.753214,
            48.487582
          ],
          [
            37.753804,
            48.487539
          ],
          [
            37.754396,
            48.487476
          ],
          [
            37.754986,
            48.487397
          ],
          [
            37.75557,
            48.487307
          ],
          [
            37.756146,
            48.487208
          ],
          [
            37.756709,
            48.487107
          ],
          [
            37.757256,
            48.487007
          ],
          [
            37.757783,
            48.486913
          ],
          [
            37.758288,
            48.486829
          ],
          [
            37.758766,
            48.486759
          ],
          [
            37.759214,
            48.486707
          ],
          [
            37.759629,
            48.486679
          ],
          [
            37.760006,
            48.486678
          ],
          [
            37.760343,
            48.486708
          ],
          [
            37.760636,
            48.486775
          ],
          [
            37.760881,
            48.486881
          ],
          [
            37.761076,
            48.487033
          ],
          [
            37.761216,
            48.487233
          ],
          [
            37.761297,
            48.487486
          ],
          [
            37.761289,
            48.487803
          ],
          [
            37.761169,
            48.488185
          ],
          [
            37.760951,
            48.488627
          ],
          [
            37.760647,
            48.489121
          ],
          [
            37.760271,
            48.489661
          ],
          [
            37.759835,
            48.490241
          ],
          [
            37.759352,
            48.490854
          ],
          [
            37.758835,
            48.491494
          ],
          [
            37.758297,
            48.492153
          ],
          [
            37.757751,
            48.492826
          ],
          [
            37.75721,
            48.493506
          ],
          [
            37.756687,
            48.494187
          ],
          [
            37.756194,
            48.494861
          ],
          [
            37.755745,
            48.495523
          ],
          [
            37.755353,
            48.496165
          ],
          [
            37.75503,
            48.496782
          ],
          [
            37.754789,
            48.497367
          ],
          [
            37.754643,
            48.497913
          ],
          [
            37.754605,
            48.498414
          ],
          [
            37.754688,
            48.498863
          ],
          [
            37.754892,
            48.499258
          ],
          [
            37.755202,
            48.499608
          ],
          [
            37.755606,
            48.499916
          ],
          [
            37.756096,
            48.500189
          ],
          [
            37.75666,
            48.500433
          ],
          [
            37.75729,
            48.500652
          ],
          [
            37.757973,
            48.500853
          ],
          [
            37.758702,
            48.501041
          ],
          [
            37.759464,
            48.501222
          ],
          [
            37.760251,
            48.501401
          ],
          [
            37.761052,
            48.501584
          ],
          [
            37.761857,
            48.501776
          ],
          [
            37.762655,
            48.501983
          ],
          [
            37.763438,
            48.502211
          ],
          [
            37.764193,
            48.502464
          ],
          [
            37.764912,
            48.50275
          ],
          [
            37.765585,
            48.503073
          ],
          [
            37.7662,
            48.503439
          ],
          [
            37.766748,
            48.503854
          ],
          [
            37.76722,
            48.504322
          ],
          [
            37.767639,
            48.504846
          ],
          [
            37.768039,
            48.50542
          ],
          [
            37.76842,
            48.506039
          ],
          [
            37.768781,
            48.506698
          ],
          [
            37.769123,
            48.507392
          ],
          [
            37.769445,
            48.508117
          ],
          [
            37.769747,
            48.508867
          ],
          [
            37.770029,
            48.509638
          ],
          [
            37.770292,
            48.510425
          ],
          [
            37.770535,
            48.511224
          ],
          [
            37.770758,
            48.512029
          ],
          [
            37.77096,
            48.512835
          ],
          [
            37.771143,
            48.513638
          ],
          [
            37.771306,
            48.514433
          ],
          [
            37.771448,
            48.515216
          ],
          [
            37.77157,
            48.51598
          ],
          [
            37.771672,
            48.516722
          ],
          [
            37.771753,
            48.517437
          ],
          [
            37.771814,
            48.518119
          ],
          [
            37.771854,
            48.518765
          ],
          [
            37.771895,
            48.519391
          ],
          [
            37.771952,
            48.520017
          ],
          [
            37.77202,
            48.520641
          ],
          [
            37.772091,
            48.521262
          ],
          [
            37.772159,
            48.521877
          ],
          [
            37.772218,
            48.522486
          ],
          [
            37.772261,
            48.523086
          ],
          [
            37.772281,
            48.523677
          ],
          [
            37.772273,
            48.524255
          ],
          [
            37.77223,
            48.524819
          ],
          [
            37.772145,
            48.525368
          ],
          [
            37.772011,
            48.5259
          ],
          [
            37.771822,
            48.526414
          ],
          [
            37.771573,
            48.526906
          ],
          [
            37.771255,
            48.527377
          ],
          [
            37.770863,
            48.527824
          ],
          [
            37.77039,
            48.528245
          ],
          [
            37.76983,
            48.528639
          ],
          [
            37.769176,
            48.529004
          ],
          [
            37.768421,
            48.529338
          ],
          [
            37.767517,
            48.529624
          ],
          [
            37.766432,
            48.529848
          ],
          [
            37.765186,
            48.530018
          ],
          [
            37.763801,
            48.530141
          ],
          [
            37.762298,
            48.530225
          ],
          [
            37.760696,
            48.530275
          ],
          [
            37.759017,
            48.5303
          ],
          [
            37.757281,
            48.530306
          ],
          [
            37.755509,
            48.5303
          ],
          [
            37.753723,
            48.53029
          ],
          [
            37.751941,
            48.530283
          ],
          [
            37.750187,
            48.530285
          ],
          [
            37.748479,
            48.530304
          ],
          [
            37.746839,
            48.530347
          ],
          [
            37.745287,
            48.53042
          ],
          [
            37.743845,
            48.530531
          ],
          [
            37.742532,
            48.530688
          ],
          [
            37.741371,
            48.530896
          ],
          [
            37.74038,
            48.531164
          ],
          [
            37.739582,
            48.531498
          ],
          [
            37.738933,
            48.531908
          ],
          [
            37.738373,
            48.532395
          ],
          [
            37.7379,
            48.532949
          ],
          [
            37.737511,
            48.533561
          ],
          [
            37.737204,
            48.534223
          ],
          [
            37.736976,
            48.534926
          ],
          [
            37.736825,
            48.535661
          ],
          [
            37.736748,
            48.536419
          ],
          [
            37.736741,
            48.537192
          ],
          [
            37.736803,
            48.53797
          ],
          [
            37.736931,
            48.538744
          ],
          [
            37.737122,
            48.539507
          ],
          [
            37.737374,
            48.540249
          ],
          [
            37.737684,
            48.540961
          ],
          [
            37.738049,
            48.541634
          ],
          [
            37.738467,
            48.54226
          ],
          [
            37.738935,
            48.54283
          ],
          [
            37.73945,
            48.543335
          ],
          [
            37.74001,
            48.543766
          ],
          [
            37.740612,
            48.544114
          ],
          [
            37.741311,
            48.544379
          ],
          [
            37.742153,
            48.54457
          ],
          [
            37.743123,
            48.544694
          ],
          [
            37.744206,
            48.544758
          ],
          [
            37.745386,
            48.544771
          ],
          [
            37.746649,
            48.544738
          ],
          [
            37.747979,
            48.544668
          ],
          [
            37.749361,
            48.544568
          ],
          [
            37.75078,
            48.544445
          ],
          [
            37.752221,
            48.544306
          ],
          [
            37.753668,
            48.544159
          ],
          [
            37.755106,
            48.544011
          ],
          [
            37.75652,
            48.543869
          ],
          [
            37.757895,
            48.54374
          ],
          [
            37.759216,
            48.543632
          ],
          [
            37.760467,
            48.543553
          ],
          [
            37.761634,
            48.543508
          ],
          [
            37.7627,
            48.543506
          ],
          [
            37.763652,
            48.543555
          ],
          [
            37.764473,
            48.54366
          ],
          [
            37.765153,
            48.54381
          ],
          [
            37.7657,
            48.543985
          ],
          [
            37.766131,
            48.544184
          ],
          [
            37.76646,
            48.544404
          ],
          [
            37.766704,
            48.544646
          ],
          [
            37.766878,
            48.544906
          ],
          [
            37.766997,
            48.545183
          ],
          [
            37.767077,
            48.545475
          ],
          [
            37.767133,
            48.545782
          ],
          [
            37.767182,
            48.5461
          ],
          [
            37.767238,
            48.546428
          ],
          [
            37.767318,
            48.546765
          ],
          [
            37.767436,
            48.547109
          ],
          [
            37.767608,
            48.547458
          ],
          [
            37.767851,
            48.547811
          ],
          [
            37.768178,
            48.548166
          ],
          [
            37.768607,
            48.54852
          ],
          [
            37.769151,
            48.548874
          ],
          [
            37.769828,
            48.549224
          ],
          [
            37.770653,
            48.549569
          ],
          [
            37.771666,
            48.549919
          ],
          [
            37.772883,
            48.550283
          ],
          [
            37.774278,
            48.550659
          ],
          [
            37.775825,
            48.551046
          ],
          [
            37.777499,
            48.551443
          ],
          [
            37.779275,
            48.551846
          ],
          [
            37.781127,
            48.552256
          ],
          [
            37.78303,
            48.552669
          ],
          [
            37.784959,
            48.553085
          ],
          [
            37.786888,
            48.553502
          ],
          [
            37.788792,
            48.553918
          ],
          [
            37.790645,
            48.554331
          ],
          [
            37.792423,
            48.554741
          ],
          [
            37.794099,
            48.555144
          ],
          [
            37.795649,
            48.555541
          ],
          [
            37.797046,
            48.555928
          ],
          [
            37.798266,
            48.556304
          ],
          [
            37.799283,
            48.556668
          ],
          [
            37.800072,
            48.557018
          ],
          [
            37.800608,
            48.557353
          ],
          [
            37.800879,
            48.557674
          ],
          [
            37.800908,
            48.557987
          ],
          [
            37.800719,
            48.558291
          ],
          [
            37.800334,
            48.558588
          ],
          [
            37.799777,
            48.558877
          ],
          [
            37.799072,
            48.55916
          ],
          [
            37.798241,
            48.559435
          ],
          [
            37.797308,
            48.559705
          ],
          [
            37.796297,
            48.559968
          ],
          [
            37.79523,
            48.560227
          ],
          [
            37.794131,
            48.56048
          ],
          [
            37.793024,
            48.560729
          ],
          [
            37.791932,
            48.560974
          ],
          [
            37.790877,
            48.561215
          ],
          [
            37.789885,
            48.561453
          ],
          [
            37.788977,
            48.561688
          ],
          [
            37.788177,
            48.56192
          ],
          [
            37.787509,
            48.562151
          ],
          [
            37.786995,
            48.562379
          ],
          [
            37.78666,
            48.562607
          ],
          [
            37.786461,
            48.562835
          ],
          [
            37.786338,
            48.563065
          ],
          [
            37.786284,
            48.563296
          ],
          [
            37.786295,
            48.563526
          ],
          [
            37.786366,
            48.563755
          ],
          [
            37.786492,
            48.563982
          ],
          [
            37.786666,
            48.564206
          ],
          [
            37.786885,
            48.564426
          ],
          [
            37.787143,
            48.564641
          ],
          [
            37.787435,
            48.564851
          ],
          [
            37.787756,
            48.565054
          ],
          [
            37.7881,
            48.56525
          ],
          [
            37.788463,
            48.565437
          ],
          [
            37.788838,
            48.565615
          ],
          [
            37.789222,
            48.565784
          ],
          [
            37.789609,
            48.565941
          ],
          [
            37.789993,
            48.566086
          ],
          [
            37.79037,
            48.566218
          ],
          [
            37.790734,
            48.566337
          ],
          [
            37.79108,
            48.566441
          ],
          [
            37.791426,
            48.566521
          ],
          [
            37.79179,
            48.56657
          ],
          [
            37.792172,
            48.566591
          ],
          [
            37.79257,
            48.566589
          ],
          [
            37.792982,
            48.566567
          ],
          [
            37.793409,
            48.566529
          ],
          [
            37.793847,
            48.566479
          ],
          [
            37.794297,
            48.566421
          ],
          [
            37.794757,
            48.566359
          ],
          [
            37.795224,
            48.566296
          ],
          [
            37.7957,
            48.566236
          ],
          [
            37.796181,
            48.566183
          ],
          [
            37.796667,
            48.566141
          ],
          [
            37.797156,
            48.566113
          ],
          [
            37.797648,
            48.566104
          ],
          [
            37.79814,
            48.566118
          ],
          [
            37.798632,
            48.566157
          ],
          [
            37.799122,
            48.566226
          ],
          [
            37.79961,
            48.566329
          ],
          [
            37.800093,
            48.56647
          ],
          [
            37.80057,
            48.56664
          ],
          [
            37.80104,
            48.566829
          ],
          [
            37.801506,
            48.567036
          ],
          [
            37.801969,
            48.567261
          ],
          [
            37.802431,
            48.567503
          ],
          [
            37.802893,
            48.567762
          ],
          [
            37.803357,
            48.568038
          ],
          [
            37.803824,
            48.568329
          ],
          [
            37.804296,
            48.568635
          ],
          [
            37.804776,
            48.568956
          ],
          [
            37.805264,
            48.569291
          ],
          [
            37.805762,
            48.56964
          ],
          [
            37.806271,
            48.570002
          ],
          [
            37.806794,
            48.570377
          ],
          [
            37.807333,
            48.570763
          ],
          [
            37.807887,
            48.571161
          ],
          [
            37.808461,
            48.571571
          ],
          [
            37.809054,
            48.57199
          ],
          [
            37.809669,
            48.57242
          ],
          [
            37.810307,
            48.572859
          ],
          [
            37.810992,
            48.573316
          ],
          [
            37.811742,
            48.573799
          ],
          [
            37.812547,
            48.574304
          ],
          [
            37.813399,
            48.574831
          ],
          [
            37.814289,
            48.575376
          ],
          [
            37.815208,
            48.575937
          ],
          [
            37.816146,
            48.576512
          ],
          [
            37.817095,
            48.577099
          ],
          [
            37.818047,
            48.577695
          ],
          [
            37.818992,
            48.578298
          ],
          [
            37.81992,
            48.578906
          ],
          [
            37.820825,
            48.579517
          ],
          [
            37.821695,
            48.580127
          ],
          [
            37.822523,
            48.580736
          ],
          [
            37.8233,
            48.58134
          ],
          [
            37.824016,
            48.581938
          ],
          [
            37.824663,
            48.582527
          ],
          [
            37.825232,
            48.583104
          ],
          [
            37.825714,
            48.583668
          ],
          [
            37.826099,
            48.584216
          ],
          [
            37.826409,
            48.584767
          ],
          [
            37.826669,
            48.585337
          ],
          [
            37.826881,
            48.585922
          ],
          [
            37.827044,
            48.58652
          ],
          [
            37.82716,
            48.587125
          ],
          [
            37.82723,
            48.587734
          ],
          [
            37.827253,
            48.588342
          ],
          [
            37.827231,
            48.588947
          ],
          [
            37.827165,
            48.589543
          ],
          [
            37.827054,
            48.590128
          ],
          [
            37.826901,
            48.590696
          ],
          [
            37.826705,
            48.591244
          ],
          [
            37.826467,
            48.591768
          ],
          [
            37.826189,
            48.592265
          ],
          [
            37.82587,
            48.592729
          ],
          [
            37.825512,
            48.593158
          ],
          [
            37.825114,
            48.593547
          ],
          [
            37.824679,
            48.593892
          ],
          [
            37.824206,
            48.594189
          ],
          [
            37.823696,
            48.594435
          ],
          [
            37.82311,
            48.594622
          ],
          [
            37.822417,
            48.59475
          ],
          [
            37.821628,
            48.594823
          ],
          [
            37.820755,
            48.594848
          ],
          [
            37.819809,
            48.594829
          ],
          [
            37.818803,
            48.594771
          ],
          [
            37.817748,
            48.594682
          ],
          [
            37.816657,
            48.594564
          ],
          [
            37.81554,
            48.594425
          ],
          [
            37.81441,
            48.594268
          ],
          [
            37.813279,
            48.594101
          ],
          [
            37.812158,
            48.593927
          ],
          [
            37.81106,
            48.593753
          ],
          [
            37.809995,
            48.593583
          ],
          [
            37.808977,
            48.593423
          ],
          [
            37.808016,
            48.593278
          ],
          [
            37.807124,
            48.593154
          ],
          [
            37.806314,
            48.593056
          ],
          [
            37.805597,
            48.592989
          ],
          [
            37.804985,
            48.592959
          ],
          [
            37.804468,
            48.592951
          ],
          [
            37.804024,
            48.592946
          ],
          [
            37.803647,
            48.592945
          ],
          [
            37.803331,
            48.592948
          ],
          [
            37.803069,
            48.592956
          ],
          [
            37.802856,
            48.59297
          ],
          [
            37.802685,
            48.59299
          ],
          [
            37.80255,
            48.593016
          ],
          [
            37.802444,
            48.593049
          ],
          [
            37.802362,
            48.59309
          ],
          [
            37.802297,
            48.59314
          ],
          [
            37.802243,
            48.593198
          ],
          [
            37.802194,
            48.593265
          ],
          [
            37.802144,
            48.593342
          ],
          [
            37.802086,
            48.593429
          ],
          [
            37.802015,
            48.593527
          ],
          [
            37.801923,
            48.593636
          ],
          [
            37.801805,
            48.593757
          ],
          [
            37.801655,
            48.593891
          ],
          [
            37.801466,
            48.594038
          ],
          [
            37.801254,
            48.594195
          ],
          [
            37.80104,
            48.594359
          ],
          [
            37.800824,
            48.594531
          ],
          [
            37.800604,
            48.594711
          ],
          [
            37.800382,
            48.5949
          ],
          [
            37.800156,
            48.595099
          ],
          [
            37.799927,
            48.595307
          ],
          [
            37.799694,
            48.595525
          ],
          [
            37.799458,
            48.595753
          ],
          [
            37.799218,
            48.595993
          ],
          [
            37.798974,
            48.596244
          ],
          [
            37.798726,
            48.596506
          ],
          [
            37.798474,
            48.596782
          ],
          [
            37.798217,
            48.597069
          ],
          [
            37.797956,
            48.597371
          ],
          [
            37.797689,
            48.597685
          ],
          [
            37.797418,
            48.598014
          ],
          [
            37.797142,
            48.598358
          ],
          [
            37.796861,
            48.598716
          ],
          [
            37.796574,
            48.59909
          ],
          [
            37.796284,
            48.599486
          ],
          [
            37.795992,
            48.599909
          ],
          [
            37.795699,
            48.600356
          ],
          [
            37.795404,
            48.600825
          ],
          [
            37.795105,
            48.601314
          ],
          [
            37.794803,
            48.60182
          ],
          [
            37.794497,
            48.60234
          ],
          [
            37.794186,
            48.602873
          ],
          [
            37.79387,
            48.603415
          ],
          [
            37.793548,
            48.603964
          ],
          [
            37.79322,
            48.604518
          ],
          [
            37.792884,
            48.605074
          ],
          [
            37.792541,
            48.60563
          ],
          [
            37.79219,
            48.606183
          ],
          [
            37.79183,
            48.606731
          ],
          [
            37.791461,
            48.607271
          ],
          [
            37.791082,
            48.607801
          ],
          [
            37.790692,
            48.608319
          ],
          [
            37.790291,
            48.608821
          ],
          [
            37.789879,
            48.609306
          ],
          [
            37.789423,
            48.609786
          ],
          [
            37.788899,
            48.610276
          ],
          [
            37.788318,
            48.610772
          ],
          [
            37.787689,
            48.611272
          ],
          [
            37.787024,
            48.611775
          ],
          [
            37.786334,
            48.612278
          ],
          [
            37.785627,
            48.612779
          ],
          [
            37.784916,
            48.613275
          ],
          [
            37.784211,
            48.613765
          ],
          [
            37.783522,
            48.614246
          ],
          [
            37.78286,
            48.614717
          ],
          [
            37.782234,
            48.615174
          ],
          [
            37.781657,
            48.615617
          ],
          [
            37.781138,
            48.616041
          ],
          [
            37.780688,
            48.616447
          ],
          [
            37.780317,
            48.61683
          ],
          [
            37.780036,
            48.617189
          ],
          [
            37.779855,
            48.617522
          ],
          [
            37.779785,
            48.617827
          ],
          [
            37.779837,
            48.618101
          ],
          [
            37.780015,
            48.61834
          ],
          [
            37.78031,
            48.618542
          ],
          [
            37.780714,
            48.61871
          ],
          [
            37.781215,
            48.618848
          ],
          [
            37.781804,
            48.618959
          ],
          [
            37.782472,
            48.619047
          ],
          [
            37.783207,
            48.619114
          ],
          [
            37.784002,
            48.619164
          ],
          [
            37.784845,
            48.6192
          ],
          [
            37.785727,
            48.619226
          ],
          [
            37.786638,
            48.619244
          ],
          [
            37.787568,
            48.619259
          ],
          [
            37.788507,
            48.619273
          ],
          [
            37.789445,
            48.61929
          ],
          [
            37.790374,
            48.619313
          ],
          [
            37.791282,
            48.619345
          ],
          [
            37.792159,
            48.61939
          ],
          [
            37.792997,
            48.619451
          ],
          [
            37.793785,
            48.619531
          ],
          [
            37.794514,
            48.619633
          ],
          [
            37.79522,
            48.619749
          ],
          [
            37.795947,
            48.619866
          ],
          [
            37.796689,
            48.619985
          ],
          [
            37.797442,
            48.620106
          ],
          [
            37.798203,
            48.620231
          ],
          [
            37.798967,
            48.620358
          ],
          [
            37.79973,
            48.620489
          ],
          [
            37.800488,
            48.620623
          ],
          [
            37.801236,
            48.620763
          ],
          [
            37.80197,
            48.620907
          ],
          [
            37.802687,
            48.621056
          ],
          [
            37.803382,
            48.62121
          ],
          [
            37.80405,
            48.621371
          ],
          [
            37.804689,
            48.621538
          ],
          [
            37.805292,
            48.621712
          ],
          [
            37.805857,
            48.621893
          ],
          [
            37.806379,
            48.622082
          ],
          [
            37.806854,
            48.622278
          ],
          [
            37.807278,
            48.622483
          ],
          [
            37.807646,
            48.622697
          ],
          [
            37.807971,
            48.622906
          ],
          [
            37.808268,
            48.623097
          ],
          [
            37.808536,
            48.623276
          ],
          [
            37.808774,
            48.623446
          ],
          [
            37.808982,
            48.623612
          ],
          [
            37.80916,
            48.623777
          ],
          [
            37.809306,
            48.623946
          ],
          [
            37.80942,
            48.624123
          ],
          [
            37.809502,
            48.624311
          ],
          [
            37.80955,
            48.624517
          ],
          [
            37.809565,
            48.624742
          ],
          [
            37.809545,
            48.624992
          ],
          [
            37.80949,
            48.62527
          ],
          [
            37.8094,
            48.625582
          ],
          [
            37.809273,
            48.62593
          ],
          [
            37.80911,
            48.626319
          ],
          [
            37.808909,
            48.626754
          ],
          [
            37.80867,
            48.627238
          ],
          [
            37.808392,
            48.627775
          ],
          [
            37.808075,
            48.62837
          ],
          [
            37.807685,
            48.629039
          ],
          [
            37.807195,
            48.629789
          ],
          [
            37.806618,
            48.630611
          ],
          [
            37.805964,
            48.631498
          ],
          [
            37.805245,
            48.632442
          ],
          [
            37.80447,
            48.633433
          ],
          [
            37.803653,
            48.634464
          ],
          [
            37.802804,
            48.635526
          ],
          [
            37.801933,
            48.636611
          ],
          [
            37.801053,
            48.637712
          ],
          [
            37.800174,
            48.638818
          ],
          [
            37.799308,
            48.639924
          ],
          [
            37.798465,
            48.641019
          ],
          [
            37.797658,
            48.642096
          ],
          [
            37.796896,
            48.643146
          ],
          [
            37.796192,
            48.644162
          ],
          [
            37.795556,
            48.645135
          ],
          [
            37.795,
            48.646056
          ],
          [
            37.794534,
            48.646918
          ],
          [
            37.79417,
            48.647711
          ],
          [
            37.793886,
            48.648457
          ],
          [
            37.793651,
            48.649179
          ],
          [
            37.793462,
            48.649879
          ],
          [
            37.793319,
            48.650557
          ],
          [
            37.793219,
            48.651213
          ],
          [
            37.79316,
            48.651847
          ],
          [
            37.793142,
            48.65246
          ],
          [
            37.793161,
            48.653053
          ],
          [
            37.793217,
            48.653624
          ],
          [
            37.793307,
            48.654176
          ],
          [
            37.79343,
            48.654707
          ],
          [
            37.793583,
            48.655219
          ],
          [
            37.793766,
            48.655712
          ],
          [
            37.793977,
            48.656186
          ],
          [
            37.794213,
            48.656642
          ],
          [
            37.794473,
            48.657079
          ],
          [
            37.794754,
            48.657499
          ],
          [
            37.795057,
            48.657901
          ],
          [
            37.795378,
            48.658286
          ],
          [
            37.795715,
            48.658655
          ],
          [
            37.796103,
            48.658989
          ],
          [
            37.796568,
            48.659274
          ],
          [
            37.797102,
            48.659516
          ],
          [
            37.797696,
            48.65972
          ],
          [
            37.798341,
            48.659891
          ],
          [
            37.799028,
            48.660035
          ],
          [
            37.799748,
            48.660157
          ],
          [
            37.800491,
            48.660261
          ],
          [
            37.801249,
            48.660354
          ],
          [
            37.802013,
            48.660441
          ],
          [
            37.802774,
            48.660526
          ],
          [
            37.803522,
            48.660615
          ],
          [
            37.80425,
            48.660714
          ],
          [
            37.804947,
            48.660828
          ],
          [
            37.805605,
            48.660961
          ],
          [
            37.806214,
            48.66112
          ],
          [
            37.806766,
            48.661309
          ],
          [
            37.807252,
            48.661534
          ],
          [
            37.807663,
            48.661801
          ],
          [
            37.807989,
            48.662113
          ],
          [
            37.808241,
            48.662469
          ],
          [
            37.808437,
            48.662862
          ],
          [
            37.808582,
            48.663288
          ],
          [
            37.808679,
            48.663742
          ],
          [
            37.808731,
            48.664223
          ],
          [
            37.808744,
            48.664725
          ],
          [
            37.808722,
            48.665247
          ],
          [
            37.808667,
            48.665784
          ],
          [
            37.808584,
            48.666332
          ],
          [
            37.808477,
            48.666889
          ],
          [
            37.80835,
            48.66745
          ],
          [
            37.808207,
            48.668013
          ],
          [
            37.808052,
            48.668574
          ],
          [
            37.807889,
            48.669129
          ],
          [
            37.807722,
            48.669675
          ],
          [
            37.807554,
            48.670209
          ],
          [
            37.80739,
            48.670726
          ],
          [
            37.807233,
            48.671224
          ],
          [
            37.807088,
            48.671698
          ],
          [
            37.806959,
            48.672146
          ],
          [
            37.806822,
            48.672573
          ],
          [
            37.806653,
            48.672988
          ],
          [
            37.806458,
            48.67339
          ],
          [
            37.80624,
            48.673783
          ],
          [
            37.806003,
            48.674165
          ],
          [
            37.805752,
            48.67454
          ],
          [
            37.805492,
            48.674906
          ],
          [
            37.805226,
            48.675267
          ],
          [
            37.804959,
            48.675622
          ],
          [
            37.804695,
            48.675972
          ],
          [
            37.804439,
            48.676319
          ],
          [
            37.804195,
            48.676664
          ],
          [
            37.803966,
            48.677007
          ],
          [
            37.803759,
            48.67735
          ],
          [
            37.803576,
            48.677693
          ],
          [
            37.803422,
            48.678039
          ],
          [
            37.803301,
            48.678387
          ],
          [
            37.803218,
            48.678739
          ],
          [
            37.803177,
            48.679095
          ],
          [
            37.803183,
            48.679457
          ],
          [
            37.80323,
            48.679828
          ],
          [
            37.803312,
            48.680209
          ],
          [
            37.803425,
            48.680597
          ],
          [
            37.803567,
            48.680992
          ],
          [
            37.803737,
            48.681391
          ],
          [
            37.803933,
            48.681793
          ],
          [
            37.804151,
            48.682196
          ],
          [
            37.804391,
            48.682599
          ],
          [
            37.80465,
            48.682999
          ],
          [
            37.804926,
            48.683396
          ],
          [
            37.805217,
            48.683787
          ],
          [
            37.805521,
            48.68417
          ],
          [
            37.805835,
            48.684544
          ],
          [
            37.806158,
            48.684908
          ],
          [
            37.806488,
            48.685259
          ],
          [
            37.806822,
            48.685596
          ],
          [
            37.807158,
            48.685917
          ],
          [
            37.807495,
            48.68622
          ],
          [
            37.80783,
            48.686504
          ],
          [
            37.808161,
            48.686767
          ],
          [
            37.808515,
            48.686996
          ],
          [
            37.808917,
            48.687182
          ],
          [
            37.809359,
            48.68733
          ],
          [
            37.809834,
            48.687447
          ],
          [
            37.810336,
            48.687537
          ],
          [
            37.810857,
            48.687607
          ],
          [
            37.811392,
            48.687662
          ],
          [
            37.811931,
            48.687707
          ],
          [
            37.812469,
            48.687748
          ],
          [
            37.812999,
            48.687791
          ],
          [
            37.813514,
            48.687841
          ],
          [
            37.814007,
            48.687905
          ],
          [
            37.81447,
            48.687986
          ],
          [
            37.814898,
            48.688092
          ],
          [
            37.815282,
            48.688227
          ],
          [
            37.815616,
            48.688398
          ],
          [
            37.815894,
            48.688609
          ],
          [
            37.816107,
            48.688867
          ],
          [
            37.81625,
            48.689177
          ],
          [
            37.816315,
            48.689544
          ],
          [
            37.816289,
            48.689969
          ],
          [
            37.816172,
            48.690445
          ],
          [
            37.815973,
            48.690968
          ],
          [
            37.815701,
            48.691533
          ],
          [
            37.815365,
            48.692135
          ],
          [
            37.814975,
            48.692771
          ],
          [
            37.814541,
            48.693436
          ],
          [
            37.814071,
            48.694126
          ],
          [
            37.813576,
            48.694835
          ],
          [
            37.813064,
            48.69556
          ],
          [
            37.812545,
            48.696296
          ],
          [
            37.812028,
            48.697039
          ],
          [
            37.811523,
            48.697784
          ],
          [
            37.811039,
            48.698526
          ],
          [
            37.810585,
            48.699262
          ],
          [
            37.810172,
            48.699987
          ],
          [
            37.809808,
            48.700697
          ],
          [
            37.809502,
            48.701386
          ],
          [
            37.809265,
            48.702051
          ],
          [
            37.809105,
            48.702687
          ],
          [
            37.809032,
            48.70331
          ],
          [
            37.809044,
            48.703938
          ],
          [
            37.809129,
            48.704568
          ],
          [
            37.809277,
            48.7052
          ],
          [
            37.809478,
            48.705831
          ],
          [
            37.80972,
            48.706462
          ],
          [
            37.809994,
            48.70709
          ],
          [
            37.810288,
            48.707714
          ],
          [
            37.810593,
            48.708332
          ],
          [
            37.810897,
            48.708943
          ],
          [
            37.81119,
            48.709545
          ],
          [
            37.811461,
            48.710138
          ],
          [
            37.811701,
            48.71072
          ],
          [
            37.811898,
            48.711288
          ],
          [
            37.812042,
            48.711843
          ],
          [
            37.812122,
            48.712382
          ],
          [
            37.812128,
            48.712904
          ],
          [
            37.812049,
            48.713408
          ],
          [
            37.811874,
            48.713892
          ],
          [
            37.811594,
            48.714355
          ],
          [
            37.811192,
            48.714797
          ],
          [
            37.810667,
            48.715221
          ],
          [
            37.810034,
            48.715628
          ],
          [
            37.809306,
            48.716019
          ],
          [
            37.808496,
            48.716394
          ],
          [
            37.807618,
            48.716755
          ],
          [
            37.806684,
            48.717101
          ],
          [
            37.805709,
            48.717435
          ],
          [
            37.804705,
            48.717757
          ],
          [
            37.803687,
            48.718068
          ],
          [
            37.802667,
            48.718368
          ],
          [
            37.801659,
            48.718659
          ],
          [
            37.800676,
            48.718942
          ],
          [
            37.799732,
            48.719217
          ],
          [
            37.79884,
            48.719485
          ],
          [
            37.798014,
            48.719747
          ],
          [
            37.797266,
            48.720004
          ],
          [
            37.79661,
            48.720257
          ],
          [
            37.79606,
            48.720507
          ],
          [
            37.79563,
            48.720754
          ],
          [
            37.795274,
            48.720999
          ],
          [
            37.794944,
            48.721242
          ],
          [
            37.794643,
            48.721481
          ],
          [
            37.794374,
            48.721717
          ],
          [
            37.794139,
            48.721947
          ],
          [
            37.793942,
            48.722171
          ],
          [
            37.793786,
            48.722388
          ],
          [
            37.793675,
            48.722598
          ],
          [
            37.79361,
            48.722799
          ],
          [
            37.793596,
            48.722991
          ],
          [
            37.793636,
            48.723172
          ],
          [
            37.793732,
            48.723343
          ],
          [
            37.793888,
            48.723501
          ],
          [
            37.794107,
            48.723647
          ],
          [
            37.794392,
            48.72378
          ],
          [
            37.794746,
            48.723898
          ],
          [
            37.795173,
            48.724
          ],
          [
            37.795675,
            48.724087
          ],
          [
            37.796255,
            48.724156
          ],
          [
            37.796917,
            48.724208
          ],
          [
            37.797726,
            48.724225
          ],
          [
            37.798729,
            48.724197
          ],
          [
            37.799903,
            48.724127
          ],
          [
            37.801226,
            48.724024
          ],
          [
            37.802674,
            48.723891
          ],
          [
            37.804224,
            48.723736
          ],
          [
            37.805854,
            48.723564
          ],
          [
            37.807539,
            48.723381
          ],
          [
            37.809258,
            48.723193
          ],
          [
            37.810988,
            48.723005
          ],
          [
            37.812704,
            48.722824
          ],
          [
            37.814385,
            48.722655
          ],
          [
            37.816007,
            48.722504
          ],
          [
            37.817547,
            48.722378
          ],
          [
            37.818983,
            48.722281
          ],
          [
            37.82029,
            48.72222
          ],
          [
            37.821447,
            48.722201
          ],
          [
            37.82243,
            48.72223
          ],
          [
            37.823216,
            48.722312
          ],
          [
            37.823782,
            48.722453
          ],
          [
            37.824126,
            48.722653
          ],
          [
            37.824275,
            48.722907
          ],
          [
            37.824247,
            48.723209
          ],
          [
            37.824061,
            48.723554
          ],
          [
            37.823735,
            48.723938
          ],
          [
            37.823289,
            48.724355
          ],
          [
            37.82274,
            48.724802
          ],
          [
            37.822109,
            48.725274
          ],
          [
            37.821412,
            48.725765
          ],
          [
            37.820671,
            48.726271
          ],
          [
            37.819902,
            48.726787
          ],
          [
            37.819124,
            48.727309
          ],
          [
            37.818358,
            48.727832
          ],
          [
            37.81762,
            48.728351
          ],
          [
            37.81693,
            48.728861
          ],
          [
            37.816307,
            48.729357
          ],
          [
            37.815769,
            48.729836
          ],
          [
            37.815336,
            48.730292
          ],
          [
            37.815025,
            48.73072
          ],
          [
            37.814856,
            48.731115
          ],
          [
            37.814817,
            48.731492
          ],
          [
            37.814879,
            48.731865
          ],
          [
            37.815029,
            48.732235
          ],
          [
            37.815257,
            48.732601
          ],
          [
            37.815551,
            48.732962
          ],
          [
            37.815899,
            48.733319
          ],
          [
            37.81629,
            48.73367
          ],
          [
            37.816713,
            48.734016
          ],
          [
            37.817156,
            48.734356
          ],
          [
            37.817608,
            48.734689
          ],
          [
            37.818056,
            48.735015
          ],
          [
            37.818491,
            48.735334
          ],
          [
            37.818901,
            48.735645
          ],
          [
            37.819273,
            48.735948
          ],
          [
            37.819597,
            48.736242
          ],
          [
            37.819861,
            48.736527
          ],
          [
            37.820054,
            48.736803
          ],
          [
            37.820164,
            48.737069
          ],
          [
            37.820181,
            48.737324
          ],
          [
            37.820091,
            48.737569
          ],
          [
            37.819876,
            48.737801
          ],
          [
            37.819532,
            48.738022
          ],
          [
            37.819076,
            48.73823
          ],
          [
            37.818522,
            48.738427
          ],
          [
            37.817886,
            48.738614
          ],
          [
            37.817184,
            48.738791
          ],
          [
            37.816431,
            48.738959
          ],
          [
            37.815642,
            48.73912
          ],
          [
            37.814833,
            48.739273
          ],
          [
            37.814019,
            48.739419
          ],
          [
            37.813216,
            48.73956
          ],
          [
            37.812439,
            48.739695
          ],
          [
            37.811703,
            48.739826
          ],
          [
            37.811025,
            48.739953
          ],
          [
            37.810419,
            48.740078
          ],
          [
            37.809901,
            48.7402
          ],
          [
            37.809487,
            48.740321
          ],
          [
            37.809192,
            48.740441
          ],
          [
            37.80903,
            48.740561
          ],
          [
            37.809019,
            48.740682
          ],
          [
            37.809162,
            48.740797
          ],
          [
            37.809446,
            48.740898
          ],
          [
            37.809856,
            48.740989
          ],
          [
            37.810379,
            48.741069
          ],
          [
            37.811001,
            48.741142
          ],
          [
            37.811708,
            48.741208
          ],
          [
            37.812487,
            48.74127
          ],
          [
            37.813323,
            48.74133
          ],
          [
            37.814203,
            48.741388
          ],
          [
            37.815113,
            48.741446
          ],
          [
            37.816039,
            48.741507
          ],
          [
            37.816968,
            48.741572
          ],
          [
            37.817886,
            48.741642
          ],
          [
            37.818779,
            48.74172
          ],
          [
            37.819633,
            48.741807
          ],
          [
            37.820434,
            48.741905
          ],
          [
            37.821169,
            48.742015
          ],
          [
            37.821824,
            48.742139
          ],
          [
            37.822385,
            48.742279
          ],
          [
            37.822838,
            48.742437
          ],
          [
            37.823213,
            48.742605
          ],
          [
            37.823548,
            48.742775
          ],
          [
            37.823846,
            48.742948
          ],
          [
            37.824109,
            48.743126
          ],
          [
            37.824337,
            48.74331
          ],
          [
            37.824533,
            48.743499
          ],
          [
            37.824698,
            48.743696
          ],
          [
            37.824835,
            48.743901
          ],
          [
            37.824943,
            48.744115
          ],
          [
            37.825027,
            48.74434
          ],
          [
            37.825086,
            48.744576
          ],
          [
            37.825122,
            48.744823
          ],
          [
            37.825138,
            48.745084
          ],
          [
            37.825135,
            48.745359
          ],
          [
            37.825115,
            48.74565
          ],
          [
            37.825079,
            48.745956
          ],
          [
            37.825029,
            48.746279
          ],
          [
            37.824967,
            48.74662
          ],
          [
            37.824894,
            48.746981
          ],
          [
            37.824812,
            48.747361
          ],
          [
            37.824704,
            48.747767
          ],
          [
            37.824555,
            48.748202
          ],
          [
            37.824369,
            48.748664
          ],
          [
            37.824149,
            48.749149
          ],
          [
            37.823901,
            48.749657
          ],
          [
            37.823627,
            48.750183
          ],
          [
            37.823332,
            48.750725
          ],
          [
            37.82302,
            48.75128
          ],
          [
            37.822695,
            48.751847
          ],
          [
            37.82236,
            48.752422
          ],
          [
            37.822021,
            48.753003
          ],
          [
            37.821681,
            48.753587
          ],
          [
            37.821344,
            48.754171
          ],
          [
            37.821013,
            48.754753
          ],
          [
            37.820694,
            48.755331
          ],
          [
            37.82039,
            48.755901
          ],
          [
            37.820105,
            48.756461
          ],
          [
            37.819843,
            48.757009
          ],
          [
            37.819608,
            48.757541
          ],
          [
            37.819405,
            48.758056
          ],
          [
            37.819206,
            48.758566
          ],
          [
            37.818986,
            48.759086
          ],
          [
            37.81875,
            48.759613
          ],
          [
            37.818504,
            48.760145
          ],
          [
            37.818252,
            48.760679
          ],
          [
            37.818,
            48.761214
          ],
          [
            37.817753,
            48.761748
          ],
          [
            37.817516,
            48.762278
          ],
          [
            37.817294,
            48.762802
          ],
          [
            37.817093,
            48.763318
          ],
          [
            37.816917,
            48.763824
          ],
          [
            37.816772,
            48.764317
          ],
          [
            37.816663,
            48.764796
          ],
          [
            37.816595,
            48.765259
          ],
          [
            37.816574,
            48.765702
          ],
          [
            37.816604,
            48.766125
          ],
          [
            37.816691,
            48.766524
          ],
          [
            37.81684,
            48.766898
          ],
          [
            37.817056,
            48.767244
          ],
          [
            37.817345,
            48.767561
          ],
          [
            37.817713,
            48.767852
          ],
          [
            37.81816,
            48.768122
          ],
          [
            37.81868,
            48.768373
          ],
          [
            37.819266,
            48.768604
          ],
          [
            37.819912,
            48.768817
          ],
          [
            37.820612,
            48.769011
          ],
          [
            37.821359,
            48.769187
          ],
          [
            37.822147,
            48.769347
          ],
          [
            37.822969,
            48.769489
          ],
          [
            37.82382,
            48.769615
          ],
          [
            37.824691,
            48.769726
          ],
          [
            37.825578,
            48.769822
          ],
          [
            37.826474,
            48.769903
          ],
          [
            37.827372,
            48.76997
          ],
          [
            37.828266,
            48.770023
          ],
          [
            37.829149,
            48.770064
          ],
          [
            37.830016,
            48.770092
          ],
          [
            37.83086,
            48.770108
          ],
          [
            37.831673,
            48.770113
          ],
          [
            37.832451,
            48.770107
          ],
          [
            37.833209,
            48.770073
          ],
          [
            37.833967,
            48.769998
          ],
          [
            37.834727,
            48.769887
          ],
          [
            37.835487,
            48.769744
          ],
          [
            37.836247,
            48.769575
          ],
          [
            37.837008,
            48.769383
          ],
          [
            37.837769,
            48.769175
          ],
          [
            37.83853,
            48.768954
          ],
          [
            37.839291,
            48.768725
          ],
          [
            37.840052,
            48.768495
          ],
          [
            37.840813,
            48.768266
          ],
          [
            37.841574,
            48.768044
          ],
          [
            37.842335,
            48.767835
          ],
          [
            37.843095,
            48.767642
          ],
          [
            37.843855,
            48.767471
          ],
          [
            37.844614,
            48.767326
          ],
          [
            37.845373,
            48.767213
          ],
          [
            37.84613,
            48.767135
          ],
          [
            37.846887,
            48.767099
          ],
          [
            37.847643,
            48.767109
          ],
          [
            37.848411,
            48.767155
          ],
          [
            37.8492,
            48.767224
          ],
          [
            37.850008,
            48.767317
          ],
          [
            37.85083,
            48.767431
          ],
          [
            37.851662,
            48.767566
          ],
          [
            37.8525,
            48.767722
          ],
          [
            37.85334,
            48.767896
          ],
          [
            37.854178,
            48.768088
          ],
          [
            37.855011,
            48.768297
          ],
          [
            37.855834,
            48.768523
          ],
          [
            37.856644,
            48.768764
          ],
          [
            37.857436,
            48.769019
          ],
          [
            37.858206,
            48.769287
          ],
          [
            37.858951,
            48.769569
          ],
          [
            37.859667,
            48.769861
          ],
          [
            37.860349,
            48.770164
          ],
          [
            37.860993,
            48.770477
          ],
          [
            37.861597,
            48.770799
          ],
          [
            37.862155,
            48.771128
          ],
          [
            37.862663,
            48.771464
          ],
          [
            37.863126,
            48.77182
          ],
          [
            37.86355,
            48.772206
          ],
          [
            37.863938,
            48.772619
          ],
          [
            37.864291,
            48.773056
          ],
          [
            37.864611,
            48.773514
          ],
          [
            37.864902,
            48.773989
          ],
          [
            37.865164,
            48.774478
          ],
          [
            37.8654,
            48.774979
          ],
          [
            37.865611,
            48.775487
          ],
          [
            37.865801,
            48.776
          ],
          [
            37.865972,
            48.776515
          ],
          [
            37.866124,
            48.777028
          ],
          [
            37.866261,
            48.777536
          ],
          [
            37.866384,
            48.778035
          ],
          [
            37.866495,
            48.778524
          ],
          [
            37.866598,
            48.778998
          ],
          [
            37.866693,
            48.779454
          ],
          [
            37.866782,
            48.779889
          ],
          [
            37.866869,
            48.7803
          ],
          [
            37.866955,
            48.780684
          ],
          [
            37.867004,
            48.781048
          ],
          [
            37.866987,
            48.781401
          ],
          [
            37.866912,
            48.781743
          ],
          [
            37.86679,
            48.782075
          ],
          [
            37.86663,
            48.782397
          ],
          [
            37.86644,
            48.78271
          ],
          [
            37.866232,
            48.783013
          ],
          [
            37.866014,
            48.783307
          ],
          [
            37.865796,
            48.783592
          ],
          [
            37.865587,
            48.783869
          ],
          [
            37.865397,
            48.784137
          ],
          [
            37.865235,
            48.784398
          ],
          [
            37.865111,
            48.784651
          ],
          [
            37.865034,
            48.784896
          ],
          [
            37.865014,
            48.785134
          ],
          [
            37.86506,
            48.785365
          ],
          [
            37.865182,
            48.78559
          ],
          [
            37.865389,
            48.785808
          ],
          [
            37.86569,
            48.78602
          ],
          [
            37.866096,
            48.786226
          ],
          [
            37.866622,
            48.786439
          ],
          [
            37.867266,
            48.786667
          ],
          [
            37.868018,
            48.786905
          ],
          [
            37.868866,
            48.787151
          ],
          [
            37.869796,
            48.7874
          ],
          [
            37.870797,
            48.787649
          ],
          [
            37.871856,
            48.787893
          ],
          [
            37.872962,
            48.788128
          ],
          [
            37.874102,
            48.78835
          ],
          [
            37.875264,
            48.788556
          ],
          [
            37.876436,
            48.788741
          ],
          [
            37.877605,
            48.788902
          ],
          [
            37.87876,
            48.789034
          ],
          [
            37.879888,
            48.789133
          ],
          [
            37.880977,
            48.789197
          ],
          [
            37.882014,
            48.78922
          ],
          [
            37.882988,
            48.789198
          ],
          [
            37.883887,
            48.789128
          ],
          [
            37.884698,
            48.789006
          ],
          [
            37.885408,
            48.788828
          ],
          [
            37.886027,
            48.78857
          ],
          [
            37.886573,
            48.788221
          ],
          [
            37.887055,
            48.787789
          ],
          [
            37.88748,
            48.787285
          ],
          [
            37.887855,
            48.786721
          ],
          [
            37.888186,
            48.786105
          ],
          [
            37.888482,
            48.785448
          ],
          [
            37.88875,
            48.784762
          ],
          [
            37.888996,
            48.784055
          ],
          [
            37.889228,
            48.783338
          ],
          [
            37.889453,
            48.782623
          ],
          [
            37.889679,
            48.781918
          ],
          [
            37.889912,
            48.781234
          ],
          [
            37.89016,
            48.780582
          ],
          [
            37.890429,
            48.779972
          ],
          [
            37.890729,
            48.779414
          ],
          [
            37.891064,
            48.778919
          ],
          [
            37.891443,
            48.778497
          ],
          [
            37.891873,
            48.778158
          ],
          [
            37.892361,
            48.777913
          ],
          [
            37.892917,
            48.777743
          ],
          [
            37.893543,
            48.777622
          ],
          [
            37.894229,
            48.777548
          ],
          [
            37.894965,
            48.777518
          ],
          [
            37.895743,
            48.777529
          ],
          [
            37.896553,
            48.77758
          ],
          [
            37.897387,
            48.777667
          ],
          [
            37.898234,
            48.777789
          ],
          [
            37.899087,
            48.777942
          ],
          [
            37.899935,
            48.778125
          ],
          [
            37.90077,
            48.778335
          ],
          [
            37.901583,
            48.778569
          ],
          [
            37.902364,
            48.778824
          ],
          [
            37.903104,
            48.7791
          ],
          [
            37.903795,
            48.779392
          ],
          [
            37.904426,
            48.779699
          ],
          [
            37.90499,
            48.780018
          ],
          [
            37.905476,
            48.780347
          ],
          [
            37.905875,
            48.780683
          ],
          [
            37.906179,
            48.781023
          ],
          [
            37.90639,
            48.781382
          ],
          [
            37.906521,
            48.78177
          ],
          [
            37.906577,
            48.782187
          ],
          [
            37.906566,
            48.782631
          ],
          [
            37.906494,
            48.783099
          ],
          [
            37.906367,
            48.783589
          ],
          [
            37.906193,
            48.784099
          ],
          [
            37.905976,
            48.784627
          ],
          [
            37.905725,
            48.78517
          ],
          [
            37.905445,
            48.785728
          ],
          [
            37.905142,
            48.786297
          ],
          [
            37.904824,
            48.786876
          ],
          [
            37.904497,
            48.787462
          ],
          [
            37.904166,
            48.788054
          ],
          [
            37.90384,
            48.788649
          ],
          [
            37.903523,
            48.789245
          ],
          [
            37.903224,
            48.78984
          ],
          [
            37.902947,
            48.790432
          ],
          [
            37.9027,
            48.791019
          ],
          [
            37.902489,
            48.791599
          ],
          [
            37.902296,
            48.792169
          ],
          [
            37.9021,
            48.792731
          ],
          [
            37.901901,
            48.793287
          ],
          [
            37.901699,
            48.793839
          ],
          [
            37.901496,
            48.794389
          ],
          [
            37.901291,
            48.79494
          ],
          [
            37.901085,
            48.795495
          ],
          [
            37.900879,
            48.796055
          ],
          [
            37.900672,
            48.796622
          ],
          [
            37.900466,
            48.7972
          ],
          [
            37.900261,
            48.79779
          ],
          [
            37.900058,
            48.798395
          ],
          [
            37.899856,
            48.799016
          ],
          [
            37.899657,
            48.799657
          ],
          [
            37.899461,
            48.80032
          ],
          [
            37.899268,
            48.801006
          ],
          [
            37.899079,
            48.801719
          ],
          [
            37.898895,
            48.80246
          ],
          [
            37.898715,
            48.803232
          ],
          [
            37.89854,
            48.804037
          ],
          [
            37.898382,
            48.804901
          ],
          [
            37.898248,
            48.805843
          ],
          [
            37.898134,
            48.806851
          ],
          [
            37.898036,
            48.807916
          ],
          [
            37.897952,
            48.809028
          ],
          [
            37.897876,
            48.810177
          ],
          [
            37.897805,
            48.811352
          ],
          [
            37.897736,
            48.812544
          ],
          [
            37.897664,
            48.813743
          ],
          [
            37.897586,
            48.814938
          ],
          [
            37.897497,
            48.816121
          ],
          [
            37.897395,
            48.817279
          ],
          [
            37.897275,
            48.818404
          ],
          [
            37.897134,
            48.819486
          ],
          [
            37.896967,
            48.820513
          ],
          [
            37.896772,
            48.821478
          ],
          [
            37.896543,
            48.822368
          ],
          [
            37.896278,
            48.823175
          ],
          [
            37.895972,
            48.823888
          ],
          [
            37.895622,
            48.824497
          ],
          [
            37.895248,
            48.825013
          ],
          [
            37.894869,
            48.825457
          ],
          [
            37.894484,
            48.825832
          ],
          [
            37.894087,
            48.826144
          ],
          [
            37.893676,
            48.826397
          ],
          [
            37.893248,
            48.826595
          ],
          [
            37.8928,
            48.826743
          ],
          [
            37.892328,
            48.826846
          ],
          [
            37.891828,
            48.826908
          ],
          [
            37.891299,
            48.826934
          ],
          [
            37.890735,
            48.826928
          ],
          [
            37.890135,
            48.826895
          ],
          [
            37.889494,
            48.826839
          ],
          [
            37.88881,
            48.826765
          ],
          [
            37.888079,
            48.826677
          ],
          [
            37.887297,
            48.82658
          ],
          [
            37.886463,
            48.826479
          ],
          [
            37.885572,
            48.826377
          ],
          [
            37.88462,
            48.82628
          ],
          [
            37.883606,
            48.826192
          ],
          [
            37.882491,
            48.826086
          ],
          [
            37.881249,
            48.825935
          ],
          [
            37.879896,
            48.825744
          ],
          [
            37.878445,
            48.825518
          ],
          [
            37.876911,
            48.825262
          ],
          [
            37.875309,
            48.824981
          ],
          [
            37.873652,
            48.824679
          ],
          [
            37.871955,
            48.824363
          ],
          [
            37.870233,
            48.824037
          ],
          [
            37.8685,
            48.823706
          ],
          [
            37.86677,
            48.823375
          ],
          [
            37.865058,
            48.823049
          ],
          [
            37.863379,
            48.822732
          ],
          [
            37.861746,
            48.822431
          ],
          [
            37.860174,
            48.82215
          ],
          [
            37.858678,
            48.821894
          ],
          [
            37.857272,
            48.821668
          ],
          [
            37.85597,
            48.821477
          ],
          [
            37.854787,
            48.821326
          ],
          [
            37.853737,
            48.82122
          ],
          [
            37.852776,
            48.821148
          ],
          [
            37.851851,
            48.821096
          ],
          [
            37.850966,
            48.821063
          ],
          [
            37.850122,
            48.821049
          ],
          [
            37.849323,
            48.821053
          ],
          [
            37.848571,
            48.821074
          ],
          [
            37.847869,
            48.821113
          ],
          [
            37.847219,
            48.821168
          ],
          [
            37.846624,
            48.821239
          ],
          [
            37.846087,
            48.821326
          ],
          [
            37.84561,
            48.821427
          ],
          [
            37.845196,
            48.821542
          ],
          [
            37.844848,
            48.821672
          ],
          [
            37.844568,
            48.821814
          ],
          [
            37.844359,
            48.821969
          ],
          [
            37.844223,
            48.822136
          ],
          [
            37.844163,
            48.822315
          ],
          [
            37.844182,
            48.822505
          ],
          [
            37.844283,
            48.822705
          ],
          [
            37.844467,
            48.822915
          ],
          [
            37.844771,
            48.82314
          ],
          [
            37.845218,
            48.823385
          ],
          [
            37.845795,
            48.823648
          ],
          [
            37.84649,
            48.823928
          ],
          [
            37.847289,
            48.824225
          ],
          [
            37.848179,
            48.824537
          ],
          [
            37.849146,
            48.824862
          ],
          [
            37.850179,
            48.8252
          ],
          [
            37.851263,
            48.82555
          ],
          [
            37.852385,
            48.82591
          ],
          [
            37.853533,
            48.826279
          ],
          [
            37.854693,
            48.826655
          ],
          [
            37.855852,
            48.827039
          ],
          [
            37.856997,
            48.827427
          ],
          [
            37.858114,
            48.82782
          ],
          [
            37.859192,
            48.828217
          ],
          [
            37.860215,
            48.828615
          ],
          [
            37.861173,
            48.829013
          ],
          [
            37.86205,
            48.829412
          ],
          [
            37.862835,
            48.829809
          ],
          [
            37.863565,
            48.830209
          ],
          [
            37.864288,
            48.830617
          ],
          [
            37.865,
            48.831034
          ],
          [
            37.865701,
            48.831458
          ],
          [
            37.866388,
            48.831888
          ],
          [
            37.86706,
            48.832325
          ],
          [
            37.867715,
            48.832767
          ],
          [
            37.86835,
            48.833214
          ],
          [
            37.868965,
            48.833665
          ],
          [
            37.869557,
            48.83412
          ],
          [
            37.870124,
            48.834578
          ],
          [
            37.870665,
            48.835039
          ],
          [
            37.871177,
            48.835501
          ],
          [
            37.87166,
            48.835964
          ],
          [
            37.872111,
            48.836428
          ],
          [
            37.872528,
            48.836892
          ],
          [
            37.872909,
            48.837355
          ],
          [
            37.873253,
            48.837817
          ],
          [
            37.873558,
            48.838278
          ],
          [
            37.873821,
            48.838735
          ],
          [
            37.874015,
            48.839192
          ],
          [
            37.874119,
            48.839651
          ],
          [
            37.874142,
            48.840111
          ],
          [
            37.874097,
            48.840573
          ],
          [
            37.873992,
            48.841036
          ],
          [
            37.87384,
            48.841501
          ],
          [
            37.873649,
            48.841966
          ],
          [
            37.873432,
            48.842432
          ],
          [
            37.873198,
            48.842899
          ],
          [
            37.872958,
            48.843367
          ],
          [
            37.872722,
            48.843836
          ],
          [
            37.872501,
            48.844304
          ],
          [
            37.872305,
            48.844774
          ],
          [
            37.872146,
            48.845243
          ],
          [
            37.872033,
            48.845712
          ],
          [
            37.871977,
            48.846182
          ],
          [
            37.871989,
            48.846651
          ],
          [
            37.872078,
            48.847119
          ],
          [
            37.872256,
            48.847588
          ],
          [
            37.872534,
            48.848055
          ],
          [
            37.872892,
            48.848525
          ],
          [
            37.873305,
            48.848997
          ],
          [
            37.87377,
            48.849473
          ],
          [
            37.874284,
            48.84995
          ],
          [
            37.874845,
            48.85043
          ],
          [
            37.875449,
            48.85091
          ],
          [
            37.876094,
            48.851391
          ],
          [
            37.876779,
            48.851872
          ],
          [
            37.877499,
            48.852352
          ],
          [
            37.878252,
            48.852831
          ],
          [
            37.879036,
            48.853309
          ],
          [
            37.879849,
            48.853784
          ],
          [
            37.880686,
            48.854256
          ],
          [
            37.881547,
            48.854724
          ],
          [
            37.882427,
            48.855189
          ],
          [
            37.883325,
            48.855649
          ],
          [
            37.884238,
            48.856103
          ],
          [
            37.885163,
            48.856552
          ],
          [
            37.886098,
            48.856995
          ],
          [
            37.887039,
            48.857431
          ],
          [
            37.888034,
            48.857855
          ],
          [
            37.88912,
            48.858265
          ],
          [
            37.890287,
            48.858664
          ],
          [
            37.891521,
            48.859051
          ],
          [
            37.89281,
            48.859431
          ],
          [
            37.894142,
            48.859803
          ],
          [
            37.895503,
            48.860171
          ],
          [
            37.896883,
            48.860536
          ],
          [
            37.898268,
            48.860899
          ],
          [
            37.899646,
            48.861263
          ],
          [
            37.901004,
            48.86163
          ],
          [
            37.90233,
            48.862
          ],
          [
            37.903612,
            48.862377
          ],
          [
            37.904837,
            48.862762
          ],
          [
            37.905993,
            48.863156
          ],
          [
            37.907067,
            48.863562
          ],
          [
            37.908047,
            48.863981
          ],
          [
            37.908921,
            48.864415
          ],
          [
            37.909676,
            48.864866
          ],
          [
            37.910299,
            48.865336
          ],
          [
            37.91079,
            48.865836
          ],
          [
            37.911162,
            48.866372
          ],
          [
            37.911426,
            48.866939
          ],
          [
            37.911591,
            48.867534
          ],
          [
            37.911668,
            48.868149
          ],
          [
            37.911667,
            48.868782
          ],
          [
            37.911598,
            48.869426
          ],
          [
            37.911472,
            48.870077
          ],
          [
            37.911299,
            48.87073
          ],
          [
            37.911088,
            48.87138
          ],
          [
            37.91085,
            48.872022
          ],
          [
            37.910596,
            48.872651
          ],
          [
            37.910335,
            48.873262
          ],
          [
            37.910078,
            48.873851
          ],
          [
            37.909835,
            48.874412
          ],
          [
            37.909615,
            48.87494
          ],
          [
            37.90943,
            48.87543
          ],
          [
            37.90929,
            48.875878
          ],
          [
            37.909204,
            48.876279
          ],
          [
            37.909184,
            48.876627
          ],
          [
            37.909185,
            48.876923
          ],
          [
            37.909164,
            48.877174
          ],
          [
            37.909126,
            48.877383
          ],
          [
            37.909075,
            48.877553
          ],
          [
            37.909017,
            48.877689
          ],
          [
            37.908958,
            48.877795
          ],
          [
            37.908902,
            48.877874
          ],
          [
            37.908855,
            48.877929
          ],
          [
            37.908822,
            48.877965
          ],
          [
            37.908808,
            48.877985
          ],
          [
            37.908819,
            48.877994
          ],
          [
            37.90886,
            48.877994
          ],
          [
            37.908936,
            48.87799
          ],
          [
            37.909053,
            48.877985
          ],
          [
            37.909216,
            48.877983
          ],
          [
            37.909429,
            48.877988
          ],
          [
            37.909699,
            48.878004
          ],
          [
            37.910031,
            48.878034
          ],
          [
            37.910429,
            48.878081
          ],
          [
            37.9109,
            48.878151
          ],
          [
            37.911459,
            48.878209
          ],
          [
            37.912113,
            48.878225
          ],
          [
            37.912853,
            48.878205
          ],
          [
            37.913669,
            48.878158
          ],
          [
            37.914553,
            48.878091
          ],
          [
            37.915494,
            48.878012
          ],
          [
            37.916483,
            48.877929
          ],
          [
            37.917512,
            48.877849
          ],
          [
            37.91857,
            48.877779
          ],
          [
            37.919649,
            48.877728
          ],
          [
            37.92074,
            48.877703
          ],
          [
            37.921832,
            48.877711
          ],
          [
            37.922917,
            48.877761
          ],
          [
            37.923986,
            48.877859
          ],
          [
            37.925028,
            48.878014
          ],
          [
            37.926035,
            48.878233
          ],
          [
            37.926998,
            48.878523
          ],
          [
            37.927907,
            48.878893
          ],
          [
            37.928752,
            48.87935
          ],
          [
            37.929525,
            48.879901
          ],
          [
            37.930247,
            48.88057
          ],
          [
            37.930946,
            48.881368
          ],
          [
            37.931623,
            48.88228
          ],
          [
            37.932277,
            48.883293
          ],
          [
            37.93291,
            48.884393
          ],
          [
            37.933522,
            48.885567
          ],
          [
            37.934114,
            48.886802
          ],
          [
            37.934686,
            48.888083
          ],
          [
            37.93524,
            48.889398
          ],
          [
            37.935775,
            48.890733
          ],
          [
            37.936292,
            48.892074
          ],
          [
            37.936793,
            48.893407
          ],
          [
            37.937277,
            48.89472
          ],
          [
            37.937745,
            48.895998
          ],
          [
            37.938198,
            48.897229
          ],
          [
            37.938636,
            48.898398
          ],
          [
            37.93906,
            48.899493
          ],
          [
            37.939471,
            48.900499
          ],
          [
            37.939869,
            48.901403
          ],
          [
            37.940254,
            48.902192
          ],
          [
            37.940599,
            48.902869
          ],
          [
            37.94088,
            48.903454
          ],
          [
            37.941106,
            48.903956
          ],
          [
            37.941284,
            48.904384
          ],
          [
            37.941424,
            48.904748
          ],
          [
            37.941535,
            48.905058
          ],
          [
            37.941624,
            48.905323
          ],
          [
            37.9417,
            48.905552
          ],
          [
            37.941771,
            48.905755
          ],
          [
            37.941847,
            48.905941
          ],
          [
            37.941936,
            48.90612
          ],
          [
            37.942046,
            48.906301
          ],
          [
            37.942186,
            48.906493
          ],
          [
            37.942365,
            48.906707
          ],
          [
            37.94259,
            48.906951
          ],
          [
            37.94287,
            48.907236
          ],
          [
            37.943215,
            48.907569
          ],
          [
            37.943632,
            48.907962
          ],
          [
            37.94413,
            48.908423
          ],
          [
            37.944717,
            48.908962
          ],
          [
            37.94542,
            48.909569
          ],
          [
            37.946248,
            48.910224
          ],
          [
            37.947186,
            48.910924
          ],
          [
            37.948219,
            48.911664
          ],
          [
            37.949333,
            48.91244
          ],
          [
            37.950514,
            48.913247
          ],
          [
            37.951745,
            48.914081
          ],
          [
            37.953012,
            48.914938
          ],
          [
            37.954301,
            48.915814
          ],
          [
            37.955596,
            48.916704
          ],
          [
            37.956884,
            48.917603
          ],
          [
            37.958148,
            48.918509
          ],
          [
            37.959375,
            48.919415
          ],
          [
            37.960549,
            48.920318
          ],
          [
            37.961656,
            48.921214
          ],
          [
            37.96268,
            48.922098
          ],
          [
            37.963608,
            48.922967
          ],
          [
            37.964423,
            48.923815
          ],
          [
            37.965112,
            48.924638
          ],
          [
            37.96566,
            48.925432
          ],
          [
            37.966085,
            48.926223
          ],
          [
            37.966418,
            48.927036
          ],
          [
            37.966667,
            48.927866
          ],
          [
            37.966836,
            48.928709
          ],
          [
            37.966931,
            48.92956
          ],
          [
            37.96696,
            48.930414
          ],
          [
            37.966927,
            48.931267
          ],
          [
            37.966838,
            48.932114
          ],
          [
            37.9667,
            48.93295
          ],
          [
            37.966518,
            48.93377
          ],
          [
            37.966299,
            48.934571
          ],
          [
            37.966047,
            48.935346
          ],
          [
            37.96577,
            48.936092
          ],
          [
            37.965473,
            48.936804
          ],
          [
            37.965161,
            48.937477
          ],
          [
            37.964842,
            48.938106
          ],
          [
            37.96452,
            48.938687
          ],
          [
            37.964202,
            48.939214
          ],
          [
            37.963893,
            48.939684
          ],
          [
            37.9636,
            48.940092
          ],
          [
            37.9633,
            48.94043
          ],
          [
            37.962968,
            48.940699
          ],
          [
            37.962605,
            48.940904
          ],
          [
            37.962216,
            48.941051
          ],
          [
            37.961802,
            48.941147
          ],
          [
            37.961365,
            48.941197
          ],
          [
            37.960909,
            48.941207
          ],
          [
            37.960436,
            48.941183
          ],
          [
            37.959948,
            48.941131
          ],
          [
            37.959448,
            48.941058
          ],
          [
            37.958938,
            48.940968
          ],
          [
            37.958421,
            48.940869
          ],
          [
            37.9579,
            48.940766
          ],
          [
            37.957376,
            48.940664
          ],
          [
            37.956853,
            48.940571
          ],
          [
            37.956333,
            48.940491
          ],
          [
            37.955818,
            48.940431
          ],
          [
            37.955311,
            48.940397
          ],
          [
            37.954814,
            48.940395
          ],
          [
            37.95433,
            48.94043
          ],
          [
            37.953863,
            48.940493
          ],
          [
            37.953411,
            48.940566
          ],
          [
            37.952971,
            48.94065
          ],
          [
            37.952541,
            48.940742
          ],
          [
            37.952118,
            48.940841
          ],
          [
            37.951698,
            48.940946
          ],
          [
            37.951279,
            48.941056
          ],
          [
            37.950857,
            48.94117
          ],
          [
            37.950431,
            48.941286
          ],
          [
            37.949996,
            48.941403
          ],
          [
            37.94955,
            48.94152
          ],
          [
            37.94909,
            48.941635
          ],
          [
            37.948613,
            48.941747
          ],
          [
            37.948116,
            48.941855
          ],
          [
            37.947595,
            48.941958
          ],
          [
            37.947049,
            48.942054
          ],
          [
            37.946474,
            48.942142
          ],
          [
            37.945867,
            48.942222
          ],
          [
            37.945225,
            48.94229
          ],
          [
            37.944546,
            48.942347
          ],
          [
            37.943792,
            48.942401
          ],
          [
            37.942939,
            48.942459
          ],
          [
            37.942001,
            48.94252
          ],
          [
            37.940992,
            48.942583
          ],
          [
            37.939924,
            48.942645
          ],
          [
            37.938813,
            48.942705
          ],
          [
            37.937671,
            48.942763
          ],
          [
            37.936513,
            48.942815
          ],
          [
            37.935353,
            48.94286
          ],
          [
            37.934203,
            48.942897
          ],
          [
            37.933078,
            48.942924
          ],
          [
            37.931992,
            48.94294
          ],
          [
            37.930959,
            48.942943
          ],
          [
            37.929992,
            48.942931
          ],
          [
            37.929104,
            48.942902
          ],
          [
            37.928311,
            48.942856
          ],
          [
            37.927625,
            48.94279
          ],
          [
            37.92706,
            48.942703
          ],
          [
            37.92663,
            48.942594
          ],
          [
            37.92635,
            48.94246
          ],
          [
            37.926227,
            48.942301
          ],
          [
            37.926252,
            48.942117
          ],
          [
            37.926413,
            48.94191
          ],
          [
            37.926694,
            48.941682
          ],
          [
            37.927083,
            48.941434
          ],
          [
            37.927566,
            48.941168
          ],
          [
            37.928128,
            48.940886
          ],
          [
            37.928757,
            48.940589
          ],
          [
            37.929438,
            48.940279
          ],
          [
            37.930158,
            48.939958
          ],
          [
            37.930904,
            48.939627
          ],
          [
            37.93166,
            48.939288
          ],
          [
            37.932414,
            48.938943
          ],
          [
            37.933153,
            48.938593
          ],
          [
            37.933861,
            48.93824
          ],
          [
            37.934526,
            48.937885
          ],
          [
            37.935134,
            48.93753
          ],
          [
            37.935671,
            48.937177
          ],
          [
            37.936124,
            48.936828
          ],
          [
            37.936478,
            48.936484
          ],
          [
            37.936772,
            48.936144
          ],
          [
            37.937053,
            48.935804
          ],
          [
            37.937319,
            48.935465
          ],
          [
            37.937569,
            48.935125
          ],
          [
            37.937803,
            48.934784
          ],
          [
            37.938017,
            48.934439
          ],
          [
            37.938213,
            48.934091
          ],
          [
            37.938387,
            48.933739
          ],
          [
            37.938538,
            48.933381
          ],
          [
            37.938666,
            48.933016
          ],
          [
            37.93877,
            48.932645
          ],
          [
            37.938847,
            48.932265
          ],
          [
            37.938896,
            48.931875
          ],
          [
            37.938917,
            48.931476
          ],
          [
            37.938908,
            48.931066
          ],
          [
            37.938867,
            48.930643
          ],
          [
            37.938794,
            48.930208
          ],
          [
            37.938687,
            48.929759
          ],
          [
            37.938545,
            48.929295
          ],
          [
            37.938366,
            48.928815
          ],
          [
            37.938157,
            48.9283
          ],
          [
            37.937923,
            48.927733
          ],
          [
            37.937664,
            48.927123
          ],
          [
            37.937379,
            48.926476
          ],
          [
            37.937066,
            48.925799
          ],
          [
            37.936726,
            48.9251
          ],
          [
            37.936358,
            48.924386
          ],
          [
            37.93596,
            48.923664
          ],
          [
            37.935532,
            48.922941
          ],
          [
            37.935072,
            48.922224
          ],
          [
            37.934581,
            48.921521
          ],
          [
            37.934057,
            48.920838
          ],
          [
            37.933499,
            48.920183
          ],
          [
            37.932906,
            48.919562
          ],
          [
            37.932279,
            48.918984
          ],
          [
            37.931615,
            48.918455
          ],
          [
            37.930914,
            48.917982
          ],
          [
            37.930175,
            48.917572
          ],
          [
            37.929398,
            48.917233
          ],
          [
            37.928581,
            48.916972
          ],
          [
            37.927725,
            48.916771
          ],
          [
            37.926832,
            48.916609
          ],
          [
            37.925901,
            48.916484
          ],
          [
            37.924934,
            48.916397
          ],
          [
            37.92393,
            48.916348
          ],
          [
            37.922891,
            48.916337
          ],
          [
            37.921817,
            48.916362
          ],
          [
            37.920708,
            48.916425
          ],
          [
            37.919565,
            48.916525
          ],
          [
            37.918389,
            48.916662
          ],
          [
            37.917179,
            48.916835
          ],
          [
            37.915937,
            48.917045
          ],
          [
            37.914663,
            48.917292
          ],
          [
            37.913358,
            48.917574
          ],
          [
            37.912021,
            48.917892
          ],
          [
            37.910654,
            48.918246
          ],
          [
            37.909257,
            48.918636
          ],
          [
            37.907831,
            48.919062
          ],
          [
            37.906376,
            48.919522
          ],
          [
            37.904892,
            48.920018
          ],
          [
            37.903306,
            48.920579
          ],
          [
            37.90156,
            48.92123
          ],
          [
            37.899677,
            48.921962
          ],
          [
            37.897678,
            48.922765
          ],
          [
            37.895587,
            48.923629
          ],
          [
            37.893427,
            48.924546
          ],
          [
            37.891221,
            48.925504
          ],
          [
            37.888991,
            48.926496
          ],
          [
            37.886759,
            48.927511
          ],
          [
            37.88455,
            48.92854
          ],
          [
            37.882385,
            48.929573
          ],
          [
            37.880288,
            48.930601
          ],
          [
            37.878281,
            48.931615
          ],
          [
            37.876387,
            48.932604
          ],
          [
            37.874629,
            48.933559
          ],
          [
            37.873029,
            48.934472
          ],
          [
            37.87161,
            48.935331
          ],
          [
            37.870396,
            48.936129
          ],
          [
            37.869409,
            48.936854
          ],
          [
            37.868671,
            48.937499
          ],
          [
            37.868203,
            48.93806
          ],
          [
            37.867994,
            48.938548
          ],
          [
            37.868018,
            48.93897
          ],
          [
            37.868251,
            48.939336
          ],
          [
            37.86867,
            48.939652
          ],
          [
            37.86925,
            48.939928
          ],
          [
            37.869967,
            48.94017
          ],
          [
            37.870796,
            48.940388
          ],
          [
            37.871713,
            48.94059
          ],
          [
            37.872695,
            48.940783
          ],
          [
            37.873716,
            48.940976
          ],
          [
            37.874752,
            48.941177
          ],
          [
            37.87578,
            48.941393
          ],
          [
            37.876775,
            48.941634
          ],
          [
            37.877712,
            48.941907
          ],
          [
            37.878567,
            48.94222
          ],
          [
            37.879317,
            48.942582
          ],
          [
            37.879936,
            48.943
          ],
          [
            37.880401,
            48.943483
          ],
          [
            37.880688,
            48.944038
          ],
          [
            37.880762,
            48.944661
          ],
          [
            37.880626,
            48.945336
          ],
          [
            37.88031,
            48.946058
          ],
          [
            37.879845,
            48.946824
          ],
          [
            37.879258,
            48.947629
          ],
          [
            37.878581,
            48.948468
          ],
          [
            37.877843,
            48.949337
          ],
          [
            37.877073,
            48.950232
          ],
          [
            37.876302,
            48.951147
          ],
          [
            37.875559,
            48.952078
          ],
          [
            37.874874,
            48.953021
          ],
          [
            37.874277,
            48.953971
          ],
          [
            37.873797,
            48.954923
          ],
          [
            37.873465,
            48.955874
          ],
          [
            37.873309,
            48.956818
          ],
          [
            37.87336,
            48.957752
          ],
          [
            37.873647,
            48.95867
          ],
          [
            37.8742,
            48.959568
          ],
          [
            37.87505,
            48.960441
          ],
          [
            37.876225,
            48.961286
          ],
          [
            37.877767,
            48.962127
          ],
          [
            37.879676,
            48.962992
          ],
          [
            37.881913,
            48.963875
          ],
          [
            37.884442,
            48.964772
          ],
          [
            37.887227,
            48.965678
          ],
          [
            37.89023,
            48.966589
          ],
          [
            37.893415,
            48.967499
          ],
          [
            37.896744,
            48.968405
          ],
          [
            37.900182,
            48.9693
          ],
          [
            37.90369,
            48.970182
          ],
          [
            37.907233,
            48.971044
          ],
          [
            37.910774,
            48.971882
          ],
          [
            37.914275,
            48.972693
          ],
          [
            37.9177,
            48.97347
          ],
          [
            37.921012,
            48.974209
          ],
          [
            37.924174,
            48.974906
          ],
          [
            37.92715,
            48.975556
          ],
          [
            37.929902,
            48.976154
          ],
          [
            37.932394,
            48.976695
          ],
          [
            37.934589,
            48.977175
          ],
          [
            37.936566,
            48.97756
          ],
          [
            37.938431,
            48.97783
          ],
          [
            37.940187,
            48.977999
          ],
          [
            37.94184,
            48.97808
          ],
          [
            37.943394,
            48.978089
          ],
          [
            37.944852,
            48.978039
          ],
          [
            37.946219,
            48.977946
          ],
          [
            37.947498,
            48.977822
          ],
          [
            37.948695,
            48.977682
          ],
          [
            37.949814,
            48.977542
          ],
          [
            37.950857,
            48.977414
          ],
          [
            37.951831,
            48.977314
          ],
          [
            37.952739,
            48.977255
          ],
          [
            37.953584,
            48.977251
          ],
          [
            37.954372,
            48.977318
          ],
          [
            37.955106,
            48.977469
          ],
          [
            37.955791,
            48.977719
          ],
          [
            37.956431,
            48.978082
          ],
          [
            37.95703,
            48.978572
          ],
          [
            37.957592,
            48.979203
          ],
          [
            37.958102,
            48.979985
          ],
          [
            37.958542,
            48.980908
          ],
          [
            37.958915,
            48.981957
          ],
          [
            37.959222,
            48.983118
          ],
          [
            37.959464,
            48.984378
          ],
          [
            37.959643,
            48.985722
          ],
          [
            37.959761,
            48.987136
          ],
          [
            37.959818,
            48.988606
          ],
          [
            37.959817,
            48.990118
          ],
          [
            37.959759,
            48.991657
          ],
          [
            37.959646,
            48.993209
          ],
          [
            37.959479,
            48.994761
          ],
          [
            37.95926,
            48.996298
          ],
          [
            37.95899,
            48.997805
          ],
          [
            37.95867,
            48.99927
          ],
          [
            37.958303,
            49.000677
          ],
          [
            37.95789,
            49.002012
          ],
          [
            37.957433,
            49.003262
          ],
          [
            37.956932,
            49.004412
          ],
          [
            37.95639,
            49.005447
          ],
          [
            37.955744,
            49.006397
          ],
          [
            37.954943,
            49.007299
          ],
          [
            37.954005,
            49.008156
          ],
          [
            37.952949,
            49.008971
          ],
          [
            37.951793,
            49.009745
          ],
          [
            37.950556,
            49.010482
          ],
          [
            37.949257,
            49.011183
          ],
          [
            37.947913,
            49.011851
          ],
          [
            37.946544,
            49.012488
          ],
          [
            37.945168,
            49.013098
          ],
          [
            37.943804,
            49.013681
          ],
          [
            37.942469,
            49.014241
          ],
          [
            37.941184,
            49.01478
          ],
          [
            37.939965,
            49.015301
          ],
          [
            37.938833,
            49.015806
          ],
          [
            37.937804,
            49.016296
          ],
          [
            37.936899,
            49.016776
          ],
          [
            37.936135,
            49.017246
          ],
          [
            37.93553,
            49.017711
          ],
          [
            37.935104,
            49.018171
          ],
          [
            37.934872,
            49.018601
          ],
          [
            37.934823,
            49.01898
          ],
          [
            37.934937,
            49.019312
          ],
          [
            37.935196,
            49.019604
          ],
          [
            37.93558,
            49.019863
          ],
          [
            37.93607,
            49.020093
          ],
          [
            37.936646,
            49.020302
          ],
          [
            37.937289,
            49.020495
          ],
          [
            37.93798,
            49.020679
          ],
          [
            37.938699,
            49.020859
          ],
          [
            37.939426,
            49.021041
          ],
          [
            37.940143,
            49.021232
          ],
          [
            37.94083,
            49.021438
          ],
          [
            37.941468,
            49.021664
          ],
          [
            37.942037,
            49.021917
          ],
          [
            37.942517,
            49.022204
          ],
          [
            37.942891,
            49.022529
          ],
          [
            37.943137,
            49.022899
          ],
          [
            37.943238,
            49.02332
          ],
          [
            37.943172,
            49.023799
          ],
          [
            37.942946,
            49.024342
          ],
          [
            37.942587,
            49.024947
          ],
          [
            37.942107,
            49.025608
          ],
          [
            37.94152,
            49.026318
          ],
          [
            37.940842,
            49.027068
          ],
          [
            37.940084,
            49.027854
          ],
          [
            37.939262,
            49.028667
          ],
          [
            37.938388,
            49.0295
          ],
          [
            37.937477,
            49.030346
          ],
          [
            37.936542,
            49.031199
          ],
          [
            37.935597,
            49.032052
          ],
          [
            37.934657,
            49.032897
          ],
          [
            37.933734,
            49.033727
          ],
          [
            37.932842,
            49.034536
          ],
          [
            37.931996,
            49.035316
          ],
          [
            37.931208,
            49.036061
          ],
          [
            37.930494,
            49.036763
          ],
          [
            37.929866,
            49.037415
          ],
          [
            37.929338,
            49.038011
          ],
          [
            37.928925,
            49.038543
          ],
          [
            37.92859,
            49.03902
          ],
          [
            37.928291,
            49.039456
          ],
          [
            37.928027,
            49.039855
          ],
          [
            37.927798,
            49.04022
          ],
          [
            37.927606,
            49.040552
          ],
          [
            37.927448,
            49.040856
          ],
          [
            37.927327,
            49.041134
          ],
          [
            37.927242,
            49.041389
          ],
          [
            37.927193,
            49.041624
          ],
          [
            37.927181,
            49.041842
          ],
          [
            37.927205,
            49.042045
          ],
          [
            37.927266,
            49.042238
          ],
          [
            37.927364,
            49.042422
          ],
          [
            37.927499,
            49.0426
          ],
          [
            37.927671,
            49.042776
          ],
          [
            37.927881,
            49.042952
          ],
          [
            37.928128,
            49.043132
          ],
          [
            37.928413,
            49.043318
          ],
          [
            37.928735,
            49.043513
          ],
          [
            37.929096,
            49.043719
          ],
          [
            37.929513,
            49.043921
          ],
          [
            37.93,
            49.0441
          ],
          [
            37.930552,
            49.044259
          ],
          [
            37.931162,
            49.044403
          ],
          [
            37.931825,
            49.044533
          ],
          [
            37.932535,
            49.044654
          ],
          [
            37.933286,
            49.044767
          ],
          [
            37.934072,
            49.044878
          ],
          [
            37.934888,
            49.044988
          ],
          [
            37.935727,
            49.045101
          ],
          [
            37.936583,
            49.045221
          ],
          [
            37.937451,
            49.045349
          ],
          [
            37.938325,
            49.04549
          ],
          [
            37.9392,
            49.045647
          ],
          [
            37.940068,
            49.045823
          ],
          [
            37.940924,
            49.04602
          ],
          [
            37.941763,
            49.046243
          ],
          [
            37.942579,
            49.046494
          ],
          [
            37.943365,
            49.046777
          ],
          [
            37.944117,
            49.047095
          ],
          [
            37.944869,
            49.04745
          ],
          [
            37.945656,
            49.047842
          ],
          [
            37.946474,
            49.048266
          ],
          [
            37.947314,
            49.048719
          ],
          [
            37.948169,
            49.049198
          ],
          [
            37.949034,
            49.0497
          ],
          [
            37.949902,
            49.05022
          ],
          [
            37.950765,
            49.050757
          ],
          [
            37.951618,
            49.051305
          ],
          [
            37.952453,
            49.051862
          ],
          [
            37.953264,
            49.052425
          ],
          [
            37.954043,
            49.052989
          ],
          [
            37.954786,
            49.053552
          ],
          [
            37.955483,
            49.05411
          ],
          [
            37.95613,
            49.05466
          ],
          [
            37.956719,
            49.055198
          ],
          [
            37.957244,
            49.055721
          ],
          [
            37.957697,
            49.056225
          ],
          [
            37.958073,
            49.056707
          ],
          [
            37.958364,
            49.057164
          ],
          [
            37.958576,
            49.057604
          ],
          [
            37.958721,
            49.05804
          ],
          [
            37.958802,
            49.058471
          ],
          [
            37.958822,
            49.058897
          ],
          [
            37.958787,
            49.059317
          ],
          [
            37.958699,
            49.059732
          ],
          [
            37.958561,
            49.060141
          ],
          [
            37.958379,
            49.060543
          ],
          [
            37.958155,
            49.06094
          ],
          [
            37.957892,
            49.061329
          ],
          [
            37.957596,
            49.061712
          ],
          [
            37.957269,
            49.062088
          ],
          [
            37.956914,
            49.062456
          ],
          [
            37.956537,
            49.062817
          ],
          [
            37.95614,
            49.063171
          ],
          [
            37.955726,
            49.063516
          ],
          [
            37.955301,
            49.063853
          ],
          [
            37.954867,
            49.064182
          ],
          [
            37.954428,
            49.064502
          ],
          [
            37.953987,
            49.064813
          ],
          [
            37.953525,
            49.06511
          ],
          [
            37.953021,
            49.065389
          ],
          [
            37.952479,
            49.065652
          ],
          [
            37.951901,
            49.065901
          ],
          [
            37.951292,
            49.066138
          ],
          [
            37.950655,
            49.066364
          ],
          [
            37.949994,
            49.066582
          ],
          [
            37.949312,
            49.066792
          ],
          [
            37.948612,
            49.066997
          ],
          [
            37.947899,
            49.067199
          ],
          [
            37.947175,
            49.067399
          ],
          [
            37.946444,
            49.0676
          ],
          [
            37.945709,
            49.067802
          ],
          [
            37.944975,
            49.068008
          ],
          [
            37.944245,
            49.06822
          ],
          [
            37.943521,
            49.068439
          ],
          [
            37.942809,
            49.068667
          ],
          [
            37.94211,
            49.068906
          ],
          [
            37.941429,
            49.069158
          ],
          [
            37.940769,
            49.069424
          ],
          [
            37.940133,
            49.069703
          ],
          [
            37.939519,
            49.069993
          ],
          [
            37.938923,
            49.070293
          ],
          [
            37.938341,
            49.0706
          ],
          [
            37.93777,
            49.070915
          ],
          [
            37.937207,
            49.071236
          ],
          [
            37.936647,
            49.071561
          ],
          [
            37.936088,
            49.071891
          ],
          [
            37.935524,
            49.072224
          ],
          [
            37.934954,
            49.072559
          ],
          [
            37.934373,
            49.072894
          ],
          [
            37.933778,
            49.073229
          ],
          [
            37.933164,
            49.073563
          ],
          [
            37.93253,
            49.073895
          ],
          [
            37.93187,
            49.074223
          ],
          [
            37.931181,
            49.074547
          ],
          [
            37.93046,
            49.074866
          ],
          [
            37.929703,
            49.075178
          ],
          [
            37.928906,
            49.075482
          ],
          [
            37.928066,
            49.075778
          ],
          [
            37.927176,
            49.076078
          ],
          [
            37.926234,
            49.076395
          ],
          [
            37.925245,
            49.076725
          ],
          [
            37.924214,
            49.077065
          ],
          [
            37.923147,
            49.077411
          ],
          [
            37.922049,
            49.07776
          ],
          [
            37.920924,
            49.078109
          ],
          [
            37.919778,
            49.078454
          ],
          [
            37.918617,
            49.078792
          ],
          [
            37.917445,
            49.079119
          ],
          [
            37.916267,
            49.079433
          ],
          [
            37.915089,
            49.079728
          ],
          [
            37.913915,
            49.080003
          ],
          [
            37.912751,
            49.080254
          ],
          [
            37.911603,
            49.080478
          ],
          [
            37.910474,
            49.08067
          ],
          [
            37.909371,
            49.080828
          ],
          [
            37.908299,
            49.080949
          ],
          [
            37.907262,
            49.081028
          ],
          [
            37.906265,
            49.081062
          ],
          [
            37.905311,
            49.081039
          ],
          [
            37.904392,
            49.080951
          ],
          [
            37.903505,
            49.080805
          ],
          [
            37.902645,
            49.080608
          ],
          [
            37.901809,
            49.080368
          ],
          [
            37.900991,
            49.08009
          ],
          [
            37.900188,
            49.079783
          ],
          [
            37.899395,
            49.079452
          ],
          [
            37.898607,
            49.079106
          ],
          [
            37.897822,
            49.07875
          ],
          [
            37.897033,
            49.078393
          ],
          [
            37.896237,
            49.07804
          ],
          [
            37.89543,
            49.077699
          ],
          [
            37.894608,
            49.077377
          ],
          [
            37.893765,
            49.07708
          ],
          [
            37.892898,
            49.076817
          ],
          [
            37.892002,
            49.076592
          ],
          [
            37.891073,
            49.076415
          ],
          [
            37.890107,
            49.076291
          ],
          [
            37.889099,
            49.076227
          ],
          [
            37.888039,
            49.076221
          ],
          [
            37.886924,
            49.076259
          ],
          [
            37.88576,
            49.076339
          ],
          [
            37.884554,
            49.076456
          ],
          [
            37.883312,
            49.076605
          ],
          [
            37.882043,
            49.076783
          ],
          [
            37.880751,
            49.076984
          ],
          [
            37.879445,
            49.077205
          ],
          [
            37.87813,
            49.077442
          ],
          [
            37.876815,
            49.077689
          ],
          [
            37.875504,
            49.077943
          ],
          [
            37.874206,
            49.0782
          ],
          [
            37.872926,
            49.078455
          ],
          [
            37.871672,
            49.078704
          ],
          [
            37.870451,
            49.078942
          ],
          [
            37.869269,
            49.079165
          ],
          [
            37.868132,
            49.07937
          ],
          [
            37.867049,
            49.079551
          ],
          [
            37.866025,
            49.079704
          ],
          [
            37.865067,
            49.079826
          ],
          [
            37.864169,
            49.079922
          ],
          [
            37.86332,
            49.080004
          ],
          [
            37.862516,
            49.080072
          ],
          [
            37.861753,
            49.080129
          ],
          [
            37.861027,
            49.080174
          ],
          [
            37.860335,
            49.08021
          ],
          [
            37.859674,
            49.080238
          ],
          [
            37.859039,
            49.080258
          ],
          [
            37.858427,
            49.080273
          ],
          [
            37.857835,
            49.080282
          ],
          [
            37.857259,
            49.080289
          ],
          [
            37.856695,
            49.080292
          ],
          [
            37.85614,
            49.080295
          ],
          [
            37.855589,
            49.080298
          ],
          [
            37.85504,
            49.080303
          ],
          [
            37.854489,
            49.080309
          ],
          [
            37.853933,
            49.08032
          ],
          [
            37.853367,
            49.080336
          ],
          [
            37.852788,
            49.080358
          ],
          [
            37.852192,
            49.080388
          ],
          [
            37.851587,
            49.080427
          ],
          [
            37.850981,
            49.080477
          ],
          [
            37.850376,
            49.080536
          ],
          [
            37.849772,
            49.080601
          ],
          [
            37.84917,
            49.080671
          ],
          [
            37.848571,
            49.080745
          ],
          [
            37.847976,
            49.080821
          ],
          [
            37.847384,
            49.080897
          ],
          [
            37.846797,
            49.080971
          ],
          [
            37.846216,
            49.081041
          ],
          [
            37.845641,
            49.081107
          ],
          [
            37.845073,
            49.081165
          ],
          [
            37.844512,
            49.081215
          ],
          [
            37.84396,
            49.081254
          ],
          [
            37.843417,
            49.081281
          ],
          [
            37.842884,
            49.081294
          ],
          [
            37.842361,
            49.081292
          ],
          [
            37.841849,
            49.081273
          ],
          [
            37.841349,
            49.081234
          ],
          [
            37.840862,
            49.081175
          ],
          [
            37.840398,
            49.081096
          ],
          [
            37.839963,
            49.081
          ],
          [
            37.839554,
            49.080889
          ],
          [
            37.839168,
            49.080763
          ],
          [
            37.8388,
            49.080623
          ],
          [
            37.838446,
            49.080471
          ],
          [
            37.838104,
            49.080307
          ],
          [
            37.83777,
            49.080132
          ],
          [
            37.837438,
            49.079948
          ],
          [
            37.837107,
            49.079755
          ],
          [
            37.836772,
            49.079555
          ],
          [
            37.836429,
            49.079348
          ],
          [
            37.836075,
            49.079135
          ],
          [
            37.835706,
            49.078918
          ],
          [
            37.835318,
            49.078698
          ],
          [
            37.834908,
            49.078474
          ],
          [
            37.834471,
            49.07825
          ],
          [
            37.834004,
            49.078025
          ],
          [
            37.833504,
            49.0778
          ],
          [
            37.832966,
            49.077577
          ],
          [
            37.832417,
            49.077346
          ],
          [
            37.831884,
            49.077099
          ],
          [
            37.83136,
            49.076839
          ],
          [
            37.83084,
            49.076566
          ],
          [
            37.830319,
            49.076284
          ],
          [
            37.82979,
            49.075995
          ],
          [
            37.829249,
            49.075699
          ],
          [
            37.828689,
            49.075401
          ],
          [
            37.828106,
            49.0751
          ],
          [
            37.827494,
            49.074801
          ],
          [
            37.826847,
            49.074504
          ],
          [
            37.82616,
            49.074211
          ],
          [
            37.825427,
            49.073926
          ],
          [
            37.824642,
            49.073649
          ],
          [
            37.823801,
            49.073384
          ],
          [
            37.822897,
            49.073131
          ],
          [
            37.821925,
            49.072893
          ],
          [
            37.82088,
            49.072673
          ],
          [
            37.819755,
            49.072472
          ],
          [
            37.818546,
            49.072292
          ],
          [
            37.817215,
            49.072124
          ],
          [
            37.815738,
            49.071961
          ],
          [
            37.814132,
            49.071803
          ],
          [
            37.812413,
            49.07165
          ],
          [
            37.810598,
            49.071504
          ],
          [
            37.808702,
            49.071366
          ],
          [
            37.806742,
            49.071238
          ],
          [
            37.804734,
            49.071118
          ],
          [
            37.802694,
            49.07101
          ],
          [
            37.80064,
            49.070914
          ],
          [
            37.798586,
            49.070831
          ],
          [
            37.79655,
            49.070761
          ],
          [
            37.794548,
            49.070707
          ],
          [
            37.792595,
            49.070668
          ],
          [
            37.790709,
            49.070647
          ],
          [
            37.788905,
            49.070643
          ],
          [
            37.7872,
            49.070659
          ],
          [
            37.78561,
            49.070694
          ],
          [
            37.784152,
            49.070751
          ],
          [
            37.782841,
            49.07083
          ],
          [
            37.781662,
            49.070945
          ],
          [
            37.780585,
            49.071108
          ],
          [
            37.779602,
            49.071314
          ],
          [
            37.778703,
            49.071556
          ],
          [
            37.777881,
            49.071828
          ],
          [
            37.777129,
            49.072127
          ],
          [
            37.776436,
            49.072445
          ],
          [
            37.775797,
            49.072778
          ],
          [
            37.775202,
            49.07312
          ],
          [
            37.774644,
            49.073465
          ],
          [
            37.774114,
            49.073808
          ],
          [
            37.773604,
            49.074144
          ],
          [
            37.773106,
            49.074466
          ],
          [
            37.772612,
            49.07477
          ],
          [
            37.772115,
            49.075049
          ],
          [
            37.771604,
            49.075299
          ],
          [
            37.771074,
            49.075513
          ],
          [
            37.770515,
            49.075687
          ],
          [
            37.76992,
            49.075814
          ],
          [
            37.769279,
            49.07589
          ],
          [
            37.768622,
            49.075924
          ],
          [
            37.767977,
            49.07593
          ],
          [
            37.767344,
            49.075911
          ],
          [
            37.76672,
            49.075867
          ],
          [
            37.766102,
            49.075799
          ],
          [
            37.76549,
            49.075708
          ],
          [
            37.76488,
            49.075596
          ],
          [
            37.764271,
            49.075465
          ],
          [
            37.76366,
            49.075314
          ],
          [
            37.763046,
            49.075145
          ],
          [
            37.762426,
            49.07496
          ],
          [
            37.761798,
            49.074759
          ],
          [
            37.76116,
            49.074544
          ],
          [
            37.760509,
            49.074317
          ],
          [
            37.759845,
            49.074077
          ],
          [
            37.759164,
            49.073826
          ],
          [
            37.758464,
            49.073566
          ],
          [
            37.757744,
            49.073298
          ],
          [
            37.757001,
            49.073023
          ],
          [
            37.756233,
            49.072741
          ],
          [
            37.755444,
            49.072431
          ],
          [
            37.75464,
            49.072074
          ],
          [
            37.753821,
            49.071674
          ],
          [
            37.752987,
            49.07124
          ],
          [
            37.752139,
            49.070776
          ],
          [
            37.751277,
            49.070289
          ],
          [
            37.750403,
            49.069785
          ],
          [
            37.749515,
            49.069271
          ],
          [
            37.748615,
            49.068753
          ],
          [
            37.747704,
            49.068236
          ],
          [
            37.746781,
            49.067727
          ],
          [
            37.745847,
            49.067232
          ],
          [
            37.744903,
            49.066758
          ],
          [
            37.743948,
            49.066311
          ],
          [
            37.742984,
            49.065896
          ],
          [
            37.742011,
            49.06552
          ],
          [
            37.74103,
            49.06519
          ],
          [
            37.74004,
            49.064911
          ],
          [
            37.739042,
            49.064689
          ],
          [
            37.738037,
            49.064531
          ],
          [
            37.736997,
            49.064432
          ],
          [
            37.7359,
            49.064379
          ],
          [
            37.734754,
            49.064369
          ],
          [
            37.733567,
            49.064399
          ],
          [
            37.732348,
            49.064466
          ],
          [
            37.731105,
            49.064568
          ],
          [
            37.729847,
            49.064699
          ],
          [
            37.728582,
            49.064859
          ],
          [
            37.727318,
            49.065043
          ],
          [
            37.726064,
            49.065248
          ],
          [
            37.724827,
            49.065472
          ],
          [
            37.723618,
            49.065711
          ],
          [
            37.722442,
            49.065962
          ],
          [
            37.72131,
            49.066222
          ],
          [
            37.72023,
            49.066487
          ],
          [
            37.719209,
            49.066756
          ],
          [
            37.718257,
            49.067024
          ],
          [
            37.717381,
            49.067288
          ],
          [
            37.71659,
            49.067545
          ],
          [
            37.715893,
            49.067793
          ],
          [
            37.715277,
            49.068037
          ],
          [
            37.714723,
            49.068286
          ],
          [
            37.714228,
            49.068541
          ],
          [
            37.713789,
            49.068802
          ],
          [
            37.713404,
            49.069069
          ],
          [
            37.713069,
            49.069343
          ],
          [
            37.712782,
            49.069625
          ],
          [
            37.712541,
            49.069915
          ],
          [
            37.712341,
            49.070213
          ],
          [
            37.712181,
            49.07052
          ],
          [
            37.712057,
            49.070837
          ],
          [
            37.711967,
            49.071164
          ],
          [
            37.711907,
            49.071502
          ],
          [
            37.711876,
            49.071851
          ],
          [
            37.711869,
            49.072211
          ],
          [
            37.711886,
            49.072583
          ],
          [
            37.711921,
            49.072968
          ],
          [
            37.711973,
            49.073366
          ],
          [
            37.712039,
            49.073778
          ],
          [
            37.712116,
            49.074203
          ],
          [
            37.712236,
            49.074648
          ],
          [
            37.712427,
            49.075114
          ],
          [
            37.712681,
            49.075601
          ],
          [
            37.712991,
            49.076106
          ],
          [
            37.713349,
            49.076627
          ],
          [
            37.713746,
            49.077163
          ],
          [
            37.714176,
            49.077711
          ],
          [
            37.714631,
            49.078269
          ],
          [
            37.715102,
            49.078837
          ],
          [
            37.715582,
            49.079411
          ],
          [
            37.716063,
            49.07999
          ],
          [
            37.716537,
            49.080572
          ],
          [
            37.716997,
            49.081155
          ],
          [
            37.717434,
            49.081738
          ],
          [
            37.717841,
            49.082318
          ],
          [
            37.718211,
            49.082893
          ],
          [
            37.718535,
            49.083462
          ],
          [
            37.718805,
            49.084022
          ],
          [
            37.719014,
            49.084572
          ],
          [
            37.719154,
            49.08511
          ],
          [
            37.719234,
            49.085643
          ],
          [
            37.71927,
            49.086178
          ],
          [
            37.719264,
            49.086716
          ],
          [
            37.719222,
            49.087255
          ],
          [
            37.719145,
            49.087794
          ],
          [
            37.719038,
            49.088334
          ],
          [
            37.718903,
            49.088872
          ],
          [
            37.718745,
            49.089409
          ],
          [
            37.718567,
            49.089943
          ],
          [
            37.718371,
            49.090474
          ],
          [
            37.718162,
            49.091002
          ],
          [
            37.717943,
            49.091525
          ],
          [
            37.717717,
            49.092042
          ],
          [
            37.717488,
            49.092553
          ],
          [
            37.717259,
            49.093058
          ],
          [
            37.717034,
            49.093555
          ],
          [
            37.716816,
            49.094043
          ],
          [
            37.716608,
            49.094523
          ],
          [
            37.716413,
            49.094993
          ],
          [
            37.716236,
            49.095452
          ],
          [
            37.716058,
            49.095901
          ],
          [
            37.715861,
            49.096341
          ],
          [
            37.715647,
            49.096773
          ],
          [
            37.71542,
            49.097196
          ],
          [
            37.715183,
            49.097612
          ],
          [
            37.714939,
            49.098021
          ],
          [
            37.714691,
            49.098423
          ],
          [
            37.714441,
            49.098818
          ],
          [
            37.714194,
            49.099208
          ],
          [
            37.713951,
            49.099593
          ],
          [
            37.713716,
            49.099974
          ],
          [
            37.713492,
            49.10035
          ],
          [
            37.713282,
            49.100722
          ],
          [
            37.71309,
            49.101091
          ],
          [
            37.712917,
            49.101457
          ],
          [
            37.712767,
            49.101821
          ],
          [
            37.712644,
            49.102183
          ],
          [
            37.712549,
            49.102544
          ],
          [
            37.712487,
            49.102904
          ],
          [
            37.71246,
            49.103264
          ],
          [
            37.712463,
            49.103619
          ],
          [
            37.712489,
            49.103966
          ],
          [
            37.712538,
            49.104307
          ],
          [
            37.712608,
            49.104641
          ],
          [
            37.712698,
            49.104969
          ],
          [
            37.712808,
            49.105293
          ],
          [
            37.712937,
            49.105614
          ],
          [
            37.713083,
            49.105931
          ],
          [
            37.713246,
            49.106247
          ],
          [
            37.713425,
            49.106561
          ],
          [
            37.713619,
            49.106876
          ],
          [
            37.713827,
            49.107191
          ],
          [
            37.714049,
            49.107507
          ],
          [
            37.714282,
            49.107826
          ],
          [
            37.714528,
            49.108148
          ],
          [
            37.714783,
            49.108474
          ],
          [
            37.715048,
            49.108806
          ],
          [
            37.715322,
            49.109143
          ],
          [
            37.715604,
            49.109486
          ],
          [
            37.715893,
            49.109838
          ],
          [
            37.716188,
            49.110193
          ],
          [
            37.71649,
            49.110549
          ],
          [
            37.716801,
            49.110905
          ],
          [
            37.717121,
            49.111262
          ],
          [
            37.71745,
            49.11162
          ],
          [
            37.71779,
            49.111981
          ],
          [
            37.718141,
            49.112344
          ],
          [
            37.718505,
            49.112709
          ],
          [
            37.718882,
            49.113078
          ],
          [
            37.719272,
            49.113451
          ],
          [
            37.719678,
            49.113828
          ],
          [
            37.720099,
            49.114209
          ],
          [
            37.720537,
            49.114596
          ],
          [
            37.720992,
            49.114988
          ],
          [
            37.721465,
            49.115385
          ],
          [
            37.721957,
            49.11579
          ],
          [
            37.722469,
            49.1162
          ],
          [
            37.723002,
            49.116619
          ],
          [
            37.723556,
            49.117044
          ],
          [
            37.724133,
            49.117478
          ],
          [
            37.724737,
            49.117925
          ],
          [
            37.725374,
            49.118388
          ],
          [
            37.72604,
            49.118866
          ],
          [
            37.726732,
            49.119355
          ],
          [
            37.727449,
            49.119855
          ],
          [
            37.728188,
            49.120364
          ],
          [
            37.728946,
            49.12088
          ],
          [
            37.72972,
            49.121401
          ],
          [
            37.730509,
            49.121925
          ],
          [
            37.73131,
            49.12245
          ],
          [
            37.73212,
            49.122974
          ],
          [
            37.732937,
            49.123497
          ],
          [
            37.733758,
            49.124015
          ],
          [
            37.73458,
            49.124526
          ],
          [
            37.735402,
            49.12503
          ],
          [
            37.73622,
            49.125524
          ],
          [
            37.737033,
            49.126006
          ],
          [
            37.737837,
            49.126475
          ],
          [
            37.73863,
            49.126929
          ],
          [
            37.73941,
            49.127365
          ],
          [
            37.740199,
            49.127773
          ],
          [
            37.741015,
            49.128148
          ],
          [
            37.741855,
            49.128495
          ],
          [
            37.742713,
            49.128817
          ],
          [
            37.743585,
            49.12912
          ],
          [
            37.744466,
            49.129408
          ],
          [
            37.745351,
            49.129687
          ],
          [
            37.746236,
            49.12996
          ],
          [
            37.747114,
            49.130233
          ],
          [
            37.747983,
            49.13051
          ],
          [
            37.748836,
            49.130796
          ],
          [
            37.749669,
            49.131096
          ],
          [
            37.750477,
            49.131414
          ],
          [
            37.751255,
            49.131756
          ],
          [
            37.751999,
            49.132125
          ],
          [
            37.752704,
            49.132526
          ],
          [
            37.753364,
            49.132965
          ],
          [
            37.753975,
            49.133446
          ],
          [
            37.754533,
            49.133974
          ],
          [
            37.755032,
            49.134553
          ],
          [
            37.755479,
            49.135185
          ],
          [
            37.755887,
            49.135865
          ],
          [
            37.756258,
            49.136589
          ],
          [
            37.756592,
            49.137353
          ],
          [
            37.75689,
            49.138152
          ],
          [
            37.757155,
            49.138983
          ],
          [
            37.757388,
            49.139842
          ],
          [
            37.75759,
            49.140724
          ],
          [
            37.757762,
            49.141625
          ],
          [
            37.757907,
            49.142541
          ],
          [
            37.758025,
            49.143468
          ],
          [
            37.758117,
            49.144402
          ],
          [
            37.758186,
            49.145338
          ],
          [
            37.758233,
            49.146273
          ],
          [
            37.758258,
            49.147203
          ],
          [
            37.758264,
            49.148123
          ],
          [
            37.758252,
            49.149029
          ],
          [
            37.758223,
            49.149917
          ],
          [
            37.758179,
            49.150783
          ],
          [
            37.758121,
            49.151622
          ],
          [
            37.758048,
            49.152453
          ],
          [
            37.757954,
            49.153293
          ],
          [
            37.757841,
            49.154141
          ],
          [
            37.757708,
            49.154994
          ],
          [
            37.757554,
            49.15585
          ],
          [
            37.757379,
            49.156707
          ],
          [
            37.757182,
            49.157562
          ],
          [
            37.756964,
            49.158414
          ],
          [
            37.756723,
            49.15926
          ],
          [
            37.756459,
            49.160098
          ],
          [
            37.756171,
            49.160926
          ],
          [
            37.75586,
            49.161742
          ],
          [
            37.755524,
            49.162544
          ],
          [
            37.755164,
            49.163328
          ],
          [
            37.754778,
            49.164094
          ],
          [
            37.754367,
            49.164839
          ],
          [
            37.75393,
            49.16556
          ],
          [
            37.753466,
            49.166256
          ],
          [
            37.752975,
            49.166924
          ],
          [
            37.752457,
            49.167563
          ],
          [
            37.751866,
            49.168172
          ],
          [
            37.751169,
            49.168755
          ],
          [
            37.750379,
            49.169313
          ],
          [
            37.749511,
            49.169847
          ],
          [
            37.74858,
            49.17036
          ],
          [
            37.747599,
            49.170853
          ],
          [
            37.746584,
            49.171328
          ],
          [
            37.745549,
            49.171785
          ],
          [
            37.744508,
            49.172227
          ],
          [
            37.743477,
            49.172656
          ],
          [
            37.742468,
            49.173072
          ],
          [
            37.741498,
            49.173478
          ],
          [
            37.74058,
            49.173875
          ],
          [
            37.739728,
            49.174265
          ],
          [
            37.738958,
            49.17465
          ],
          [
            37.738284,
            49.17503
          ],
          [
            37.73772,
            49.175407
          ],
          [
            37.737281,
            49.175784
          ],
          [
            37.736982,
            49.176162
          ],
          [
            37.736835,
            49.176542
          ],
          [
            37.736839,
            49.176919
          ],
          [
            37.736973,
            49.177288
          ],
          [
            37.737225,
            49.177649
          ],
          [
            37.737587,
            49.178003
          ],
          [
            37.738047,
            49.178349
          ],
          [
            37.738596,
            49.178688
          ],
          [
            37.739224,
            49.179021
          ],
          [
            37.73992,
            49.179346
          ],
          [
            37.740674,
            49.179665
          ],
          [
            37.741476,
            49.179978
          ],
          [
            37.742315,
            49.180285
          ],
          [
            37.743182,
            49.180587
          ],
          [
            37.744066,
            49.180883
          ],
          [
            37.744958,
            49.181174
          ],
          [
            37.745846,
            49.18146
          ],
          [
            37.74672,
            49.181741
          ],
          [
            37.747572,
            49.182018
          ],
          [
            37.748389,
            49.182291
          ],
          [
            37.749162,
            49.18256
          ],
          [
            37.749882,
            49.182825
          ],
          [
            37.750564,
            49.18309
          ],
          [
            37.751236,
            49.183354
          ],
          [
            37.751899,
            49.183617
          ],
          [
            37.752556,
            49.183879
          ],
          [
            37.75321,
            49.184139
          ],
          [
            37.753864,
            49.184394
          ],
          [
            37.754519,
            49.184646
          ],
          [
            37.755179,
            49.184892
          ],
          [
            37.755846,
            49.185132
          ],
          [
            37.756523,
            49.185364
          ],
          [
            37.757212,
            49.185588
          ],
          [
            37.757915,
            49.185804
          ],
          [
            37.758637,
            49.186009
          ],
          [
            37.759378,
            49.186204
          ],
          [
            37.760141,
            49.186386
          ],
          [
            37.76093,
            49.186556
          ],
          [
            37.761746,
            49.186712
          ],
          [
            37.762593,
            49.186854
          ],
          [
            37.763472,
            49.18698
          ],
          [
            37.764387,
            49.187089
          ],
          [
            37.765357,
            49.187181
          ],
          [
            37.766395,
            49.187256
          ],
          [
            37.767492,
            49.187314
          ],
          [
            37.76864,
            49.187357
          ],
          [
            37.769831,
            49.187385
          ],
          [
            37.771057,
            49.187401
          ],
          [
            37.772309,
            49.187405
          ],
          [
            37.773579,
            49.187398
          ],
          [
            37.774859,
            49.187381
          ],
          [
            37.776141,
            49.187356
          ],
          [
            37.777415,
            49.187323
          ],
          [
            37.778675,
            49.187283
          ],
          [
            37.779911,
            49.187238
          ],
          [
            37.781116,
            49.187189
          ],
          [
            37.782281,
            49.187136
          ],
          [
            37.783398,
            49.187082
          ],
          [
            37.784458,
            49.187026
          ],
          [
            37.785454,
            49.186971
          ],
          [
            37.786377,
            49.186917
          ],
          [
            37.787218,
            49.186865
          ],
          [
            37.787983,
            49.18681
          ],
          [
            37.788686,
            49.186748
          ],
          [
            37.78933,
            49.186678
          ],
          [
            37.789922,
            49.186603
          ],
          [
            37.790466,
            49.186521
          ],
          [
            37.790968,
            49.186435
          ],
          [
            37.791431,
            49.186344
          ],
          [
            37.791863,
            49.186249
          ],
          [
            37.792266,
            49.186151
          ],
          [
            37.792647,
            49.186051
          ],
          [
            37.79301,
            49.18595
          ],
          [
            37.793361,
            49.185847
          ],
          [
            37.793704,
            49.185744
          ],
          [
            37.794045,
            49.185641
          ],
          [
            37.794388,
            49.185539
          ],
          [
            37.794738,
            49.185439
          ],
          [
            37.795101,
            49.185342
          ],
          [
            37.795482,
            49.185247
          ],
          [
            37.795885,
            49.185156
          ],
          [
            37.796316,
            49.18507
          ],
          [
            37.796757,
            49.184981
          ],
          [
            37.797188,
            49.184884
          ],
          [
            37.797611,
            49.184782
          ],
          [
            37.798027,
            49.184674
          ],
          [
            37.798438,
            49.184562
          ],
          [
            37.798846,
            49.184449
          ],
          [
            37.799252,
            49.184336
          ],
          [
            37.799657,
            49.184223
          ],
          [
            37.800064,
            49.184113
          ],
          [
            37.800474,
            49.184007
          ],
          [
            37.800887,
            49.183907
          ],
          [
            37.801307,
            49.183813
          ],
          [
            37.801735,
            49.183728
          ],
          [
            37.802171,
            49.183654
          ],
          [
            37.802619,
            49.18359
          ],
          [
            37.803078,
            49.18354
          ],
          [
            37.803552,
            49.183504
          ],
          [
            37.804041,
            49.183484
          ],
          [
            37.804546,
            49.183482
          ],
          [
            37.805071,
            49.183499
          ],
          [
            37.805588,
            49.183536
          ],
          [
            37.806077,
            49.183592
          ],
          [
            37.806543,
            49.183667
          ],
          [
            37.806994,
            49.183759
          ],
          [
            37.807437,
            49.183865
          ],
          [
            37.807877,
            49.183984
          ],
          [
            37.808323,
            49.184115
          ],
          [
            37.808781,
            49.184256
          ],
          [
            37.809257,
            49.184405
          ],
          [
            37.809759,
            49.184561
          ],
          [
            37.810294,
            49.184722
          ],
          [
            37.810868,
            49.184887
          ],
          [
            37.811487,
            49.185053
          ],
          [
            37.81216,
            49.18522
          ],
          [
            37.812892,
            49.185386
          ],
          [
            37.813691,
            49.185548
          ],
          [
            37.814563,
            49.185706
          ],
          [
            37.815516,
            49.185857
          ],
          [
            37.816555,
            49.186001
          ],
          [
            37.817688,
            49.186135
          ],
          [
            37.818941,
            49.186252
          ],
          [
            37.820327,
            49.186348
          ],
          [
            37.821832,
            49.186425
          ],
          [
            37.823442,
            49.186489
          ],
          [
            37.825144,
            49.186542
          ],
          [
            37.826924,
            49.186588
          ],
          [
            37.828768,
            49.186632
          ],
          [
            37.830662,
            49.186677
          ],
          [
            37.832594,
            49.186726
          ],
          [
            37.834548,
            49.186784
          ],
          [
            37.836513,
            49.186854
          ],
          [
            37.838473,
            49.186941
          ],
          [
            37.840415,
            49.187047
          ],
          [
            37.842326,
            49.187176
          ],
          [
            37.844192,
            49.187333
          ],
          [
            37.845998,
            49.187521
          ],
          [
            37.847733,
            49.187744
          ],
          [
            37.849381,
            49.188006
          ],
          [
            37.850929,
            49.18831
          ],
          [
            37.852364,
            49.18866
          ],
          [
            37.853714,
            49.189076
          ],
          [
            37.85502,
            49.189569
          ],
          [
            37.856284,
            49.190131
          ],
          [
            37.857506,
            49.190751
          ],
          [
            37.858688,
            49.191421
          ],
          [
            37.859831,
            49.192131
          ],
          [
            37.860938,
            49.192872
          ],
          [
            37.862009,
            49.193635
          ],
          [
            37.863046,
            49.19441
          ],
          [
            37.86405,
            49.195189
          ],
          [
            37.865023,
            49.195961
          ],
          [
            37.865966,
            49.196719
          ],
          [
            37.866881,
            49.197451
          ],
          [
            37.86777,
            49.19815
          ],
          [
            37.868633,
            49.198805
          ],
          [
            37.869472,
            49.199408
          ],
          [
            37.870289,
            49.19995
          ],
          [
            37.871085,
            49.20042
          ],
          [
            37.871861,
            49.200811
          ],
          [
            37.87262,
            49.201112
          ],
          [
            37.873338,
            49.201318
          ],
          [
            37.873995,
            49.201438
          ],
          [
            37.874599,
            49.20148
          ],
          [
            37.875154,
            49.201453
          ],
          [
            37.875668,
            49.201365
          ],
          [
            37.876145,
            49.201226
          ],
          [
            37.876591,
            49.201044
          ],
          [
            37.877014,
            49.200828
          ],
          [
            37.877418,
            49.200586
          ],
          [
            37.87781,
            49.200328
          ],
          [
            37.878195,
            49.200063
          ],
          [
            37.87858,
            49.199799
          ],
          [
            37.878971,
            49.199544
          ],
          [
            37.879373,
            49.199309
          ],
          [
            37.879792,
            49.199101
          ],
          [
            37.880235,
            49.19893
          ],
          [
            37.880708,
            49.198804
          ],
          [
            37.881216,
            49.198731
          ],
          [
            37.881765,
            49.198722
          ],
          [
            37.882361,
            49.198784
          ],
          [
            37.883034,
            49.198902
          ],
          [
            37.883798,
            49.199051
          ],
          [
            37.88464,
            49.19923
          ],
          [
            37.885546,
            49.199438
          ],
          [
            37.886502,
            49.199672
          ],
          [
            37.887494,
            49.19993
          ],
          [
            37.888509,
            49.200212
          ],
          [
            37.889533,
            49.200515
          ],
          [
            37.890553,
            49.200837
          ],
          [
            37.891553,
            49.201177
          ],
          [
            37.892522,
            49.201532
          ],
          [
            37.893444,
            49.201902
          ],
          [
            37.894306,
            49.202283
          ],
          [
            37.895095,
            49.202676
          ],
          [
            37.895796,
            49.203077
          ],
          [
            37.896396,
            49.203484
          ],
          [
            37.896882,
            49.203897
          ],
          [
            37.897238,
            49.204314
          ],
          [
            37.897453,
            49.204732
          ],
          [
            37.897511,
            49.205149
          ],
          [
            37.897406,
            49.205576
          ],
          [
            37.897149,
            49.206019
          ],
          [
            37.896753,
            49.206479
          ],
          [
            37.896231,
            49.206953
          ],
          [
            37.895596,
            49.20744
          ],
          [
            37.894861,
            49.20794
          ],
          [
            37.894039,
            49.20845
          ],
          [
            37.893144,
            49.20897
          ],
          [
            37.892187,
            49.209498
          ],
          [
            37.891183,
            49.210033
          ],
          [
            37.890144,
            49.210573
          ],
          [
            37.889083,
            49.211118
          ],
          [
            37.888014,
            49.211665
          ],
          [
            37.886948,
            49.212214
          ],
          [
            37.8859,
            49.212763
          ],
          [
            37.884882,
            49.213311
          ],
          [
            37.883908,
            49.213857
          ],
          [
            37.88299,
            49.214399
          ],
          [
            37.882141,
            49.214936
          ],
          [
            37.881374,
            49.215467
          ],
          [
            37.880624,
            49.216
          ],
          [
            37.879821,
            49.216545
          ],
          [
            37.878976,
            49.217099
          ],
          [
            37.8781,
            49.217661
          ],
          [
            37.877205,
            49.218229
          ],
          [
            37.8763,
            49.218801
          ],
          [
            37.875396,
            49.219375
          ],
          [
            37.874505,
            49.21995
          ],
          [
            37.873637,
            49.220523
          ],
          [
            37.872802,
            49.221094
          ],
          [
            37.872012,
            49.221659
          ],
          [
            37.871277,
            49.222218
          ],
          [
            37.870607,
            49.222769
          ],
          [
            37.870015,
            49.223309
          ],
          [
            37.86951,
            49.223836
          ],
          [
            37.869103,
            49.22435
          ],
          [
            37.868805,
            49.224848
          ],
          [
            37.868626,
            49.225329
          ],
          [
            37.868578,
            49.22579
          ],
          [
            37.868671,
            49.22623
          ],
          [
            37.868932,
            49.226636
          ],
          [
            37.869366,
            49.226998
          ],
          [
            37.869958,
            49.227324
          ],
          [
            37.870692,
            49.227618
          ],
          [
            37.871549,
            49.227886
          ],
          [
            37.872515,
            49.228133
          ],
          [
            37.873572,
            49.228366
          ],
          [
            37.874704,
            49.22859
          ],
          [
            37.875894,
            49.22881
          ],
          [
            37.877126,
            49.229033
          ],
          [
            37.878382,
            49.229263
          ],
          [
            37.879647,
            49.229507
          ],
          [
            37.880903,
            49.22977
          ],
          [
            37.882134,
            49.230058
          ],
          [
            37.883324,
            49.230376
          ],
          [
            37.884456,
            49.230731
          ],
          [
            37.885513,
            49.231126
          ],
          [
            37.886479,
            49.231569
          ],
          [
            37.887336,
            49.232065
          ],
          [
            37.888069,
            49.23262
          ],
          [
            37.888697,
            49.233244
          ],
          [
            37.889254,
            49.233939
          ],
          [
            37.889749,
            49.234698
          ],
          [
            37.890187,
            49.235512
          ],
          [
            37.890576,
            49.236374
          ],
          [
            37.890922,
            49.237276
          ],
          [
            37.891234,
            49.23821
          ],
          [
            37.891517,
            49.239168
          ],
          [
            37.89178,
            49.240142
          ],
          [
            37.892028,
            49.241124
          ],
          [
            37.892269,
            49.242106
          ],
          [
            37.89251,
            49.243081
          ],
          [
            37.892758,
            49.24404
          ],
          [
            37.89302,
            49.244975
          ],
          [
            37.893303,
            49.24588
          ],
          [
            37.893615,
            49.246745
          ],
          [
            37.893961,
            49.247563
          ],
          [
            37.894349,
            49.248326
          ],
          [
            37.894786,
            49.249026
          ],
          [
            37.895279,
            49.249655
          ],
          [
            37.895819,
            49.250236
          ],
          [
            37.896391,
            49.250796
          ],
          [
            37.896992,
            49.251335
          ],
          [
            37.897619,
            49.251851
          ],
          [
            37.89827,
            49.252343
          ],
          [
            37.898941,
            49.25281
          ],
          [
            37.89963,
            49.253253
          ],
          [
            37.900335,
            49.253668
          ],
          [
            37.901053,
            49.254057
          ],
          [
            37.901781,
            49.254417
          ],
          [
            37.902516,
            49.254749
          ],
          [
            37.903255,
            49.25505
          ],
          [
            37.903996,
            49.25532
          ],
          [
            37.904737,
            49.255558
          ],
          [
            37.905474,
            49.255763
          ],
          [
            37.906205,
            49.255935
          ],
          [
            37.906927,
            49.256072
          ],
          [
            37.907637,
            49.256174
          ],
          [
            37.908333,
            49.256238
          ],
          [
            37.909012,
            49.256266
          ],
          [
            37.90969,
            49.256228
          ],
          [
            37.910382,
            49.256103
          ],
          [
            37.911086,
            49.255902
          ],
          [
            37.9118,
            49.255633
          ],
          [
            37.912519,
            49.255306
          ],
          [
            37.913241,
            49.254932
          ],
          [
            37.913964,
            49.254518
          ],
          [
            37.914684,
            49.254076
          ],
          [
            37.915398,
            49.253614
          ],
          [
            37.916104,
            49.253143
          ],
          [
            37.916798,
            49.252671
          ],
          [
            37.917478,
            49.252208
          ],
          [
            37.918141,
            49.251764
          ],
          [
            37.918784,
            49.251349
          ],
          [
            37.919404,
            49.250972
          ],
          [
            37.919998,
            49.250642
          ],
          [
            37.920564,
            49.25037
          ],
          [
            37.921097,
            49.250164
          ],
          [
            37.921596,
            49.250035
          ],
          [
            37.922058,
            49.249991
          ],
          [
            37.922462,
            49.25005
          ],
          [
            37.922796,
            49.250211
          ],
          [
            37.923068,
            49.250464
          ],
          [
            37.923287,
            49.250794
          ],
          [
            37.923462,
            49.251189
          ],
          [
            37.923602,
            49.251637
          ],
          [
            37.923714,
            49.252125
          ],
          [
            37.923809,
            49.25264
          ],
          [
            37.923894,
            49.25317
          ],
          [
            37.923979,
            49.253703
          ],
          [
            37.924071,
            49.254225
          ],
          [
            37.92418,
            49.254724
          ],
          [
            37.924314,
            49.255188
          ],
          [
            37.924482,
            49.255603
          ],
          [
            37.924693,
            49.255958
          ],
          [
            37.924956,
            49.256239
          ],
          [
            37.925278,
            49.256434
          ],
          [
            37.925669,
            49.256531
          ],
          [
            37.926138,
            49.256516
          ],
          [
            37.926693,
            49.256378
          ],
          [
            37.927342,
            49.256097
          ],
          [
            37.928082,
            49.255673
          ],
          [
            37.928903,
            49.255122
          ],
          [
            37.929795,
            49.254461
          ],
          [
            37.93075,
            49.253705
          ],
          [
            37.931757,
            49.25287
          ],
          [
            37.932808,
            49.251972
          ],
          [
            37.933892,
            49.251027
          ],
          [
            37.935,
            49.250051
          ],
          [
            37.936124,
            49.249059
          ],
          [
            37.937252,
            49.248068
          ],
          [
            37.938377,
            49.247094
          ],
          [
            37.939488,
            49.246153
          ],
          [
            37.940576,
            49.245259
          ],
          [
            37.941632,
            49.244431
          ],
          [
            37.942645,
            49.243682
          ],
          [
            37.943607,
            49.24303
          ],
          [
            37.944509,
            49.24249
          ],
          [
            37.94534,
            49.242078
          ],
          [
            37.946091,
            49.241811
          ],
          [
            37.946773,
            49.241681
          ],
          [
            37.947406,
            49.241665
          ],
          [
            37.947994,
            49.241753
          ],
          [
            37.948541,
            49.241934
          ],
          [
            37.949051,
            49.242198
          ],
          [
            37.949527,
            49.242533
          ],
          [
            37.949975,
            49.242928
          ],
          [
            37.950399,
            49.243374
          ],
          [
            37.950801,
            49.24386
          ],
          [
            37.951187,
            49.244374
          ],
          [
            37.95156,
            49.244907
          ],
          [
            37.951924,
            49.245447
          ],
          [
            37.952284,
            49.245984
          ],
          [
            37.952644,
            49.246507
          ],
          [
            37.953007,
            49.247006
          ],
          [
            37.953377,
            49.247469
          ],
          [
            37.95376,
            49.247887
          ],
          [
            37.954158,
            49.248248
          ],
          [
            37.954575,
            49.248542
          ],
          [
            37.955017,
            49.248759
          ],
          [
            37.955459,
            49.248907
          ],
          [
            37.955877,
            49.249008
          ],
          [
            37.956276,
            49.249067
          ],
          [
            37.95666,
            49.249089
          ],
          [
            37.957033,
            49.249079
          ],
          [
            37.9574,
            49.249043
          ],
          [
            37.957765,
            49.248987
          ],
          [
            37.958132,
            49.248915
          ],
          [
            37.958505,
            49.248832
          ],
          [
            37.95889,
            49.248745
          ],
          [
            37.95929,
            49.248657
          ],
          [
            37.95971,
            49.248576
          ],
          [
            37.960153,
            49.248505
          ],
          [
            37.960624,
            49.24845
          ],
          [
            37.961129,
            49.248417
          ],
          [
            37.961669,
            49.248411
          ],
          [
            37.962251,
            49.248436
          ],
          [
            37.962879,
            49.248499
          ],
          [
            37.963556,
            49.248605
          ],
          [
            37.964287,
            49.248759
          ],
          [
            37.965074,
            49.248954
          ],
          [
            37.965915,
            49.249179
          ],
          [
            37.966804,
            49.249432
          ],
          [
            37.967738,
            49.249711
          ],
          [
            37.968712,
            49.250013
          ],
          [
            37.969723,
            49.250337
          ],
          [
            37.970767,
            49.25068
          ],
          [
            37.971839,
            49.251041
          ],
          [
            37.972934,
            49.251416
          ],
          [
            37.97405,
            49.251805
          ],
          [
            37.975182,
            49.252204
          ],
          [
            37.976325,
            49.252612
          ],
          [
            37.977476,
            49.253027
          ],
          [
            37.978631,
            49.253446
          ],
          [
            37.979785,
            49.253867
          ],
          [
            37.980934,
            49.254288
          ],
          [
            37.982074,
            49.254707
          ],
          [
            37.983202,
            49.255121
          ],
          [
            37.984312,
            49.25553
          ],
          [
            37.985401,
            49.25593
          ],
          [
            37.986504,
            49.25633
          ],
          [
            37.987652,
            49.256742
          ],
          [
            37.988838,
            49.257163
          ],
          [
            37.990054,
            49.257592
          ],
          [
            37.991293,
            49.258029
          ],
          [
            37.992546,
            49.258471
          ],
          [
            37.993807,
            49.258917
          ],
          [
            37.995068,
            49.259367
          ],
          [
            37.99632,
            49.259819
          ],
          [
            37.997557,
            49.260271
          ],
          [
            37.99877,
            49.260723
          ],
          [
            37.999953,
            49.261173
          ],
          [
            38.001096,
            49.26162
          ],
          [
            38.002193,
            49.262062
          ],
          [
            38.003237,
            49.262499
          ],
          [
            38.004218,
            49.262929
          ],
          [
            38.00513,
            49.263351
          ],
          [
            38.005965,
            49.263764
          ],
          [
            38.006716,
            49.264166
          ],
          [
            38.007374,
            49.264556
          ],
          [
            38.00794,
            49.264932
          ],
          [
            38.008423,
            49.265295
          ],
          [
            38.008829,
            49.265646
          ],
          [
            38.009165,
            49.265986
          ],
          [
            38.009435,
            49.266318
          ],
          [
            38.009647,
            49.266642
          ],
          [
            38.009805,
            49.26696
          ],
          [
            38.009917,
            49.267274
          ],
          [
            38.009988,
            49.267585
          ],
          [
            38.010024,
            49.267896
          ],
          [
            38.010031,
            49.268206
          ],
          [
            38.010015,
            49.268519
          ],
          [
            38.009982,
            49.268835
          ],
          [
            38.009937,
            49.269156
          ],
          [
            38.009888,
            49.269484
          ],
          [
            38.00984,
            49.26982
          ],
          [
            38.009799,
            49.270166
          ],
          [
            38.009771,
            49.270523
          ],
          [
            38.009761,
            49.270893
          ],
          [
            38.009777,
            49.271277
          ],
          [
            38.009799,
            49.271679
          ],
          [
            38.009807,
            49.272099
          ],
          [
            38.0098,
            49.272535
          ],
          [
            38.009781,
            49.272985
          ],
          [
            38.00975,
            49.273446
          ],
          [
            38.009709,
            49.273917
          ],
          [
            38.009657,
            49.274394
          ],
          [
            38.009597,
            49.274877
          ],
          [
            38.009529,
            49.275362
          ],
          [
            38.009455,
            49.275848
          ],
          [
            38.009375,
            49.276332
          ],
          [
            38.009291,
            49.276811
          ],
          [
            38.009203,
            49.277285
          ],
          [
            38.009113,
            49.27775
          ],
          [
            38.009021,
            49.278204
          ],
          [
            38.008928,
            49.278645
          ],
          [
            38.008837,
            49.279071
          ],
          [
            38.008747,
            49.27948
          ],
          [
            38.008659,
            49.279869
          ],
          [
            38.008575,
            49.280236
          ],
          [
            38.008507,
            49.280593
          ],
          [
            38.008461,
            49.280951
          ],
          [
            38.008434,
            49.281309
          ],
          [
            38.008422,
            49.281664
          ],
          [
            38.008419,
            49.282014
          ],
          [
            38.008421,
            49.282359
          ],
          [
            38.008424,
            49.282695
          ],
          [
            38.008423,
            49.283022
          ],
          [
            38.008414,
            49.283337
          ],
          [
            38.008393,
            49.283638
          ],
          [
            38.008355,
            49.283924
          ],
          [
            38.008295,
            49.284193
          ],
          [
            38.00821,
            49.284442
          ],
          [
            38.008094,
            49.284671
          ],
          [
            38.007944,
            49.284877
          ],
          [
            38.007754,
            49.285058
          ],
          [
            38.007521,
            49.285213
          ],
          [
            38.00724,
            49.285339
          ],
          [
            38.006906,
            49.285435
          ],
          [
            38.006516,
            49.285499
          ],
          [
            38.006062,
            49.285515
          ],
          [
            38.005547,
            49.28547
          ],
          [
            38.004975,
            49.285373
          ],
          [
            38.004351,
            49.285229
          ],
          [
            38.003682,
            49.285045
          ],
          [
            38.002972,
            49.284829
          ],
          [
            38.002226,
            49.284587
          ],
          [
            38.001451,
            49.284325
          ],
          [
            38.000651,
            49.284051
          ],
          [
            37.999831,
            49.283771
          ],
          [
            37.998998,
            49.283492
          ],
          [
            37.998156,
            49.283221
          ],
          [
            37.997311,
            49.282964
          ],
          [
            37.996468,
            49.282728
          ],
          [
            37.995632,
            49.282521
          ],
          [
            37.99481,
            49.282348
          ],
          [
            37.994005,
            49.282217
          ],
          [
            37.993224,
            49.282134
          ],
          [
            37.992471,
            49.282106
          ],
          [
            37.991753,
            49.28214
          ],
          [
            37.991057,
            49.282227
          ],
          [
            37.990367,
            49.28235
          ],
          [
            37.989685,
            49.282509
          ],
          [
            37.989007,
            49.282699
          ],
          [
            37.988335,
            49.28292
          ],
          [
            37.987668,
            49.283168
          ],
          [
            37.987005,
            49.283441
          ],
          [
            37.986346,
            49.283737
          ],
          [
            37.98569,
            49.284053
          ],
          [
            37.985036,
            49.284387
          ],
          [
            37.984385,
            49.284736
          ],
          [
            37.983735,
            49.285099
          ],
          [
            37.983087,
            49.285473
          ],
          [
            37.982439,
            49.285854
          ],
          [
            37.981791,
            49.286242
          ],
          [
            37.981143,
            49.286634
          ],
          [
            37.980493,
            49.287026
          ],
          [
            37.979843,
            49.287417
          ],
          [
            37.97919,
            49.287805
          ],
          [
            37.978535,
            49.288187
          ],
          [
            37.977877,
            49.288567
          ],
          [
            37.977218,
            49.288951
          ],
          [
            37.976559,
            49.28934
          ],
          [
            37.975898,
            49.289735
          ],
          [
            37.975237,
            49.290137
          ],
          [
            37.974576,
            49.290544
          ],
          [
            37.973915,
            49.290959
          ],
          [
            37.973254,
            49.291382
          ],
          [
            37.972595,
            49.291813
          ],
          [
            37.971936,
            49.292252
          ],
          [
            37.97128,
            49.292702
          ],
          [
            37.970625,
            49.293161
          ],
          [
            37.969972,
            49.29363
          ],
          [
            37.969321,
            49.294111
          ],
          [
            37.968674,
            49.294603
          ],
          [
            37.968029,
            49.295107
          ],
          [
            37.967388,
            49.295624
          ],
          [
            37.966751,
            49.296154
          ],
          [
            37.966117,
            49.296697
          ],
          [
            37.965488,
            49.297255
          ],
          [
            37.964842,
            49.297835
          ],
          [
            37.964161,
            49.29844
          ],
          [
            37.963451,
            49.299069
          ],
          [
            37.96272,
            49.299719
          ],
          [
            37.961973,
            49.300387
          ],
          [
            37.961218,
            49.301071
          ],
          [
            37.960462,
            49.301767
          ],
          [
            37.95971,
            49.302474
          ],
          [
            37.958969,
            49.303189
          ],
          [
            37.958246,
            49.303908
          ],
          [
            37.957549,
            49.30463
          ],
          [
            37.956882,
            49.305352
          ],
          [
            37.956253,
            49.306071
          ],
          [
            37.955669,
            49.306784
          ],
          [
            37.955136,
            49.307489
          ],
          [
            37.954661,
            49.308183
          ],
          [
            37.954251,
            49.308864
          ],
          [
            37.953911,
            49.309529
          ],
          [
            37.95365,
            49.310175
          ],
          [
            37.953472,
            49.310799
          ],
          [
            37.953415,
            49.311409
          ],
          [
            37.9535,
            49.312015
          ],
          [
            37.953709,
            49.312616
          ],
          [
            37.954026,
            49.313211
          ],
          [
            37.954434,
            49.3138
          ],
          [
            37.954916,
            49.314384
          ],
          [
            37.955457,
            49.314961
          ],
          [
            37.956039,
            49.315532
          ],
          [
            37.956645,
            49.316096
          ],
          [
            37.957259,
            49.316653
          ],
          [
            37.957865,
            49.317203
          ],
          [
            37.958445,
            49.317744
          ],
          [
            37.958983,
            49.318278
          ],
          [
            37.959462,
            49.318803
          ],
          [
            37.959865,
            49.31932
          ],
          [
            37.960177,
            49.319828
          ],
          [
            37.960379,
            49.320327
          ],
          [
            37.960456,
            49.320816
          ],
          [
            37.960391,
            49.321296
          ],
          [
            37.960167,
            49.321765
          ],
          [
            37.959778,
            49.322221
          ],
          [
            37.959239,
            49.322661
          ],
          [
            37.958566,
            49.323086
          ],
          [
            37.957773,
            49.323498
          ],
          [
            37.956876,
            49.323898
          ],
          [
            37.955889,
            49.324288
          ],
          [
            37.954828,
            49.324668
          ],
          [
            37.953707,
            49.32504
          ],
          [
            37.952542,
            49.325405
          ],
          [
            37.951348,
            49.325765
          ],
          [
            37.950139,
            49.326122
          ],
          [
            37.948932,
            49.326475
          ],
          [
            37.947741,
            49.326828
          ],
          [
            37.94658,
            49.32718
          ],
          [
            37.945466,
            49.327534
          ],
          [
            37.944413,
            49.327891
          ],
          [
            37.943436,
            49.328252
          ],
          [
            37.94255,
            49.328619
          ],
          [
            37.94177,
            49.328992
          ],
          [
            37.941113,
            49.329373
          ],
          [
            37.940549,
            49.329756
          ],
          [
            37.940039,
            49.330134
          ],
          [
            37.93958,
            49.330507
          ],
          [
            37.939169,
            49.330877
          ],
          [
            37.938803,
            49.331245
          ],
          [
            37.938478,
            49.331611
          ],
          [
            37.938192,
            49.331977
          ],
          [
            37.93794,
            49.332345
          ],
          [
            37.93772,
            49.332714
          ],
          [
            37.937529,
            49.333086
          ],
          [
            37.937363,
            49.333462
          ],
          [
            37.937219,
            49.333844
          ],
          [
            37.937094,
            49.334231
          ],
          [
            37.936985,
            49.334626
          ],
          [
            37.936888,
            49.335029
          ],
          [
            37.9368,
            49.335441
          ],
          [
            37.936719,
            49.335864
          ],
          [
            37.93664,
            49.336298
          ],
          [
            37.936561,
            49.336744
          ],
          [
            37.936478,
            49.337204
          ],
          [
            37.9364,
            49.33767
          ],
          [
            37.93634,
            49.338136
          ],
          [
            37.936296,
            49.338602
          ],
          [
            37.936268,
            49.339071
          ],
          [
            37.936255,
            49.339544
          ],
          [
            37.936258,
            49.340022
          ],
          [
            37.936275,
            49.340506
          ],
          [
            37.936307,
            49.340999
          ],
          [
            37.936353,
            49.341501
          ],
          [
            37.936413,
            49.342014
          ],
          [
            37.936486,
            49.342539
          ],
          [
            37.936572,
            49.343077
          ],
          [
            37.936671,
            49.343631
          ],
          [
            37.936782,
            49.344202
          ],
          [
            37.936904,
            49.34479
          ],
          [
            37.937038,
            49.345398
          ],
          [
            37.937183,
            49.346027
          ],
          [
            37.937338,
            49.346678
          ],
          [
            37.937504,
            49.347353
          ],
          [
            37.937679,
            49.348053
          ],
          [
            37.937885,
            49.348787
          ],
          [
            37.938136,
            49.349562
          ],
          [
            37.938427,
            49.350373
          ],
          [
            37.938752,
            49.351216
          ],
          [
            37.939105,
            49.352087
          ],
          [
            37.93948,
            49.352982
          ],
          [
            37.939871,
            49.353897
          ],
          [
            37.940272,
            49.354827
          ],
          [
            37.940677,
            49.355769
          ],
          [
            37.94108,
            49.356718
          ],
          [
            37.941476,
            49.357671
          ],
          [
            37.941857,
            49.358623
          ],
          [
            37.942218,
            49.35957
          ],
          [
            37.942554,
            49.360509
          ],
          [
            37.942857,
            49.361434
          ],
          [
            37.943123,
            49.362342
          ],
          [
            37.943345,
            49.363228
          ],
          [
            37.943517,
            49.364089
          ],
          [
            37.943633,
            49.364921
          ],
          [
            37.943687,
            49.365719
          ],
          [
            37.943689,
            49.3665
          ],
          [
            37.943651,
            49.367282
          ],
          [
            37.943575,
            49.368063
          ],
          [
            37.943465,
            49.368841
          ],
          [
            37.943321,
            49.369614
          ],
          [
            37.943146,
            49.37038
          ],
          [
            37.942942,
            49.371137
          ],
          [
            37.942711,
            49.371883
          ],
          [
            37.942454,
            49.372616
          ],
          [
            37.942175,
            49.373334
          ],
          [
            37.941874,
            49.374035
          ],
          [
            37.941553,
            49.374717
          ],
          [
            37.941216,
            49.375377
          ],
          [
            37.940863,
            49.376015
          ],
          [
            37.940497,
            49.376628
          ],
          [
            37.94012,
            49.377213
          ],
          [
            37.939733,
            49.377769
          ],
          [
            37.939339,
            49.378295
          ],
          [
            37.93894,
            49.378787
          ],
          [
            37.938538,
            49.379244
          ],
          [
            37.938151,
            49.379662
          ],
          [
            37.937791,
            49.380043
          ],
          [
            37.937452,
            49.380388
          ],
          [
            37.937126,
            49.380699
          ],
          [
            37.936805,
            49.38098
          ],
          [
            37.936482,
            49.381233
          ],
          [
            37.936149,
            49.381461
          ],
          [
            37.935799,
            49.381666
          ],
          [
            37.935425,
            49.38185
          ],
          [
            37.935019,
            49.382017
          ],
          [
            37.934573,
            49.382168
          ],
          [
            37.93408,
            49.382307
          ],
          [
            37.933533,
            49.382435
          ],
          [
            37.932924,
            49.382556
          ],
          [
            37.932245,
            49.382672
          ],
          [
            37.93149,
            49.382786
          ],
          [
            37.93065,
            49.3829
          ],
          [
            37.929719,
            49.383016
          ],
          [
            37.928688,
            49.383137
          ],
          [
            37.927551,
            49.383267
          ],
          [
            37.926276,
            49.383398
          ],
          [
            37.924847,
            49.383524
          ],
          [
            37.92328,
            49.383644
          ],
          [
            37.921591,
            49.383759
          ],
          [
            37.919796,
            49.383867
          ],
          [
            37.917909,
            49.383968
          ],
          [
            37.915948,
            49.384063
          ],
          [
            37.913928,
            49.384152
          ],
          [
            37.911865,
            49.384233
          ],
          [
            37.909774,
            49.384307
          ],
          [
            37.907671,
            49.384374
          ],
          [
            37.905572,
            49.384433
          ],
          [
            37.903493,
            49.384485
          ],
          [
            37.901449,
            49.384528
          ],
          [
            37.899456,
            49.384563
          ],
          [
            37.897531,
            49.38459
          ],
          [
            37.895689,
            49.384608
          ],
          [
            37.893945,
            49.384617
          ],
          [
            37.892315,
            49.384617
          ],
          [
            37.890816,
            49.384608
          ],
          [
            37.88942,
            49.384584
          ],
          [
            37.888087,
            49.384541
          ],
          [
            37.886814,
            49.38448
          ],
          [
            37.885596,
            49.384405
          ],
          [
            37.884429,
            49.384316
          ],
          [
            37.88331,
            49.384216
          ],
          [
            37.882235,
            49.384107
          ],
          [
            37.881199,
            49.38399
          ],
          [
            37.880198,
            49.383868
          ],
          [
            37.879229,
            49.383742
          ],
          [
            37.878287,
            49.383614
          ],
          [
            37.877368,
            49.383487
          ],
          [
            37.87647,
            49.383362
          ],
          [
            37.875586,
            49.38324
          ],
          [
            37.874714,
            49.383125
          ],
          [
            37.87385,
            49.383018
          ],
          [
            37.872989,
            49.382921
          ],
          [
            37.872128,
            49.382836
          ],
          [
            37.871262,
            49.382764
          ],
          [
            37.870388,
            49.382708
          ],
          [
            37.869523,
            49.382663
          ],
          [
            37.868687,
            49.382623
          ],
          [
            37.867876,
            49.382587
          ],
          [
            37.867089,
            49.382556
          ],
          [
            37.866323,
            49.38253
          ],
          [
            37.865575,
            49.382509
          ],
          [
            37.864843,
            49.382492
          ],
          [
            37.864124,
            49.38248
          ],
          [
            37.863417,
            49.382473
          ],
          [
            37.862717,
            49.382471
          ],
          [
            37.862023,
            49.382473
          ],
          [
            37.861333,
            49.38248
          ],
          [
            37.860643,
            49.382492
          ],
          [
            37.859951,
            49.382509
          ],
          [
            37.859256,
            49.38253
          ],
          [
            37.858553,
            49.382556
          ],
          [
            37.857841,
            49.382587
          ],
          [
            37.857118,
            49.382623
          ],
          [
            37.85638,
            49.382663
          ],
          [
            37.855625,
            49.382708
          ],
          [
            37.854852,
            49.382757
          ],
          [
            37.854061,
            49.382808
          ],
          [
            37.853256,
            49.382862
          ],
          [
            37.852439,
            49.38292
          ],
          [
            37.851613,
            49.382981
          ],
          [
            37.850779,
            49.383047
          ],
          [
            37.849941,
            49.383117
          ],
          [
            37.849102,
            49.383192
          ],
          [
            37.848263,
            49.383272
          ],
          [
            37.847428,
            49.383358
          ],
          [
            37.846599,
            49.383449
          ],
          [
            37.845779,
            49.383548
          ],
          [
            37.844969,
            49.383652
          ],
          [
            37.844174,
            49.383764
          ],
          [
            37.843394,
            49.383884
          ],
          [
            37.842634,
            49.384012
          ],
          [
            37.841895,
            49.384147
          ],
          [
            37.84118,
            49.384292
          ],
          [
            37.840491,
            49.384445
          ],
          [
            37.839832,
            49.384608
          ],
          [
            37.83922,
            49.384784
          ],
          [
            37.838664,
            49.384977
          ],
          [
            37.838157,
            49.385184
          ],
          [
            37.837693,
            49.385404
          ],
          [
            37.837263,
            49.385636
          ],
          [
            37.83686,
            49.385878
          ],
          [
            37.836476,
            49.386128
          ],
          [
            37.836105,
            49.386385
          ],
          [
            37.835739,
            49.386647
          ],
          [
            37.835369,
            49.386913
          ],
          [
            37.834989,
            49.38718
          ],
          [
            37.834592,
            49.387448
          ],
          [
            37.834169,
            49.387714
          ],
          [
            37.833714,
            49.387978
          ],
          [
            37.833218,
            49.388238
          ],
          [
            37.832675,
            49.388491
          ],
          [
            37.832076,
            49.388737
          ],
          [
            37.831415,
            49.388973
          ],
          [
            37.830684,
            49.389199
          ],
          [
            37.829876,
            49.389413
          ],
          [
            37.829001,
            49.389615
          ],
          [
            37.828077,
            49.389809
          ],
          [
            37.827107,
            49.389996
          ],
          [
            37.826093,
            49.390177
          ],
          [
            37.825037,
            49.390352
          ],
          [
            37.823941,
            49.390522
          ],
          [
            37.822809,
            49.390689
          ],
          [
            37.821643,
            49.390852
          ],
          [
            37.820445,
            49.391013
          ],
          [
            37.819217,
            49.391173
          ],
          [
            37.817962,
            49.391332
          ],
          [
            37.816682,
            49.391491
          ],
          [
            37.81538,
            49.391651
          ],
          [
            37.814058,
            49.391814
          ],
          [
            37.812719,
            49.391979
          ],
          [
            37.811364,
            49.392148
          ],
          [
            37.809997,
            49.392321
          ],
          [
            37.808619,
            49.3925
          ],
          [
            37.807234,
            49.392685
          ],
          [
            37.805843,
            49.392876
          ],
          [
            37.804432,
            49.393068
          ],
          [
            37.802984,
            49.393254
          ],
          [
            37.801502,
            49.393435
          ],
          [
            37.799991,
            49.393612
          ],
          [
            37.798453,
            49.393788
          ],
          [
            37.79689,
            49.393963
          ],
          [
            37.795306,
            49.39414
          ],
          [
            37.793704,
            49.394319
          ],
          [
            37.792087,
            49.394503
          ],
          [
            37.790458,
            49.394692
          ],
          [
            37.78882,
            49.394889
          ],
          [
            37.787176,
            49.395094
          ],
          [
            37.785529,
            49.39531
          ],
          [
            37.783882,
            49.395537
          ],
          [
            37.782239,
            49.395778
          ],
          [
            37.780601,
            49.396033
          ],
          [
            37.778972,
            49.396305
          ],
          [
            37.777356,
            49.396595
          ],
          [
            37.775755,
            49.396904
          ],
          [
            37.774172,
            49.397234
          ],
          [
            37.772582,
            49.397599
          ],
          [
            37.770962,
            49.398009
          ],
          [
            37.769318,
            49.398459
          ],
          [
            37.767654,
            49.398942
          ],
          [
            37.765977,
            49.399452
          ],
          [
            37.764292,
            49.399985
          ],
          [
            37.762604,
            49.400533
          ],
          [
            37.760919,
            49.401093
          ],
          [
            37.759242,
            49.401656
          ],
          [
            37.75758,
            49.402219
          ],
          [
            37.755936,
            49.402774
          ],
          [
            37.754318,
            49.403317
          ],
          [
            37.75273,
            49.403841
          ],
          [
            37.751178,
            49.404341
          ],
          [
            37.749668,
            49.404811
          ],
          [
            37.748204,
            49.405245
          ],
          [
            37.746793,
            49.405637
          ],
          [
            37.74544,
            49.405981
          ],
          [
            37.74415,
            49.406273
          ],
          [
            37.742929,
            49.406505
          ],
          [
            37.741768,
            49.406674
          ],
          [
            37.740653,
            49.406783
          ],
          [
            37.739581,
            49.406837
          ],
          [
            37.738553,
            49.406843
          ],
          [
            37.737566,
            49.406807
          ],
          [
            37.736619,
            49.406734
          ],
          [
            37.73571,
            49.406632
          ],
          [
            37.734839,
            49.406505
          ],
          [
            37.734004,
            49.406359
          ],
          [
            37.733204,
            49.406202
          ],
          [
            37.732436,
            49.406038
          ],
          [
            37.731701,
            49.405874
          ],
          [
            37.730996,
            49.405716
          ],
          [
            37.730319,
            49.40557
          ],
          [
            37.729671,
            49.405441
          ],
          [
            37.729048,
            49.405337
          ],
          [
            37.728451,
            49.405262
          ],
          [
            37.727877,
            49.405223
          ],
          [
            37.727325,
            49.405226
          ],
          [
            37.726793,
            49.405277
          ],
          [
            37.726318,
            49.405371
          ],
          [
            37.72593,
            49.405498
          ],
          [
            37.725617,
            49.405654
          ],
          [
            37.72537,
            49.405837
          ],
          [
            37.725179,
            49.406042
          ],
          [
            37.725033,
            49.406266
          ],
          [
            37.724922,
            49.406507
          ],
          [
            37.724837,
            49.40676
          ],
          [
            37.724767,
            49.407022
          ],
          [
            37.724701,
            49.407291
          ],
          [
            37.72463,
            49.407562
          ],
          [
            37.724544,
            49.407833
          ],
          [
            37.724432,
            49.4081
          ],
          [
            37.724284,
            49.408359
          ],
          [
            37.72409,
            49.408608
          ],
          [
            37.723839,
            49.408843
          ],
          [
            37.723523,
            49.409061
          ],
          [
            37.723129,
            49.409258
          ],
          [
            37.722649,
            49.409431
          ],
          [
            37.722073,
            49.409577
          ],
          [
            37.721405,
            49.4097
          ],
          [
            37.720664,
            49.409808
          ],
          [
            37.719856,
            49.409902
          ],
          [
            37.718987,
            49.409982
          ],
          [
            37.718062,
            49.410051
          ],
          [
            37.717088,
            49.41011
          ],
          [
            37.716071,
            49.410159
          ],
          [
            37.715016,
            49.410201
          ],
          [
            37.71393,
            49.410235
          ],
          [
            37.712819,
            49.410265
          ],
          [
            37.711689,
            49.41029
          ],
          [
            37.710545,
            49.410312
          ],
          [
            37.709395,
            49.410332
          ],
          [
            37.708243,
            49.410351
          ],
          [
            37.707096,
            49.410372
          ],
          [
            37.70596,
            49.410394
          ],
          [
            37.704841,
            49.410419
          ],
          [
            37.703744,
            49.410449
          ],
          [
            37.702677,
            49.410484
          ],
          [
            37.701645,
            49.410526
          ],
          [
            37.700608,
            49.410553
          ],
          [
            37.699528,
            49.410546
          ],
          [
            37.698413,
            49.410511
          ],
          [
            37.697271,
            49.410453
          ],
          [
            37.696109,
            49.410379
          ],
          [
            37.694935,
            49.410296
          ],
          [
            37.693756,
            49.410208
          ],
          [
            37.692581,
            49.410121
          ],
          [
            37.691417,
            49.410043
          ],
          [
            37.690272,
            49.409979
          ],
          [
            37.689154,
            49.409934
          ],
          [
            37.68807,
            49.409916
          ],
          [
            37.687028,
            49.409929
          ],
          [
            37.686036,
            49.40998
          ],
          [
            37.685101,
            49.410075
          ],
          [
            37.684232,
            49.41022
          ],
          [
            37.683435,
            49.410421
          ],
          [
            37.682719,
            49.410684
          ],
          [
            37.682092,
            49.411015
          ],
          [
            37.681561,
            49.41142
          ],
          [
            37.681098,
            49.411911
          ],
          [
            37.680675,
            49.412491
          ],
          [
            37.680292,
            49.41315
          ],
          [
            37.679952,
            49.413881
          ],
          [
            37.679659,
            49.414675
          ],
          [
            37.679414,
            49.415523
          ],
          [
            37.679219,
            49.416417
          ],
          [
            37.679078,
            49.417347
          ],
          [
            37.678992,
            49.418307
          ],
          [
            37.678964,
            49.419286
          ],
          [
            37.678997,
            49.420276
          ],
          [
            37.679093,
            49.421269
          ],
          [
            37.679254,
            49.422256
          ],
          [
            37.679483,
            49.423229
          ],
          [
            37.679782,
            49.424179
          ],
          [
            37.680154,
            49.425097
          ],
          [
            37.680602,
            49.425975
          ],
          [
            37.681126,
            49.426804
          ],
          [
            37.681731,
            49.427576
          ],
          [
            37.682419,
            49.428282
          ],
          [
            37.683196,
            49.428941
          ],
          [
            37.684066,
            49.429579
          ],
          [
            37.685025,
            49.430198
          ],
          [
            37.686068,
            49.430796
          ],
          [
            37.68719,
            49.431376
          ],
          [
            37.688389,
            49.431937
          ],
          [
            37.689659,
            49.43248
          ],
          [
            37.690996,
            49.433007
          ],
          [
            37.692397,
            49.433516
          ],
          [
            37.693856,
            49.43401
          ],
          [
            37.695369,
            49.434489
          ],
          [
            37.696933,
            49.434953
          ],
          [
            37.698543,
            49.435404
          ],
          [
            37.700195,
            49.435841
          ],
          [
            37.701884,
            49.436265
          ],
          [
            37.703606,
            49.436677
          ],
          [
            37.705357,
            49.437078
          ],
          [
            37.707133,
            49.437468
          ],
          [
            37.70893,
            49.437847
          ],
          [
            37.710743,
            49.438217
          ],
          [
            37.712631,
            49.438548
          ],
          [
            37.714646,
            49.438815
          ],
          [
            37.716772,
            49.439028
          ],
          [
            37.718995,
            49.439195
          ],
          [
            37.721299,
            49.439324
          ],
          [
            37.723668,
            49.439426
          ],
          [
            37.726088,
            49.439509
          ],
          [
            37.728544,
            49.439581
          ],
          [
            37.731019,
            49.439653
          ],
          [
            37.733499,
            49.439732
          ],
          [
            37.735968,
            49.439827
          ],
          [
            37.738412,
            49.439949
          ],
          [
            37.740815,
            49.440104
          ],
          [
            37.743161,
            49.440303
          ],
          [
            37.745436,
            49.440554
          ],
          [
            37.747624,
            49.440866
          ],
          [
            37.74971,
            49.441249
          ],
          [
            37.751679,
            49.44171
          ],
          [
            37.753515,
            49.442259
          ],
          [
            37.755203,
            49.442906
          ],
          [
            37.756774,
            49.44366
          ],
          [
            37.758269,
            49.44452
          ],
          [
            37.759691,
            49.445475
          ],
          [
            37.761042,
            49.446516
          ],
          [
            37.762326,
            49.447631
          ],
          [
            37.763544,
            49.44881
          ],
          [
            37.764698,
            49.450042
          ],
          [
            37.765793,
            49.451317
          ],
          [
            37.766829,
            49.452624
          ],
          [
            37.76781,
            49.453953
          ],
          [
            37.768737,
            49.455293
          ],
          [
            37.769615,
            49.456634
          ],
          [
            37.770444,
            49.457965
          ],
          [
            37.771228,
            49.459275
          ],
          [
            37.771968,
            49.460554
          ],
          [
            37.772669,
            49.461792
          ],
          [
            37.773331,
            49.462978
          ],
          [
            37.773958,
            49.4641
          ],
          [
            37.774552,
            49.46515
          ],
          [
            37.775116,
            49.466116
          ],
          [
            37.775686,
            49.467011
          ],
          [
            37.776287,
            49.467859
          ],
          [
            37.776906,
            49.468663
          ],
          [
            37.77753,
            49.469427
          ],
          [
            37.778146,
            49.470157
          ],
          [
            37.778739,
            49.470855
          ],
          [
            37.779296,
            49.471527
          ],
          [
            37.779804,
            49.472176
          ],
          [
            37.78025,
            49.472807
          ],
          [
            37.78062,
            49.473423
          ],
          [
            37.7809,
            49.474029
          ],
          [
            37.781077,
            49.47463
          ],
          [
            37.781138,
            49.475229
          ],
          [
            37.781069,
            49.47583
          ],
          [
            37.780857,
            49.476438
          ],
          [
            37.780488,
            49.477057
          ],
          [
            37.779949,
            49.477691
          ],
          [
            37.779226,
            49.478344
          ],
          [
            37.778306,
            49.479021
          ],
          [
            37.777176,
            49.479725
          ],
          [
            37.775753,
            49.480454
          ],
          [
            37.773989,
            49.4812
          ],
          [
            37.77192,
            49.481962
          ],
          [
            37.769583,
            49.482737
          ],
          [
            37.767014,
            49.483522
          ],
          [
            37.764251,
            49.484315
          ],
          [
            37.761328,
            49.485113
          ],
          [
            37.758284,
            49.485915
          ],
          [
            37.755153,
            49.486717
          ],
          [
            37.751974,
            49.487517
          ],
          [
            37.748782,
            49.488313
          ],
          [
            37.745614,
            49.489103
          ],
          [
            37.742506,
            49.489884
          ],
          [
            37.739495,
            49.490653
          ],
          [
            37.736617,
            49.491408
          ],
          [
            37.733909,
            49.492147
          ],
          [
            37.731407,
            49.492867
          ],
          [
            37.729149,
            49.493566
          ],
          [
            37.727169,
            49.494241
          ],
          [
            37.725506,
            49.494891
          ],
          [
            37.724128,
            49.495521
          ],
          [
            37.722968,
            49.496142
          ],
          [
            37.722007,
            49.496752
          ],
          [
            37.721225,
            49.497351
          ],
          [
            37.720604,
            49.497938
          ],
          [
            37.720124,
            49.498515
          ],
          [
            37.719766,
            49.499079
          ],
          [
            37.71951,
            49.49963
          ],
          [
            37.719338,
            49.500169
          ],
          [
            37.719229,
            49.500695
          ],
          [
            37.719166,
            49.501207
          ],
          [
            37.719128,
            49.501706
          ],
          [
            37.719097,
            49.50219
          ],
          [
            37.719052,
            49.502659
          ],
          [
            37.718976,
            49.503114
          ],
          [
            37.718848,
            49.503553
          ],
          [
            37.71865,
            49.503976
          ],
          [
            37.718361,
            49.504383
          ],
          [
            37.717964,
            49.504774
          ],
          [
            37.717438,
            49.505147
          ],
          [
            37.716815,
            49.505488
          ],
          [
            37.716144,
            49.505782
          ],
          [
            37.71543,
            49.506036
          ],
          [
            37.714677,
            49.506256
          ],
          [
            37.713892,
            49.506446
          ],
          [
            37.713078,
            49.506612
          ],
          [
            37.712242,
            49.50676
          ],
          [
            37.711388,
            49.506894
          ],
          [
            37.710522,
            49.507022
          ],
          [
            37.709649,
            49.507147
          ],
          [
            37.708773,
            49.507276
          ],
          [
            37.7079,
            49.507413
          ],
          [
            37.707036,
            49.507566
          ],
          [
            37.706184,
            49.507738
          ],
          [
            37.705352,
            49.507935
          ],
          [
            37.704543,
            49.508163
          ],
          [
            37.703762,
            49.508428
          ],
          [
            37.703016,
            49.508734
          ],
          [
            37.702308,
            49.509088
          ],
          [
            37.701645,
            49.509495
          ],
          [
            37.701005,
            49.509945
          ],
          [
            37.700366,
            49.510426
          ],
          [
            37.699731,
            49.510937
          ],
          [
            37.699102,
            49.511475
          ],
          [
            37.698481,
            49.512039
          ],
          [
            37.69787,
            49.512627
          ],
          [
            37.697274,
            49.513238
          ],
          [
            37.696693,
            49.513871
          ],
          [
            37.69613,
            49.514523
          ],
          [
            37.695588,
            49.515193
          ],
          [
            37.69507,
            49.515879
          ],
          [
            37.694577,
            49.51658
          ],
          [
            37.694113,
            49.517295
          ],
          [
            37.693679,
            49.518021
          ],
          [
            37.693278,
            49.518757
          ],
          [
            37.692914,
            49.519502
          ],
          [
            37.692587,
            49.520254
          ],
          [
            37.692301,
            49.521011
          ],
          [
            37.692058,
            49.521771
          ],
          [
            37.69186,
            49.522534
          ],
          [
            37.691719,
            49.523318
          ],
          [
            37.691641,
            49.52414
          ],
          [
            37.691619,
            49.524995
          ],
          [
            37.691648,
            49.525879
          ],
          [
            37.691723,
            49.526786
          ],
          [
            37.691839,
            49.527712
          ],
          [
            37.69199,
            49.528653
          ],
          [
            37.692171,
            49.529603
          ],
          [
            37.692376,
            49.530559
          ],
          [
            37.6926,
            49.531514
          ],
          [
            37.692838,
            49.532464
          ],
          [
            37.693084,
            49.533405
          ],
          [
            37.693332,
            49.534332
          ],
          [
            37.693578,
            49.53524
          ],
          [
            37.693816,
            49.536125
          ],
          [
            37.69404,
            49.536981
          ],
          [
            37.694245,
            49.537803
          ],
          [
            37.694426,
            49.538589
          ],
          [
            37.694577,
            49.539331
          ],
          [
            37.694693,
            49.540026
          ],
          [
            37.694777,
            49.540679
          ],
          [
            37.694839,
            49.541299
          ],
          [
            37.694882,
            49.541889
          ],
          [
            37.694908,
            49.542451
          ],
          [
            37.694922,
            49.542987
          ],
          [
            37.694926,
            49.543499
          ],
          [
            37.694923,
            49.543989
          ],
          [
            37.694917,
            49.544459
          ],
          [
            37.694911,
            49.544911
          ],
          [
            37.694907,
            49.545348
          ],
          [
            37.69491,
            49.545772
          ],
          [
            37.694921,
            49.546184
          ],
          [
            37.694945,
            49.546587
          ],
          [
            37.694985,
            49.546983
          ],
          [
            37.695043,
            49.547374
          ],
          [
            37.695122,
            49.547761
          ],
          [
            37.695227,
            49.548149
          ],
          [
            37.69536,
            49.548537
          ],
          [
            37.695524,
            49.548929
          ],
          [
            37.695723,
            49.549326
          ],
          [
            37.695943,
            49.549732
          ],
          [
            37.696171,
            49.550144
          ],
          [
            37.696408,
            49.550561
          ],
          [
            37.696656,
            49.55098
          ],
          [
            37.696916,
            49.551399
          ],
          [
            37.697191,
            49.551815
          ],
          [
            37.69748,
            49.552227
          ],
          [
            37.697787,
            49.552631
          ],
          [
            37.698113,
            49.553026
          ],
          [
            37.698458,
            49.553409
          ],
          [
            37.698826,
            49.553777
          ],
          [
            37.699216,
            49.55413
          ],
          [
            37.699632,
            49.554463
          ],
          [
            37.700073,
            49.554774
          ],
          [
            37.700543,
            49.555062
          ],
          [
            37.701041,
            49.555324
          ],
          [
            37.701571,
            49.555558
          ],
          [
            37.702133,
            49.55576
          ],
          [
            37.70273,
            49.55593
          ],
          [
            37.703362,
            49.556064
          ],
          [
            37.704043,
            49.556147
          ],
          [
            37.704784,
            49.55617
          ],
          [
            37.705578,
            49.55614
          ],
          [
            37.70642,
            49.556063
          ],
          [
            37.707304,
            49.555946
          ],
          [
            37.708224,
            49.555796
          ],
          [
            37.709175,
            49.555619
          ],
          [
            37.71015,
            49.555422
          ],
          [
            37.711145,
            49.555212
          ],
          [
            37.712154,
            49.554996
          ],
          [
            37.71317,
            49.554779
          ],
          [
            37.714189,
            49.55457
          ],
          [
            37.715203,
            49.554374
          ],
          [
            37.716209,
            49.554199
          ],
          [
            37.7172,
            49.55405
          ],
          [
            37.71817,
            49.553936
          ],
          [
            37.719113,
            49.553862
          ],
          [
            37.720025,
            49.553834
          ],
          [
            37.720899,
            49.553861
          ],
          [
            37.721729,
            49.553948
          ],
          [
            37.722518,
            49.554089
          ],
          [
            37.723273,
            49.554271
          ],
          [
            37.723998,
            49.554491
          ],
          [
            37.724697,
            49.554745
          ],
          [
            37.725374,
            49.55503
          ],
          [
            37.726034,
            49.555342
          ],
          [
            37.72668,
            49.55568
          ],
          [
            37.727316,
            49.556039
          ],
          [
            37.727946,
            49.556416
          ],
          [
            37.728574,
            49.556809
          ],
          [
            37.729205,
            49.557213
          ],
          [
            37.729841,
            49.557626
          ],
          [
            37.730488,
            49.558044
          ],
          [
            37.731149,
            49.558464
          ],
          [
            37.731828,
            49.558884
          ],
          [
            37.732529,
            49.559299
          ],
          [
            37.733256,
            49.559706
          ],
          [
            37.734013,
            49.560103
          ],
          [
            37.734804,
            49.560486
          ],
          [
            37.735634,
            49.560852
          ],
          [
            37.736506,
            49.561203
          ],
          [
            37.737421,
            49.561544
          ],
          [
            37.738374,
            49.561876
          ],
          [
            37.73936,
            49.562203
          ],
          [
            37.740373,
            49.562525
          ],
          [
            37.74141,
            49.562845
          ],
          [
            37.742466,
            49.563165
          ],
          [
            37.743536,
            49.563487
          ],
          [
            37.744614,
            49.563813
          ],
          [
            37.745697,
            49.564144
          ],
          [
            37.74678,
            49.564483
          ],
          [
            37.747858,
            49.564831
          ],
          [
            37.748925,
            49.565191
          ],
          [
            37.749978,
            49.565565
          ],
          [
            37.751011,
            49.565954
          ],
          [
            37.75202,
            49.566361
          ],
          [
            37.753,
            49.566786
          ],
          [
            37.753946,
            49.567234
          ],
          [
            37.754854,
            49.567705
          ],
          [
            37.755718,
            49.568201
          ],
          [
            37.756546,
            49.568713
          ],
          [
            37.757347,
            49.569233
          ],
          [
            37.758124,
            49.569761
          ],
          [
            37.758878,
            49.5703
          ],
          [
            37.759611,
            49.570849
          ],
          [
            37.760326,
            49.57141
          ],
          [
            37.761022,
            49.571985
          ],
          [
            37.761703,
            49.572574
          ],
          [
            37.76237,
            49.573179
          ],
          [
            37.763025,
            49.573802
          ],
          [
            37.763669,
            49.574442
          ],
          [
            37.764304,
            49.575102
          ],
          [
            37.764932,
            49.575782
          ],
          [
            37.765555,
            49.576484
          ],
          [
            37.766175,
            49.57721
          ],
          [
            37.766792,
            49.577959
          ],
          [
            37.76741,
            49.578734
          ],
          [
            37.768029,
            49.579536
          ],
          [
            37.768652,
            49.580366
          ],
          [
            37.769279,
            49.581224
          ],
          [
            37.769918,
            49.582132
          ],
          [
            37.770571,
            49.583103
          ],
          [
            37.771235,
            49.584129
          ],
          [
            37.771905,
            49.585205
          ],
          [
            37.77258,
            49.586322
          ],
          [
            37.773255,
            49.587473
          ],
          [
            37.773928,
            49.588651
          ],
          [
            37.774595,
            49.589849
          ],
          [
            37.775254,
            49.59106
          ],
          [
            37.775899,
            49.592276
          ],
          [
            37.776529,
            49.59349
          ],
          [
            37.77714,
            49.594695
          ],
          [
            37.777729,
            49.595884
          ],
          [
            37.778292,
            49.59705
          ],
          [
            37.778827,
            49.598185
          ],
          [
            37.779329,
            49.599281
          ],
          [
            37.779796,
            49.600333
          ],
          [
            37.780225,
            49.601333
          ],
          [
            37.780611,
            49.602272
          ],
          [
            37.780952,
            49.603146
          ],
          [
            37.781263,
            49.603953
          ],
          [
            37.781557,
            49.604705
          ],
          [
            37.781833,
            49.605406
          ],
          [
            37.78209,
            49.606061
          ],
          [
            37.782324,
            49.606677
          ],
          [
            37.782536,
            49.607258
          ],
          [
            37.782722,
            49.60781
          ],
          [
            37.782881,
            49.608337
          ],
          [
            37.78301,
            49.608846
          ],
          [
            37.783109,
            49.609341
          ],
          [
            37.783175,
            49.609828
          ],
          [
            37.783206,
            49.610312
          ],
          [
            37.783201,
            49.610798
          ],
          [
            37.783157,
            49.611292
          ],
          [
            37.783073,
            49.611799
          ],
          [
            37.782946,
            49.612324
          ],
          [
            37.782776,
            49.612873
          ],
          [
            37.78256,
            49.613451
          ],
          [
            37.782296,
            49.614063
          ],
          [
            37.781982,
            49.614714
          ],
          [
            37.781603,
            49.615402
          ],
          [
            37.781149,
            49.616118
          ],
          [
            37.780625,
            49.616858
          ],
          [
            37.780038,
            49.61762
          ],
          [
            37.779395,
            49.6184
          ],
          [
            37.778702,
            49.619195
          ],
          [
            37.777966,
            49.620001
          ],
          [
            37.777192,
            49.620816
          ],
          [
            37.776389,
            49.621636
          ],
          [
            37.775561,
            49.622457
          ],
          [
            37.774716,
            49.623278
          ],
          [
            37.77386,
            49.624093
          ],
          [
            37.772999,
            49.624901
          ],
          [
            37.772141,
            49.625698
          ],
          [
            37.77129,
            49.62648
          ],
          [
            37.770455,
            49.627244
          ],
          [
            37.769641,
            49.627988
          ],
          [
            37.768855,
            49.628707
          ],
          [
            37.768103,
            49.629399
          ],
          [
            37.767391,
            49.630061
          ],
          [
            37.766705,
            49.63069
          ],
          [
            37.766024,
            49.631292
          ],
          [
            37.765348,
            49.631867
          ],
          [
            37.764677,
            49.632421
          ],
          [
            37.76401,
            49.632954
          ],
          [
            37.763348,
            49.63347
          ],
          [
            37.76269,
            49.633972
          ],
          [
            37.762036,
            49.634463
          ],
          [
            37.761386,
            49.634945
          ],
          [
            37.760739,
            49.635422
          ],
          [
            37.760096,
            49.635896
          ],
          [
            37.759456,
            49.63637
          ],
          [
            37.758819,
            49.636847
          ],
          [
            37.758186,
            49.63733
          ],
          [
            37.757554,
            49.637822
          ],
          [
            37.756925,
            49.638325
          ],
          [
            37.756299,
            49.638843
          ],
          [
            37.755674,
            49.639378
          ],
          [
            37.755052,
            49.639933
          ],
          [
            37.754431,
            49.640511
          ],
          [
            37.753825,
            49.641123
          ],
          [
            37.753247,
            49.641774
          ],
          [
            37.75269,
            49.642459
          ],
          [
            37.752152,
            49.643171
          ],
          [
            37.751629,
            49.643906
          ],
          [
            37.751114,
            49.644656
          ],
          [
            37.750606,
            49.645418
          ],
          [
            37.750099,
            49.646184
          ],
          [
            37.749589,
            49.646949
          ],
          [
            37.749072,
            49.647708
          ],
          [
            37.748543,
            49.648455
          ],
          [
            37.748,
            49.649184
          ],
          [
            37.747436,
            49.649889
          ],
          [
            37.746849,
            49.650564
          ],
          [
            37.746233,
            49.651205
          ],
          [
            37.745585,
            49.651805
          ],
          [
            37.744901,
            49.652358
          ],
          [
            37.744176,
            49.652859
          ],
          [
            37.743406,
            49.653303
          ],
          [
            37.742586,
            49.653682
          ],
          [
            37.741713,
            49.653999
          ],
          [
            37.740788,
            49.654259
          ],
          [
            37.739816,
            49.654468
          ],
          [
            37.738801,
            49.654629
          ],
          [
            37.737749,
            49.654748
          ],
          [
            37.736663,
            49.654828
          ],
          [
            37.735549,
            49.654874
          ],
          [
            37.734411,
            49.654889
          ],
          [
            37.733254,
            49.65488
          ],
          [
            37.732083,
            49.654849
          ],
          [
            37.730902,
            49.654802
          ],
          [
            37.729716,
            49.654743
          ],
          [
            37.728529,
            49.654675
          ],
          [
            37.727348,
            49.654604
          ],
          [
            37.726175,
            49.654534
          ],
          [
            37.725016,
            49.654469
          ],
          [
            37.723876,
            49.654414
          ],
          [
            37.722759,
            49.654373
          ],
          [
            37.72167,
            49.65435
          ],
          [
            37.720613,
            49.654349
          ],
          [
            37.719554,
            49.65437
          ],
          [
            37.718458,
            49.654407
          ],
          [
            37.717332,
            49.654455
          ],
          [
            37.716185,
            49.654512
          ],
          [
            37.715023,
            49.654576
          ],
          [
            37.713855,
            49.654642
          ],
          [
            37.712688,
            49.654709
          ],
          [
            37.711529,
            49.654772
          ],
          [
            37.710387,
            49.654829
          ],
          [
            37.709268,
            49.654877
          ],
          [
            37.70818,
            49.654913
          ],
          [
            37.707131,
            49.654933
          ],
          [
            37.706129,
            49.654936
          ],
          [
            37.70518,
            49.654916
          ],
          [
            37.704293,
            49.654873
          ],
          [
            37.703475,
            49.654802
          ],
          [
            37.702733,
            49.6547
          ],
          [
            37.702076,
            49.654565
          ],
          [
            37.70151,
            49.654394
          ],
          [
            37.701044,
            49.654183
          ],
          [
            37.700697,
            49.653933
          ],
          [
            37.700476,
            49.653649
          ],
          [
            37.700369,
            49.653332
          ],
          [
            37.700364,
            49.652986
          ],
          [
            37.700447,
            49.652611
          ],
          [
            37.700608,
            49.652211
          ],
          [
            37.700833,
            49.651787
          ],
          [
            37.701111,
            49.651341
          ],
          [
            37.701428,
            49.650876
          ],
          [
            37.701774,
            49.650393
          ],
          [
            37.702134,
            49.649895
          ],
          [
            37.702498,
            49.649384
          ],
          [
            37.702853,
            49.648862
          ],
          [
            37.703187,
            49.64833
          ],
          [
            37.703486,
            49.647792
          ],
          [
            37.70374,
            49.647248
          ],
          [
            37.703935,
            49.646702
          ],
          [
            37.70406,
            49.646156
          ],
          [
            37.704102,
            49.64561
          ],
          [
            37.704048,
            49.645069
          ],
          [
            37.703927,
            49.644504
          ],
          [
            37.703776,
            49.643893
          ],
          [
            37.703594,
            49.643243
          ],
          [
            37.703383,
            49.642559
          ],
          [
            37.703145,
            49.641849
          ],
          [
            37.702879,
            49.64112
          ],
          [
            37.702587,
            49.640378
          ],
          [
            37.70227,
            49.63963
          ],
          [
            37.701929,
            49.638882
          ],
          [
            37.701564,
            49.638142
          ],
          [
            37.701177,
            49.637415
          ],
          [
            37.700769,
            49.63671
          ],
          [
            37.70034,
            49.636032
          ],
          [
            37.699891,
            49.635388
          ],
          [
            37.699423,
            49.634785
          ],
          [
            37.698938,
            49.634229
          ],
          [
            37.698436,
            49.633728
          ],
          [
            37.697918,
            49.633288
          ],
          [
            37.697385,
            49.632916
          ],
          [
            37.696838,
            49.632618
          ],
          [
            37.696242,
            49.632385
          ],
          [
            37.695566,
            49.632203
          ],
          [
            37.694821,
            49.632068
          ],
          [
            37.694019,
            49.631978
          ],
          [
            37.693169,
            49.631932
          ],
          [
            37.692282,
            49.631926
          ],
          [
            37.691369,
            49.631957
          ],
          [
            37.69044,
            49.632025
          ],
          [
            37.689506,
            49.632125
          ],
          [
            37.688577,
            49.632257
          ],
          [
            37.687664,
            49.632416
          ],
          [
            37.686778,
            49.632602
          ],
          [
            37.685928,
            49.632811
          ],
          [
            37.685126,
            49.633041
          ],
          [
            37.684382,
            49.63329
          ],
          [
            37.683707,
            49.633555
          ],
          [
            37.683111,
            49.633834
          ],
          [
            37.682605,
            49.634125
          ],
          [
            37.682199,
            49.634424
          ],
          [
            37.681904,
            49.63473
          ],
          [
            37.681716,
            49.63506
          ],
          [
            37.681618,
            49.635429
          ],
          [
            37.681604,
            49.635835
          ],
          [
            37.681668,
            49.636274
          ],
          [
            37.681801,
            49.636743
          ],
          [
            37.681996,
            49.637237
          ],
          [
            37.682248,
            49.637754
          ],
          [
            37.682548,
            49.63829
          ],
          [
            37.68289,
            49.638842
          ],
          [
            37.683266,
            49.639406
          ],
          [
            37.683671,
            49.639979
          ],
          [
            37.684096,
            49.640557
          ],
          [
            37.684534,
            49.641137
          ],
          [
            37.684979,
            49.641716
          ],
          [
            37.685424,
            49.642289
          ],
          [
            37.685862,
            49.642854
          ],
          [
            37.686285,
            49.643406
          ],
          [
            37.686686,
            49.643943
          ],
          [
            37.687059,
            49.644462
          ],
          [
            37.687397,
            49.644958
          ],
          [
            37.687719,
            49.645435
          ],
          [
            37.688048,
            49.645901
          ],
          [
            37.688384,
            49.646356
          ],
          [
            37.688726,
            49.646804
          ],
          [
            37.689075,
            49.647244
          ],
          [
            37.689428,
            49.647679
          ],
          [
            37.689787,
            49.64811
          ],
          [
            37.690149,
            49.648539
          ],
          [
            37.690515,
            49.648968
          ],
          [
            37.690884,
            49.649397
          ],
          [
            37.691255,
            49.649828
          ],
          [
            37.691628,
            49.650263
          ],
          [
            37.692002,
            49.650704
          ],
          [
            37.692377,
            49.651152
          ],
          [
            37.692752,
            49.651608
          ],
          [
            37.693126,
            49.652075
          ],
          [
            37.6935,
            49.652553
          ],
          [
            37.693871,
            49.653044
          ],
          [
            37.69424,
            49.653549
          ],
          [
            37.694607,
            49.654071
          ],
          [
            37.694942,
            49.654623
          ],
          [
            37.695224,
            49.655215
          ],
          [
            37.695463,
            49.655839
          ],
          [
            37.695668,
            49.656492
          ],
          [
            37.695849,
            49.657167
          ],
          [
            37.696014,
            49.657859
          ],
          [
            37.696173,
            49.658562
          ],
          [
            37.696336,
            49.659271
          ],
          [
            37.696512,
            49.65998
          ],
          [
            37.69671,
            49.660683
          ],
          [
            37.69694,
            49.661375
          ],
          [
            37.697211,
            49.662051
          ],
          [
            37.697532,
            49.662704
          ],
          [
            37.697914,
            49.663329
          ],
          [
            37.698365,
            49.663921
          ],
          [
            37.698894,
            49.664474
          ],
          [
            37.699512,
            49.664982
          ],
          [
            37.700227,
            49.66544
          ],
          [
            37.70105,
            49.665843
          ],
          [
            37.701988,
            49.666183
          ],
          [
            37.703054,
            49.666458
          ],
          [
            37.704244,
            49.666668
          ],
          [
            37.705548,
            49.66682
          ],
          [
            37.706954,
            49.66692
          ],
          [
            37.708452,
            49.666973
          ],
          [
            37.710032,
            49.666988
          ],
          [
            37.711681,
            49.666968
          ],
          [
            37.713391,
            49.66692
          ],
          [
            37.715149,
            49.666851
          ],
          [
            37.716944,
            49.666767
          ],
          [
            37.718767,
            49.666673
          ],
          [
            37.720606,
            49.666576
          ],
          [
            37.72245,
            49.666481
          ],
          [
            37.724289,
            49.666395
          ],
          [
            37.726112,
            49.666324
          ],
          [
            37.727908,
            49.666274
          ],
          [
            37.729666,
            49.666251
          ],
          [
            37.731375,
            49.666261
          ],
          [
            37.733024,
            49.666311
          ],
          [
            37.734604,
            49.666406
          ],
          [
            37.73615,
            49.666538
          ],
          [
            37.737703,
            49.666694
          ],
          [
            37.739262,
            49.666871
          ],
          [
            37.740824,
            49.667068
          ],
          [
            37.742384,
            49.667281
          ],
          [
            37.74394,
            49.66751
          ],
          [
            37.745489,
            49.66775
          ],
          [
            37.747028,
            49.668001
          ],
          [
            37.748554,
            49.66826
          ],
          [
            37.750064,
            49.668524
          ],
          [
            37.751555,
            49.668791
          ],
          [
            37.753024,
            49.669059
          ],
          [
            37.754467,
            49.669325
          ],
          [
            37.755883,
            49.669588
          ],
          [
            37.757267,
            49.669845
          ],
          [
            37.758617,
            49.670094
          ],
          [
            37.75993,
            49.670332
          ],
          [
            37.761203,
            49.670558
          ],
          [
            37.762432,
            49.670768
          ],
          [
            37.763615,
            49.670961
          ],
          [
            37.76477,
            49.671129
          ],
          [
            37.765915,
            49.671271
          ],
          [
            37.767048,
            49.67139
          ],
          [
            37.768164,
            49.67149
          ],
          [
            37.769261,
            49.671574
          ],
          [
            37.770334,
            49.671648
          ],
          [
            37.77138,
            49.671715
          ],
          [
            37.772395,
            49.671779
          ],
          [
            37.773377,
            49.671843
          ],
          [
            37.774322,
            49.671912
          ],
          [
            37.775226,
            49.67199
          ],
          [
            37.776086,
            49.672081
          ],
          [
            37.776897,
            49.672188
          ],
          [
            37.777658,
            49.672316
          ],
          [
            37.778364,
            49.672468
          ],
          [
            37.779012,
            49.67265
          ],
          [
            37.779598,
            49.672863
          ],
          [
            37.780119,
            49.673113
          ],
          [
            37.780572,
            49.673403
          ],
          [
            37.780952,
            49.673738
          ],
          [
            37.781248,
            49.67411
          ],
          [
            37.781451,
            49.674508
          ],
          [
            37.78157,
            49.674932
          ],
          [
            37.78161,
            49.67538
          ],
          [
            37.78158,
            49.675853
          ],
          [
            37.781486,
            49.676349
          ],
          [
            37.781335,
            49.676867
          ],
          [
            37.781134,
            49.677407
          ],
          [
            37.780889,
            49.677968
          ],
          [
            37.780609,
            49.678549
          ],
          [
            37.7803,
            49.67915
          ],
          [
            37.779968,
            49.679769
          ],
          [
            37.779621,
            49.680405
          ],
          [
            37.779265,
            49.681059
          ],
          [
            37.778909,
            49.681728
          ],
          [
            37.778557,
            49.682413
          ],
          [
            37.778219,
            49.683112
          ],
          [
            37.7779,
            49.683826
          ],
          [
            37.777607,
            49.684552
          ],
          [
            37.777348,
            49.68529
          ],
          [
            37.77711,
            49.686055
          ],
          [
            37.776877,
            49.68686
          ],
          [
            37.776647,
            49.687701
          ],
          [
            37.776418,
            49.688574
          ],
          [
            37.776188,
            49.689473
          ],
          [
            37.775954,
            49.690397
          ],
          [
            37.775716,
            49.69134
          ],
          [
            37.775472,
            49.692298
          ],
          [
            37.775219,
            49.693267
          ],
          [
            37.774955,
            49.694243
          ],
          [
            37.774679,
            49.695223
          ],
          [
            37.774389,
            49.696201
          ],
          [
            37.774084,
            49.697174
          ],
          [
            37.77376,
            49.698138
          ],
          [
            37.773417,
            49.699089
          ],
          [
            37.773052,
            49.700022
          ],
          [
            37.772664,
            49.700934
          ],
          [
            37.77225,
            49.701821
          ],
          [
            37.771809,
            49.702678
          ],
          [
            37.771339,
            49.703501
          ],
          [
            37.770823,
            49.704293
          ],
          [
            37.770247,
            49.705062
          ],
          [
            37.769619,
            49.705809
          ],
          [
            37.768947,
            49.706537
          ],
          [
            37.768237,
            49.707248
          ],
          [
            37.767497,
            49.707944
          ],
          [
            37.766734,
            49.708629
          ],
          [
            37.765955,
            49.709304
          ],
          [
            37.765166,
            49.709971
          ],
          [
            37.764376,
            49.710634
          ],
          [
            37.763592,
            49.711293
          ],
          [
            37.76282,
            49.711952
          ],
          [
            37.762067,
            49.712613
          ],
          [
            37.761341,
            49.713278
          ],
          [
            37.760649,
            49.71395
          ],
          [
            37.759999,
            49.71463
          ],
          [
            37.759396,
            49.715322
          ],
          [
            37.758849,
            49.716027
          ],
          [
            37.758365,
            49.716748
          ],
          [
            37.75795,
            49.717487
          ],
          [
            37.757619,
            49.718252
          ],
          [
            37.757373,
            49.719046
          ],
          [
            37.757204,
            49.719864
          ],
          [
            37.757101,
            49.720703
          ],
          [
            37.757054,
            49.721558
          ],
          [
            37.757053,
            49.722425
          ],
          [
            37.757087,
            49.7233
          ],
          [
            37.757148,
            49.724178
          ],
          [
            37.757224,
            49.725056
          ],
          [
            37.757306,
            49.725928
          ],
          [
            37.757384,
            49.726792
          ],
          [
            37.757447,
            49.727643
          ],
          [
            37.757486,
            49.728476
          ],
          [
            37.757491,
            49.729288
          ],
          [
            37.757451,
            49.730073
          ],
          [
            37.757357,
            49.730829
          ],
          [
            37.757198,
            49.73155
          ],
          [
            37.756964,
            49.732233
          ],
          [
            37.756646,
            49.732874
          ],
          [
            37.756233,
            49.733467
          ],
          [
            37.755728,
            49.734021
          ],
          [
            37.755146,
            49.734547
          ],
          [
            37.754492,
            49.735045
          ],
          [
            37.753775,
            49.735517
          ],
          [
            37.753001,
            49.735963
          ],
          [
            37.752178,
            49.736384
          ],
          [
            37.751312,
            49.736782
          ],
          [
            37.75041,
            49.737157
          ],
          [
            37.749481,
            49.73751
          ],
          [
            37.74853,
            49.737843
          ],
          [
            37.747565,
            49.738155
          ],
          [
            37.746593,
            49.738449
          ],
          [
            37.745621,
            49.738725
          ],
          [
            37.744656,
            49.738984
          ],
          [
            37.743705,
            49.739227
          ],
          [
            37.742775,
            49.739455
          ],
          [
            37.741874,
            49.739668
          ],
          [
            37.741008,
            49.739869
          ],
          [
            37.740184,
            49.740058
          ],
          [
            37.73941,
            49.740235
          ],
          [
            37.738683,
            49.740386
          ],
          [
            37.737991,
            49.740498
          ],
          [
            37.737331,
            49.740575
          ],
          [
            37.736697,
            49.740621
          ],
          [
            37.736084,
            49.74064
          ],
          [
            37.735489,
            49.740635
          ],
          [
            37.734907,
            49.740611
          ],
          [
            37.734332,
            49.740572
          ],
          [
            37.733761,
            49.740522
          ],
          [
            37.733188,
            49.740464
          ],
          [
            37.732609,
            49.740402
          ],
          [
            37.732019,
            49.740341
          ],
          [
            37.731415,
            49.740285
          ],
          [
            37.73079,
            49.740237
          ],
          [
            37.730141,
            49.740201
          ],
          [
            37.729462,
            49.740182
          ],
          [
            37.72875,
            49.740182
          ],
          [
            37.727999,
            49.740207
          ],
          [
            37.727206,
            49.74026
          ],
          [
            37.726364,
            49.740346
          ],
          [
            37.725473,
            49.74046
          ],
          [
            37.724536,
            49.740598
          ],
          [
            37.723557,
            49.740756
          ],
          [
            37.722541,
            49.740932
          ],
          [
            37.721492,
            49.741124
          ],
          [
            37.720414,
            49.74133
          ],
          [
            37.719312,
            49.741547
          ],
          [
            37.71819,
            49.741773
          ],
          [
            37.717053,
            49.742005
          ],
          [
            37.715904,
            49.742242
          ],
          [
            37.714747,
            49.742481
          ],
          [
            37.713588,
            49.742719
          ],
          [
            37.712431,
            49.742955
          ],
          [
            37.711279,
            49.743186
          ],
          [
            37.710138,
            49.74341
          ],
          [
            37.709011,
            49.743624
          ],
          [
            37.707903,
            49.743826
          ],
          [
            37.706818,
            49.744015
          ],
          [
            37.705761,
            49.744186
          ],
          [
            37.704735,
            49.744339
          ],
          [
            37.703724,
            49.744471
          ],
          [
            37.70271,
            49.744582
          ],
          [
            37.701695,
            49.744676
          ],
          [
            37.700681,
            49.744754
          ],
          [
            37.699669,
            49.74482
          ],
          [
            37.698661,
            49.744875
          ],
          [
            37.697659,
            49.744924
          ],
          [
            37.696665,
            49.744967
          ],
          [
            37.695681,
            49.745008
          ],
          [
            37.694709,
            49.74505
          ],
          [
            37.69375,
            49.745094
          ],
          [
            37.692806,
            49.745145
          ],
          [
            37.691879,
            49.745203
          ],
          [
            37.690971,
            49.745272
          ],
          [
            37.690084,
            49.745355
          ],
          [
            37.689219,
            49.745453
          ],
          [
            37.688379,
            49.74557
          ],
          [
            37.687565,
            49.745708
          ],
          [
            37.68678,
            49.74587
          ],
          [
            37.686024,
            49.746059
          ],
          [
            37.685306,
            49.746274
          ],
          [
            37.684631,
            49.746515
          ],
          [
            37.683995,
            49.746778
          ],
          [
            37.683393,
            49.747062
          ],
          [
            37.682822,
            49.747363
          ],
          [
            37.682277,
            49.74768
          ],
          [
            37.681754,
            49.74801
          ],
          [
            37.681249,
            49.748352
          ],
          [
            37.680759,
            49.748701
          ],
          [
            37.680278,
            49.749057
          ],
          [
            37.679804,
            49.749416
          ],
          [
            37.679331,
            49.749777
          ],
          [
            37.678856,
            49.750138
          ],
          [
            37.678374,
            49.750495
          ],
          [
            37.677883,
            49.750846
          ],
          [
            37.677376,
            49.751189
          ],
          [
            37.676851,
            49.751522
          ],
          [
            37.676303,
            49.751843
          ],
          [
            37.675729,
            49.752148
          ],
          [
            37.675123,
            49.752436
          ],
          [
            37.674505,
            49.752703
          ],
          [
            37.673892,
            49.752948
          ],
          [
            37.673283,
            49.753175
          ],
          [
            37.672675,
            49.753387
          ],
          [
            37.672066,
            49.753586
          ],
          [
            37.671453,
            49.753776
          ],
          [
            37.670834,
            49.75396
          ],
          [
            37.670207,
            49.75414
          ],
          [
            37.669568,
            49.754321
          ],
          [
            37.668917,
            49.754506
          ],
          [
            37.668249,
            49.754696
          ],
          [
            37.667563,
            49.754896
          ],
          [
            37.666857,
            49.755108
          ],
          [
            37.666128,
            49.755336
          ],
          [
            37.665373,
            49.755583
          ],
          [
            37.66459,
            49.755851
          ],
          [
            37.663777,
            49.756145
          ],
          [
            37.662932,
            49.756466
          ],
          [
            37.662051,
            49.756819
          ],
          [
            37.661133,
            49.757205
          ],
          [
            37.660163,
            49.757633
          ],
          [
            37.659134,
            49.758106
          ],
          [
            37.658051,
            49.758617
          ],
          [
            37.656921,
            49.759163
          ],
          [
            37.65575,
            49.759738
          ],
          [
            37.654545,
            49.760338
          ],
          [
            37.653312,
            49.760958
          ],
          [
            37.652057,
            49.761593
          ],
          [
            37.650787,
            49.762238
          ],
          [
            37.649508,
            49.762888
          ],
          [
            37.648226,
            49.763539
          ],
          [
            37.646948,
            49.764186
          ],
          [
            37.64568,
            49.764823
          ],
          [
            37.644428,
            49.765447
          ],
          [
            37.643199,
            49.766052
          ],
          [
            37.641999,
            49.766633
          ],
          [
            37.640834,
            49.767186
          ],
          [
            37.639711,
            49.767706
          ],
          [
            37.638636,
            49.768187
          ],
          [
            37.637615,
            49.768626
          ],
          [
            37.636632,
            49.769021
          ],
          [
            37.635664,
            49.769375
          ],
          [
            37.634713,
            49.769695
          ],
          [
            37.633778,
            49.769983
          ],
          [
            37.632861,
            49.770244
          ],
          [
            37.631961,
            49.770482
          ],
          [
            37.63108,
            49.770702
          ],
          [
            37.630217,
            49.770908
          ],
          [
            37.629374,
            49.771104
          ],
          [
            37.628549,
            49.771294
          ],
          [
            37.627745,
            49.771483
          ],
          [
            37.626961,
            49.771676
          ],
          [
            37.626198,
            49.771875
          ],
          [
            37.625457,
            49.772087
          ],
          [
            37.624737,
            49.772314
          ],
          [
            37.624039,
            49.772561
          ],
          [
            37.623364,
            49.772833
          ],
          [
            37.622712,
            49.773133
          ],
          [
            37.622083,
            49.773466
          ],
          [
            37.621479,
            49.773837
          ],
          [
            37.620884,
            49.774236
          ],
          [
            37.620285,
            49.774652
          ],
          [
            37.619687,
            49.775084
          ],
          [
            37.619095,
            49.775531
          ],
          [
            37.618513,
            49.775993
          ],
          [
            37.617944,
            49.776468
          ],
          [
            37.617394,
            49.776958
          ],
          [
            37.616868,
            49.77746
          ],
          [
            37.616368,
            49.777974
          ],
          [
            37.6159,
            49.7785
          ],
          [
            37.615468,
            49.779037
          ],
          [
            37.615077,
            49.779584
          ],
          [
            37.61473,
            49.78014
          ],
          [
            37.614433,
            49.780706
          ],
          [
            37.614189,
            49.781281
          ],
          [
            37.614003,
            49.781863
          ],
          [
            37.613879,
            49.782452
          ],
          [
            37.613822,
            49.783048
          ],
          [
            37.613836,
            49.78365
          ],
          [
            37.613926,
            49.784257
          ],
          [
            37.614115,
            49.784878
          ],
          [
            37.614418,
            49.785522
          ],
          [
            37.614824,
            49.786185
          ],
          [
            37.615321,
            49.786865
          ],
          [
            37.615899,
            49.787561
          ],
          [
            37.616545,
            49.788269
          ],
          [
            37.61725,
            49.788988
          ],
          [
            37.618002,
            49.789715
          ],
          [
            37.618789,
            49.790447
          ],
          [
            37.619601,
            49.791183
          ],
          [
            37.620427,
            49.79192
          ],
          [
            37.621255,
            49.792656
          ],
          [
            37.622074,
            49.793389
          ],
          [
            37.622874,
            49.794115
          ],
          [
            37.623642,
            49.794833
          ],
          [
            37.624368,
            49.795541
          ],
          [
            37.625041,
            49.796236
          ],
          [
            37.62565,
            49.796916
          ],
          [
            37.626183,
            49.797578
          ],
          [
            37.626629,
            49.79822
          ],
          [
            37.627025,
            49.798848
          ],
          [
            37.627415,
            49.799469
          ],
          [
            37.627794,
            49.800084
          ],
          [
            37.62816,
            49.800691
          ],
          [
            37.62851,
            49.801292
          ],
          [
            37.628842,
            49.801886
          ],
          [
            37.629152,
            49.802474
          ],
          [
            37.629437,
            49.803054
          ],
          [
            37.629695,
            49.803629
          ],
          [
            37.629923,
            49.804196
          ],
          [
            37.630117,
            49.804757
          ],
          [
            37.630275,
            49.805312
          ],
          [
            37.630394,
            49.80586
          ],
          [
            37.630471,
            49.806402
          ],
          [
            37.630503,
            49.806937
          ],
          [
            37.630488,
            49.807466
          ],
          [
            37.630422,
            49.807989
          ],
          [
            37.630302,
            49.808506
          ],
          [
            37.630126,
            49.809016
          ],
          [
            37.62989,
            49.809521
          ],
          [
            37.629563,
            49.810024
          ],
          [
            37.629121,
            49.81053
          ],
          [
            37.628577,
            49.811036
          ],
          [
            37.627944,
            49.811542
          ],
          [
            37.627235,
            49.812046
          ],
          [
            37.626462,
            49.812546
          ],
          [
            37.625637,
            49.813041
          ],
          [
            37.624774,
            49.813529
          ],
          [
            37.623884,
            49.814008
          ],
          [
            37.622981,
            49.814478
          ],
          [
            37.622077,
            49.814936
          ],
          [
            37.621185,
            49.81538
          ],
          [
            37.620317,
            49.81581
          ],
          [
            37.619487,
            49.816223
          ],
          [
            37.618706,
            49.816619
          ],
          [
            37.617987,
            49.816995
          ],
          [
            37.617343,
            49.817349
          ],
          [
            37.616786,
            49.817682
          ],
          [
            37.61633,
            49.817989
          ],
          [
            37.615986,
            49.818271
          ],
          [
            37.615737,
            49.818526
          ],
          [
            37.615556,
            49.818755
          ],
          [
            37.615436,
            49.818959
          ],
          [
            37.615375,
            49.81914
          ],
          [
            37.615366,
            49.8193
          ],
          [
            37.615407,
            49.819439
          ],
          [
            37.615491,
            49.819561
          ],
          [
            37.615615,
            49.819667
          ],
          [
            37.615774,
            49.819758
          ],
          [
            37.615964,
            49.819836
          ],
          [
            37.616181,
            49.819903
          ],
          [
            37.616418,
            49.819959
          ],
          [
            37.616673,
            49.820008
          ],
          [
            37.616941,
            49.820051
          ],
          [
            37.617217,
            49.820089
          ],
          [
            37.617496,
            49.820123
          ],
          [
            37.617775,
            49.820157
          ],
          [
            37.618048,
            49.82019
          ],
          [
            37.618312,
            49.820226
          ],
          [
            37.618561,
            49.820265
          ],
          [
            37.618802,
            49.820311
          ],
          [
            37.619048,
            49.820364
          ],
          [
            37.619298,
            49.820423
          ],
          [
            37.619554,
            49.820484
          ],
          [
            37.619817,
            49.820545
          ],
          [
            37.62009,
            49.820605
          ],
          [
            37.620373,
            49.82066
          ],
          [
            37.620667,
            49.820709
          ],
          [
            37.620975,
            49.820749
          ],
          [
            37.621297,
            49.820777
          ],
          [
            37.621634,
            49.820792
          ],
          [
            37.621989,
            49.820791
          ],
          [
            37.622361,
            49.820772
          ],
          [
            37.622754,
            49.820733
          ],
          [
            37.623167,
            49.82067
          ],
          [
            37.623604,
            49.820582
          ],
          [
            37.624063,
            49.820467
          ],
          [
            37.624548,
            49.820322
          ],
          [
            37.62506,
            49.820145
          ],
          [
            37.625599,
            49.819933
          ],
          [
            37.626182,
            49.819665
          ],
          [
            37.62682,
            49.819327
          ],
          [
            37.627506,
            49.818927
          ],
          [
            37.628236,
            49.818474
          ],
          [
            37.629001,
            49.817977
          ],
          [
            37.629797,
            49.817444
          ],
          [
            37.630618,
            49.816884
          ],
          [
            37.631456,
            49.816306
          ],
          [
            37.632306,
            49.815718
          ],
          [
            37.633163,
            49.815128
          ],
          [
            37.634019,
            49.814547
          ],
          [
            37.634869,
            49.813981
          ],
          [
            37.635706,
            49.81344
          ],
          [
            37.636525,
            49.812932
          ],
          [
            37.637319,
            49.812467
          ],
          [
            37.638082,
            49.812052
          ],
          [
            37.638809,
            49.811696
          ],
          [
            37.639492,
            49.811408
          ],
          [
            37.640126,
            49.811197
          ],
          [
            37.640705,
            49.811072
          ],
          [
            37.641228,
            49.811042
          ],
          [
            37.641703,
            49.811107
          ],
          [
            37.642134,
            49.811257
          ],
          [
            37.642526,
            49.81148
          ],
          [
            37.642884,
            49.811767
          ],
          [
            37.643214,
            49.812108
          ],
          [
            37.643519,
            49.812492
          ],
          [
            37.643806,
            49.812909
          ],
          [
            37.644079,
            49.813348
          ],
          [
            37.644342,
            49.813799
          ],
          [
            37.644602,
            49.814253
          ],
          [
            37.644862,
            49.814698
          ],
          [
            37.645128,
            49.815124
          ],
          [
            37.645405,
            49.815522
          ],
          [
            37.645698,
            49.81588
          ],
          [
            37.646012,
            49.816188
          ],
          [
            37.646351,
            49.816437
          ],
          [
            37.64672,
            49.816616
          ],
          [
            37.647126,
            49.816714
          ],
          [
            37.647572,
            49.816721
          ],
          [
            37.648053,
            49.816632
          ],
          [
            37.64856,
            49.816454
          ],
          [
            37.64909,
            49.816198
          ],
          [
            37.649641,
            49.815874
          ],
          [
            37.650211,
            49.81549
          ],
          [
            37.650797,
            49.815058
          ],
          [
            37.651397,
            49.814587
          ],
          [
            37.652009,
            49.814086
          ],
          [
            37.65263,
            49.813567
          ],
          [
            37.653258,
            49.813038
          ],
          [
            37.653891,
            49.812509
          ],
          [
            37.654526,
            49.811991
          ],
          [
            37.655161,
            49.811494
          ],
          [
            37.655794,
            49.811026
          ],
          [
            37.656423,
            49.810599
          ],
          [
            37.657045,
            49.810222
          ],
          [
            37.657657,
            49.809904
          ],
          [
            37.658258,
            49.809657
          ],
          [
            37.658845,
            49.809489
          ],
          [
            37.659416,
            49.80941
          ],
          [
            37.659984,
            49.809407
          ],
          [
            37.660562,
            49.809458
          ],
          [
            37.661148,
            49.809559
          ],
          [
            37.66174,
            49.809707
          ],
          [
            37.662334,
            49.809897
          ],
          [
            37.66293,
            49.810127
          ],
          [
            37.663524,
            49.810393
          ],
          [
            37.664114,
            49.810691
          ],
          [
            37.664698,
            49.811017
          ],
          [
            37.665274,
            49.811369
          ],
          [
            37.665839,
            49.811743
          ],
          [
            37.666391,
            49.812135
          ],
          [
            37.666928,
            49.812542
          ],
          [
            37.667447,
            49.81296
          ],
          [
            37.667946,
            49.813385
          ],
          [
            37.668422,
            49.813814
          ],
          [
            37.668874,
            49.814244
          ],
          [
            37.669299,
            49.814671
          ],
          [
            37.669695,
            49.815092
          ],
          [
            37.670059,
            49.815502
          ],
          [
            37.6704,
            49.815915
          ],
          [
            37.670727,
            49.816345
          ],
          [
            37.671039,
            49.81679
          ],
          [
            37.671335,
            49.817249
          ],
          [
            37.671615,
            49.817721
          ],
          [
            37.671878,
            49.818205
          ],
          [
            37.672122,
            49.8187
          ],
          [
            37.672348,
            49.819204
          ],
          [
            37.672555,
            49.819717
          ],
          [
            37.672741,
            49.820237
          ],
          [
            37.672907,
            49.820764
          ],
          [
            37.67305,
            49.821295
          ],
          [
            37.673171,
            49.821829
          ],
          [
            37.673269,
            49.822367
          ],
          [
            37.673342,
            49.822906
          ],
          [
            37.673391,
            49.823445
          ],
          [
            37.673414,
            49.823983
          ],
          [
            37.67341,
            49.824519
          ],
          [
            37.673379,
            49.825052
          ],
          [
            37.673321,
            49.825581
          ],
          [
            37.673217,
            49.826109
          ],
          [
            37.673057,
            49.826642
          ],
          [
            37.672846,
            49.827179
          ],
          [
            37.67259,
            49.827719
          ],
          [
            37.672295,
            49.828262
          ],
          [
            37.671966,
            49.828808
          ],
          [
            37.67161,
            49.829357
          ],
          [
            37.671232,
            49.829908
          ],
          [
            37.670838,
            49.83046
          ],
          [
            37.670435,
            49.831014
          ],
          [
            37.670027,
            49.831569
          ],
          [
            37.669621,
            49.832124
          ],
          [
            37.669223,
            49.83268
          ],
          [
            37.668838,
            49.833235
          ],
          [
            37.668473,
            49.83379
          ],
          [
            37.668132,
            49.834344
          ],
          [
            37.667823,
            49.834897
          ],
          [
            37.667551,
            49.835448
          ],
          [
            37.667322,
            49.835997
          ],
          [
            37.667141,
            49.836543
          ],
          [
            37.667005,
            49.837087
          ],
          [
            37.666905,
            49.837627
          ],
          [
            37.666836,
            49.838164
          ],
          [
            37.666795,
            49.838699
          ],
          [
            37.666779,
            49.839232
          ],
          [
            37.666784,
            49.839764
          ],
          [
            37.666807,
            49.840296
          ],
          [
            37.666844,
            49.840827
          ],
          [
            37.666892,
            49.841359
          ],
          [
            37.666948,
            49.841892
          ],
          [
            37.667007,
            49.842426
          ],
          [
            37.667067,
            49.842963
          ],
          [
            37.667123,
            49.843502
          ],
          [
            37.667173,
            49.844044
          ],
          [
            37.667213,
            49.844589
          ],
          [
            37.66724,
            49.845139
          ],
          [
            37.667249,
            49.845694
          ],
          [
            37.667238,
            49.846254
          ],
          [
            37.667203,
            49.84682
          ],
          [
            37.667141,
            49.847392
          ],
          [
            37.667059,
            49.847977
          ],
          [
            37.666969,
            49.848579
          ],
          [
            37.66687,
            49.849196
          ],
          [
            37.666762,
            49.849825
          ],
          [
            37.666646,
            49.850465
          ],
          [
            37.666522,
            49.851111
          ],
          [
            37.66639,
            49.851762
          ],
          [
            37.666251,
            49.852416
          ],
          [
            37.666104,
            49.85307
          ],
          [
            37.66595,
            49.853722
          ],
          [
            37.665789,
            49.854368
          ],
          [
            37.665621,
            49.855008
          ],
          [
            37.665446,
            49.855638
          ],
          [
            37.665265,
            49.856255
          ],
          [
            37.665077,
            49.856858
          ],
          [
            37.664883,
            49.857444
          ],
          [
            37.664684,
            49.85801
          ],
          [
            37.664478,
            49.858554
          ],
          [
            37.664267,
            49.859074
          ],
          [
            37.664051,
            49.859567
          ],
          [
            37.663827,
            49.860041
          ],
          [
            37.663591,
            49.860507
          ],
          [
            37.663346,
            49.860963
          ],
          [
            37.663091,
            49.861409
          ],
          [
            37.662828,
            49.861844
          ],
          [
            37.662557,
            49.862267
          ],
          [
            37.662279,
            49.862678
          ],
          [
            37.661995,
            49.863075
          ],
          [
            37.661706,
            49.863458
          ],
          [
            37.661412,
            49.863827
          ],
          [
            37.661114,
            49.86418
          ],
          [
            37.660813,
            49.864517
          ],
          [
            37.66051,
            49.864837
          ],
          [
            37.660205,
            49.865139
          ],
          [
            37.659899,
            49.865423
          ],
          [
            37.659593,
            49.865687
          ],
          [
            37.659288,
            49.865932
          ],
          [
            37.658985,
            49.866156
          ],
          [
            37.658684,
            49.866358
          ],
          [
            37.658386,
            49.866538
          ],
          [
            37.65809,
            49.866671
          ],
          [
            37.657793,
            49.866738
          ],
          [
            37.657495,
            49.866748
          ],
          [
            37.657197,
            49.866708
          ],
          [
            37.656898,
            49.866628
          ],
          [
            37.656597,
            49.866516
          ],
          [
            37.656296,
            49.86638
          ],
          [
            37.655993,
            49.866229
          ],
          [
            37.655688,
            49.866072
          ],
          [
            37.655382,
            49.865916
          ],
          [
            37.655074,
            49.86577
          ],
          [
            37.654765,
            49.865643
          ],
          [
            37.654453,
            49.865544
          ],
          [
            37.65414,
            49.865479
          ],
          [
            37.653824,
            49.865459
          ],
          [
            37.653506,
            49.865492
          ],
          [
            37.653185,
            49.865585
          ],
          [
            37.652861,
            49.865748
          ],
          [
            37.652535,
            49.865989
          ],
          [
            37.652206,
            49.866317
          ],
          [
            37.651861,
            49.866732
          ],
          [
            37.651488,
            49.867227
          ],
          [
            37.651092,
            49.867793
          ],
          [
            37.650678,
            49.868424
          ],
          [
            37.65025,
            49.869113
          ],
          [
            37.649812,
            49.869852
          ],
          [
            37.649369,
            49.870634
          ],
          [
            37.648926,
            49.871453
          ],
          [
            37.648486,
            49.8723
          ],
          [
            37.648054,
            49.873169
          ],
          [
            37.647635,
            49.874053
          ],
          [
            37.647234,
            49.874944
          ],
          [
            37.646854,
            49.875835
          ],
          [
            37.646499,
            49.876719
          ],
          [
            37.646175,
            49.877588
          ],
          [
            37.645887,
            49.878437
          ],
          [
            37.645637,
            49.879257
          ],
          [
            37.645431,
            49.880041
          ],
          [
            37.645273,
            49.880782
          ],
          [
            37.645168,
            49.881473
          ],
          [
            37.64512,
            49.882142
          ],
          [
            37.645127,
            49.882818
          ],
          [
            37.645183,
            49.883498
          ],
          [
            37.645285,
            49.88418
          ],
          [
            37.645427,
            49.884861
          ],
          [
            37.645605,
            49.885537
          ],
          [
            37.645813,
            49.886205
          ],
          [
            37.646047,
            49.886864
          ],
          [
            37.646302,
            49.887509
          ],
          [
            37.646574,
            49.888137
          ],
          [
            37.646857,
            49.888746
          ],
          [
            37.647146,
            49.889333
          ],
          [
            37.647437,
            49.889895
          ],
          [
            37.647725,
            49.890428
          ],
          [
            37.648005,
            49.89093
          ],
          [
            37.648272,
            49.891397
          ],
          [
            37.648522,
            49.891828
          ],
          [
            37.648749,
            49.892218
          ],
          [
            37.648949,
            49.892564
          ],
          [
            37.649117,
            49.892865
          ],
          [
            37.649255,
            49.893128
          ],
          [
            37.649373,
            49.893364
          ],
          [
            37.649472,
            49.893572
          ],
          [
            37.649556,
            49.893752
          ],
          [
            37.649627,
            49.893905
          ],
          [
            37.649689,
            49.894028
          ],
          [
            37.649745,
            49.894122
          ],
          [
            37.649796,
            49.894187
          ],
          [
            37.649847,
            49.894222
          ],
          [
            37.6499,
            49.894227
          ],
          [
            37.649957,
            49.894201
          ],
          [
            37.650023,
            49.894145
          ],
          [
            37.650099,
            49.894057
          ],
          [
            37.650189,
            49.893937
          ],
          [
            37.650295,
            49.893785
          ],
          [
            37.650421,
            49.893601
          ],
          [
            37.650569,
            49.893384
          ],
          [
            37.650743,
            49.893134
          ],
          [
            37.650944,
            49.892851
          ],
          [
            37.651176,
            49.892533
          ],
          [
            37.651434,
            49.892143
          ],
          [
            37.651709,
            49.89165
          ],
          [
            37.652,
            49.891066
          ],
          [
            37.652308,
            49.890404
          ],
          [
            37.652632,
            49.889677
          ],
          [
            37.65297,
            49.888898
          ],
          [
            37.653324,
            49.888078
          ],
          [
            37.653692,
            49.88723
          ],
          [
            37.654074,
            49.886368
          ],
          [
            37.65447,
            49.885503
          ],
          [
            37.654879,
            49.884648
          ],
          [
            37.6553,
            49.883816
          ],
          [
            37.655734,
            49.883019
          ],
          [
            37.656179,
            49.88227
          ],
          [
            37.656636,
            49.881581
          ],
          [
            37.657104,
            49.880965
          ],
          [
            37.657581,
            49.880435
          ],
          [
            37.658069,
            49.880002
          ],
          [
            37.658567,
            49.879681
          ],
          [
            37.659073,
            49.879482
          ],
          [
            37.659589,
            49.879407
          ],
          [
            37.660117,
            49.87944
          ],
          [
            37.660657,
            49.879571
          ],
          [
            37.661208,
            49.879791
          ],
          [
            37.661771,
            49.880089
          ],
          [
            37.662346,
            49.880456
          ],
          [
            37.662932,
            49.880881
          ],
          [
            37.663529,
            49.881355
          ],
          [
            37.664138,
            49.881868
          ],
          [
            37.664759,
            49.88241
          ],
          [
            37.665392,
            49.88297
          ],
          [
            37.666035,
            49.88354
          ],
          [
            37.666691,
            49.884108
          ],
          [
            37.667358,
            49.884666
          ],
          [
            37.668037,
            49.885202
          ],
          [
            37.668727,
            49.885708
          ],
          [
            37.669429,
            49.886173
          ],
          [
            37.670142,
            49.886588
          ],
          [
            37.670868,
            49.886941
          ],
          [
            37.671604,
            49.887225
          ],
          [
            37.672359,
            49.887458
          ],
          [
            37.673139,
            49.887669
          ],
          [
            37.67394,
            49.887859
          ],
          [
            37.674761,
            49.888029
          ],
          [
            37.6756,
            49.888182
          ],
          [
            37.676454,
            49.888318
          ],
          [
            37.677321,
            49.888439
          ],
          [
            37.678199,
            49.888546
          ],
          [
            37.679085,
            49.888641
          ],
          [
            37.679978,
            49.888725
          ],
          [
            37.680875,
            49.888799
          ],
          [
            37.681774,
            49.888865
          ],
          [
            37.682673,
            49.888925
          ],
          [
            37.683569,
            49.888979
          ],
          [
            37.684461,
            49.889029
          ],
          [
            37.685345,
            49.889077
          ],
          [
            37.686221,
            49.889123
          ],
          [
            37.687085,
            49.88917
          ],
          [
            37.687936,
            49.889219
          ],
          [
            37.68877,
            49.889271
          ],
          [
            37.689595,
            49.889316
          ],
          [
            37.690416,
            49.889346
          ],
          [
            37.691234,
            49.889361
          ],
          [
            37.692049,
            49.889365
          ],
          [
            37.692861,
            49.889358
          ],
          [
            37.693669,
            49.889343
          ],
          [
            37.694474,
            49.889323
          ],
          [
            37.695276,
            49.889298
          ],
          [
            37.696075,
            49.889271
          ],
          [
            37.696871,
            49.889243
          ],
          [
            37.697663,
            49.889217
          ],
          [
            37.698452,
            49.889195
          ],
          [
            37.699238,
            49.889179
          ],
          [
            37.700021,
            49.889169
          ],
          [
            37.7008,
            49.88917
          ],
          [
            37.701576,
            49.889181
          ],
          [
            37.702349,
            49.889207
          ],
          [
            37.703119,
            49.889247
          ],
          [
            37.703886,
            49.889305
          ],
          [
            37.704649,
            49.889381
          ],
          [
            37.705395,
            49.889477
          ],
          [
            37.706112,
            49.88959
          ],
          [
            37.706805,
            49.889717
          ],
          [
            37.707478,
            49.889859
          ],
          [
            37.708136,
            49.890012
          ],
          [
            37.708783,
            49.890176
          ],
          [
            37.709424,
            49.890349
          ],
          [
            37.710063,
            49.89053
          ],
          [
            37.710705,
            49.890717
          ],
          [
            37.711354,
            49.890909
          ],
          [
            37.712016,
            49.891104
          ],
          [
            37.712693,
            49.8913
          ],
          [
            37.713391,
            49.891497
          ],
          [
            37.714115,
            49.891693
          ],
          [
            37.714868,
            49.891885
          ],
          [
            37.715656,
            49.892074
          ],
          [
            37.716482,
            49.892256
          ],
          [
            37.717352,
            49.892432
          ],
          [
            37.71827,
            49.892598
          ],
          [
            37.71924,
            49.892754
          ],
          [
            37.720286,
            49.892902
          ],
          [
            37.721421,
            49.893045
          ],
          [
            37.722635,
            49.893183
          ],
          [
            37.723916,
            49.893317
          ],
          [
            37.725252,
            49.893448
          ],
          [
            37.726634,
            49.893576
          ],
          [
            37.72805,
            49.893701
          ],
          [
            37.72949,
            49.893825
          ],
          [
            37.730941,
            49.893948
          ],
          [
            37.732394,
            49.894071
          ],
          [
            37.733836,
            49.894194
          ],
          [
            37.735258,
            49.894318
          ],
          [
            37.736648,
            49.894443
          ],
          [
            37.737995,
            49.89457
          ],
          [
            37.739288,
            49.8947
          ],
          [
            37.740517,
            49.894833
          ],
          [
            37.741669,
            49.894969
          ],
          [
            37.742734,
            49.89511
          ],
          [
            37.743702,
            49.895257
          ],
          [
            37.74456,
            49.895408
          ],
          [
            37.745299,
            49.895554
          ],
          [
            37.745923,
            49.895685
          ],
          [
            37.746444,
            49.895803
          ],
          [
            37.746874,
            49.895912
          ],
          [
            37.747226,
            49.896015
          ],
          [
            37.74751,
            49.896114
          ],
          [
            37.747741,
            49.896214
          ],
          [
            37.747928,
            49.896317
          ],
          [
            37.748085,
            49.896427
          ],
          [
            37.748224,
            49.896545
          ],
          [
            37.748357,
            49.896677
          ],
          [
            37.748495,
            49.896824
          ],
          [
            37.748651,
            49.896991
          ],
          [
            37.748837,
            49.897179
          ],
          [
            37.749064,
            49.897393
          ],
          [
            37.749346,
            49.897634
          ],
          [
            37.749694,
            49.897908
          ],
          [
            37.75012,
            49.898215
          ],
          [
            37.750636,
            49.898561
          ],
          [
            37.751255,
            49.898947
          ],
          [
            37.751989,
            49.899383
          ],
          [
            37.752836,
            49.899873
          ],
          [
            37.753781,
            49.900412
          ],
          [
            37.75481,
            49.900993
          ],
          [
            37.755911,
            49.901612
          ],
          [
            37.757068,
            49.902263
          ],
          [
            37.758268,
            49.902941
          ],
          [
            37.759498,
            49.90364
          ],
          [
            37.760743,
            49.904354
          ],
          [
            37.761989,
            49.90508
          ],
          [
            37.763224,
            49.90581
          ],
          [
            37.764432,
            49.90654
          ],
          [
            37.765601,
            49.907264
          ],
          [
            37.766717,
            49.907977
          ],
          [
            37.767765,
            49.908673
          ],
          [
            37.768732,
            49.909348
          ],
          [
            37.769603,
            49.909994
          ],
          [
            37.770366,
            49.910609
          ],
          [
            37.771007,
            49.911184
          ],
          [
            37.771511,
            49.911717
          ],
          [
            37.771876,
            49.912215
          ],
          [
            37.772117,
            49.912693
          ],
          [
            37.772245,
            49.913153
          ],
          [
            37.772271,
            49.913595
          ],
          [
            37.772208,
            49.914022
          ],
          [
            37.772068,
            49.914433
          ],
          [
            37.771862,
            49.91483
          ],
          [
            37.771601,
            49.915215
          ],
          [
            37.771298,
            49.915588
          ],
          [
            37.770964,
            49.915952
          ],
          [
            37.770611,
            49.916306
          ],
          [
            37.77025,
            49.916652
          ],
          [
            37.769894,
            49.916992
          ],
          [
            37.769554,
            49.917327
          ],
          [
            37.769242,
            49.917657
          ],
          [
            37.768969,
            49.917984
          ],
          [
            37.768748,
            49.91831
          ],
          [
            37.768589,
            49.918635
          ],
          [
            37.768505,
            49.918961
          ],
          [
            37.768507,
            49.919288
          ],
          [
            37.768584,
            49.919611
          ],
          [
            37.768712,
            49.919924
          ],
          [
            37.768887,
            49.920227
          ],
          [
            37.769102,
            49.920522
          ],
          [
            37.769351,
            49.920809
          ],
          [
            37.76963,
            49.92109
          ],
          [
            37.769933,
            49.921365
          ],
          [
            37.770253,
            49.921635
          ],
          [
            37.770586,
            49.921901
          ],
          [
            37.770926,
            49.922165
          ],
          [
            37.771268,
            49.922427
          ],
          [
            37.771605,
            49.922689
          ],
          [
            37.771933,
            49.92295
          ],
          [
            37.772245,
            49.923213
          ],
          [
            37.772536,
            49.923478
          ],
          [
            37.772801,
            49.923746
          ],
          [
            37.773034,
            49.924018
          ],
          [
            37.77323,
            49.924296
          ],
          [
            37.773382,
            49.924579
          ],
          [
            37.773485,
            49.924869
          ],
          [
            37.77356,
            49.925161
          ],
          [
            37.773629,
            49.925448
          ],
          [
            37.77369,
            49.925731
          ],
          [
            37.773741,
            49.926011
          ],
          [
            37.77378,
            49.92629
          ],
          [
            37.773805,
            49.926568
          ],
          [
            37.773814,
            49.926848
          ],
          [
            37.773805,
            49.927129
          ],
          [
            37.773777,
            49.927413
          ],
          [
            37.773727,
            49.927701
          ],
          [
            37.773653,
            49.927995
          ],
          [
            37.773553,
            49.928295
          ],
          [
            37.773426,
            49.928602
          ],
          [
            37.773269,
            49.928918
          ],
          [
            37.773081,
            49.929244
          ],
          [
            37.772859,
            49.929581
          ],
          [
            37.772602,
            49.929929
          ],
          [
            37.772307,
            49.930291
          ],
          [
            37.771973,
            49.930667
          ],
          [
            37.771597,
            49.931058
          ],
          [
            37.771156,
            49.931476
          ],
          [
            37.770634,
            49.931929
          ],
          [
            37.770038,
            49.932413
          ],
          [
            37.76938,
            49.932922
          ],
          [
            37.768667,
            49.933452
          ],
          [
            37.767908,
            49.933999
          ],
          [
            37.767113,
            49.934558
          ],
          [
            37.766291,
            49.935124
          ],
          [
            37.765451,
            49.935694
          ],
          [
            37.764602,
            49.936261
          ],
          [
            37.763752,
            49.936823
          ],
          [
            37.762912,
            49.937373
          ],
          [
            37.76209,
            49.937908
          ],
          [
            37.761295,
            49.938423
          ],
          [
            37.760537,
            49.938913
          ],
          [
            37.759824,
            49.939375
          ],
          [
            37.759165,
            49.939802
          ],
          [
            37.75857,
            49.940191
          ],
          [
            37.758047,
            49.940537
          ],
          [
            37.757607,
            49.940836
          ],
          [
            37.757256,
            49.941082
          ],
          [
            37.756991,
            49.941276
          ],
          [
            37.756803,
            49.941424
          ],
          [
            37.756681,
            49.94153
          ],
          [
            37.756615,
            49.941601
          ],
          [
            37.756597,
            49.941642
          ],
          [
            37.756615,
            49.941657
          ],
          [
            37.75666,
            49.941653
          ],
          [
            37.756722,
            49.941634
          ],
          [
            37.756791,
            49.941606
          ],
          [
            37.756858,
            49.941574
          ],
          [
            37.756912,
            49.941544
          ],
          [
            37.756944,
            49.941521
          ],
          [
            37.756944,
            49.94151
          ],
          [
            37.756902,
            49.941516
          ],
          [
            37.756809,
            49.941545
          ],
          [
            37.756653,
            49.941602
          ],
          [
            37.756426,
            49.941693
          ],
          [
            37.756118,
            49.941823
          ],
          [
            37.755718,
            49.941996
          ],
          [
            37.755227,
            49.942199
          ],
          [
            37.754657,
            49.942412
          ],
          [
            37.754014,
            49.942637
          ],
          [
            37.753307,
            49.942873
          ],
          [
            37.752545,
            49.943122
          ],
          [
            37.751733,
            49.943383
          ],
          [
            37.750881,
            49.943659
          ],
          [
            37.749996,
            49.943948
          ],
          [
            37.749087,
            49.944252
          ],
          [
            37.74816,
            49.944572
          ],
          [
            37.747224,
            49.944907
          ],
          [
            37.746286,
            49.945259
          ],
          [
            37.745354,
            49.945627
          ],
          [
            37.744437,
            49.946014
          ],
          [
            37.743542,
            49.946418
          ],
          [
            37.742676,
            49.946842
          ],
          [
            37.741848,
            49.947285
          ],
          [
            37.741066,
            49.947747
          ],
          [
            37.740336,
            49.94823
          ],
          [
            37.739668,
            49.948735
          ],
          [
            37.739012,
            49.949274
          ],
          [
            37.738321,
            49.949857
          ],
          [
            37.737603,
            49.950481
          ],
          [
            37.736868,
            49.951139
          ],
          [
            37.736126,
            49.951828
          ],
          [
            37.735385,
            49.952543
          ],
          [
            37.734655,
            49.953279
          ],
          [
            37.733944,
            49.954031
          ],
          [
            37.733262,
            49.954795
          ],
          [
            37.732619,
            49.955565
          ],
          [
            37.732023,
            49.956337
          ],
          [
            37.731484,
            49.957107
          ],
          [
            37.73101,
            49.957869
          ],
          [
            37.730612,
            49.958619
          ],
          [
            37.730298,
            49.959352
          ],
          [
            37.730077,
            49.960063
          ],
          [
            37.729959,
            49.960747
          ],
          [
            37.729952,
            49.961401
          ],
          [
            37.730067,
            49.962018
          ],
          [
            37.730312,
            49.962595
          ],
          [
            37.730723,
            49.963144
          ],
          [
            37.731316,
            49.963678
          ],
          [
            37.732072,
            49.9642
          ],
          [
            37.732974,
            49.964707
          ],
          [
            37.734004,
            49.965201
          ],
          [
            37.735142,
            49.965681
          ],
          [
            37.73637,
            49.966148
          ],
          [
            37.73767,
            49.966601
          ],
          [
            37.739024,
            49.967039
          ],
          [
            37.740414,
            49.967464
          ],
          [
            37.74182,
            49.967875
          ],
          [
            37.743224,
            49.968272
          ],
          [
            37.744609,
            49.968654
          ],
          [
            37.745955,
            49.969023
          ],
          [
            37.747244,
            49.969377
          ],
          [
            37.748459,
            49.969717
          ],
          [
            37.74958,
            49.970042
          ],
          [
            37.750589,
            49.970353
          ],
          [
            37.751469,
            49.97065
          ],
          [
            37.752199,
            49.970932
          ],
          [
            37.752801,
            49.971195
          ],
          [
            37.753313,
            49.971437
          ],
          [
            37.753742,
            49.971658
          ],
          [
            37.754097,
            49.97186
          ],
          [
            37.754386,
            49.972045
          ],
          [
            37.754617,
            49.972213
          ],
          [
            37.754798,
            49.972365
          ],
          [
            37.754937,
            49.972505
          ],
          [
            37.755043,
            49.972631
          ],
          [
            37.755123,
            49.972747
          ],
          [
            37.755186,
            49.972852
          ],
          [
            37.75524,
            49.97295
          ],
          [
            37.755293,
            49.97304
          ],
          [
            37.755353,
            49.973124
          ],
          [
            37.755428,
            49.973204
          ],
          [
            37.755527,
            49.97328
          ],
          [
            37.755657,
            49.973355
          ],
          [
            37.755827,
            49.973429
          ],
          [
            37.756045,
            49.973504
          ],
          [
            37.756319,
            49.973582
          ],
          [
            37.756631,
            49.973647
          ],
          [
            37.756959,
            49.973688
          ],
          [
            37.7573,
            49.973707
          ],
          [
            37.757654,
            49.973709
          ],
          [
            37.75802,
            49.973697
          ],
          [
            37.758398,
            49.973673
          ],
          [
            37.758786,
            49.973642
          ],
          [
            37.759184,
            49.973607
          ],
          [
            37.75959,
            49.973571
          ],
          [
            37.760004,
            49.973537
          ],
          [
            37.760426,
            49.973509
          ],
          [
            37.760853,
            49.97349
          ],
          [
            37.761286,
            49.973484
          ],
          [
            37.761722,
            49.973494
          ],
          [
            37.762163,
            49.973523
          ],
          [
            37.762606,
            49.973575
          ],
          [
            37.763051,
            49.973654
          ],
          [
            37.763497,
            49.973761
          ],
          [
            37.763942,
            49.973902
          ],
          [
            37.764387,
            49.974078
          ],
          [
            37.764842,
            49.974299
          ],
          [
            37.765316,
            49.974567
          ],
          [
            37.765806,
            49.974877
          ],
          [
            37.76631,
            49.975223
          ],
          [
            37.766826,
            49.975599
          ],
          [
            37.76735,
            49.976002
          ],
          [
            37.76788,
            49.976425
          ],
          [
            37.768413,
            49.976864
          ],
          [
            37.768947,
            49.977313
          ],
          [
            37.769478,
            49.977766
          ],
          [
            37.770005,
            49.97822
          ],
          [
            37.770524,
            49.978667
          ],
          [
            37.771033,
            49.979104
          ],
          [
            37.771529,
            49.979525
          ],
          [
            37.772009,
            49.979924
          ],
          [
            37.772472,
            49.980297
          ],
          [
            37.772913,
            49.980639
          ],
          [
            37.773331,
            49.980943
          ],
          [
            37.773723,
            49.981205
          ],
          [
            37.774086,
            49.98142
          ],
          [
            37.77442,
            49.981579
          ],
          [
            37.774729,
            49.981683
          ],
          [
            37.775014,
            49.981739
          ],
          [
            37.775277,
            49.981753
          ],
          [
            37.775522,
            49.981732
          ],
          [
            37.775749,
            49.981682
          ],
          [
            37.775961,
            49.98161
          ],
          [
            37.77616,
            49.981523
          ],
          [
            37.776348,
            49.981426
          ],
          [
            37.776527,
            49.981327
          ],
          [
            37.776699,
            49.981231
          ],
          [
            37.776867,
            49.981147
          ],
          [
            37.777032,
            49.981079
          ],
          [
            37.777197,
            49.981036
          ],
          [
            37.777363,
            49.981023
          ],
          [
            37.777533,
            49.981046
          ],
          [
            37.777709,
            49.981113
          ],
          [
            37.777892,
            49.98123
          ],
          [
            37.778086,
            49.981404
          ],
          [
            37.778292,
            49.98164
          ],
          [
            37.778514,
            49.981943
          ],
          [
            37.778754,
            49.982305
          ],
          [
            37.779009,
            49.982721
          ],
          [
            37.779275,
            49.983185
          ],
          [
            37.77955,
            49.98369
          ],
          [
            37.77983,
            49.984232
          ],
          [
            37.780112,
            49.984804
          ],
          [
            37.780394,
            49.985399
          ],
          [
            37.780671,
            49.986013
          ],
          [
            37.780942,
            49.986638
          ],
          [
            37.781202,
            49.98727
          ],
          [
            37.78145,
            49.987901
          ],
          [
            37.781681,
            49.988527
          ],
          [
            37.781892,
            49.98914
          ],
          [
            37.782082,
            49.989736
          ],
          [
            37.782245,
            49.990308
          ],
          [
            37.782381,
            49.990849
          ],
          [
            37.782484,
            49.991356
          ],
          [
            37.782553,
            49.99182
          ],
          [
            37.782583,
            49.992236
          ],
          [
            37.782575,
            49.992594
          ],
          [
            37.78253,
            49.992892
          ],
          [
            37.782451,
            49.993138
          ],
          [
            37.782342,
            49.99334
          ],
          [
            37.782205,
            49.993507
          ],
          [
            37.782043,
            49.993646
          ],
          [
            37.781858,
            49.993767
          ],
          [
            37.781654,
            49.993875
          ],
          [
            37.781434,
            49.993981
          ],
          [
            37.781199,
            49.994092
          ],
          [
            37.780954,
            49.994216
          ],
          [
            37.7807,
            49.994361
          ],
          [
            37.780442,
            49.994535
          ],
          [
            37.780181,
            49.994747
          ],
          [
            37.77992,
            49.995004
          ],
          [
            37.779662,
            49.995315
          ],
          [
            37.779411,
            49.995687
          ],
          [
            37.779168,
            49.99613
          ],
          [
            37.778937,
            49.996651
          ],
          [
            37.778721,
            49.997257
          ],
          [
            37.77851,
            49.997962
          ],
          [
            37.778293,
            49.998766
          ],
          [
            37.778072,
            49.999658
          ],
          [
            37.777847,
            50.000628
          ],
          [
            37.777619,
            50.001665
          ],
          [
            37.777388,
            50.00276
          ],
          [
            37.777155,
            50.003902
          ],
          [
            37.776921,
            50.005081
          ],
          [
            37.776686,
            50.006286
          ],
          [
            37.776452,
            50.007507
          ],
          [
            37.776218,
            50.008734
          ],
          [
            37.775985,
            50.009956
          ],
          [
            37.775755,
            50.011163
          ],
          [
            37.775527,
            50.012345
          ],
          [
            37.775303,
            50.013492
          ],
          [
            37.775083,
            50.014592
          ],
          [
            37.774868,
            50.015637
          ],
          [
            37.774658,
            50.016614
          ],
          [
            37.774454,
            50.017515
          ],
          [
            37.774258,
            50.018329
          ],
          [
            37.774088,
            50.01906
          ],
          [
            37.773962,
            50.019725
          ],
          [
            37.773872,
            50.020329
          ],
          [
            37.773811,
            50.02088
          ],
          [
            37.773772,
            50.021385
          ],
          [
            37.773748,
            50.02185
          ],
          [
            37.773731,
            50.022281
          ],
          [
            37.773715,
            50.022686
          ],
          [
            37.773693,
            50.023072
          ],
          [
            37.773657,
            50.023444
          ],
          [
            37.7736,
            50.02381
          ],
          [
            37.773516,
            50.024177
          ],
          [
            37.773397,
            50.02455
          ],
          [
            37.773236,
            50.024937
          ],
          [
            37.773027,
            50.025345
          ],
          [
            37.772761,
            50.02578
          ],
          [
            37.772432,
            50.026248
          ],
          [
            37.772033,
            50.026757
          ],
          [
            37.771557,
            50.027314
          ],
          [
            37.770996,
            50.027924
          ],
          [
            37.770305,
            50.028579
          ],
          [
            37.769457,
            50.029265
          ],
          [
            37.768471,
            50.029978
          ],
          [
            37.767368,
            50.030716
          ],
          [
            37.766167,
            50.031477
          ],
          [
            37.764888,
            50.032258
          ],
          [
            37.763552,
            50.033056
          ],
          [
            37.762178,
            50.03387
          ],
          [
            37.760787,
            50.034696
          ],
          [
            37.759398,
            50.035532
          ],
          [
            37.758032,
            50.036377
          ],
          [
            37.756708,
            50.037226
          ],
          [
            37.755447,
            50.038078
          ],
          [
            37.754269,
            50.038931
          ],
          [
            37.753193,
            50.039781
          ],
          [
            37.75224,
            50.040626
          ],
          [
            37.751429,
            50.041465
          ],
          [
            37.750781,
            50.042293
          ],
          [
            37.750316,
            50.04311
          ],
          [
            37.750053,
            50.043912
          ],
          [
            37.750013,
            50.044718
          ],
          [
            37.750186,
            50.045547
          ],
          [
            37.750551,
            50.046394
          ],
          [
            37.751086,
            50.047255
          ],
          [
            37.751769,
            50.048126
          ],
          [
            37.752577,
            50.049004
          ],
          [
            37.753489,
            50.049884
          ],
          [
            37.754484,
            50.050762
          ],
          [
            37.755538,
            50.051634
          ],
          [
            37.75663,
            50.052496
          ],
          [
            37.757739,
            50.053344
          ],
          [
            37.758841,
            50.054173
          ],
          [
            37.759916,
            50.054981
          ],
          [
            37.760941,
            50.055762
          ],
          [
            37.761894,
            50.056513
          ],
          [
            37.762754,
            50.05723
          ],
          [
            37.763498,
            50.057909
          ],
          [
            37.764104,
            50.058545
          ],
          [
            37.764551,
            50.059134
          ],
          [
            37.764816,
            50.059674
          ],
          [
            37.764946,
            50.06015
          ],
          [
            37.765001,
            50.060559
          ],
          [
            37.764984,
            50.060908
          ],
          [
            37.7649,
            50.061203
          ],
          [
            37.764751,
            50.061453
          ],
          [
            37.764539,
            50.061662
          ],
          [
            37.764268,
            50.06184
          ],
          [
            37.763941,
            50.061992
          ],
          [
            37.763562,
            50.062127
          ],
          [
            37.763132,
            50.06225
          ],
          [
            37.762655,
            50.062369
          ],
          [
            37.762134,
            50.062491
          ],
          [
            37.761573,
            50.062622
          ],
          [
            37.760973,
            50.062771
          ],
          [
            37.760338,
            50.062944
          ],
          [
            37.759672,
            50.063147
          ],
          [
            37.758977,
            50.063389
          ],
          [
            37.758256,
            50.063676
          ],
          [
            37.757512,
            50.064014
          ],
          [
            37.756748,
            50.064412
          ],
          [
            37.755919,
            50.064866
          ],
          [
            37.754983,
            50.065364
          ],
          [
            37.753953,
            50.065903
          ],
          [
            37.752841,
            50.066477
          ],
          [
            37.75166,
            50.067083
          ],
          [
            37.750422,
            50.067716
          ],
          [
            37.749138,
            50.068371
          ],
          [
            37.747822,
            50.069043
          ],
          [
            37.746485,
            50.069729
          ],
          [
            37.74514,
            50.070424
          ],
          [
            37.743798,
            50.071123
          ],
          [
            37.742473,
            50.071822
          ],
          [
            37.741176,
            50.072516
          ],
          [
            37.739919,
            50.0732
          ],
          [
            37.738716,
            50.073871
          ],
          [
            37.737577,
            50.074524
          ],
          [
            37.736516,
            50.075154
          ],
          [
            37.735544,
            50.075757
          ],
          [
            37.734674,
            50.076328
          ],
          [
            37.733917,
            50.076862
          ],
          [
            37.73329,
            50.077362
          ],
          [
            37.73279,
            50.077834
          ],
          [
            37.732402,
            50.07828
          ],
          [
            37.732111,
            50.078704
          ],
          [
            37.731904,
            50.07911
          ],
          [
            37.731766,
            50.079499
          ],
          [
            37.731682,
            50.079876
          ],
          [
            37.731638,
            50.080242
          ],
          [
            37.731619,
            50.080603
          ],
          [
            37.731611,
            50.080959
          ],
          [
            37.731599,
            50.081315
          ],
          [
            37.731569,
            50.081674
          ],
          [
            37.731506,
            50.082039
          ],
          [
            37.731397,
            50.082413
          ],
          [
            37.731226,
            50.082798
          ],
          [
            37.730978,
            50.083199
          ],
          [
            37.730641,
            50.083618
          ],
          [
            37.730198,
            50.084058
          ],
          [
            37.729635,
            50.084522
          ],
          [
            37.728939,
            50.085014
          ],
          [
            37.728112,
            50.085549
          ],
          [
            37.727173,
            50.086135
          ],
          [
            37.726133,
            50.086765
          ],
          [
            37.725003,
            50.087432
          ],
          [
            37.723793,
            50.088128
          ],
          [
            37.722514,
            50.088846
          ],
          [
            37.721176,
            50.089579
          ],
          [
            37.719789,
            50.09032
          ],
          [
            37.718364,
            50.091061
          ],
          [
            37.716912,
            50.091794
          ],
          [
            37.715443,
            50.092513
          ],
          [
            37.713967,
            50.093211
          ],
          [
            37.712496,
            50.093879
          ],
          [
            37.711039,
            50.094511
          ],
          [
            37.709607,
            50.095099
          ],
          [
            37.708211,
            50.095636
          ],
          [
            37.70686,
            50.096115
          ],
          [
            37.705566,
            50.096528
          ],
          [
            37.704339,
            50.096868
          ],
          [
            37.70319,
            50.097129
          ],
          [
            37.702093,
            50.09731
          ],
          [
            37.701016,
            50.097424
          ],
          [
            37.699959,
            50.097476
          ],
          [
            37.698922,
            50.09747
          ],
          [
            37.697903,
            50.097411
          ],
          [
            37.696903,
            50.097305
          ],
          [
            37.695922,
            50.097156
          ],
          [
            37.694958,
            50.096971
          ],
          [
            37.694012,
            50.096754
          ],
          [
            37.693083,
            50.096509
          ],
          [
            37.692171,
            50.096243
          ],
          [
            37.691275,
            50.09596
          ],
          [
            37.690395,
            50.095666
          ],
          [
            37.689531,
            50.095366
          ],
          [
            37.688682,
            50.095064
          ],
          [
            37.687847,
            50.094766
          ],
          [
            37.687028,
            50.094477
          ],
          [
            37.686222,
            50.094202
          ],
          [
            37.685429,
            50.093946
          ],
          [
            37.68465,
            50.093715
          ],
          [
            37.68388,
            50.093491
          ],
          [
            37.683113,
            50.093255
          ],
          [
            37.682353,
            50.093009
          ],
          [
            37.681602,
            50.092753
          ],
          [
            37.68086,
            50.092489
          ],
          [
            37.680131,
            50.092218
          ],
          [
            37.679417,
            50.091942
          ],
          [
            37.678718,
            50.091661
          ],
          [
            37.678037,
            50.091377
          ],
          [
            37.677376,
            50.091092
          ],
          [
            37.676737,
            50.090807
          ],
          [
            37.676122,
            50.090522
          ],
          [
            37.675533,
            50.090239
          ],
          [
            37.674971,
            50.08996
          ],
          [
            37.674439,
            50.089685
          ],
          [
            37.673939,
            50.089417
          ],
          [
            37.673472,
            50.089156
          ],
          [
            37.67304,
            50.088903
          ],
          [
            37.672646,
            50.08866
          ],
          [
            37.672291,
            50.088428
          ],
          [
            37.671987,
            50.088194
          ],
          [
            37.67174,
            50.087943
          ],
          [
            37.671545,
            50.08768
          ],
          [
            37.671398,
            50.087408
          ],
          [
            37.671293,
            50.087131
          ],
          [
            37.671225,
            50.086852
          ],
          [
            37.671188,
            50.086574
          ],
          [
            37.671178,
            50.086301
          ],
          [
            37.67119,
            50.086037
          ],
          [
            37.671218,
            50.085785
          ],
          [
            37.671257,
            50.085548
          ],
          [
            37.671302,
            50.08533
          ],
          [
            37.671348,
            50.085135
          ],
          [
            37.67139,
            50.084965
          ],
          [
            37.671422,
            50.084825
          ],
          [
            37.671439,
            50.084717
          ],
          [
            37.671437,
            50.084646
          ],
          [
            37.67141,
            50.084614
          ],
          [
            37.671353,
            50.084625
          ],
          [
            37.671261,
            50.084684
          ],
          [
            37.671142,
            50.084798
          ],
          [
            37.671009,
            50.084973
          ],
          [
            37.670863,
            50.085201
          ],
          [
            37.670706,
            50.085478
          ],
          [
            37.670539,
            50.085798
          ],
          [
            37.670364,
            50.086154
          ],
          [
            37.670182,
            50.086541
          ],
          [
            37.669995,
            50.086953
          ],
          [
            37.669803,
            50.087385
          ],
          [
            37.669609,
            50.087829
          ],
          [
            37.669413,
            50.088282
          ],
          [
            37.669217,
            50.088736
          ],
          [
            37.669023,
            50.089186
          ],
          [
            37.668832,
            50.089626
          ],
          [
            37.668646,
            50.09005
          ],
          [
            37.668465,
            50.090453
          ],
          [
            37.668291,
            50.090829
          ],
          [
            37.668126,
            50.091171
          ],
          [
            37.667971,
            50.091474
          ],
          [
            37.667828,
            50.091732
          ],
          [
            37.667697,
            50.091932
          ],
          [
            37.667581,
            50.092067
          ],
          [
            37.667475,
            50.092149
          ],
          [
            37.66738,
            50.092185
          ],
          [
            37.667293,
            50.092184
          ],
          [
            37.667211,
            50.092157
          ],
          [
            37.667135,
            50.092112
          ],
          [
            37.667061,
            50.092058
          ],
          [
            37.666989,
            50.092004
          ],
          [
            37.666916,
            50.09196
          ],
          [
            37.66684,
            50.091934
          ],
          [
            37.666761,
            50.091936
          ],
          [
            37.666675,
            50.091975
          ],
          [
            37.666582,
            50.09206
          ],
          [
            37.66648,
            50.0922
          ],
          [
            37.666366,
            50.092404
          ],
          [
            37.66624,
            50.092682
          ],
          [
            37.6661,
            50.093041
          ],
          [
            37.665943,
            50.093493
          ],
          [
            37.665768,
            50.094045
          ],
          [
            37.66558,
            50.094721
          ],
          [
            37.665386,
            50.095527
          ],
          [
            37.665186,
            50.09645
          ],
          [
            37.664978,
            50.097474
          ],
          [
            37.664763,
            50.098586
          ],
          [
            37.664541,
            50.099771
          ],
          [
            37.66431,
            50.101014
          ],
          [
            37.664072,
            50.102302
          ],
          [
            37.663824,
            50.103619
          ],
          [
            37.663568,
            50.104952
          ],
          [
            37.663303,
            50.106286
          ],
          [
            37.663028,
            50.107606
          ],
          [
            37.662743,
            50.108899
          ],
          [
            37.662448,
            50.110149
          ],
          [
            37.662143,
            50.111342
          ],
          [
            37.661826,
            50.112465
          ],
          [
            37.661499,
            50.113501
          ],
          [
            37.66116,
            50.114438
          ],
          [
            37.660809,
            50.115261
          ],
          [
            37.660446,
            50.115955
          ],
          [
            37.660053,
            50.116532
          ],
          [
            37.659614,
            50.11702
          ],
          [
            37.659137,
            50.117425
          ],
          [
            37.658627,
            50.117755
          ],
          [
            37.65809,
            50.118019
          ],
          [
            37.657533,
            50.118222
          ],
          [
            37.656961,
            50.118373
          ],
          [
            37.656381,
            50.11848
          ],
          [
            37.655799,
            50.11855
          ],
          [
            37.655221,
            50.11859
          ],
          [
            37.654653,
            50.118609
          ],
          [
            37.654102,
            50.118613
          ],
          [
            37.653572,
            50.11861
          ],
          [
            37.653071,
            50.118609
          ],
          [
            37.652605,
            50.118615
          ],
          [
            37.652179,
            50.118637
          ],
          [
            37.6518,
            50.118683
          ],
          [
            37.651474,
            50.11876
          ],
          [
            37.651207,
            50.118876
          ],
          [
            37.651005,
            50.119037
          ],
          [
            37.650857,
            50.119233
          ],
          [
            37.650747,
            50.119443
          ],
          [
            37.650674,
            50.119667
          ],
          [
            37.650637,
            50.119902
          ],
          [
            37.650633,
            50.120146
          ],
          [
            37.650663,
            50.120396
          ],
          [
            37.650723,
            50.120651
          ],
          [
            37.650814,
            50.120909
          ],
          [
            37.650933,
            50.121167
          ],
          [
            37.65108,
            50.121424
          ],
          [
            37.651253,
            50.121677
          ],
          [
            37.65145,
            50.121924
          ],
          [
            37.65167,
            50.122164
          ],
          [
            37.651913,
            50.122393
          ],
          [
            37.652176,
            50.12261
          ],
          [
            37.652458,
            50.122813
          ],
          [
            37.652758,
            50.122999
          ],
          [
            37.653074,
            50.123167
          ],
          [
            37.653406,
            50.123315
          ],
          [
            37.653751,
            50.12344
          ],
          [
            37.654144,
            50.123532
          ],
          [
            37.654613,
            50.123588
          ],
          [
            37.655148,
            50.123611
          ],
          [
            37.65574,
            50.123606
          ],
          [
            37.656379,
            50.123578
          ],
          [
            37.657055,
            50.123532
          ],
          [
            37.657759,
            50.123471
          ],
          [
            37.658481,
            50.123402
          ],
          [
            37.659212,
            50.123328
          ],
          [
            37.659942,
            50.123254
          ],
          [
            37.660661,
            50.123185
          ],
          [
            37.661361,
            50.123125
          ],
          [
            37.66203,
            50.12308
          ],
          [
            37.662661,
            50.123053
          ],
          [
            37.663242,
            50.12305
          ],
          [
            37.663765,
            50.123075
          ],
          [
            37.66422,
            50.123133
          ],
          [
            37.664598,
            50.123228
          ],
          [
            37.664888,
            50.123366
          ],
          [
            37.665081,
            50.12355
          ],
          [
            37.665171,
            50.123782
          ],
          [
            37.665164,
            50.124058
          ],
          [
            37.66507,
            50.124373
          ],
          [
            37.664898,
            50.124723
          ],
          [
            37.664659,
            50.125105
          ],
          [
            37.66436,
            50.125514
          ],
          [
            37.664013,
            50.125946
          ],
          [
            37.663627,
            50.126397
          ],
          [
            37.663211,
            50.126863
          ],
          [
            37.662774,
            50.12734
          ],
          [
            37.662328,
            50.127823
          ],
          [
            37.66188,
            50.128309
          ],
          [
            37.661441,
            50.128794
          ],
          [
            37.66102,
            50.129273
          ],
          [
            37.660627,
            50.129743
          ],
          [
            37.660272,
            50.130198
          ],
          [
            37.659963,
            50.130637
          ],
          [
            37.659712,
            50.131053
          ],
          [
            37.659526,
            50.131443
          ],
          [
            37.659416,
            50.131803
          ],
          [
            37.659381,
            50.13214
          ],
          [
            37.659407,
            50.132462
          ],
          [
            37.659487,
            50.132771
          ],
          [
            37.659615,
            50.133069
          ],
          [
            37.659784,
            50.133357
          ],
          [
            37.659985,
            50.133635
          ],
          [
            37.660213,
            50.133906
          ],
          [
            37.66046,
            50.134171
          ],
          [
            37.660719,
            50.13443
          ],
          [
            37.660983,
            50.134685
          ],
          [
            37.661244,
            50.134938
          ],
          [
            37.661497,
            50.135189
          ],
          [
            37.661733,
            50.13544
          ],
          [
            37.661946,
            50.135693
          ],
          [
            37.662128,
            50.135948
          ],
          [
            37.662273,
            50.136207
          ],
          [
            37.662373,
            50.13647
          ],
          [
            37.662421,
            50.136741
          ],
          [
            37.662411,
            50.137018
          ],
          [
            37.662334,
            50.137305
          ],
          [
            37.662193,
            50.137605
          ],
          [
            37.661996,
            50.13792
          ],
          [
            37.661748,
            50.138247
          ],
          [
            37.661454,
            50.138585
          ],
          [
            37.661121,
            50.13893
          ],
          [
            37.660753,
            50.139282
          ],
          [
            37.660355,
            50.139636
          ],
          [
            37.659934,
            50.139991
          ],
          [
            37.659494,
            50.140345
          ],
          [
            37.659041,
            50.140695
          ],
          [
            37.658579,
            50.141039
          ],
          [
            37.658116,
            50.141374
          ],
          [
            37.657655,
            50.141698
          ],
          [
            37.657202,
            50.142009
          ],
          [
            37.656762,
            50.142305
          ],
          [
            37.656341,
            50.142582
          ],
          [
            37.655945,
            50.14284
          ],
          [
            37.655578,
            50.143074
          ],
          [
            37.655245,
            50.143284
          ],
          [
            37.654953,
            50.143466
          ],
          [
            37.654713,
            50.143619
          ],
          [
            37.654527,
            50.143742
          ],
          [
            37.654388,
            50.143839
          ],
          [
            37.654288,
            50.143912
          ],
          [
            37.654219,
            50.143965
          ],
          [
            37.654174,
            50.143998
          ],
          [
            37.654143,
            50.144017
          ],
          [
            37.654119,
            50.144021
          ],
          [
            37.654095,
            50.144016
          ],
          [
            37.654063,
            50.144002
          ],
          [
            37.654013,
            50.143984
          ],
          [
            37.65394,
            50.143963
          ],
          [
            37.653833,
            50.143941
          ],
          [
            37.653687,
            50.143923
          ],
          [
            37.653493,
            50.14391
          ],
          [
            37.653242,
            50.143904
          ],
          [
            37.652927,
            50.14391
          ],
          [
            37.652541,
            50.143928
          ],
          [
            37.652074,
            50.143963
          ],
          [
            37.65152,
            50.144016
          ],
          [
            37.650866,
            50.144087
          ],
          [
            37.650113,
            50.144174
          ],
          [
            37.64927,
            50.144273
          ],
          [
            37.648347,
            50.144382
          ],
          [
            37.647356,
            50.144501
          ],
          [
            37.646304,
            50.144626
          ],
          [
            37.645203,
            50.144757
          ],
          [
            37.644063,
            50.14489
          ],
          [
            37.642893,
            50.145024
          ],
          [
            37.641703,
            50.145158
          ],
          [
            37.640503,
            50.145288
          ],
          [
            37.639304,
            50.145413
          ],
          [
            37.638116,
            50.145531
          ],
          [
            37.636947,
            50.14564
          ],
          [
            37.635809,
            50.145738
          ],
          [
            37.634711,
            50.145824
          ],
          [
            37.633663,
            50.145894
          ],
          [
            37.632675,
            50.145948
          ],
          [
            37.631758,
            50.145982
          ],
          [
            37.63092,
            50.145996
          ],
          [
            37.630155,
            50.145981
          ],
          [
            37.629443,
            50.145934
          ],
          [
            37.628779,
            50.145857
          ],
          [
            37.628159,
            50.145756
          ],
          [
            37.627576,
            50.145634
          ],
          [
            37.627025,
            50.145497
          ],
          [
            37.626502,
            50.145346
          ],
          [
            37.626,
            50.145188
          ],
          [
            37.625515,
            50.145025
          ],
          [
            37.625041,
            50.144862
          ],
          [
            37.624573,
            50.144703
          ],
          [
            37.624106,
            50.144552
          ],
          [
            37.623635,
            50.144413
          ],
          [
            37.623153,
            50.144291
          ],
          [
            37.622657,
            50.144189
          ],
          [
            37.62214,
            50.144111
          ],
          [
            37.621597,
            50.144062
          ],
          [
            37.621023,
            50.144045
          ],
          [
            37.620414,
            50.144065
          ],
          [
            37.619762,
            50.144126
          ],
          [
            37.619061,
            50.144224
          ],
          [
            37.618308,
            50.144352
          ],
          [
            37.61751,
            50.144508
          ],
          [
            37.616675,
            50.144689
          ],
          [
            37.61581,
            50.144893
          ],
          [
            37.614922,
            50.145118
          ],
          [
            37.614017,
            50.145363
          ],
          [
            37.613103,
            50.145624
          ],
          [
            37.612187,
            50.1459
          ],
          [
            37.611276,
            50.146189
          ],
          [
            37.610376,
            50.146488
          ],
          [
            37.609496,
            50.146795
          ],
          [
            37.608641,
            50.147109
          ],
          [
            37.607819,
            50.147427
          ],
          [
            37.607037,
            50.147746
          ],
          [
            37.606301,
            50.148065
          ],
          [
            37.60562,
            50.148382
          ],
          [
            37.605,
            50.148694
          ],
          [
            37.604447,
            50.149
          ],
          [
            37.60397,
            50.149296
          ],
          [
            37.603552,
            50.149587
          ],
          [
            37.603174,
            50.149877
          ],
          [
            37.602834,
            50.150166
          ],
          [
            37.602533,
            50.150455
          ],
          [
            37.602269,
            50.150746
          ],
          [
            37.602041,
            50.151039
          ],
          [
            37.60185,
            50.151334
          ],
          [
            37.601693,
            50.151634
          ],
          [
            37.60157,
            50.151937
          ],
          [
            37.60148,
            50.152246
          ],
          [
            37.601424,
            50.15256
          ],
          [
            37.601399,
            50.152881
          ],
          [
            37.601405,
            50.15321
          ],
          [
            37.601441,
            50.153547
          ],
          [
            37.601507,
            50.153893
          ],
          [
            37.601602,
            50.154249
          ],
          [
            37.601725,
            50.154615
          ],
          [
            37.601875,
            50.154993
          ],
          [
            37.602051,
            50.155383
          ],
          [
            37.602253,
            50.155786
          ],
          [
            37.602505,
            50.156211
          ],
          [
            37.602826,
            50.156666
          ],
          [
            37.603209,
            50.157147
          ],
          [
            37.603648,
            50.157649
          ],
          [
            37.604136,
            50.15817
          ],
          [
            37.604665,
            50.158706
          ],
          [
            37.605229,
            50.159252
          ],
          [
            37.605821,
            50.159806
          ],
          [
            37.606433,
            50.160363
          ],
          [
            37.607059,
            50.16092
          ],
          [
            37.607693,
            50.161474
          ],
          [
            37.608326,
            50.16202
          ],
          [
            37.608952,
            50.162555
          ],
          [
            37.609564,
            50.163076
          ],
          [
            37.610155,
            50.163578
          ],
          [
            37.610718,
            50.164058
          ],
          [
            37.611246,
            50.164512
          ],
          [
            37.611733,
            50.164937
          ],
          [
            37.612171,
            50.165328
          ],
          [
            37.612553,
            50.165683
          ],
          [
            37.612885,
            50.165999
          ],
          [
            37.613179,
            50.166278
          ],
          [
            37.61344,
            50.166524
          ],
          [
            37.613671,
            50.166741
          ],
          [
            37.613875,
            50.166932
          ],
          [
            37.614057,
            50.1671
          ],
          [
            37.61422,
            50.167251
          ],
          [
            37.614368,
            50.167387
          ],
          [
            37.614505,
            50.167511
          ],
          [
            37.614634,
            50.167628
          ],
          [
            37.614759,
            50.167742
          ],
          [
            37.614884,
            50.167855
          ],
          [
            37.615013,
            50.167973
          ],
          [
            37.615149,
            50.168097
          ],
          [
            37.615297,
            50.168232
          ],
          [
            37.615459,
            50.168382
          ],
          [
            37.615639,
            50.168551
          ],
          [
            37.615842,
            50.168741
          ],
          [
            37.616071,
            50.168957
          ],
          [
            37.616329,
            50.169202
          ],
          [
            37.616626,
            50.169468
          ],
          [
            37.616964,
            50.169744
          ],
          [
            37.617338,
            50.170029
          ],
          [
            37.617741,
            50.170324
          ],
          [
            37.618168,
            50.170627
          ],
          [
            37.618613,
            50.17094
          ],
          [
            37.61907,
            50.171261
          ],
          [
            37.619534,
            50.17159
          ],
          [
            37.62,
            50.171928
          ],
          [
            37.62046,
            50.172274
          ],
          [
            37.62091,
            50.172627
          ],
          [
            37.621343,
            50.172989
          ],
          [
            37.621755,
            50.173357
          ],
          [
            37.622138,
            50.173733
          ],
          [
            37.622489,
            50.174116
          ],
          [
            37.6228,
            50.174506
          ],
          [
            37.623067,
            50.174902
          ],
          [
            37.623282,
            50.175305
          ],
          [
            37.623442,
            50.175714
          ],
          [
            37.623539,
            50.176129
          ],
          [
            37.62355,
            50.176551
          ],
          [
            37.623462,
            50.176984
          ],
          [
            37.623287,
            50.177427
          ],
          [
            37.623038,
            50.177878
          ],
          [
            37.622726,
            50.178338
          ],
          [
            37.622365,
            50.178805
          ],
          [
            37.621966,
            50.17928
          ],
          [
            37.621541,
            50.179762
          ],
          [
            37.621103,
            50.180251
          ],
          [
            37.620664,
            50.180746
          ],
          [
            37.620236,
            50.181246
          ],
          [
            37.619831,
            50.181751
          ],
          [
            37.619462,
            50.18226
          ],
          [
            37.619141,
            50.182774
          ],
          [
            37.61888,
            50.183291
          ],
          [
            37.618691,
            50.183811
          ],
          [
            37.618587,
            50.184334
          ],
          [
            37.61858,
            50.184859
          ],
          [
            37.618681,
            50.185385
          ],
          [
            37.618904,
            50.185912
          ],
          [
            37.619272,
            50.186446
          ],
          [
            37.619789,
            50.186991
          ],
          [
            37.620439,
            50.187546
          ],
          [
            37.621203,
            50.188109
          ],
          [
            37.622065,
            50.18868
          ],
          [
            37.623008,
            50.189257
          ],
          [
            37.624014,
            50.189839
          ],
          [
            37.625066,
            50.190424
          ],
          [
            37.626147,
            50.191012
          ],
          [
            37.62724,
            50.1916
          ],
          [
            37.628328,
            50.192187
          ],
          [
            37.629393,
            50.192773
          ],
          [
            37.630419,
            50.193355
          ],
          [
            37.631387,
            50.193933
          ],
          [
            37.632282,
            50.194505
          ],
          [
            37.633085,
            50.19507
          ],
          [
            37.633779,
            50.195626
          ],
          [
            37.634348,
            50.196173
          ],
          [
            37.634774,
            50.196709
          ],
          [
            37.63504,
            50.197232
          ],
          [
            37.635155,
            50.197747
          ],
          [
            37.635146,
            50.198258
          ],
          [
            37.635025,
            50.198765
          ],
          [
            37.634801,
            50.199269
          ],
          [
            37.634486,
            50.199768
          ],
          [
            37.634091,
            50.200262
          ],
          [
            37.633626,
            50.200752
          ],
          [
            37.633101,
            50.201237
          ],
          [
            37.632528,
            50.201716
          ],
          [
            37.631918,
            50.20219
          ],
          [
            37.631281,
            50.202658
          ],
          [
            37.630628,
            50.203121
          ],
          [
            37.629969,
            50.203576
          ],
          [
            37.629316,
            50.204026
          ],
          [
            37.628679,
            50.204468
          ],
          [
            37.628069,
            50.204904
          ],
          [
            37.627497,
            50.205332
          ],
          [
            37.626973,
            50.205753
          ],
          [
            37.626509,
            50.206166
          ],
          [
            37.626114,
            50.206571
          ],
          [
            37.625766,
            50.206962
          ],
          [
            37.625433,
            50.207334
          ],
          [
            37.625115,
            50.207689
          ],
          [
            37.624811,
            50.20803
          ],
          [
            37.624518,
            50.208358
          ],
          [
            37.624236,
            50.208675
          ],
          [
            37.623964,
            50.208985
          ],
          [
            37.623701,
            50.209289
          ],
          [
            37.623445,
            50.209589
          ],
          [
            37.623196,
            50.209888
          ],
          [
            37.622951,
            50.210187
          ],
          [
            37.622711,
            50.21049
          ],
          [
            37.622473,
            50.210797
          ],
          [
            37.622237,
            50.211111
          ],
          [
            37.622002,
            50.211435
          ],
          [
            37.621766,
            50.211771
          ],
          [
            37.621528,
            50.21212
          ],
          [
            37.621287,
            50.212486
          ],
          [
            37.621043,
            50.212869
          ],
          [
            37.620792,
            50.213273
          ],
          [
            37.620539,
            50.213707
          ],
          [
            37.620285,
            50.214178
          ],
          [
            37.62003,
            50.21468
          ],
          [
            37.619776,
            50.215208
          ],
          [
            37.619522,
            50.215757
          ],
          [
            37.619269,
            50.216323
          ],
          [
            37.619017,
            50.2169
          ],
          [
            37.618767,
            50.217483
          ],
          [
            37.618518,
            50.218067
          ],
          [
            37.618271,
            50.218648
          ],
          [
            37.618027,
            50.21922
          ],
          [
            37.617785,
            50.219779
          ],
          [
            37.617546,
            50.220319
          ],
          [
            37.617311,
            50.220835
          ],
          [
            37.617079,
            50.221323
          ],
          [
            37.616851,
            50.221777
          ],
          [
            37.616628,
            50.222193
          ],
          [
            37.616409,
            50.222565
          ],
          [
            37.616195,
            50.222888
          ],
          [
            37.615986,
            50.223158
          ],
          [
            37.615799,
            50.223375
          ],
          [
            37.615645,
            50.223542
          ],
          [
            37.61552,
            50.223666
          ],
          [
            37.615417,
            50.223749
          ],
          [
            37.615333,
            50.223796
          ],
          [
            37.615261,
            50.223811
          ],
          [
            37.615195,
            50.223798
          ],
          [
            37.615132,
            50.223761
          ],
          [
            37.615064,
            50.223705
          ],
          [
            37.614988,
            50.223632
          ],
          [
            37.614897,
            50.223548
          ],
          [
            37.614787,
            50.223456
          ],
          [
            37.614652,
            50.223361
          ],
          [
            37.614486,
            50.223267
          ],
          [
            37.614284,
            50.223177
          ],
          [
            37.614041,
            50.223095
          ],
          [
            37.613752,
            50.223027
          ],
          [
            37.613411,
            50.222975
          ],
          [
            37.613013,
            50.222944
          ],
          [
            37.612553,
            50.222939
          ],
          [
            37.612039,
            50.222941
          ],
          [
            37.611485,
            50.222932
          ],
          [
            37.610893,
            50.222914
          ],
          [
            37.610263,
            50.22289
          ],
          [
            37.609598,
            50.222862
          ],
          [
            37.608899,
            50.222833
          ],
          [
            37.608166,
            50.222803
          ],
          [
            37.607401,
            50.222776
          ],
          [
            37.606607,
            50.222754
          ],
          [
            37.605783,
            50.22274
          ],
          [
            37.604931,
            50.222735
          ],
          [
            37.604053,
            50.222741
          ],
          [
            37.603151,
            50.222762
          ],
          [
            37.602224,
            50.222799
          ],
          [
            37.601275,
            50.222854
          ],
          [
            37.600306,
            50.22293
          ],
          [
            37.599316,
            50.223029
          ],
          [
            37.598309,
            50.223154
          ],
          [
            37.597285,
            50.223306
          ],
          [
            37.596245,
            50.223488
          ],
          [
            37.59517,
            50.22371
          ],
          [
            37.594042,
            50.223978
          ],
          [
            37.592866,
            50.224286
          ],
          [
            37.591648,
            50.224629
          ],
          [
            37.590394,
            50.225003
          ],
          [
            37.589107,
            50.225402
          ],
          [
            37.587794,
            50.225822
          ],
          [
            37.586459,
            50.226257
          ],
          [
            37.585108,
            50.226703
          ],
          [
            37.583746,
            50.227153
          ],
          [
            37.582378,
            50.227604
          ],
          [
            37.58101,
            50.22805
          ],
          [
            37.579646,
            50.228487
          ],
          [
            37.578292,
            50.228908
          ],
          [
            37.576953,
            50.22931
          ],
          [
            37.575634,
            50.229687
          ],
          [
            37.574341,
            50.230034
          ],
          [
            37.573079,
            50.230346
          ],
          [
            37.571853,
            50.230619
          ],
          [
            37.570667,
            50.230846
          ],
          [
            37.569507,
            50.23104
          ],
          [
            37.568353,
            50.231217
          ],
          [
            37.567206,
            50.231377
          ],
          [
            37.566067,
            50.23152
          ],
          [
            37.564937,
            50.231645
          ],
          [
            37.563817,
            50.231754
          ],
          [
            37.562708,
            50.231847
          ],
          [
            37.56161,
            50.231923
          ],
          [
            37.560526,
            50.231983
          ],
          [
            37.559456,
            50.232026
          ],
          [
            37.5584,
            50.232054
          ],
          [
            37.55736,
            50.232066
          ],
          [
            37.556337,
            50.232063
          ],
          [
            37.555331,
            50.232043
          ],
          [
            37.554345,
            50.232009
          ],
          [
            37.553378,
            50.23196
          ],
          [
            37.552431,
            50.231895
          ],
          [
            37.551506,
            50.231816
          ],
          [
            37.550604,
            50.231723
          ],
          [
            37.549725,
            50.231615
          ],
          [
            37.548875,
            50.231475
          ],
          [
            37.54806,
            50.23129
          ],
          [
            37.547276,
            50.231065
          ],
          [
            37.546519,
            50.230805
          ],
          [
            37.545788,
            50.230516
          ],
          [
            37.54508,
            50.230203
          ],
          [
            37.544392,
            50.229871
          ],
          [
            37.543721,
            50.229525
          ],
          [
            37.543064,
            50.229171
          ],
          [
            37.542418,
            50.228814
          ],
          [
            37.541782,
            50.228459
          ],
          [
            37.541151,
            50.228112
          ],
          [
            37.540524,
            50.227777
          ],
          [
            37.539897,
            50.22746
          ],
          [
            37.539268,
            50.227167
          ],
          [
            37.538634,
            50.226902
          ],
          [
            37.537992,
            50.226671
          ],
          [
            37.537339,
            50.226479
          ],
          [
            37.536674,
            50.226332
          ],
          [
            37.535992,
            50.226234
          ],
          [
            37.53528,
            50.226173
          ],
          [
            37.534531,
            50.226134
          ],
          [
            37.533751,
            50.226116
          ],
          [
            37.532947,
            50.226119
          ],
          [
            37.532125,
            50.226142
          ],
          [
            37.531292,
            50.226185
          ],
          [
            37.530454,
            50.226249
          ],
          [
            37.529618,
            50.226332
          ],
          [
            37.52879,
            50.226435
          ],
          [
            37.527977,
            50.226556
          ],
          [
            37.527185,
            50.226697
          ],
          [
            37.526421,
            50.226856
          ],
          [
            37.525691,
            50.227033
          ],
          [
            37.525002,
            50.227228
          ],
          [
            37.52436,
            50.227441
          ],
          [
            37.523772,
            50.227671
          ],
          [
            37.523244,
            50.227918
          ],
          [
            37.522783,
            50.228182
          ],
          [
            37.522395,
            50.228463
          ],
          [
            37.522087,
            50.228759
          ],
          [
            37.521866,
            50.229079
          ],
          [
            37.521731,
            50.229427
          ],
          [
            37.521674,
            50.229802
          ],
          [
            37.521687,
            50.230201
          ],
          [
            37.521764,
            50.230623
          ],
          [
            37.521896,
            50.231066
          ],
          [
            37.522076,
            50.231529
          ],
          [
            37.522296,
            50.232008
          ],
          [
            37.522549,
            50.232503
          ],
          [
            37.522827,
            50.233011
          ],
          [
            37.523124,
            50.233531
          ],
          [
            37.52343,
            50.234061
          ],
          [
            37.523739,
            50.234598
          ],
          [
            37.524044,
            50.235141
          ],
          [
            37.524336,
            50.235689
          ],
          [
            37.524608,
            50.236239
          ],
          [
            37.524853,
            50.236789
          ],
          [
            37.525063,
            50.237337
          ],
          [
            37.525231,
            50.237882
          ],
          [
            37.525349,
            50.238422
          ],
          [
            37.525422,
            50.238979
          ],
          [
            37.525464,
            50.239574
          ],
          [
            37.52548,
            50.2402
          ],
          [
            37.525474,
            50.240852
          ],
          [
            37.525449,
            50.241525
          ],
          [
            37.525409,
            50.242213
          ],
          [
            37.52536,
            50.242909
          ],
          [
            37.525305,
            50.243609
          ],
          [
            37.525248,
            50.244307
          ],
          [
            37.525193,
            50.244997
          ],
          [
            37.525145,
            50.245674
          ],
          [
            37.525108,
            50.246331
          ],
          [
            37.525085,
            50.246964
          ],
          [
            37.525082,
            50.247566
          ],
          [
            37.525101,
            50.248132
          ],
          [
            37.525148,
            50.248656
          ],
          [
            37.525227,
            50.249133
          ],
          [
            37.525341,
            50.249557
          ],
          [
            37.525494,
            50.249923
          ],
          [
            37.525692,
            50.250224
          ],
          [
            37.525926,
            50.250455
          ],
          [
            37.526184,
            50.250621
          ],
          [
            37.526466,
            50.250727
          ],
          [
            37.526771,
            50.250778
          ],
          [
            37.527098,
            50.250782
          ],
          [
            37.527447,
            50.250743
          ],
          [
            37.527817,
            50.250668
          ],
          [
            37.528207,
            50.250562
          ],
          [
            37.528617,
            50.250432
          ],
          [
            37.529045,
            50.250284
          ],
          [
            37.529491,
            50.250123
          ],
          [
            37.529954,
            50.249956
          ],
          [
            37.530434,
            50.249788
          ],
          [
            37.530929,
            50.249625
          ],
          [
            37.531439,
            50.249474
          ],
          [
            37.531964,
            50.249341
          ],
          [
            37.532502,
            50.24923
          ],
          [
            37.533053,
            50.249149
          ],
          [
            37.533615,
            50.249103
          ],
          [
            37.534189,
            50.249098
          ],
          [
            37.534752,
            50.249127
          ],
          [
            37.535285,
            50.249174
          ],
          [
            37.535797,
            50.249239
          ],
          [
            37.536297,
            50.249318
          ],
          [
            37.53679,
            50.249411
          ],
          [
            37.537286,
            50.249514
          ],
          [
            37.537793,
            50.249627
          ],
          [
            37.538317,
            50.249746
          ],
          [
            37.538868,
            50.249869
          ],
          [
            37.539452,
            50.249995
          ],
          [
            37.540077,
            50.250122
          ],
          [
            37.540752,
            50.250247
          ],
          [
            37.541484,
            50.250368
          ],
          [
            37.542281,
            50.250484
          ],
          [
            37.543151,
            50.250591
          ],
          [
            37.544102,
            50.250689
          ],
          [
            37.545141,
            50.250774
          ],
          [
            37.546276,
            50.250845
          ],
          [
            37.547515,
            50.2509
          ],
          [
            37.548866,
            50.250937
          ],
          [
            37.550373,
            50.250954
          ],
          [
            37.552059,
            50.250954
          ],
          [
            37.553905,
            50.250938
          ],
          [
            37.555891,
            50.250908
          ],
          [
            37.557997,
            50.250867
          ],
          [
            37.560204,
            50.250815
          ],
          [
            37.562492,
            50.250756
          ],
          [
            37.564841,
            50.250691
          ],
          [
            37.567231,
            50.250622
          ],
          [
            37.569643,
            50.250551
          ],
          [
            37.572056,
            50.25048
          ],
          [
            37.574451,
            50.250411
          ],
          [
            37.576808,
            50.250347
          ],
          [
            37.579107,
            50.250288
          ],
          [
            37.581328,
            50.250237
          ],
          [
            37.583453,
            50.250195
          ],
          [
            37.58546,
            50.250166
          ],
          [
            37.58733,
            50.250151
          ],
          [
            37.589043,
            50.250151
          ],
          [
            37.59058,
            50.250169
          ],
          [
            37.591967,
            50.250198
          ],
          [
            37.593249,
            50.250233
          ],
          [
            37.594432,
            50.250272
          ],
          [
            37.595525,
            50.250317
          ],
          [
            37.596534,
            50.250368
          ],
          [
            37.597467,
            50.250424
          ],
          [
            37.598331,
            50.250487
          ],
          [
            37.599133,
            50.250557
          ],
          [
            37.59988,
            50.250634
          ],
          [
            37.600579,
            50.250718
          ],
          [
            37.601238,
            50.250809
          ],
          [
            37.601864,
            50.250909
          ],
          [
            37.602464,
            50.251017
          ],
          [
            37.603046,
            50.251134
          ],
          [
            37.603616,
            50.25126
          ],
          [
            37.604181,
            50.251395
          ],
          [
            37.60475,
            50.251539
          ],
          [
            37.605328,
            50.251694
          ],
          [
            37.605924,
            50.251859
          ],
          [
            37.606544,
            50.252035
          ],
          [
            37.607161,
            50.252232
          ],
          [
            37.607744,
            50.252458
          ],
          [
            37.608296,
            50.25271
          ],
          [
            37.60882,
            50.252984
          ],
          [
            37.609319,
            50.253276
          ],
          [
            37.609797,
            50.253584
          ],
          [
            37.610256,
            50.253902
          ],
          [
            37.6107,
            50.254228
          ],
          [
            37.611132,
            50.254558
          ],
          [
            37.611555,
            50.254888
          ],
          [
            37.611972,
            50.255215
          ],
          [
            37.612386,
            50.255535
          ],
          [
            37.612801,
            50.255845
          ],
          [
            37.61322,
            50.25614
          ],
          [
            37.613646,
            50.256418
          ],
          [
            37.614081,
            50.256674
          ],
          [
            37.61453,
            50.256905
          ],
          [
            37.614995,
            50.257108
          ],
          [
            37.615479,
            50.257278
          ],
          [
            37.615986,
            50.257413
          ],
          [
            37.616523,
            50.257512
          ],
          [
            37.617093,
            50.257581
          ],
          [
            37.617691,
            50.257623
          ],
          [
            37.618312,
            50.25764
          ],
          [
            37.618951,
            50.257635
          ],
          [
            37.619603,
            50.25761
          ],
          [
            37.620263,
            50.257568
          ],
          [
            37.620926,
            50.257511
          ],
          [
            37.621587,
            50.257443
          ],
          [
            37.622241,
            50.257365
          ],
          [
            37.622883,
            50.25728
          ],
          [
            37.623509,
            50.257191
          ],
          [
            37.624113,
            50.257101
          ],
          [
            37.62469,
            50.257012
          ],
          [
            37.625235,
            50.256927
          ],
          [
            37.625744,
            50.256847
          ],
          [
            37.626212,
            50.256777
          ],
          [
            37.626633,
            50.256718
          ],
          [
            37.627002,
            50.256673
          ],
          [
            37.627316,
            50.256644
          ]
        ]
      }
    }
  ]
}