{
"type": "FeatureCollection",
"name": "Russian-controlled territory",
"crs": { "type": "name", "properties": { "name": "urn:ogc:def:crs:OGC:1.3:CRS84" } },
"features": [
{ "type": "Feature", "properties": { "Name": "", "description": "описание: <br>name: ", "tessellate": -1, "extrude": 0, "visibility": -1, "________________": "" }, "geometry": { "type": "Polygon", "coordinates": [ [ [ 37.039483, 46.868731, 0.0 ], [ 37.085717, 46.890154, 0.0 ], [ 37.170057, 46.915132, 0.0 ], [ 37.237906, 46.95176, 0.0 ], [ 37.289678, 46.933948, 0.0 ], [ 37.316343, 46.91401, 0.0 ], [ 37.324177, 46.887622, 0.0 ], [ 37.28945, 46.870618, 0.0 ], [ 37.296085, 46.86548, 0.0 ], [ 37.345432, 46.884452, 0.0 ], [ 37.525476, 47.061159, 0.0 ], [ 37.810862, 47.079098, 0.0 ], [ 38.036522, 47.088944, 0.0 ], [ 38.146392, 47.041584, 0.0 ], [ 38.251704, 47.118287, 0.0 ], [ 38.236, 47.227876, 0.0 ], [ 38.327516, 47.260953, 0.0 ], [ 38.334809, 47.304767, 0.0 ], [ 38.224496, 47.303692, 0.0 ], [ 38.219003, 47.324175, 0.0 ], [ 38.233423, 47.339998, 0.0 ], [ 38.252649, 47.366048, 0.0 ], [ 38.263635, 47.372094, 0.0 ], [ 38.284234, 47.372559, 0.0 ], [ 38.288354, 47.391621, 0.0 ], [ 38.303461, 47.393016, 0.0 ], [ 38.299341, 47.473835, 0.0 ], [ 38.286981, 47.474763, 0.0 ], [ 38.284234, 47.491469, 0.0 ], [ 38.284921, 47.543407, 0.0 ], [ 38.306207, 47.544798, 0.0 ], [ 38.308267, 47.576769, 0.0 ], [ 38.346033, 47.574916, 0.0 ], [ 38.347833, 47.612197, 0.0 ], [ 38.447656, 47.604554, 0.0 ], [ 38.458642, 47.639728, 0.0 ], [ 38.615884, 47.643892, 0.0 ], [ 38.63099, 47.652218, 0.0 ], [ 38.630304, 47.668867, 0.0 ], [ 38.666696, 47.666555, 0.0 ], [ 38.66395, 47.697066, 0.0 ], [ 38.735661, 47.697243, 0.0 ], [ 38.738794, 47.680426, 0.0 ], [ 38.770738, 47.685681, 0.0 ], [ 38.773813, 47.725711, 0.0 ], [ 38.786172, 47.733101, 0.0 ], [ 38.795786, 47.772341, 0.0 ], [ 38.788919, 47.792181, 0.0 ], [ 38.789254, 47.815604, 0.0 ], [ 38.832178, 47.814319, 0.0 ], [ 38.829431, 47.830455, 0.0 ], [ 38.819131, 47.840135, 0.0 ], [ 38.830118, 47.851655, 0.0 ], [ 38.843164, 47.853038, 0.0 ], [ 38.847284, 47.863634, 0.0 ], [ 38.874063, 47.866398, 0.0 ], [ 38.879556, 47.876531, 0.0 ], [ 39.080463, 47.87072, 0.0 ], [ 39.064264, 47.891727, 0.0 ], [ 39.097223, 47.934989, 0.0 ], [ 39.076624, 47.952467, 0.0 ], [ 39.036798, 47.954306, 0.0 ], [ 39.042291, 48.003029, 0.0 ], [ 38.847284, 48.011298, 0.0 ], [ 38.817072, 48.02324, 0.0 ], [ 38.825311, 48.047115, 0.0 ], [ 38.815698, 48.070979, 0.0 ], [ 38.812952, 48.077402, 0.0 ], [ 38.812952, 48.101253, 0.0 ], [ 38.814325, 48.116841, 0.0 ], [ 38.77038, 48.127842, 0.0 ], [ 38.718194, 48.136091, 0.0 ], [ 38.642664, 48.158998, 0.0 ], [ 38.601465, 48.1764, 0.0 ], [ 38.616571, 48.198374, 0.0 ], [ 38.590478, 48.213018, 0.0 ], [ 38.587732, 48.240464, 0.0 ], [ 38.580865, 48.260582, 0.0 ], [ 38.567132, 48.274294, 0.0 ], [ 38.535547, 48.270638, 0.0 ], [ 38.488855, 48.276122, 0.0 ], [ 38.435297, 48.278864, 0.0 ], [ 38.43255, 48.294398, 0.0 ], [ 38.421564, 48.314495, 0.0 ], [ 38.446283, 48.33367, 0.0 ], [ 38.458642, 48.342799, 0.0 ], [ 38.490228, 48.361964, 0.0 ], [ 38.464136, 48.377473, 0.0 ], [ 38.442163, 48.379297, 0.0 ], [ 38.439416, 48.394801, 0.0 ], [ 38.435297, 48.42215, 0.0 ], [ 38.43255, 48.443107, 0.0 ], [ 38.396844, 48.443107, 0.0 ], [ 38.390346, 48.429336, 0.0 ], [ 38.358435, 48.441935, 0.0 ], [ 38.326849, 48.447401, 0.0 ], [ 38.30213, 48.468347, 0.0 ], [ 38.287024, 48.485645, 0.0 ], [ 38.31861, 48.513854, 0.0 ], [ 38.276038, 48.544775, 0.0 ], [ 38.263678, 48.643777, 0.0 ], [ 38.229346, 48.641055, 0.0 ], [ 38.230719, 48.653757, 0.0 ], [ 38.260202, 48.656739, 0.0 ], [ 38.258829, 48.669891, 0.0 ], [ 38.285608, 48.672158, 0.0 ], [ 38.286294, 48.682586, 0.0 ], [ 38.307623, 48.692752, 0.0 ], [ 38.30625, 48.709067, 0.0 ], [ 38.330969, 48.714504, 0.0 ], [ 38.326849, 48.737151, 0.0 ], [ 38.281531, 48.73534, 0.0 ], [ 38.265463, 48.749431, 0.0 ], [ 38.277822, 48.802826, 0.0 ], [ 38.313116, 48.814077, 0.0 ], [ 38.31449, 48.829448, 0.0 ], [ 38.277411, 48.821311, 0.0 ], [ 38.255438, 48.8412, 0.0 ], [ 38.222479, 48.840296, 0.0 ], [ 38.225226, 48.86921, 0.0 ], [ 38.236212, 48.924283, 0.0 ], [ 38.173089, 48.928555, 0.0 ], [ 38.10163, 48.927892, 0.0 ], [ 38.010992, 48.936914, 0.0 ], [ 38.020606, 48.97028, 0.0 ], [ 38.048071, 48.96397, 0.0 ], [ 38.065924, 48.987406, 0.0 ], [ 38.10163, 48.991912, 0.0 ], [ 38.065924, 49.069346, 0.0 ], [ 38.079657, 49.142169, 0.0 ], [ 38.050818, 49.150254, 0.0 ], [ 38.013739, 49.125097, 0.0 ], [ 37.892889, 49.15205, 0.0 ], [ 37.906622, 49.181682, 0.0 ], [ 37.938208, 49.189761, 0.0 ], [ 37.872054, 49.235215, 0.0 ], [ 37.871054, 49.236691, 0.0 ], [ 37.864486, 49.235784, 0.0 ], [ 37.858807, 49.228618, 0.0 ], [ 37.859086, 49.214435, 0.0 ], [ 37.838615, 49.206249, 0.0 ], [ 37.832371, 49.198845, 0.0 ], [ 37.838522, 49.192894, 0.0 ], [ 37.850942, 49.190102, 0.0 ], [ 37.86774, 49.187422, 0.0 ], [ 37.853699, 49.169608, 0.0 ], [ 37.852171, 49.158831, 0.0 ], [ 37.856138, 49.154116, 0.0 ], [ 37.849816, 49.147546, 0.0 ], [ 37.859877, 49.1397, 0.0 ], [ 37.854079, 49.128441, 0.0 ], [ 37.831543, 49.130688, 0.0 ], [ 37.82459, 49.137344, 0.0 ], [ 37.819098, 49.138887, 0.0 ], [ 37.811887, 49.138803, 0.0 ], [ 37.805879, 49.140628, 0.0 ], [ 37.799958, 49.139562, 0.0 ], [ 37.794035, 49.138888, 0.0 ], [ 37.783961, 49.136686, 0.0 ], [ 37.777064, 49.134147, 0.0 ], [ 37.769739, 49.129418, 0.0 ], [ 37.76087, 49.127496, 0.0 ], [ 37.75764, 49.123597, 0.0 ], [ 37.753465, 49.120203, 0.0 ], [ 37.748548, 49.120752, 0.0 ], [ 37.73842, 49.122887, 0.0 ], [ 37.722284, 49.128953, 0.0 ], [ 37.725288, 49.132828, 0.0 ], [ 37.716104, 49.134232, 0.0 ], [ 37.71722, 49.139567, 0.0 ], [ 37.71988, 49.143497, 0.0 ], [ 37.709237, 49.151357, 0.0 ], [ 37.700225, 49.148887, 0.0 ], [ 37.680279, 49.149298, 0.0 ], [ 37.670173, 49.14071, 0.0 ], [ 37.6568, 49.141071, 0.0 ], [ 37.642057, 49.135033, 0.0 ], [ 37.617264, 49.12632, 0.0 ], [ 37.605867, 49.114911, 0.0 ], [ 37.60235, 49.103938, 0.0 ], [ 37.614367, 49.091012, 0.0 ], [ 37.618026, 49.085158, 0.0 ], [ 37.623808, 49.084829, 0.0 ], [ 37.632906, 49.081231, 0.0 ], [ 37.647053, 49.082332, 0.0 ], [ 37.655453, 49.077287, 0.0 ], [ 37.661646, 49.080619, 0.0 ], [ 37.670263, 49.080717, 0.0 ], [ 37.675634, 49.078549, 0.0 ], [ 37.681864, 49.078968, 0.0 ], [ 37.692433, 49.083626, 0.0 ], [ 37.701973, 49.085023, 0.0 ], [ 37.70836, 49.081624, 0.0 ], [ 37.712691, 49.07643, 0.0 ], [ 37.707501, 49.068799, 0.0 ], [ 37.711922, 49.065105, 0.0 ], [ 37.71645, 49.06067, 0.0 ], [ 37.728703, 49.061972, 0.0 ], [ 37.744369, 49.054283, 0.0 ], [ 37.757504, 49.047655, 0.0 ], [ 37.763808, 49.051035, 0.0 ], [ 37.769645, 49.053285, 0.0 ], [ 37.764323, 49.058122, 0.0 ], [ 37.766843, 49.059309, 0.0 ], [ 37.763839, 49.061671, 0.0 ], [ 37.785554, 49.073761, 0.0 ], [ 37.793797, 49.066619, 0.0 ], [ 37.801519, 49.069656, 0.0 ], [ 37.809948, 49.071937, 0.0 ], [ 37.816441, 49.073503, 0.0 ], [ 37.825896, 49.080332, 0.0 ], [ 37.837835, 49.086557, 0.0 ], [ 37.841532, 49.072318, 0.0 ], [ 37.836409, 49.065509, 0.0 ], [ 37.834116, 49.062567, 0.0 ], [ 37.835365, 49.057582, 0.0 ], [ 37.842918, 49.057694, 0.0 ], [ 37.843147, 49.051659, 0.0 ], [ 37.848554, 49.052672, 0.0 ], [ 37.866836, 49.048396, 0.0 ], [ 37.880609, 49.042819, 0.0 ], [ 37.882972, 49.031517, 0.0 ], [ 37.867866, 49.030166, 0.0 ], [ 37.841431, 49.031348, 0.0 ], [ 37.839459, 49.028646, 0.0 ], [ 37.831775, 49.01564, 0.0 ], [ 37.8189, 49.004267, 0.0 ], [ 37.807657, 49.007871, 0.0 ], [ 37.810515, 49.001667, 0.0 ], [ 37.815982, 49.000326, 0.0 ], [ 37.825509, 49.002522, 0.0 ], [ 37.845276, 48.998578, 0.0 ], [ 37.85704, 48.985484, 0.0 ], [ 37.857389, 48.977178, 0.0 ], [ 37.843484, 48.976953, 0.0 ], [ 37.842717, 48.978672, 0.0 ], [ 37.833275, 48.977546, 0.0 ], [ 37.836001, 48.975109, 0.0 ], [ 37.840952, 48.97222, 0.0 ], [ 37.843279, 48.963091, 0.0 ], [ 37.841182, 48.960399, 0.0 ], [ 37.838264, 48.959074, 0.0 ], [ 37.831269, 48.962258, 0.0 ], [ 37.827835, 48.964146, 0.0 ], [ 37.826076, 48.963864, 0.0 ], [ 37.827192, 48.962794, 0.0 ], [ 37.833372, 48.960032, 0.0 ], [ 37.831808, 48.959907, 0.0 ], [ 37.83213, 48.959492, 0.0 ], [ 37.831669, 48.95909, 0.0 ], [ 37.831723, 48.958456, 0.0 ], [ 37.832474, 48.958421, 0.0 ], [ 37.833954, 48.958026, 0.0 ], [ 37.834137, 48.957512, 0.0 ], [ 37.835016, 48.957202, 0.0 ], [ 37.835177, 48.957505, 0.0 ], [ 37.835124, 48.958082, 0.0 ], [ 37.835755, 48.959262, 0.0 ], [ 37.837363, 48.95875, 0.0 ], [ 37.841354, 48.957468, 0.0 ], [ 37.844239, 48.957101, 0.0 ], [ 37.839261, 48.950675, 0.0 ], [ 37.821751, 48.945771, 0.0 ], [ 37.813082, 48.948421, 0.0 ], [ 37.809992, 48.956255, 0.0 ], [ 37.806903, 48.956762, 0.0 ], [ 37.807932, 48.948364, 0.0 ], [ 37.808705, 48.936977, 0.0 ], [ 37.826222, 48.930237, 0.0 ], [ 37.840958, 48.931377, 0.0 ], [ 37.851204, 48.933426, 0.0 ], [ 37.865449, 48.943124, 0.0 ], [ 37.872101, 48.943716, 0.0 ], [ 37.87532, 48.939347, 0.0 ], [ 37.870427, 48.933314, 0.0 ], [ 37.870084, 48.922826, 0.0 ], [ 37.885193, 48.923163, 0.0 ], [ 37.896865, 48.920852, 0.0 ], [ 37.930887, 48.904147, 0.0 ], [ 37.925479, 48.901326, 0.0 ], [ 37.920319, 48.898271, 0.0 ], [ 37.919289, 48.895845, 0.0 ], [ 37.91989, 48.893982, 0.0 ], [ 37.92195, 48.891669, 0.0 ], [ 37.923248, 48.892467, 0.0 ], [ 37.93051, 48.890212, 0.0 ], [ 37.928965, 48.887842, 0.0 ], [ 37.924158, 48.88344, 0.0 ], [ 37.921927, 48.881747, 0.0 ], [ 37.916005, 48.879884, 0.0 ], [ 37.907336, 48.879545, 0.0 ], [ 37.904761, 48.877852, 0.0 ], [ 37.901156, 48.878473, 0.0 ], [ 37.89592, 48.878473, 0.0 ], [ 37.892916, 48.87757, 0.0 ], [ 37.885435, 48.880442, 0.0 ], [ 37.882516, 48.877564, 0.0 ], [ 37.877624, 48.87666, 0.0 ], [ 37.873848, 48.876548, 0.0 ], [ 37.867067, 48.87858, 0.0 ], [ 37.864279, 48.880105, 0.0 ], [ 37.859946, 48.881518, 0.0 ], [ 37.849218, 48.882534, 0.0 ], [ 37.841751, 48.884171, 0.0 ], [ 37.837073, 48.889222, 0.0 ], [ 37.834047, 48.89045, 0.0 ], [ 37.824932, 48.891843, 0.0 ], [ 37.824417, 48.886312, 0.0 ], [ 37.82991, 48.87937, 0.0 ], [ 37.836386, 48.878696, 0.0 ], [ 37.842866, 48.87418, 0.0 ], [ 37.85308, 48.870398, 0.0 ], [ 37.856259, 48.868626, 0.0 ], [ 37.854972, 48.866875, 0.0 ], [ 37.857804, 48.865125, 0.0 ], [ 37.851023, 48.859252, 0.0 ], [ 37.850594, 48.8553, 0.0 ], [ 37.853274, 48.84807, 0.0 ], [ 37.857154, 48.841066, 0.0 ], [ 37.842219, 48.842026, 0.0 ], [ 37.840846, 48.844568, 0.0 ], [ 37.838357, 48.845754, 0.0 ], [ 37.836898, 48.847844, 0.0 ], [ 37.826941, 48.850272, 0.0 ], [ 37.825225, 48.849482, 0.0 ], [ 37.824796, 48.843099, 0.0 ], [ 37.826598, 48.839258, 0.0 ], [ 37.826426, 48.835529, 0.0 ], [ 37.825139, 48.833834, 0.0 ], [ 37.814754, 48.828354, 0.0 ], [ 37.821277, 48.824624, 0.0 ], [ 37.819903, 48.823607, 0.0 ], [ 37.821877, 48.820669, 0.0 ], [ 37.820354, 48.819387, 0.0 ], [ 37.818208, 48.816222, 0.0 ], [ 37.819324, 48.808535, 0.0 ], [ 37.829624, 48.802656, 0.0 ], [ 37.834602, 48.793158, 0.0 ], [ 37.84679, 48.795363, 0.0 ], [ 37.852831, 48.794518, 0.0 ], [ 37.837052, 48.77829, 0.0 ], [ 37.827095, 48.782023, 0.0 ], [ 37.829413, 48.784737, 0.0 ], [ 37.8198, 48.789035, 0.0 ], [ 37.813877, 48.792711, 0.0 ], [ 37.802719, 48.782418, 0.0 ], [ 37.791647, 48.780835, 0.0 ], [ 37.789244, 48.780213, 0.0 ], [ 37.792935, 48.777696, 0.0 ], [ 37.783772, 48.773496, 0.0 ], [ 37.796901, 48.765553, 0.0 ], [ 37.795699, 48.7638, 0.0 ], [ 37.798188, 48.760348, 0.0 ], [ 37.791494, 48.754237, 0.0 ], [ 37.794366, 48.752429, 0.0 ], [ 37.78132, 48.740912, 0.0 ], [ 37.775312, 48.74111, 0.0 ], [ 37.769304, 48.739808, 0.0 ], [ 37.769776, 48.735279, 0.0 ], [ 37.76896, 48.725344, 0.0 ], [ 37.736452, 48.716864, 0.0 ], [ 37.719999, 48.718963, 0.0 ], [ 37.719069, 48.715199, 0.0 ], [ 37.713345, 48.713667, 0.0 ], [ 37.714204, 48.712421, 0.0 ], [ 37.705535, 48.711345, 0.0 ], [ 37.706565, 48.706531, 0.0 ], [ 37.71592, 48.706701, 0.0 ], [ 37.721156, 48.708343, 0.0 ], [ 37.723302, 48.712364, 0.0 ], [ 37.736434, 48.709986, 0.0 ], [ 37.736949, 48.706984, 0.0 ], [ 37.744416, 48.706474, 0.0 ], [ 37.749909, 48.704038, 0.0 ], [ 37.756003, 48.693785, 0.0 ], [ 37.763213, 48.693728, 0.0 ], [ 37.764672, 48.694691, 0.0 ], [ 37.785872, 48.694068, 0.0 ], [ 37.792052, 48.693388, 0.0 ], [ 37.795314, 48.694748, 0.0 ], [ 37.798661, 48.692538, 0.0 ], [ 37.802792, 48.692276, 0.0 ], [ 37.81292, 48.684457, 0.0 ], [ 37.804231, 48.682946, 0.0 ], [ 37.809339, 48.68051, 0.0 ], [ 37.814789, 48.681246, 0.0 ], [ 37.821912, 48.673425, 0.0 ], [ 37.820675, 48.667714, 0.0 ], [ 37.815815, 48.667918, 0.0 ], [ 37.79722, 48.666439, 0.0 ], [ 37.787875, 48.659289, 0.0 ], [ 37.78678, 48.655646, 0.0 ], [ 37.776352, 48.653662, 0.0 ], [ 37.766696, 48.65386, 0.0 ], [ 37.768928, 48.651677, 0.0 ], [ 37.770816, 48.651252, 0.0 ], [ 37.773391, 48.647708, 0.0 ], [ 37.779871, 48.640903, 0.0 ], [ 37.781284, 48.636312, 0.0 ], [ 37.767934, 48.632173, 0.0 ], [ 37.765572, 48.620429, 0.0 ], [ 37.778102, 48.606588, 0.0 ], [ 37.790463, 48.596157, 0.0 ], [ 37.797803, 48.588296, 0.0 ], [ 37.794968, 48.585345, 0.0 ], [ 37.801497, 48.584337, 0.0 ], [ 37.803469, 48.582505, 0.0 ], [ 37.803664, 48.581343, 0.0 ], [ 37.801561, 48.576857, 0.0 ], [ 37.800832, 48.574443, 0.0 ], [ 37.802591, 48.572257, 0.0 ], [ 37.810334, 48.560493, 0.0 ], [ 37.801255, 48.557382, 0.0 ], [ 37.796435, 48.555105, 0.0 ], [ 37.790759, 48.55368, 0.0 ], [ 37.769462, 48.551344, 0.0 ], [ 37.767275, 48.55534, 0.0 ], [ 37.763842, 48.55568, 0.0 ], [ 37.76264, 48.557555, 0.0 ], [ 37.758435, 48.558634, 0.0 ], [ 37.754658, 48.559032, 0.0 ], [ 37.748993, 48.560566, 0.0 ], [ 37.745989, 48.561816, 0.0 ], [ 37.741612, 48.562554, 0.0 ], [ 37.740668, 48.565337, 0.0 ], [ 37.740839, 48.568177, 0.0 ], [ 37.743071, 48.572437, 0.0 ], [ 37.741097, 48.575787, 0.0 ], [ 37.736977, 48.57715, 0.0 ], [ 37.733029, 48.578172, 0.0 ], [ 37.730969, 48.577832, 0.0 ], [ 37.72745, 48.5784, 0.0 ], [ 37.722729, 48.578229, 0.0 ], [ 37.724017, 48.576582, 0.0 ], [ 37.728566, 48.574992, 0.0 ], [ 37.73363, 48.571869, 0.0 ], [ 37.737492, 48.567552, 0.0 ], [ 37.72951, 48.563633, 0.0 ], [ 37.726171, 48.561015, 0.0 ], [ 37.718103, 48.560276, 0.0 ], [ 37.711923, 48.565275, 0.0 ], [ 37.709005, 48.566638, 0.0 ], [ 37.705228, 48.565218, 0.0 ], [ 37.703855, 48.562207, 0.0 ], [ 37.701108, 48.559878, 0.0 ], [ 37.695443, 48.560972, 0.0 ], [ 37.691838, 48.556484, 0.0 ], [ 37.676568, 48.55334, 0.0 ], [ 37.671953, 48.55527, 0.0 ], [ 37.670666, 48.558849, 0.0 ], [ 37.664786, 48.56186, 0.0 ], [ 37.659422, 48.562058, 0.0 ], [ 37.656876, 48.564974, 0.0 ], [ 37.65104, 48.568722, 0.0 ], [ 37.648636, 48.570596, 0.0 ], [ 37.647392, 48.571306, 0.0 ], [ 37.647864, 48.572045, 0.0 ], [ 37.644302, 48.574543, 0.0 ], [ 37.634818, 48.571306, 0.0 ], [ 37.642585, 48.564122, 0.0 ], [ 37.646233, 48.557106, 0.0 ], [ 37.640604, 48.552889, 0.0 ], [ 37.636141, 48.554792, 0.0 ], [ 37.62876, 48.554309, 0.0 ], [ 37.625345, 48.55489, 0.0 ], [ 37.624529, 48.549521, 0.0 ], [ 37.627576, 48.545316, 0.0 ], [ 37.629615, 48.540684, 0.0 ], [ 37.629078, 48.535769, 0.0 ], [ 37.618864, 48.534746, 0.0 ], [ 37.616847, 48.532132, 0.0 ], [ 37.613586, 48.526874, 0.0 ], [ 37.612041, 48.521019, 0.0 ], [ 37.611526, 48.51249, 0.0 ], [ 37.611643, 48.509002, 0.0 ], [ 37.60906, 48.502749, 0.0 ], [ 37.605547, 48.504769, 0.0 ], [ 37.602886, 48.500106, 0.0 ], [ 37.595934, 48.499992, 0.0 ], [ 37.59602, 48.499011, 0.0 ], [ 37.596394, 48.498012, 0.0 ], [ 37.595707, 48.495253, 0.0 ], [ 37.592789, 48.494827, 0.0 ], [ 37.589527, 48.495111, 0.0 ], [ 37.589742, 48.48857, 0.0 ], [ 37.590514, 48.487944, 0.0 ], [ 37.588497, 48.486323, 0.0 ], [ 37.588497, 48.483564, 0.0 ], [ 37.589313, 48.482369, 0.0 ], [ 37.59339, 48.481629, 0.0 ], [ 37.596823, 48.481458, 0.0 ], [ 37.598754, 48.482141, 0.0 ], [ 37.599569, 48.482028, 0.0 ], [ 37.600041, 48.480008, 0.0 ], [ 37.589908, 48.476308, 0.0 ], [ 37.585788, 48.470504, 0.0 ], [ 37.552829, 48.470732, 0.0 ], [ 37.546212, 48.46878, 0.0 ], [ 37.544335, 48.459307, 0.0 ], [ 37.524992, 48.455551, 0.0 ], [ 37.499125, 48.460442, 0.0 ], [ 37.472741, 48.463963, 0.0 ], [ 37.456654, 48.469074, 0.0 ], [ 37.437778, 48.492488, 0.0 ], [ 37.444687, 48.511859, 0.0 ], [ 37.440138, 48.512366, 0.0 ], [ 37.439881, 48.513674, 0.0 ], [ 37.441855, 48.516915, 0.0 ], [ 37.435074, 48.519587, 0.0 ], [ 37.429409, 48.522827, 0.0 ], [ 37.42117, 48.526579, 0.0 ], [ 37.419994, 48.527292, 0.0 ], [ 37.423427, 48.532351, 0.0 ], [ 37.431238, 48.538574, 0.0 ], [ 37.432732, 48.543358, 0.0 ], [ 37.42535, 48.544126, 0.0 ], [ 37.427024, 48.553643, 0.0 ], [ 37.429506, 48.560083, 0.0 ], [ 37.428047, 48.565338, 0.0 ], [ 37.423669, 48.565338, 0.0 ], [ 37.414571, 48.56582, 0.0 ], [ 37.4144, 48.563605, 0.0 ], [ 37.41573, 48.562015, 0.0 ], [ 37.414845, 48.561085, 0.0 ], [ 37.411069, 48.561539, 0.0 ], [ 37.410382, 48.563101, 0.0 ], [ 37.407099, 48.563272, 0.0 ], [ 37.404524, 48.561937, 0.0 ], [ 37.403687, 48.559522, 0.0 ], [ 37.401606, 48.558926, 0.0 ], [ 37.402808, 48.557648, 0.0 ], [ 37.400834, 48.554083, 0.0 ], [ 37.401928, 48.5537, 0.0 ], [ 37.402035, 48.551853, 0.0 ], [ 37.409653, 48.551597, 0.0 ], [ 37.40888, 48.549836, 0.0 ], [ 37.408966, 48.549396, 0.0 ], [ 37.410682, 48.549225, 0.0 ], [ 37.412433, 48.547535, 0.0 ], [ 37.412304, 48.546768, 0.0 ], [ 37.412948, 48.546313, 0.0 ], [ 37.411832, 48.545631, 0.0 ], [ 37.411068, 48.544853, 0.0 ], [ 37.407935, 48.541586, 0.0 ], [ 37.405832, 48.540194, 0.0 ], [ 37.394236, 48.538377, 0.0 ], [ 37.377499, 48.53832, 0.0 ], [ 37.363938, 48.53599, 0.0 ], [ 37.34969, 48.544742, 0.0 ], [ 37.346514, 48.543207, 0.0 ], [ 37.341364, 48.537581, 0.0 ], [ 37.342652, 48.53366, 0.0 ], [ 37.344454, 48.525873, 0.0 ], [ 37.346428, 48.522178, 0.0 ], [ 37.347114, 48.509928, 0.0 ], [ 37.346727, 48.508193, 0.0 ], [ 37.347028, 48.505663, 0.0 ], [ 37.347371, 48.503815, 0.0 ], [ 37.331108, 48.503012, 0.0 ], [ 37.31789, 48.512793, 0.0 ], [ 37.292827, 48.516318, 0.0 ], [ 37.287334, 48.50324, 0.0 ], [ 37.286819, 48.49414, 0.0 ], [ 37.285774, 48.491014, 0.0 ], [ 37.29058, 48.493004, 0.0 ], [ 37.298391, 48.494142, 0.0 ], [ 37.298628, 48.495394, 0.0 ], [ 37.309116, 48.496105, 0.0 ], [ 37.315827, 48.496474, 0.0 ], [ 37.315687, 48.488795, 0.0 ], [ 37.316845, 48.483561, 0.0 ], [ 37.324756, 48.47764, 0.0 ], [ 37.319871, 48.474225, 0.0 ], [ 37.316527, 48.472517, 0.0 ], [ 37.321507, 48.469429, 0.0 ], [ 37.322194, 48.46748, 0.0 ], [ 37.31121, 48.470695, 0.0 ], [ 37.309338, 48.467562, 0.0 ], [ 37.303346, 48.470005, 0.0 ], [ 37.296029, 48.472267, 0.0 ], [ 37.294185, 48.471499, 0.0 ], [ 37.284229, 48.47093, 0.0 ], [ 37.268608, 48.468312, 0.0 ], [ 37.269638, 48.462848, 0.0 ], [ 37.277366, 48.457619, 0.0 ], [ 37.257003, 48.458493, 0.0 ], [ 37.231543, 48.452765, 0.0 ], [ 37.212593, 48.444289, 0.0 ], [ 37.211938, 48.451297, 0.0 ], [ 37.201896, 48.450614, 0.0 ], [ 37.200094, 48.456136, 0.0 ], [ 37.1946, 48.456534, 0.0 ], [ 37.18885, 48.458128, 0.0 ], [ 37.189549, 48.458947, 0.0 ], [ 37.189292, 48.459744, 0.0 ], [ 37.185687, 48.462021, 0.0 ], [ 37.181953, 48.463614, 0.0 ], [ 37.178477, 48.462561, 0.0 ], [ 37.177876, 48.461622, 0.0 ], [ 37.178434, 48.459203, 0.0 ], [ 37.160968, 48.457581, 0.0 ], [ 37.163328, 48.446167, 0.0 ], [ 37.162212, 48.44611, 0.0 ], [ 37.150768, 48.448734, 0.0 ], [ 37.153686, 48.433274, 0.0 ], [ 37.150593, 48.432109, 0.0 ], [ 37.149606, 48.430258, 0.0 ], [ 37.148018, 48.428436, 0.0 ], [ 37.146173, 48.428094, 0.0 ], [ 37.141109, 48.425218, 0.0 ], [ 37.140894, 48.42405, 0.0 ], [ 37.135658, 48.424534, 0.0 ], [ 37.118621, 48.423766, 0.0 ], [ 37.110939, 48.42368, 0.0 ], [ 37.10807, 48.421964, 0.0 ], [ 37.105069, 48.422082, 0.0 ], [ 37.10052, 48.421854, 0.0 ], [ 37.097473, 48.421911, 0.0 ], [ 37.096958, 48.423392, 0.0 ], [ 37.093783, 48.423221, 0.0 ], [ 37.090521, 48.422395, 0.0 ], [ 37.086101, 48.421455, 0.0 ], [ 37.079921, 48.420059, 0.0 ], [ 37.080908, 48.417354, 0.0 ], [ 37.082024, 48.416926, 0.0 ], [ 37.085886, 48.417524, 0.0 ], [ 37.089062, 48.416841, 0.0 ], [ 37.093783, 48.410802, 0.0 ], [ 37.09434, 48.407868, 0.0 ], [ 37.09537, 48.404506, 0.0 ], [ 37.088001, 48.401955, 0.0 ], [ 37.100915, 48.386934, 0.0 ], [ 37.099311, 48.382715, 0.0 ], [ 37.090985, 48.381233, 0.0 ], [ 37.092702, 48.377927, 0.0 ], [ 37.070815, 48.375247, 0.0 ], [ 37.072274, 48.368918, 0.0 ], [ 37.062747, 48.367835, 0.0 ], [ 37.066256, 48.358584, 0.0 ], [ 37.055956, 48.357671, 0.0 ], [ 37.048317, 48.363146, 0.0 ], [ 37.038103, 48.362861, 0.0 ], [ 37.037464, 48.365155, 0.0 ], [ 37.02489, 48.364071, 0.0 ], [ 37.021886, 48.364784, 0.0 ], [ 37.017122, 48.365525, 0.0 ], [ 37.01386, 48.366837, 0.0 ], [ 37.012401, 48.36849, 0.0 ], [ 37.009869, 48.368291, 0.0 ], [ 37.007809, 48.365668, 0.0 ], [ 37.005706, 48.36199, 0.0 ], [ 37.01974, 48.358939, 0.0 ], [ 37.020133, 48.35153, 0.0 ], [ 37.023661, 48.348393, 0.0 ], [ 37.008984, 48.348336, 0.0 ], [ 37.006752, 48.347822, 0.0 ], [ 37.013712, 48.324545, 0.0 ], [ 36.987908, 48.322815, 0.0 ], [ 36.98705, 48.320076, 0.0 ], [ 36.996148, 48.320076, 0.0 ], [ 37.007649, 48.318477, 0.0 ], [ 37.015176, 48.306746, 0.0 ], [ 37.021874, 48.28211, 0.0 ], [ 37.018768, 48.280466, 0.0 ], [ 37.018995, 48.271066, 0.0 ], [ 37.002875, 48.26413, 0.0 ], [ 36.973778, 48.260244, 0.0 ], [ 36.943957, 48.261522, 0.0 ], [ 36.926435, 48.253421, 0.0 ], [ 36.928728, 48.241204, 0.0 ], [ 36.932882, 48.219417, 0.0 ], [ 36.938233, 48.1942, 0.0 ], [ 36.927808, 48.190976, 0.0 ], [ 36.928038, 48.188806, 0.0 ], [ 36.924228, 48.173261, 0.0 ], [ 36.928152, 48.158121, 0.0 ], [ 36.879181, 48.155736, 0.0 ], [ 36.883076, 48.132676, 0.0 ], [ 36.891754, 48.098447, 0.0 ], [ 36.894672, 48.09581, 0.0 ], [ 36.89553, 48.077234, 0.0 ], [ 36.879566, 48.062092, 0.0 ], [ 36.876991, 48.05211, 0.0 ], [ 36.858239, 48.052568, 0.0 ], [ 36.857209, 48.032828, 0.0 ], [ 36.831803, 48.033287, 0.0 ], [ 36.791291, 48.050732, 0.0 ], [ 36.768631, 48.049355, 0.0 ], [ 36.765885, 48.03168, 0.0 ], [ 36.75591, 48.02607, 0.0 ], [ 36.741593, 48.023372, 0.0 ], [ 36.719964, 48.022051, 0.0 ], [ 36.71452, 48.015163, 0.0 ], [ 36.715744, 48.006117, 0.0 ], [ 36.725792, 48.000341, 0.0 ], [ 36.728719, 47.986579, 0.0 ], [ 36.722037, 47.975215, 0.0 ], [ 36.703897, 47.970131, 0.0 ], [ 36.666534, 47.973317, 0.0 ], [ 36.65806, 47.967542, 0.0 ], [ 36.658389, 47.961891, 0.0 ], [ 36.671905, 47.946374, 0.0 ], [ 36.665982, 47.924462, 0.0 ], [ 36.638512, 47.921015, 0.0 ], [ 36.604523, 47.918829, 0.0 ], [ 36.585984, 47.909165, 0.0 ], [ 36.542277, 47.90428, 0.0 ], [ 36.54777, 47.887131, 0.0 ], [ 36.551651, 47.881541, 0.0 ], [ 36.579117, 47.882002, 0.0 ], [ 36.59071, 47.856949, 0.0 ], [ 36.591717, 47.848567, 0.0 ], [ 36.603046, 47.848013, 0.0 ], [ 36.59, 47.780691, 0.0 ], [ 36.665531, 47.791764, 0.0 ], [ 36.70261, 47.726217, 0.0 ], [ 36.716343, 47.676309, 0.0 ], [ 36.787754, 47.680932, 0.0 ], [ 36.772648, 47.665212, 0.0 ], [ 36.729412, 47.645506, 0.0 ], [ 36.774021, 47.601358, 0.0 ], [ 36.824833, 47.627279, 0.0 ], [ 36.896244, 47.55133, 0.0 ], [ 36.934696, 47.569864, 0.0 ], [ 36.958042, 47.553184, 0.0 ], [ 36.977268, 47.560598, 0.0 ], [ 37.000614, 47.537425, 0.0 ], [ 37.025333, 47.553184, 0.0 ], [ 37.088504, 47.49476, 0.0 ], [ 37.13245, 47.460418, 0.0 ], [ 37.159916, 47.459489, 0.0 ], [ 37.173648, 47.483625, 0.0 ], [ 37.247806, 47.451132, 0.0 ], [ 37.194248, 47.386087, 0.0 ], [ 37.218304, 47.352322, 0.0 ], [ 37.146183, 47.34423, 0.0 ], [ 37.146183, 47.381438, 0.0 ], [ 37.122173, 47.374647, 0.0 ], [ 37.121464, 47.338646, 0.0 ], [ 37.078892, 47.31072, 0.0 ], [ 37.039776, 47.302057, 0.0 ], [ 37.030826, 47.31072, 0.0 ], [ 36.938152, 47.318818, 0.0 ], [ 36.954632, 47.205116, 0.0 ], [ 36.861248, 47.193919, 0.0 ], [ 36.888714, 47.167784, 0.0 ], [ 36.949138, 47.14724, 0.0 ], [ 37.001324, 47.106128, 0.0 ], [ 36.99583, 47.08743, 0.0 ], [ 37.050762, 47.046272, 0.0 ], [ 37.089214, 47.059371, 0.0 ], [ 37.119427, 47.035042, 0.0 ], [ 37.089214, 47.010701, 0.0 ], [ 37.146892, 46.97698, 0.0 ], [ 37.017803, 46.93011, 0.0 ], [ 37.059002, 46.886954, 0.0 ], [ 37.039483, 46.868731, 0.0 ] ] ] } },
{ "type": "Feature", "properties": { "Name": "", "description": "описание: <br>name: ", "tessellate": -1, "extrude": 0, "visibility": -1, "________________": "" }, "geometry": { "type": "Polygon", "coordinates": [ [ [ 38.030736, 49.896892, 0.0 ], [ 38.100774, 49.84467, 0.0 ], [ 38.051336, 49.831385, 0.0 ], [ 38.00739, 49.831385, 0.0 ], [ 38.008763, 49.806575, 0.0 ], [ 38.054082, 49.796825, 0.0 ], [ 38.050849, 49.78278, 0.0 ], [ 38.028876, 49.774799, 0.0 ], [ 38.006017, 49.754256, 0.0 ], [ 37.978551, 49.766676, 0.0 ], [ 37.953832, 49.737396, 0.0 ], [ 37.973058, 49.71165, 0.0 ], [ 38.00327, 49.715202, 0.0 ], [ 38.01975, 49.709874, 0.0 ], [ 38.006017, 49.700993, 0.0 ], [ 38.02387, 49.674339, 0.0 ], [ 38.043096, 49.657451, 0.0 ], [ 38.006017, 49.651228, 0.0 ], [ 37.967565, 49.612091, 0.0 ], [ 37.945592, 49.612091, 0.0 ], [ 37.940099, 49.587169, 0.0 ], [ 37.956578, 49.576484, 0.0 ], [ 37.91538, 49.56936, 0.0 ], [ 37.889287, 49.555108, 0.0 ], [ 37.920873, 49.547089, 0.0 ], [ 37.919699, 49.536983, 0.0 ], [ 37.876928, 49.520351, 0.0 ], [ 37.845342, 49.517677, 0.0 ], [ 37.852208, 49.441835, 0.0 ], [ 37.874181, 49.442728, 0.0 ], [ 37.881047, 49.411466, 0.0 ], [ 37.900273, 49.394487, 0.0 ], [ 37.890317, 49.362523, 0.0 ], [ 37.903636, 49.359946, 0.0 ], [ 37.919174, 49.365019, 0.0 ], [ 37.945181, 49.356341, 0.0 ], [ 37.94165, 49.345692, 0.0 ], [ 37.935829, 49.337714, 0.0 ], [ 37.935829, 49.33296, 0.0 ], [ 37.939627, 49.329275, 0.0 ], [ 37.944841, 49.32938, 0.0 ], [ 37.952051, 49.329268, 0.0 ], [ 37.956618, 49.328766, 0.0 ], [ 37.950417, 49.311373, 0.0 ], [ 37.972904, 49.286186, 0.0 ], [ 37.982474, 49.278935, 0.0 ], [ 37.97728, 49.271908, 0.0 ], [ 37.961058, 49.27062, 0.0 ], [ 37.932817, 49.267514, 0.0 ], [ 37.914195, 49.257458, 0.0 ], [ 37.913036, 49.25098, 0.0 ], [ 37.905269, 49.246378, 0.0 ], [ 37.895461, 49.24377, 0.0 ], [ 37.871054, 49.236691, 0.0 ], [ 37.872054, 49.235215, 0.0 ], [ 37.938208, 49.189761, 0.0 ], [ 37.906622, 49.181682, 0.0 ], [ 37.892889, 49.15205, 0.0 ], [ 38.013739, 49.125097, 0.0 ], [ 38.050818, 49.150254, 0.0 ], [ 38.079657, 49.142169, 0.0 ], [ 38.065924, 49.069346, 0.0 ], [ 38.10163, 48.991912, 0.0 ], [ 38.065924, 48.987406, 0.0 ], [ 38.048071, 48.96397, 0.0 ], [ 38.020606, 48.97028, 0.0 ], [ 38.010992, 48.936914, 0.0 ], [ 38.10163, 48.927892, 0.0 ], [ 38.173089, 48.928555, 0.0 ], [ 38.236212, 48.924283, 0.0 ], [ 38.225226, 48.86921, 0.0 ], [ 38.222479, 48.840296, 0.0 ], [ 38.255438, 48.8412, 0.0 ], [ 38.277411, 48.821311, 0.0 ], [ 38.31449, 48.829448, 0.0 ], [ 38.313116, 48.814077, 0.0 ], [ 38.277822, 48.802826, 0.0 ], [ 38.265463, 48.749431, 0.0 ], [ 38.281531, 48.73534, 0.0 ], [ 38.326849, 48.737151, 0.0 ], [ 38.330969, 48.714504, 0.0 ], [ 38.30625, 48.709067, 0.0 ], [ 38.307623, 48.692752, 0.0 ], [ 38.286294, 48.682586, 0.0 ], [ 38.285608, 48.672158, 0.0 ], [ 38.258829, 48.669891, 0.0 ], [ 38.260202, 48.656739, 0.0 ], [ 38.230719, 48.653757, 0.0 ], [ 38.229346, 48.641055, 0.0 ], [ 38.263678, 48.643777, 0.0 ], [ 38.276038, 48.544775, 0.0 ], [ 38.31861, 48.513854, 0.0 ], [ 38.287024, 48.485645, 0.0 ], [ 38.30213, 48.468347, 0.0 ], [ 38.326849, 48.447401, 0.0 ], [ 38.358435, 48.441935, 0.0 ], [ 38.390346, 48.429336, 0.0 ], [ 38.396844, 48.443107, 0.0 ], [ 38.43255, 48.443107, 0.0 ], [ 38.442163, 48.379297, 0.0 ], [ 38.464136, 48.377473, 0.0 ], [ 38.490228, 48.361964, 0.0 ], [ 38.458642, 48.342799, 0.0 ], [ 38.421564, 48.314495, 0.0 ], [ 38.43255, 48.294398, 0.0 ], [ 38.435297, 48.278864, 0.0 ], [ 38.488855, 48.276122, 0.0 ], [ 38.535547, 48.270638, 0.0 ], [ 38.567132, 48.274294, 0.0 ], [ 38.580865, 48.260582, 0.0 ], [ 38.587732, 48.240464, 0.0 ], [ 38.590478, 48.213018, 0.0 ], [ 38.616571, 48.198374, 0.0 ], [ 38.601465, 48.1764, 0.0 ], [ 38.642664, 48.158998, 0.0 ], [ 38.718194, 48.136091, 0.0 ], [ 38.77038, 48.127842, 0.0 ], [ 38.814325, 48.116841, 0.0 ], [ 38.812952, 48.077402, 0.0 ], [ 38.825311, 48.047115, 0.0 ], [ 38.817072, 48.02324, 0.0 ], [ 38.847284, 48.011298, 0.0 ], [ 39.042291, 48.003029, 0.0 ], [ 39.036798, 47.954306, 0.0 ], [ 39.076624, 47.952467, 0.0 ], [ 39.097223, 47.934989, 0.0 ], [ 39.064264, 47.891727, 0.0 ], [ 39.082082, 47.867676, 0.0 ], [ 39.076658, 47.854331, 0.0 ], [ 39.107689, 47.843374, 0.0 ], [ 39.144275, 47.841088, 0.0 ], [ 39.158892, 47.849857, 0.0 ], [ 39.231536, 47.852766, 0.0 ], [ 39.23553, 47.870407, 0.0 ], [ 39.389119, 47.870573, 0.0 ], [ 39.40508, 47.83587, 0.0 ], [ 39.747217, 47.826542, 0.0 ], [ 39.793746, 47.87539, 0.0 ], [ 39.817816, 47.979325, 0.0 ], [ 39.781436, 48.040288, 0.0 ], [ 39.874932, 48.039086, 0.0 ], [ 39.888697, 48.051542, 0.0 ], [ 39.839281, 48.06216, 0.0 ], [ 39.869508, 48.082889, 0.0 ], [ 39.871038, 48.109862, 0.0 ], [ 39.899752, 48.137265, 0.0 ], [ 39.914901, 48.17727, 0.0 ], [ 39.943803, 48.184298, 0.0 ], [ 39.941382, 48.223231, 0.0 ], [ 40.007709, 48.221907, 0.0 ], [ 40.024621, 48.251672, 0.0 ], [ 39.992856, 48.312761, 0.0 ], [ 39.950066, 48.300077, 0.0 ], [ 39.912805, 48.267279, 0.0 ], [ 39.911767, 48.284648, 0.0 ], [ 39.888744, 48.322118, 0.0 ], [ 39.837184, 48.313004, 0.0 ], [ 39.849412, 48.333143, 0.0 ], [ 39.945347, 48.347867, 0.0 ], [ 39.811761, 48.581621, 0.0 ], [ 39.675805, 48.59343, 0.0 ], [ 39.715351, 48.661447, 0.0 ], [ 39.719248, 48.726739, 0.0 ], [ 39.751839, 48.769406, 0.0 ], [ 39.786892, 48.791366, 0.0 ], [ 39.796654, 48.840785, 0.0 ], [ 39.980675, 48.793312, 0.0 ], [ 40.075432, 48.871506, 0.0 ], [ 40.063072, 48.903111, 0.0 ], [ 40.038353, 48.917552, 0.0 ], [ 39.986486, 48.870866, 0.0 ], [ 39.94684, 48.876406, 0.0 ], [ 39.920909, 48.898192, 0.0 ], [ 39.82824, 48.891374, 0.0 ], [ 39.785668, 48.918455, 0.0 ], [ 39.772015, 48.952718, 0.0 ], [ 39.746634, 48.983371, 0.0 ], [ 39.722944, 48.984274, 0.0 ], [ 39.6965, 48.997788, 0.0 ], [ 39.664878, 49.001378, 0.0 ], [ 39.692284, 49.046436, 0.0 ], [ 39.756083, 49.039344, 0.0 ], [ 39.815451, 49.056459, 0.0 ], [ 39.936729, 49.053637, 0.0 ], [ 40.039726, 49.184862, 0.0 ], [ 40.080184, 49.183758, 0.0 ], [ 40.13992, 49.236475, 0.0 ], [ 40.197616, 49.238039, 0.0 ], [ 40.236107, 49.257515, 0.0 ], [ 40.188743, 49.287058, 0.0 ], [ 40.194908, 49.347063, 0.0 ], [ 40.107786, 49.393116, 0.0 ], [ 40.036979, 49.449842, 0.0 ], [ 40.041099, 49.521213, 0.0 ], [ 40.172935, 49.56844, 0.0 ], [ 40.13311, 49.611171, 0.0 ], [ 39.950462, 49.602272, 0.0 ], [ 39.925463, 49.574496, 0.0 ], [ 39.895188, 49.562212, 0.0 ], [ 39.842948, 49.564163, 0.0 ], [ 39.807146, 49.557362, 0.0 ], [ 39.739766, 49.598418, 0.0 ], [ 39.658567, 49.614499, 0.0 ], [ 39.589622, 49.720352, 0.0 ], [ 39.611259, 49.732041, 0.0 ], [ 39.431594, 49.760153, 0.0 ], [ 39.383182, 49.736756, 0.0 ], [ 39.290322, 49.754322, 0.0 ], [ 39.255088, 49.777176, 0.0 ], [ 39.229484, 49.83667, 0.0 ], [ 39.181418, 49.891554, 0.0 ], [ 39.132549, 49.865926, 0.0 ], [ 39.114149, 49.836931, 0.0 ], [ 39.060081, 49.815011, 0.0 ], [ 39.020623, 49.822536, 0.0 ], [ 38.936973, 49.795909, 0.0 ], [ 38.919444, 49.810719, 0.0 ], [ 38.91685, 49.859754, 0.0 ], [ 38.892266, 49.873368, 0.0 ], [ 38.844524, 49.8707, 0.0 ], [ 38.787827, 49.884376, 0.0 ], [ 38.743447, 49.898471, 0.0 ], [ 38.722616, 49.924968, 0.0 ], [ 38.692152, 49.933774, 0.0 ], [ 38.684756, 49.960932, 0.0 ], [ 38.72057, 49.983682, 0.0 ], [ 38.68772, 50.003783, 0.0 ], [ 38.674757, 49.997002, 0.0 ], [ 38.682395, 49.976097, 0.0 ], [ 38.663008, 49.971445, 0.0 ], [ 38.645003, 49.955308, 0.0 ], [ 38.616598, 49.976082, 0.0 ], [ 38.579517, 49.9777, 0.0 ], [ 38.530111, 49.958218, 0.0 ], [ 38.487557, 49.963041, 0.0 ], [ 38.479319, 49.98213, 0.0 ], [ 38.464211, 49.983555, 0.0 ], [ 38.468324, 49.995237, 0.0 ], [ 38.442241, 50.002139, 0.0 ], [ 38.412889, 49.987079, 0.0 ], [ 38.350577, 50.002017, 0.0 ], [ 38.325858, 50.084038, 0.0 ], [ 38.266802, 50.072163, 0.0 ], [ 38.180289, 50.077869, 0.0 ], [ 38.192668, 50.024055, 0.0 ], [ 38.217368, 49.977295, 0.0 ], [ 38.194001, 49.967809, 0.0 ], [ 38.195356, 49.961854, 0.0 ], [ 38.161013, 49.952363, 0.0 ], [ 38.168566, 49.943637, 0.0 ], [ 38.131146, 49.926015, 0.0 ], [ 38.126684, 49.942862, 0.0 ], [ 38.0512, 49.923393, 0.0 ], [ 38.033979, 49.902059, 0.0 ], [ 38.030736, 49.896892, 0.0 ] ] ] } },
{ "type": "Feature", "properties": { "Name": "", "description": "описание: <br>name: ", "tessellate": -1, "extrude": 0, "visibility": -1, "________________": "" }, "geometry": { "type": "Polygon", "coordinates": [ [ [ 34.37684, 47.511072, 0.0 ], [ 34.344373, 47.476042, 0.0 ], [ 34.338805, 47.468151, 0.0 ], [ 34.342851, 47.451905, 0.0 ], [ 34.321988, 47.436873, 0.0 ], [ 34.291435, 47.426653, 0.0 ], [ 34.280106, 47.43577, 0.0 ], [ 34.270405, 47.438441, 0.0 ], [ 34.236421, 47.432632, 0.0 ], [ 34.248781, 47.401038, 0.0 ], [ 34.255648, 47.367564, 0.0 ], [ 34.276247, 47.343375, 0.0 ], [ 34.291353, 47.294965, 0.0 ], [ 34.303713, 47.271674, 0.0 ], [ 34.342165, 47.295896, 0.0 ], [ 34.380617, 47.28006, 0.0 ], [ 34.408083, 47.286581, 0.0 ], [ 34.409456, 47.29869, 0.0 ], [ 34.419069, 47.322899, 0.0 ], [ 34.483614, 47.327554, 0.0 ], [ 34.49048, 47.282855, 0.0 ], [ 34.522066, 47.281924, 0.0 ], [ 34.535799, 47.252103, 0.0 ], [ 34.497347, 47.245577, 0.0 ], [ 34.520693, 47.108357, 0.0 ], [ 34.552278, 47.107422, 0.0 ], [ 34.568758, 47.022296, 0.0 ], [ 34.586611, 47.025105, 0.0 ], [ 34.600344, 46.996077, 0.0 ], [ 34.61957, 46.982025, 0.0 ], [ 34.666262, 46.976403, 0.0 ], [ 34.697847, 46.953911, 0.0 ], [ 34.733553, 46.95766, 0.0 ], [ 34.754152, 46.880744, 0.0 ], [ 34.806337, 46.880744, 0.0 ], [ 34.813204, 46.830972, 0.0 ], [ 34.765138, 46.819696, 0.0 ], [ 34.772005, 46.791497, 0.0 ], [ 34.751406, 46.783738, 0.0 ], [ 34.752779, 46.763046, 0.0 ], [ 34.73218, 46.760224, 0.0 ], [ 34.73218, 46.747052, 0.0 ], [ 34.664889, 46.742346, 0.0 ], [ 34.664889, 46.72917, 0.0 ], [ 34.62781, 46.726346, 0.0 ], [ 34.633304, 46.68962, 0.0 ], [ 34.677249, 46.691504, 0.0 ], [ 34.678622, 46.679257, 0.0 ], [ 34.750033, 46.681141, 0.0 ], [ 34.758273, 46.628355, 0.0 ], [ 34.712954, 46.61515, 0.0 ], [ 34.718447, 46.586844, 0.0 ], [ 34.74454, 46.582124, 0.0 ], [ 34.762392, 46.556634, 0.0 ], [ 34.88896, 46.562749, 0.0 ], [ 34.897887, 46.537485, 0.0 ], [ 34.884154, 46.536304, 0.0 ], [ 34.890677, 46.504648, 0.0 ], [ 34.946295, 46.512446, 0.0 ], [ 34.948012, 46.500631, 0.0 ], [ 35.01645, 46.48009, 0.0 ], [ 35.053068, 46.482195, 0.0 ], [ 35.070235, 46.378787, 0.0 ], [ 35.057649, 46.375021, 0.0 ], [ 35.072755, 46.303914, 0.0 ], [ 35.100956, 46.29964, 0.0 ], [ 35.108099, 46.306123, 0.0 ], [ 35.133583, 46.347511, 0.0 ], [ 35.192164, 46.371473, 0.0 ], [ 35.207736, 46.390764, 0.0 ], [ 35.213017, 46.417159, 0.0 ], [ 35.210848, 46.429151, 0.0 ], [ 35.201866, 46.442008, 0.0 ], [ 35.184639, 46.448713, 0.0 ], [ 35.18047, 46.464991, 0.0 ], [ 35.15981, 46.499712, 0.0 ], [ 35.175212, 46.501273, 0.0 ], [ 35.186497, 46.512758, 0.0 ], [ 35.190913, 46.507938, 0.0 ], [ 35.18591, 46.496312, 0.0 ], [ 35.178164, 46.487994, 0.0 ], [ 35.190428, 46.48497, 0.0 ], [ 35.208425, 46.460833, 0.0 ], [ 35.217591, 46.454379, 0.0 ], [ 35.253117, 46.449411, 0.0 ], [ 35.263448, 46.445527, 0.0 ], [ 35.268284, 46.437857, 0.0 ], [ 35.268999, 46.428294, 0.0 ], [ 35.270742, 46.42228, 0.0 ], [ 35.258069, 46.405379, 0.0 ], [ 35.24989, 46.403767, 0.0 ], [ 35.266132, 46.355325, 0.0 ], [ 35.291888, 46.358315, 0.0 ], [ 35.311114, 46.343142, 0.0 ], [ 35.313742, 46.3296, 0.0 ], [ 35.290617, 46.310037, 0.0 ], [ 35.295173, 46.29652, 0.0 ], [ 35.269989, 46.26987, 0.0 ], [ 35.279872, 46.263218, 0.0 ], [ 35.398006, 46.389585, 0.0 ], [ 35.457283, 46.436694, 0.0 ], [ 35.520541, 46.448279, 0.0 ], [ 35.60021, 46.486101, 0.0 ], [ 35.767239, 46.596949, 0.0 ], [ 35.920397, 46.657961, 0.0 ], [ 35.985793, 46.660415, 0.0 ], [ 36.04864, 46.666323, 0.0 ], [ 36.105991, 46.65712, 0.0 ], [ 36.184542, 46.671015, 0.0 ], [ 36.215518, 46.660638, 0.0 ], [ 36.236868, 46.645542, 0.0 ], [ 36.260995, 46.599782, 0.0 ], [ 36.220587, 46.553549, 0.0 ], [ 36.179123, 46.527585, 0.0 ], [ 36.155523, 46.534675, 0.0 ], [ 36.124537, 46.499829, 0.0 ], [ 36.085968, 46.502886, 0.0 ], [ 36.118694, 46.486038, 0.0 ], [ 36.155227, 46.499553, 0.0 ], [ 36.178035, 46.499826, 0.0 ], [ 36.260601, 46.583069, 0.0 ], [ 36.33654, 46.676939, 0.0 ], [ 36.373232, 46.705096, 0.0 ], [ 36.41318, 46.721518, 0.0 ], [ 36.536389, 46.756648, 0.0 ], [ 36.570321, 46.759402, 0.0 ], [ 36.629607, 46.779314, 0.0 ], [ 36.70814, 46.77614, 0.0 ], [ 36.749214, 46.768358, 0.0 ], [ 36.767616, 46.752103, 0.0 ], [ 36.796646, 46.741487, 0.0 ], [ 36.816738, 46.721222, 0.0 ], [ 36.823794, 46.701744, 0.0 ], [ 36.814434, 46.684338, 0.0 ], [ 36.806478, 46.695368, 0.0 ], [ 36.799894, 46.694624, 0.0 ], [ 36.796342, 46.689603, 0.0 ], [ 36.793804, 46.675172, 0.0 ], [ 36.767463, 46.653378, 0.0 ], [ 36.760785, 46.661618, 0.0 ], [ 36.749504, 46.646999, 0.0 ], [ 36.744128, 46.629983, 0.0 ], [ 36.768376, 46.628821, 0.0 ], [ 36.790969, 46.646117, 0.0 ], [ 36.829173, 46.691442, 0.0 ], [ 36.859203, 46.750885, 0.0 ], [ 36.888345, 46.798638, 0.0 ], [ 36.942115, 46.837056, 0.0 ], [ 37.001451, 46.86793, 0.0 ], [ 37.037395, 46.869192, 0.0 ], [ 37.059002, 46.886954, 0.0 ], [ 37.017803, 46.93011, 0.0 ], [ 37.146892, 46.97698, 0.0 ], [ 37.089214, 47.010701, 0.0 ], [ 37.119427, 47.035042, 0.0 ], [ 37.089214, 47.059371, 0.0 ], [ 37.050762, 47.046272, 0.0 ], [ 36.99583, 47.08743, 0.0 ], [ 37.001324, 47.106128, 0.0 ], [ 36.949138, 47.14724, 0.0 ], [ 36.888714, 47.167784, 0.0 ], [ 36.861248, 47.193919, 0.0 ], [ 36.954632, 47.205116, 0.0 ], [ 36.938152, 47.318818, 0.0 ], [ 37.030826, 47.31072, 0.0 ], [ 37.039776, 47.302057, 0.0 ], [ 37.078892, 47.31072, 0.0 ], [ 37.121464, 47.338646, 0.0 ], [ 37.122173, 47.374647, 0.0 ], [ 37.146183, 47.381438, 0.0 ], [ 37.146183, 47.34423, 0.0 ], [ 37.218304, 47.352322, 0.0 ], [ 37.194248, 47.386087, 0.0 ], [ 37.247806, 47.451132, 0.0 ], [ 37.194248, 47.474343, 0.0 ], [ 37.173648, 47.483625, 0.0 ], [ 37.159916, 47.459489, 0.0 ], [ 37.13245, 47.460418, 0.0 ], [ 37.088504, 47.49476, 0.0 ], [ 37.025333, 47.553184, 0.0 ], [ 37.000614, 47.537425, 0.0 ], [ 36.977268, 47.560598, 0.0 ], [ 36.958042, 47.553184, 0.0 ], [ 36.934696, 47.569864, 0.0 ], [ 36.896244, 47.55133, 0.0 ], [ 36.824833, 47.627279, 0.0 ], [ 36.774021, 47.601358, 0.0 ], [ 36.729412, 47.645506, 0.0 ], [ 36.772648, 47.665212, 0.0 ], [ 36.787754, 47.680932, 0.0 ], [ 36.716343, 47.676309, 0.0 ], [ 36.70261, 47.726217, 0.0 ], [ 36.665531, 47.791764, 0.0 ], [ 36.59, 47.780691, 0.0 ], [ 36.603046, 47.848013, 0.0 ], [ 36.522045, 47.83022, 0.0 ], [ 36.44986, 47.824295, 0.0 ], [ 36.422996, 47.828261, 0.0 ], [ 36.37708, 47.830221, 0.0 ], [ 36.343517, 47.836673, 0.0 ], [ 36.338481, 47.821791, 0.0 ], [ 36.344102, 47.817324, 0.0 ], [ 36.350321, 47.811763, 0.0 ], [ 36.342037, 47.799975, 0.0 ], [ 36.333716, 47.785617, 0.0 ], [ 36.32459, 47.784521, 0.0 ], [ 36.317524, 47.787576, 0.0 ], [ 36.301538, 47.790629, 0.0 ], [ 36.290114, 47.789539, 0.0 ], [ 36.271403, 47.786771, 0.0 ], [ 36.262317, 47.774189, 0.0 ], [ 36.226469, 47.757521, 0.0 ], [ 36.202999, 47.766004, 0.0 ], [ 36.213038, 47.791961, 0.0 ], [ 36.209701, 47.797194, 0.0 ], [ 36.193912, 47.798345, 0.0 ], [ 36.17606, 47.802727, 0.0 ], [ 36.170223, 47.797423, 0.0 ], [ 36.168021, 47.798294, 0.0 ], [ 36.164931, 47.795987, 0.0 ], [ 36.159438, 47.794604, 0.0 ], [ 36.150168, 47.796103, 0.0 ], [ 36.145362, 47.792412, 0.0 ], [ 36.142615, 47.789298, 0.0 ], [ 36.132315, 47.789644, 0.0 ], [ 36.127337, 47.793104, 0.0 ], [ 36.125445, 47.789646, 0.0 ], [ 36.129397, 47.786646, 0.0 ], [ 36.128539, 47.785262, 0.0 ], [ 36.142443, 47.77736, 0.0 ], [ 36.143429, 47.765604, 0.0 ], [ 36.127916, 47.764822, 0.0 ], [ 36.110686, 47.758445, 0.0 ], [ 36.110135, 47.752796, 0.0 ], [ 36.114557, 47.752916, 0.0 ], [ 36.114042, 47.746914, 0.0 ], [ 36.115759, 47.737102, 0.0 ], [ 36.124403, 47.733399, 0.0 ], [ 36.110992, 47.732187, 0.0 ], [ 36.115606, 47.714824, 0.0 ], [ 36.063501, 47.709253, 0.0 ], [ 36.054403, 47.711506, 0.0 ], [ 36.060755, 47.683852, 0.0 ], [ 36.076543, 47.685963, 0.0 ], [ 36.078946, 47.675446, 0.0 ], [ 36.096456, 47.675446, 0.0 ], [ 36.111047, 47.671053, 0.0 ], [ 36.113622, 47.663192, 0.0 ], [ 36.116368, 47.644344, 0.0 ], [ 36.101434, 47.641915, 0.0 ], [ 36.103494, 47.632893, 0.0 ], [ 36.094052, 47.630117, 0.0 ], [ 36.093709, 47.628034, 0.0 ], [ 36.085686, 47.627607, 0.0 ], [ 36.072897, 47.626335, 0.0 ], [ 36.069722, 47.640737, 0.0 ], [ 36.057319, 47.639667, 0.0 ], [ 36.056804, 47.640679, 0.0 ], [ 36.049423, 47.642558, 0.0 ], [ 36.046547, 47.64172, 0.0 ], [ 36.044316, 47.639609, 0.0 ], [ 36.042942, 47.637845, 0.0 ], [ 36.038522, 47.636486, 0.0 ], [ 36.036076, 47.635329, 0.0 ], [ 36.032286, 47.650925, 0.0 ], [ 36.019382, 47.649931, 0.0 ], [ 36.021356, 47.640737, 0.0 ], [ 36.020927, 47.63264, 0.0 ], [ 36.022472, 47.626798, 0.0 ], [ 36.011957, 47.626769, 0.0 ], [ 35.998182, 47.625698, 0.0 ], [ 35.998182, 47.626566, 0.0 ], [ 35.985393, 47.625004, 0.0 ], [ 35.985865, 47.619074, 0.0 ], [ 35.976338, 47.619161, 0.0 ], [ 35.976166, 47.61786, 0.0 ], [ 35.968227, 47.618525, 0.0 ], [ 35.968184, 47.616789, 0.0 ], [ 35.970458, 47.614822, 0.0 ], [ 35.968999, 47.613665, 0.0 ], [ 35.964708, 47.613202, 0.0 ], [ 35.966424, 47.611929, 0.0 ], [ 35.96518, 47.610453, 0.0 ], [ 36.011958, 47.610453, 0.0 ], [ 36.012415, 47.600088, 0.0 ], [ 36.011214, 47.58718, 0.0 ], [ 36.006579, 47.58689, 0.0 ], [ 36.007351, 47.57311, 0.0 ], [ 36.004351, 47.572986, 0.0 ], [ 36.004351, 47.566384, 0.0 ], [ 36.008986, 47.562214, 0.0 ], [ 36.019723, 47.559893, 0.0 ], [ 36.020753, 47.542746, 0.0 ], [ 36.019809, 47.54205, 0.0 ], [ 36.019895, 47.537763, 0.0 ], [ 36.008565, 47.536836, 0.0 ], [ 36.002964, 47.533357, 0.0 ], [ 35.997252, 47.528386, 0.0 ], [ 35.996175, 47.527645, 0.0 ], [ 35.99616, 47.523236, 0.0 ], [ 35.989407, 47.521927, 0.0 ], [ 35.979537, 47.521058, 0.0 ], [ 35.964122, 47.525674, 0.0 ], [ 35.955484, 47.519797, 0.0 ], [ 35.953127, 47.523075, 0.0 ], [ 35.94566, 47.524843, 0.0 ], [ 35.935575, 47.526002, 0.0 ], [ 35.934759, 47.521105, 0.0 ], [ 35.93757, 47.511579, 0.0 ], [ 35.930427, 47.500606, 0.0 ], [ 35.894379, 47.502346, 0.0 ], [ 35.841273, 47.513883, 0.0 ], [ 35.840162, 47.505151, 0.0 ], [ 35.829604, 47.507565, 0.0 ], [ 35.813854, 47.513652, 0.0 ], [ 35.809262, 47.512696, 0.0 ], [ 35.806602, 47.510638, 0.0 ], [ 35.804666, 47.50697, 0.0 ], [ 35.758424, 47.516608, 0.0 ], [ 35.73877, 47.507798, 0.0 ], [ 35.725597, 47.517189, 0.0 ], [ 35.717983, 47.516252, 0.0 ], [ 35.716567, 47.524918, 0.0 ], [ 35.704722, 47.528047, 0.0 ], [ 35.688415, 47.524454, 0.0 ], [ 35.673137, 47.519817, 0.0 ], [ 35.67039, 47.522599, 0.0 ], [ 35.618182, 47.511042, 0.0 ], [ 35.607223, 47.517349, 0.0 ], [ 35.60043, 47.519268, 0.0 ], [ 35.614244, 47.522932, 0.0 ], [ 35.608322, 47.532205, 0.0 ], [ 35.63141, 47.538985, 0.0 ], [ 35.636497, 47.540649, 0.0 ], [ 35.633236, 47.547949, 0.0 ], [ 35.630318, 47.553742, 0.0 ], [ 35.626884, 47.572507, 0.0 ], [ 35.61916, 47.574012, 0.0 ], [ 35.61092, 47.572275, 0.0 ], [ 35.613495, 47.562546, 0.0 ], [ 35.611263, 47.561388, 0.0 ], [ 35.611778, 47.558376, 0.0 ], [ 35.604459, 47.558103, 0.0 ], [ 35.603409, 47.560327, 0.0 ], [ 35.591736, 47.559053, 0.0 ], [ 35.585299, 47.559342, 0.0 ], [ 35.580605, 47.579246, 0.0 ], [ 35.571712, 47.57728, 0.0 ], [ 35.564331, 47.57647, 0.0 ], [ 35.555319, 47.579828, 0.0 ], [ 35.552057, 47.590017, 0.0 ], [ 35.535063, 47.58967, 0.0 ], [ 35.536093, 47.58168, 0.0 ], [ 35.524248, 47.580175, 0.0 ], [ 35.520643, 47.57728, 0.0 ], [ 35.506052, 47.571606, 0.0 ], [ 35.50073, 47.570216, 0.0 ], [ 35.496439, 47.568247, 0.0 ], [ 35.506739, 47.561529, 0.0 ], [ 35.504764, 47.56066, 0.0 ], [ 35.504936, 47.555273, 0.0 ], [ 35.513514, 47.554139, 0.0 ], [ 35.516636, 47.553313, 0.0 ], [ 35.51907, 47.54484, 0.0 ], [ 35.506299, 47.543853, 0.0 ], [ 35.483718, 47.549117, 0.0 ], [ 35.45584, 47.547377, 0.0 ], [ 35.428308, 47.544007, 0.0 ], [ 35.400603, 47.546483, 0.0 ], [ 35.379418, 47.551502, 0.0 ], [ 35.373192, 47.563268, 0.0 ], [ 35.367992, 47.575381, 0.0 ], [ 35.367242, 47.580424, 0.0 ], [ 35.360568, 47.580313, 0.0 ], [ 35.354604, 47.577022, 0.0 ], [ 35.361035, 47.558445, 0.0 ], [ 35.357279, 47.552044, 0.0 ], [ 35.345885, 47.550162, 0.0 ], [ 35.336487, 47.547323, 0.0 ], [ 35.331739, 47.545171, 0.0 ], [ 35.337698, 47.542211, 0.0 ], [ 35.351161, 47.540776, 0.0 ], [ 35.355832, 47.539421, 0.0 ], [ 35.363995, 47.539054, 0.0 ], [ 35.364777, 47.536832, 0.0 ], [ 35.358443, 47.537139, 0.0 ], [ 35.340737, 47.536007, 0.0 ], [ 35.336172, 47.530436, 0.0 ], [ 35.323442, 47.516627, 0.0 ], [ 35.314147, 47.5136, 0.0 ], [ 35.304852, 47.513122, 0.0 ], [ 35.277171, 47.503899, 0.0 ], [ 35.273464, 47.49372, 0.0 ], [ 35.281568, 47.471692, 0.0 ], [ 35.274153, 47.459976, 0.0 ], [ 35.267527, 47.458991, 0.0 ], [ 35.273261, 47.472861, 0.0 ], [ 35.267357, 47.474029, 0.0 ], [ 35.262584, 47.473466, 0.0 ], [ 35.245778, 47.464248, 0.0 ], [ 35.228978, 47.456188, 0.0 ], [ 35.197828, 47.445301, 0.0 ], [ 35.165063, 47.445569, 0.0 ], [ 35.062467, 47.451171, 0.0 ], [ 35.00955, 47.412988, 0.0 ], [ 34.978161, 47.393444, 0.0 ], [ 34.942, 47.392047, 0.0 ], [ 34.901944, 47.401336, 0.0 ], [ 34.878356, 47.40899, 0.0 ], [ 34.869529, 47.414324, 0.0 ], [ 34.863104, 47.42175, 0.0 ], [ 34.87165, 47.435332, 0.0 ], [ 34.875734, 47.443573, 0.0 ], [ 34.872229, 47.449373, 0.0 ], [ 34.826139, 47.465716, 0.0 ], [ 34.749194, 47.49362, 0.0 ], [ 34.702438, 47.49201, 0.0 ], [ 34.693031, 47.491575, 0.0 ], [ 34.686954, 47.4953, 0.0 ], [ 34.686026, 47.503897, 0.0 ], [ 34.674414, 47.516014, 0.0 ], [ 34.658159, 47.528361, 0.0 ], [ 34.643956, 47.543838, 0.0 ], [ 34.620964, 47.545851, 0.0 ], [ 34.597363, 47.535025, 0.0 ], [ 34.594365, 47.529528, 0.0 ], [ 34.577981, 47.52252, 0.0 ], [ 34.56052, 47.529214, 0.0 ], [ 34.53825, 47.53266, 0.0 ], [ 34.517023, 47.528517, 0.0 ], [ 34.518803, 47.515915, 0.0 ], [ 34.50342, 47.502385, 0.0 ], [ 34.462088, 47.499683, 0.0 ], [ 34.420759, 47.499286, 0.0 ], [ 34.40483, 47.503754, 0.0 ], [ 34.395078, 47.51286, 0.0 ], [ 34.37684, 47.511072, 0.0 ] ] ] } },
{ "type": "Feature", "properties": { "Name": "", "description": "описание: <br>name: ", "tessellate": -1, "extrude": 0, "visibility": -1, "________________": "" }, "geometry": { "type": "Polygon", "coordinates": [ [ [ 31.809203, 46.476805, 0.0 ], [ 31.872873, 46.463988, 0.0 ], [ 31.950081, 46.43861, 0.0 ], [ 31.976226, 46.438886, 0.0 ], [ 32.001692, 46.453824, 0.0 ], [ 32.022492, 46.447449, 0.0 ], [ 32.038471, 46.414574, 0.0 ], [ 32.062251, 46.394579, 0.0 ], [ 32.059096, 46.386028, 0.0 ], [ 32.044272, 46.378424, 0.0 ], [ 32.026296, 46.38216, 0.0 ], [ 32.017561, 46.378163, 0.0 ], [ 32.008883, 46.36276, 0.0 ], [ 31.98182, 46.348963, 0.0 ], [ 31.915638, 46.339413, 0.0 ], [ 31.867787, 46.333686, 0.0 ], [ 31.831611, 46.336477, 0.0 ], [ 31.792895, 46.329728, 0.0 ], [ 31.762722, 46.302227, 0.0 ], [ 31.680589, 46.251033, 0.0 ], [ 31.644062, 46.244882, 0.0 ], [ 31.589404, 46.25604, 0.0 ], [ 31.545699, 46.28237, 0.0 ], [ 31.532952, 46.309862, 0.0 ], [ 31.539735, 46.348677, 0.0 ], [ 31.532674, 46.370328, 0.0 ], [ 31.517196, 46.365286, 0.0 ], [ 31.501421, 46.328671, 0.0 ], [ 31.533995, 46.276227, 0.0 ], [ 31.581477, 46.244123, 0.0 ], [ 31.909692, 46.17839, 0.0 ], [ 32.072847, 46.164243, 0.0 ], [ 32.339875, 46.103501, 0.0 ], [ 32.524525, 46.067921, 0.0 ], [ 32.889976, 46.008812, 0.0 ], [ 33.02704, 46.002288, 0.0 ], [ 33.081708, 46.009992, 0.0 ], [ 33.040797, 46.026638, 0.0 ], [ 32.97707, 46.031615, 0.0 ], [ 32.94766, 46.0442, 0.0 ], [ 32.929923, 46.038838, 0.0 ], [ 32.88977, 46.039903, 0.0 ], [ 32.864346, 46.059898, 0.0 ], [ 32.790767, 46.032276, 0.0 ], [ 32.54082, 46.071003, 0.0 ], [ 32.547568, 46.081968, 0.0 ], [ 32.598139, 46.097283, 0.0 ], [ 32.671648, 46.096476, 0.0 ], [ 32.733128, 46.108907, 0.0 ], [ 32.75755, 46.121322, 0.0 ], [ 32.783721, 46.11564, 0.0 ], [ 32.870958, 46.113742, 0.0 ], [ 32.933459, 46.103227, 0.0 ], [ 32.962773, 46.109885, 0.0 ], [ 33.034667, 46.11176, 0.0 ], [ 33.027587, 46.14216, 0.0 ], [ 33.01638, 46.155431, 0.0 ], [ 33.064747, 46.154369, 0.0 ], [ 33.082889, 46.13427, 0.0 ], [ 33.212719, 46.103725, 0.0 ], [ 33.211876, 46.130914, 0.0 ], [ 33.255746, 46.13856, 0.0 ], [ 33.29275, 46.130015, 0.0 ], [ 33.308587, 46.119078, 0.0 ], [ 33.310343, 46.09743, 0.0 ], [ 33.295624, 46.091492, 0.0 ], [ 33.280218, 46.09579, 0.0 ], [ 33.277721, 46.075789, 0.0 ], [ 33.31941, 46.073849, 0.0 ], [ 33.330085, 46.111864, 0.0 ], [ 33.348455, 46.095151, 0.0 ], [ 33.373682, 46.088908, 0.0 ], [ 33.366454, 46.072616, 0.0 ], [ 33.414353, 46.0306, 0.0 ], [ 33.50975, 46.022461, 0.0 ], [ 33.589141, 46.067808, 0.0 ], [ 33.59667, 46.119584, 0.0 ], [ 33.609547, 46.132773, 0.0 ], [ 33.636163, 46.141199, 0.0 ], [ 33.615419, 46.224262, 0.0 ], [ 33.646947, 46.229198, 0.0 ], [ 33.672977, 46.216075, 0.0 ], [ 33.683089, 46.205297, 0.0 ], [ 33.7005, 46.202284, 0.0 ], [ 33.741245, 46.183104, 0.0 ], [ 33.783601, 46.202245, 0.0 ], [ 33.834215, 46.204258, 0.0 ], [ 33.882771, 46.178088, 0.0 ], [ 34.443601, 45.961266, 0.0 ], [ 34.648527, 45.975273, 0.0 ], [ 34.754266, 45.909477, 0.0 ], [ 34.80085, 45.900947, 0.0 ], [ 34.801955, 45.806304, 0.0 ], [ 34.859512, 45.794497, 0.0 ], [ 34.962058, 45.760366, 0.0 ], [ 34.974683, 45.76443, 0.0 ], [ 34.880056, 46.162124, 0.0 ], [ 34.975322, 46.250465, 0.0 ], [ 35.036349, 46.259383, 0.0 ], [ 35.079552, 46.281095, 0.0 ], [ 35.265554, 46.26964, 0.0 ], [ 35.224351, 46.224668, 0.0 ], [ 35.219101, 46.20374, 0.0 ], [ 35.205618, 46.185306, 0.0 ], [ 35.03486, 46.146759, 0.0 ], [ 35.020216, 46.124316, 0.0 ], [ 34.989109, 46.106627, 0.0 ], [ 34.985467, 46.073953, 0.0 ], [ 35.136101, 46.117332, 0.0 ], [ 35.195769, 46.151334, 0.0 ], [ 35.239075, 46.219526, 0.0 ], [ 35.287526, 46.258247, 0.0 ], [ 35.269989, 46.26987, 0.0 ], [ 35.255402, 46.275445, 0.0 ], [ 35.072755, 46.303914, 0.0 ], [ 35.057649, 46.375021, 0.0 ], [ 35.070235, 46.378787, 0.0 ], [ 35.053068, 46.482195, 0.0 ], [ 35.01645, 46.48009, 0.0 ], [ 34.948012, 46.500631, 0.0 ], [ 34.946295, 46.512446, 0.0 ], [ 34.890677, 46.504648, 0.0 ], [ 34.884154, 46.536304, 0.0 ], [ 34.897887, 46.537485, 0.0 ], [ 34.88896, 46.562749, 0.0 ], [ 34.762392, 46.556634, 0.0 ], [ 34.74454, 46.582124, 0.0 ], [ 34.718447, 46.586844, 0.0 ], [ 34.712954, 46.61515, 0.0 ], [ 34.758273, 46.628355, 0.0 ], [ 34.750033, 46.681141, 0.0 ], [ 34.678622, 46.679257, 0.0 ], [ 34.677249, 46.691504, 0.0 ], [ 34.633304, 46.68962, 0.0 ], [ 34.62781, 46.726346, 0.0 ], [ 34.664889, 46.72917, 0.0 ], [ 34.664889, 46.742346, 0.0 ], [ 34.73218, 46.747052, 0.0 ], [ 34.73218, 46.760224, 0.0 ], [ 34.752779, 46.763046, 0.0 ], [ 34.751406, 46.783738, 0.0 ], [ 34.772005, 46.79126, 0.0 ], [ 34.765139, 46.81946, 0.0 ], [ 34.813204, 46.830736, 0.0 ], [ 34.806338, 46.880508, 0.0 ], [ 34.754153, 46.880508, 0.0 ], [ 34.733554, 46.957424, 0.0 ], [ 34.697848, 46.953675, 0.0 ], [ 34.666262, 46.976167, 0.0 ], [ 34.619571, 46.981789, 0.0 ], [ 34.600345, 46.995841, 0.0 ], [ 34.586611, 47.025105, 0.0 ], [ 34.568758, 47.022296, 0.0 ], [ 34.55228, 47.107186, 0.0 ], [ 34.520694, 47.108121, 0.0 ], [ 34.497348, 47.245341, 0.0 ], [ 34.5358, 47.251867, 0.0 ], [ 34.522068, 47.281688, 0.0 ], [ 34.490482, 47.282619, 0.0 ], [ 34.483616, 47.327318, 0.0 ], [ 34.419071, 47.322663, 0.0 ], [ 34.409458, 47.298454, 0.0 ], [ 34.408085, 47.286345, 0.0 ], [ 34.380619, 47.279824, 0.0 ], [ 34.342167, 47.29566, 0.0 ], [ 34.303715, 47.271438, 0.0 ], [ 34.291356, 47.294729, 0.0 ], [ 34.27625, 47.343139, 0.0 ], [ 34.25565, 47.367328, 0.0 ], [ 34.248784, 47.400802, 0.0 ], [ 34.236424, 47.432396, 0.0 ], [ 34.222859, 47.422295, 0.0 ], [ 34.204063, 47.413061, 0.0 ], [ 34.185956, 47.415904, 0.0 ], [ 34.144239, 47.42416, 0.0 ], [ 34.111797, 47.419863, 0.0 ], [ 34.080556, 47.426125, 0.0 ], [ 34.046911, 47.425428, 0.0 ], [ 34.012596, 47.343568, 0.0 ], [ 34.027381, 47.332871, 0.0 ], [ 34.001659, 47.289128, 0.0 ], [ 33.978388, 47.261697, 0.0 ], [ 33.97548, 47.227421, 0.0 ], [ 33.941767, 47.196292, 0.0 ], [ 33.919435, 47.175589, 0.0 ], [ 33.895743, 47.163283, 0.0 ], [ 33.850328, 47.136706, 0.0 ], [ 33.84641, 47.116908, 0.0 ], [ 33.839748, 47.097343, 0.0 ], [ 33.825061, 47.081348, 0.0 ], [ 33.781912, 47.047584, 0.0 ], [ 33.725779, 47.014266, 0.0 ], [ 33.698246, 46.99753, 0.0 ], [ 33.695498, 46.942712, 0.0 ], [ 33.687257, 46.919498, 0.0 ], [ 33.681767, 46.899097, 0.0 ], [ 33.663563, 46.903896, 0.0 ], [ 33.644848, 46.901368, 0.0 ], [ 33.635062, 46.893678, 0.0 ], [ 33.596624, 46.826564, 0.0 ], [ 33.44694, 46.820926, 0.0 ], [ 33.37926, 46.782749, 0.0 ], [ 33.346829, 46.762938, 0.0 ], [ 33.302062, 46.750169, 0.0 ], [ 33.173835, 46.776626, 0.0 ], [ 33.152293, 46.783858, 0.0 ], [ 33.126458, 46.778977, 0.0 ], [ 33.040458, 46.741935, 0.0 ], [ 32.940207, 46.731812, 0.0 ], [ 32.907249, 46.722399, 0.0 ], [ 32.878938, 46.697355, 0.0 ], [ 32.756702, 46.664546, 0.0 ], [ 32.718507, 46.659186, 0.0 ], [ 32.686155, 46.632891, 0.0 ], [ 32.673825, 46.629717, 0.0 ], [ 32.664244, 46.62501, 0.0 ], [ 32.654524, 46.622666, 0.0 ], [ 32.644357, 46.618922, 0.0 ], [ 32.640095, 46.616056, 0.0 ], [ 32.640017, 46.614249, 0.0 ], [ 32.642583, 46.612434, 0.0 ], [ 32.64242, 46.611117, 0.0 ], [ 32.64054, 46.610244, 0.0 ], [ 32.638583, 46.610382, 0.0 ], [ 32.636334, 46.612088, 0.0 ], [ 32.632401, 46.6126, 0.0 ], [ 32.627292, 46.611481, 0.0 ], [ 32.627002, 46.607685, 0.0 ], [ 32.6224, 46.595766, 0.0 ], [ 32.604582, 46.593577, 0.0 ], [ 32.58728, 46.595159, 0.0 ], [ 32.574129, 46.593036, 0.0 ], [ 32.565958, 46.582242, 0.0 ], [ 32.545118, 46.570005, 0.0 ], [ 32.521158, 46.567268, 0.0 ], [ 32.497332, 46.563822, 0.0 ], [ 32.477977, 46.56016, 0.0 ], [ 32.458194, 46.564011, 0.0 ], [ 32.433684, 46.559165, 0.0 ], [ 32.408654, 46.557141, 0.0 ], [ 32.384036, 46.546463, 0.0 ], [ 32.362676, 46.54539, 0.0 ], [ 32.360084, 46.543532, 0.0 ], [ 32.35241, 46.537806, 0.0 ], [ 32.342738, 46.534294, 0.0 ], [ 32.341421, 46.532891, 0.0 ], [ 32.322767, 46.532314, 0.0 ], [ 32.316821, 46.530548, 0.0 ], [ 32.308538, 46.527897, 0.0 ], [ 32.298833, 46.528062, 0.0 ], [ 32.290301, 46.52687, 0.0 ], [ 32.283454, 46.525767, 0.0 ], [ 32.273735, 46.50706, 0.0 ], [ 32.255131, 46.499478, 0.0 ], [ 32.215288, 46.478555, 0.0 ], [ 32.172885, 46.494064, 0.0 ], [ 32.152138, 46.509702, 0.0 ], [ 32.118931, 46.517781, 0.0 ], [ 32.096478, 46.506209, 0.0 ], [ 32.066036, 46.494975, 0.0 ], [ 31.989709, 46.49147, 0.0 ], [ 31.912099, 46.513272, 0.0 ], [ 31.909993, 46.525609, 0.0 ], [ 31.886541, 46.533266, 0.0 ], [ 31.853762, 46.504962, 0.0 ], [ 31.851893, 46.49792, 0.0 ], [ 31.825314, 46.499857, 0.0 ], [ 31.806292, 46.488081, 0.0 ], [ 31.809203, 46.476805, 0.0 ] ] ] } },
{ "type": "Feature", "properties": { "Name": "", "description": "описание: <br>name: ", "tessellate": -1, "extrude": 0, "visibility": -1, "________________": "" }, "geometry": { "type": "Polygon", "coordinates": [ [ [ 38.0512, 49.923393, 0.0 ], [ 38.009002, 49.96589, 0.0 ], [ 37.982387, 49.974762, 0.0 ], [ 37.958511, 49.978329, 0.0 ], [ 37.91922, 50.041176, 0.0 ], [ 37.863207, 50.054012, 0.0 ], [ 37.830473, 50.06566, 0.0 ], [ 37.79772, 50.081705, 0.0 ], [ 37.758316, 50.07825, 0.0 ], [ 37.707878, 50.132044, 0.0 ], [ 37.673042, 50.150941, 0.0 ], [ 37.635808, 50.197066, 0.0 ], [ 37.631544, 50.201283, 0.0 ], [ 37.625364, 50.205788, 0.0 ], [ 37.621759, 50.212819, 0.0 ], [ 37.618669, 50.213808, 0.0 ], [ 37.615493, 50.216169, 0.0 ], [ 37.614892, 50.219848, 0.0 ], [ 37.615407, 50.222704, 0.0 ], [ 37.621244, 50.230282, 0.0 ], [ 37.625574, 50.237466, 0.0 ], [ 37.627033, 50.24194, 0.0 ], [ 37.625746, 50.246523, 0.0 ], [ 37.627634, 50.256621, 0.0 ], [ 37.623815, 50.255908, 0.0 ], [ 37.619394, 50.253932, 0.0 ], [ 37.613901, 50.255524, 0.0 ], [ 37.609481, 50.254577, 0.0 ], [ 37.608923, 50.251463, 0.0 ], [ 37.608348, 50.250826, 0.0 ], [ 37.601095, 50.23886, 0.0 ], [ 37.596031, 50.236116, 0.0 ], [ 37.584701, 50.235731, 0.0 ], [ 37.578436, 50.24306, 0.0 ], [ 37.568394, 50.242922, 0.0 ], [ 37.56393, 50.243581, 0.0 ], [ 37.564789, 50.240837, 0.0 ], [ 37.560497, 50.241989, 0.0 ], [ 37.557493, 50.243526, 0.0 ], [ 37.554832, 50.250058, 0.0 ], [ 37.545648, 50.251073, 0.0 ], [ 37.536429, 50.255681, 0.0 ], [ 37.53303, 50.253163, 0.0 ], [ 37.529318, 50.253458, 0.0 ], [ 37.529284, 50.254268, 0.0 ], [ 37.522717, 50.253816, 0.0 ], [ 37.522825, 50.253431, 0.0 ], [ 37.519456, 50.253184, 0.0 ], [ 37.519362, 50.249342, 0.0 ], [ 37.515963, 50.239644, 0.0 ], [ 37.491416, 50.239466, 0.0 ], [ 37.491416, 50.239178, 0.0 ], [ 37.491464, 50.235139, 0.0 ], [ 37.488031, 50.233931, 0.0 ], [ 37.475156, 50.233162, 0.0 ], [ 37.473526, 50.230307, 0.0 ], [ 37.470178, 50.230197, 0.0 ], [ 37.469578, 50.229154, 0.0 ], [ 37.466831, 50.22855, 0.0 ], [ 37.469406, 50.225091, 0.0 ], [ 37.473869, 50.2252, 0.0 ], [ 37.474749, 50.224679, 0.0 ], [ 37.475156, 50.226079, 0.0 ], [ 37.479594, 50.226924, 0.0 ], [ 37.488521, 50.22923, 0.0 ], [ 37.492772, 50.226362, 0.0 ], [ 37.490026, 50.21417, 0.0 ], [ 37.50496, 50.208842, 0.0 ], [ 37.511998, 50.205436, 0.0 ], [ 37.519895, 50.203623, 0.0 ], [ 37.527963, 50.204008, 0.0 ], [ 37.531739, 50.20626, 0.0 ], [ 37.536031, 50.211204, 0.0 ], [ 37.541438, 50.21395, 0.0 ], [ 37.545129, 50.218454, 0.0 ], [ 37.549549, 50.217466, 0.0 ], [ 37.558089, 50.216916, 0.0 ], [ 37.558462, 50.222195, 0.0 ], [ 37.561923, 50.222201, 0.0 ], [ 37.563468, 50.220224, 0.0 ], [ 37.566043, 50.21605, 0.0 ], [ 37.562781, 50.213634, 0.0 ], [ 37.565871, 50.213194, 0.0 ], [ 37.563811, 50.210777, 0.0 ], [ 37.579948, 50.211931, 0.0 ], [ 37.583307, 50.209304, 0.0 ], [ 37.591718, 50.207876, 0.0 ], [ 37.60322, 50.208315, 0.0 ], [ 37.600831, 50.20477, 0.0 ], [ 37.610917, 50.196737, 0.0 ], [ 37.602505, 50.193584, 0.0 ], [ 37.568838, 50.184977, 0.0 ], [ 37.568831, 50.156207, 0.0 ], [ 37.62306, 50.134782, 0.0 ], [ 37.637038, 50.132945, 0.0 ], [ 37.651016, 50.136388, 0.0 ], [ 37.665163, 50.130258, 0.0 ], [ 37.656957, 50.120149, 0.0 ], [ 37.655276, 50.112462, 0.0 ], [ 37.655918, 50.081822, 0.0 ], [ 37.689536, 50.07763, 0.0 ], [ 37.695088, 50.072928, 0.0 ], [ 37.695603, 50.069678, 0.0 ], [ 37.699448, 50.065594, 0.0 ], [ 37.702795, 50.063004, 0.0 ], [ 37.704801, 50.059646, 0.0 ], [ 37.716185, 50.059147, 0.0 ], [ 37.715327, 50.056833, 0.0 ], [ 37.718245, 50.048125, 0.0 ], [ 37.725111, 50.046913, 0.0 ], [ 37.732768, 50.04681, 0.0 ], [ 37.735585, 50.041032, 0.0 ], [ 37.742484, 50.032208, 0.0 ], [ 37.710132, 50.030057, 0.0 ], [ 37.704343, 50.024515, 0.0 ], [ 37.7116, 50.020076, 0.0 ], [ 37.744232, 50.019414, 0.0 ], [ 37.764946, 50.019156, 0.0 ], [ 37.783314, 50.011986, 0.0 ], [ 37.786578, 50.005366, 0.0 ], [ 37.798936, 50.001946, 0.0 ], [ 37.807004, 49.996539, 0.0 ], [ 37.79842, 49.976562, 0.0 ], [ 37.773608, 49.974219, 0.0 ], [ 37.764793, 49.974694, 0.0 ], [ 37.755982, 49.958054, 0.0 ], [ 37.750231, 49.958385, 0.0 ], [ 37.748772, 49.963024, 0.0 ], [ 37.736842, 49.964017, 0.0 ], [ 37.729375, 49.962803, 0.0 ], [ 37.728259, 49.965784, 0.0 ], [ 37.703883, 49.966888, 0.0 ], [ 37.699506, 49.96595, 0.0 ], [ 37.689378, 49.965729, 0.0 ], [ 37.687232, 49.960042, 0.0 ], [ 37.691437, 49.958938, 0.0 ], [ 37.698819, 49.956342, 0.0 ], [ 37.729289, 49.956287, 0.0 ], [ 37.731434, 49.949439, 0.0 ], [ 37.739245, 49.949053, 0.0 ], [ 37.743108, 49.949218, 0.0 ], [ 37.750902, 49.948687, 0.0 ], [ 37.752575, 49.941644, 0.0 ], [ 37.749305, 49.931895, 0.0 ], [ 37.732887, 49.937468, 0.0 ], [ 37.719243, 49.933312, 0.0 ], [ 37.719587, 49.930854, 0.0 ], [ 37.727526, 49.926738, 0.0 ], [ 37.726475, 49.923284, 0.0 ], [ 37.741775, 49.917688, 0.0 ], [ 37.744756, 49.907571, 0.0 ], [ 37.737976, 49.905858, 0.0 ], [ 37.721852, 49.907417, 0.0 ], [ 37.698689, 49.908535, 0.0 ], [ 37.688828, 49.907341, 0.0 ], [ 37.688307, 49.905217, 0.0 ], [ 37.659656, 49.884491, 0.0 ], [ 37.64545, 49.883577, 0.0 ], [ 37.63645, 49.878683, 0.0 ], [ 37.624006, 49.878327, 0.0 ], [ 37.624599, 49.86651, 0.0 ], [ 37.614824, 49.861457, 0.0 ], [ 37.601044, 49.851423, 0.0 ], [ 37.594297, 49.8402, 0.0 ], [ 37.612814, 49.837615, 0.0 ], [ 37.622748, 49.831815, 0.0 ], [ 37.61, 49.829515, 0.0 ], [ 37.599447, 49.82226, 0.0 ], [ 37.599364, 49.81545, 0.0 ], [ 37.616402, 49.812, 0.0 ], [ 37.605974, 49.799466, 0.0 ], [ 37.592089, 49.800593, 0.0 ], [ 37.583181, 49.800388, 0.0 ], [ 37.589329, 49.787427, 0.0 ], [ 37.592868, 49.778445, 0.0 ], [ 37.584865, 49.77908, 0.0 ], [ 37.575252, 49.777861, 0.0 ], [ 37.56933, 49.772373, 0.0 ], [ 37.568892, 49.767144, 0.0 ], [ 37.570875, 49.759234, 0.0 ], [ 37.578256, 49.757959, 0.0 ], [ 37.583841, 49.755726, 0.0 ], [ 37.589844, 49.751748, 0.0 ], [ 37.587365, 49.75074, 0.0 ], [ 37.585992, 49.748134, 0.0 ], [ 37.594403, 49.747302, 0.0 ], [ 37.602042, 49.750796, 0.0 ], [ 37.61115, 49.746232, 0.0 ], [ 37.618144, 49.743431, 0.0 ], [ 37.607762, 49.728747, 0.0 ], [ 37.602162, 49.727298, 0.0 ], [ 37.599344, 49.72554, 0.0 ], [ 37.594022, 49.724361, 0.0 ], [ 37.592906, 49.723876, 0.0 ], [ 37.590331, 49.725464, 0.0 ], [ 37.587649, 49.723605, 0.0 ], [ 37.58913, 49.722953, 0.0 ], [ 37.588507, 49.722426, 0.0 ], [ 37.58943, 49.721912, 0.0 ], [ 37.589301, 49.721441, 0.0 ], [ 37.589687, 49.720761, 0.0 ], [ 37.591125, 49.720192, 0.0 ], [ 37.594301, 49.723036, 0.0 ], [ 37.599831, 49.722856, 0.0 ], [ 37.602957, 49.721669, 0.0 ], [ 37.603144, 49.721121, 0.0 ], [ 37.600897, 49.720476, 0.0 ], [ 37.601808, 49.718775, 0.0 ], [ 37.601637, 49.717609, 0.0 ], [ 37.601572, 49.717276, 0.0 ], [ 37.601701, 49.716721, 0.0 ], [ 37.602066, 49.715334, 0.0 ], [ 37.60271, 49.715223, 0.0 ], [ 37.603053, 49.713364, 0.0 ], [ 37.607344, 49.711421, 0.0 ], [ 37.608975, 49.709174, 0.0 ], [ 37.611178, 49.707518, 0.0 ], [ 37.610384, 49.706671, 0.0 ], [ 37.609054, 49.705756, 0.0 ], [ 37.608517, 49.705242, 0.0 ], [ 37.608839, 49.704923, 0.0 ], [ 37.606179, 49.703577, 0.0 ], [ 37.601576, 49.700662, 0.0 ], [ 37.601866, 49.70026, 0.0 ], [ 37.602713, 49.699871, 0.0 ], [ 37.603443, 49.699712, 0.0 ], [ 37.604215, 49.699823, 0.0 ], [ 37.605395, 49.700239, 0.0 ], [ 37.608528, 49.700878, 0.0 ], [ 37.61003, 49.701141, 0.0 ], [ 37.612841, 49.701419, 0.0 ], [ 37.612262, 49.703903, 0.0 ], [ 37.612476, 49.706373, 0.0 ], [ 37.61282, 49.707816, 0.0 ], [ 37.612623, 49.709826, 0.0 ], [ 37.612494, 49.710783, 0.0 ], [ 37.61288, 49.712212, 0.0 ], [ 37.61199, 49.713542, 0.0 ], [ 37.615338, 49.714014, 0.0 ], [ 37.617062, 49.715298, 0.0 ], [ 37.617555, 49.713813, 0.0 ], [ 37.617645, 49.71189, 0.0 ], [ 37.618292, 49.710134, 0.0 ], [ 37.619262, 49.707809, 0.0 ], [ 37.622094, 49.705394, 0.0 ], [ 37.623038, 49.706727, 0.0 ], [ 37.625838, 49.705172, 0.0 ], [ 37.625494, 49.701064, 0.0 ], [ 37.626439, 49.69679, 0.0 ], [ 37.63485, 49.68885, 0.0 ], [ 37.633305, 49.684074, 0.0 ], [ 37.633336, 49.679651, 0.0 ], [ 37.63634, 49.671597, 0.0 ], [ 37.633593, 49.668376, 0.0 ], [ 37.630847, 49.667431, 0.0 ], [ 37.630675, 49.66582, 0.0 ], [ 37.635396, 49.665209, 0.0 ], [ 37.637198, 49.664042, 0.0 ], [ 37.635482, 49.660542, 0.0 ], [ 37.635325, 49.659049, 0.0 ], [ 37.639552, 49.657674, 0.0 ], [ 37.644466, 49.657826, 0.0 ], [ 37.64614, 49.657604, 0.0 ], [ 37.64664, 49.658209, 0.0 ], [ 37.650244, 49.658153, 0.0 ], [ 37.650178, 49.656732, 0.0 ], [ 37.652238, 49.656454, 0.0 ], [ 37.652195, 49.655162, 0.0 ], [ 37.655392, 49.656412, 0.0 ], [ 37.655521, 49.657343, 0.0 ], [ 37.655317, 49.65803, 0.0 ], [ 37.657817, 49.65819, 0.0 ], [ 37.658576, 49.658822, 0.0 ], [ 37.662246, 49.658336, 0.0 ], [ 37.664606, 49.659058, 0.0 ], [ 37.668634, 49.658233, 0.0 ], [ 37.671295, 49.657275, 0.0 ], [ 37.67475, 49.656678, 0.0 ], [ 37.676938, 49.656553, 0.0 ], [ 37.680608, 49.656011, 0.0 ], [ 37.679792, 49.654594, 0.0 ], [ 37.677982, 49.653968, 0.0 ], [ 37.677682, 49.648911, 0.0 ], [ 37.67854, 49.647021, 0.0 ], [ 37.686651, 49.64427, 0.0 ], [ 37.688889, 49.642512, 0.0 ], [ 37.688889, 49.64104, 0.0 ], [ 37.688043, 49.637694, 0.0 ], [ 37.688987, 49.635415, 0.0 ], [ 37.690875, 49.631246, 0.0 ], [ 37.692935, 49.627577, 0.0 ], [ 37.697313, 49.621016, 0.0 ], [ 37.698239, 49.619881, 0.0 ], [ 37.70296, 49.621243, 0.0 ], [ 37.708754, 49.622383, 0.0 ], [ 37.708968, 49.623996, 0.0 ], [ 37.71532, 49.626581, 0.0 ], [ 37.727894, 49.62533, 0.0 ], [ 37.729671, 49.627076, 0.0 ], [ 37.730705, 49.628549, 0.0 ], [ 37.73534, 49.62752, 0.0 ], [ 37.735497, 49.624386, 0.0 ], [ 37.749745, 49.624386, 0.0 ], [ 37.745797, 49.616601, 0.0 ], [ 37.768456, 49.611708, 0.0 ], [ 37.763649, 49.606257, 0.0 ], [ 37.765881, 49.605256, 0.0 ], [ 37.765023, 49.589122, 0.0 ], [ 37.750603, 49.589456, 0.0 ], [ 37.74923, 49.585673, 0.0 ], [ 37.749521, 49.582434, 0.0 ], [ 37.738793, 49.573753, 0.0 ], [ 37.72901, 49.574809, 0.0 ], [ 37.712572, 49.574859, 0.0 ], [ 37.69534, 49.567658, 0.0 ], [ 37.683605, 49.558166, 0.0 ], [ 37.69207, 49.531316, 0.0 ], [ 37.696147, 49.528405, 0.0 ], [ 37.693353, 49.524931, 0.0 ], [ 37.690741, 49.518321, 0.0 ], [ 37.697602, 49.513808, 0.0 ], [ 37.6927, 49.500355, 0.0 ], [ 37.691584, 49.495506, 0.0 ], [ 37.696207, 49.493803, 0.0 ], [ 37.710369, 49.489399, 0.0 ], [ 37.729055, 49.485093, 0.0 ], [ 37.741028, 49.477368, 0.0 ], [ 37.765143, 49.465936, 0.0 ], [ 37.781187, 49.446995, 0.0 ], [ 37.722742, 49.43988, 0.0 ], [ 37.698022, 49.437983, 0.0 ], [ 37.67944, 49.433586, 0.0 ], [ 37.67237, 49.426653, 0.0 ], [ 37.673228, 49.419171, 0.0 ], [ 37.690738, 49.412583, 0.0 ], [ 37.704642, 49.417943, 0.0 ], [ 37.73685, 49.416859, 0.0 ], [ 37.76938, 49.414076, 0.0 ], [ 37.806024, 49.39347, 0.0 ], [ 37.823344, 49.366858, 0.0 ], [ 37.846287, 49.3631, 0.0 ], [ 37.890317, 49.362523, 0.0 ], [ 37.900273, 49.394487, 0.0 ], [ 37.881047, 49.411466, 0.0 ], [ 37.874181, 49.442728, 0.0 ], [ 37.852208, 49.441835, 0.0 ], [ 37.845342, 49.517677, 0.0 ], [ 37.876928, 49.520351, 0.0 ], [ 37.919699, 49.536983, 0.0 ], [ 37.920873, 49.547089, 0.0 ], [ 37.889287, 49.555108, 0.0 ], [ 37.91538, 49.56936, 0.0 ], [ 37.956578, 49.576484, 0.0 ], [ 37.940099, 49.587169, 0.0 ], [ 37.945592, 49.612091, 0.0 ], [ 37.967565, 49.612091, 0.0 ], [ 38.006017, 49.651228, 0.0 ], [ 38.043096, 49.657451, 0.0 ], [ 38.02387, 49.674339, 0.0 ], [ 38.006017, 49.700993, 0.0 ], [ 38.01975, 49.709874, 0.0 ], [ 38.00327, 49.715202, 0.0 ], [ 37.973058, 49.71165, 0.0 ], [ 37.953832, 49.737396, 0.0 ], [ 37.978551, 49.766676, 0.0 ], [ 38.006017, 49.754256, 0.0 ], [ 38.028876, 49.774799, 0.0 ], [ 38.050849, 49.78278, 0.0 ], [ 38.054082, 49.796825, 0.0 ], [ 38.008763, 49.806575, 0.0 ], [ 38.00739, 49.831385, 0.0 ], [ 38.051336, 49.831385, 0.0 ], [ 38.100774, 49.84467, 0.0 ], [ 38.030736, 49.896892, 0.0 ], [ 38.0512, 49.923393, 0.0 ] ] ] } },
{ "type": "Feature", "properties": { "Name": "", "description": "описание: <br>name: ", "tessellate": -1, "extrude": 0, "visibility": -1, "________________": "" }, "geometry": { "type": "Polygon", "coordinates": [ [ [ 36.377504, 50.293419, 0.0 ], [ 36.364373, 50.287976, 0.0 ], [ 36.323636, 50.290031, 0.0 ], [ 36.298028, 50.291969, 0.0 ], [ 36.298647, 50.299162, 0.0 ], [ 36.285876, 50.298241, 0.0 ], [ 36.286514, 50.290909, 0.0 ], [ 36.285313, 50.283999, 0.0 ], [ 36.304196, 50.285535, 0.0 ], [ 36.323593, 50.284876, 0.0 ], [ 36.340759, 50.279282, 0.0 ], [ 36.364554, 50.276712, 0.0 ], [ 36.381453, 50.274429, 0.0 ], [ 36.390207, 50.2717, 0.0 ], [ 36.395271, 50.257544, 0.0 ], [ 36.412266, 50.253101, 0.0 ], [ 36.430719, 50.251069, 0.0 ], [ 36.463335, 50.246898, 0.0 ], [ 36.478784, 50.239213, 0.0 ], [ 36.481056, 50.236862, 0.0 ], [ 36.478395, 50.234886, 0.0 ], [ 36.47994, 50.233294, 0.0 ], [ 36.477536, 50.230219, 0.0 ], [ 36.468868, 50.228682, 0.0 ], [ 36.468524, 50.224014, 0.0 ], [ 36.482257, 50.217919, 0.0 ], [ 36.499252, 50.219182, 0.0 ], [ 36.504487, 50.225113, 0.0 ], [ 36.532, 50.21703, 0.0 ], [ 36.538051, 50.221218, 0.0 ], [ 36.546389, 50.232407, 0.0 ], [ 36.550345, 50.239538, 0.0 ], [ 36.55808, 50.244144, 0.0 ], [ 36.564268, 50.243397, 0.0 ], [ 36.570457, 50.241222, 0.0 ], [ 36.566182, 50.236215, 0.0 ], [ 36.559347, 50.226857, 0.0 ], [ 36.549252, 50.219145, 0.0 ], [ 36.542815, 50.208408, 0.0 ], [ 36.557279, 50.200212, 0.0 ], [ 36.590965, 50.199921, 0.0 ], [ 36.581568, 50.206553, 0.0 ], [ 36.584356, 50.211647, 0.0 ], [ 36.595686, 50.221972, 0.0 ], [ 36.602381, 50.225157, 0.0 ], [ 36.609247, 50.225157, 0.0 ], [ 36.599634, 50.233284, 0.0 ], [ 36.584617, 50.237015, 0.0 ], [ 36.560667, 50.250844, 0.0 ], [ 36.569674, 50.25809, 0.0 ], [ 36.574694, 50.255677, 0.0 ], [ 36.578407, 50.25875, 0.0 ], [ 36.575285, 50.260836, 0.0 ], [ 36.579904, 50.262208, 0.0 ], [ 36.573631, 50.274854, 0.0 ], [ 36.592297, 50.275252, 0.0 ], [ 36.592768, 50.278283, 0.0 ], [ 36.589764, 50.278941, 0.0 ], [ 36.588434, 50.281628, 0.0 ], [ 36.588627, 50.283466, 0.0 ], [ 36.585376, 50.285975, 0.0 ], [ 36.58367, 50.286071, 0.0 ], [ 36.572254, 50.285797, 0.0 ], [ 36.564143, 50.285112, 0.0 ], [ 36.559723, 50.284316, 0.0 ], [ 36.558448, 50.282863, 0.0 ], [ 36.558546, 50.281739, 0.0 ], [ 36.548237, 50.281902, 0.0 ], [ 36.538443, 50.284037, 0.0 ], [ 36.536537, 50.283482, 0.0 ], [ 36.533085, 50.284517, 0.0 ], [ 36.524312, 50.2861, 0.0 ], [ 36.523873, 50.287481, 0.0 ], [ 36.522862, 50.28832, 0.0 ], [ 36.522881, 50.289268, 0.0 ], [ 36.524979, 50.291056, 0.0 ], [ 36.525474, 50.291734, 0.0 ], [ 36.526294, 50.293639, 0.0 ], [ 36.516893, 50.295119, 0.0 ], [ 36.515693, 50.295805, 0.0 ], [ 36.514664, 50.295764, 0.0 ], [ 36.51284, 50.295839, 0.0 ], [ 36.511215, 50.295426, 0.0 ], [ 36.500446, 50.299305, 0.0 ], [ 36.496972, 50.302908, 0.0 ], [ 36.491316, 50.306358, 0.0 ], [ 36.488741, 50.311401, 0.0 ], [ 36.481359, 50.312278, 0.0 ], [ 36.471918, 50.313374, 0.0 ], [ 36.439646, 50.310743, 0.0 ], [ 36.433294, 50.330363, 0.0 ], [ 36.425569, 50.327623, 0.0 ], [ 36.408575, 50.311511, 0.0 ], [ 36.398619, 50.307016, 0.0 ], [ 36.374758, 50.299999, 0.0 ], [ 36.377504, 50.293419, 0.0 ] ] ] } },
{ "type": "Feature", "properties": { "Name": "", "description": "описание: <br>name: ", "tessellate": -1, "extrude": 0, "visibility": -1, "________________": "" }, "geometry": { "type": "Polygon", "coordinates": [ [ [ 35.894375, 50.438097, 0.0 ], [ 35.894096, 50.437632, 0.0 ], [ 35.892116, 50.437967, 0.0 ], [ 35.890738, 50.437974, 0.0 ], [ 35.889096, 50.438753, 0.0 ], [ 35.8865, 50.436402, 0.0 ], [ 35.887348, 50.434407, 0.0 ], [ 35.888667, 50.433751, 0.0 ], [ 35.896199, 50.43401, 0.0 ], [ 35.89842, 50.432063, 0.0 ], [ 35.902443, 50.431646, 0.0 ], [ 35.905447, 50.429992, 0.0 ], [ 35.908666, 50.429056, 0.0 ], [ 35.911712, 50.428994, 0.0 ], [ 35.91712, 50.428967, 0.0 ], [ 35.922956, 50.428666, 0.0 ], [ 35.928106, 50.428584, 0.0 ], [ 35.933707, 50.42816, 0.0 ], [ 35.931926, 50.431892, 0.0 ], [ 35.929737, 50.433122, 0.0 ], [ 35.927806, 50.434352, 0.0 ], [ 35.927462, 50.434926, 0.0 ], [ 35.926218, 50.435391, 0.0 ], [ 35.92536, 50.435418, 0.0 ], [ 35.9239, 50.435746, 0.0 ], [ 35.922956, 50.436129, 0.0 ], [ 35.921884, 50.437003, 0.0 ], [ 35.920467, 50.437058, 0.0 ], [ 35.919952, 50.436484, 0.0 ], [ 35.918579, 50.435637, 0.0 ], [ 35.916176, 50.435418, 0.0 ], [ 35.913687, 50.435227, 0.0 ], [ 35.913, 50.434625, 0.0 ], [ 35.911283, 50.434653, 0.0 ], [ 35.910726, 50.435172, 0.0 ], [ 35.909524, 50.435363, 0.0 ], [ 35.908966, 50.435746, 0.0 ], [ 35.908923, 50.436402, 0.0 ], [ 35.908537, 50.436976, 0.0 ], [ 35.907378, 50.437714, 0.0 ], [ 35.905876, 50.438179, 0.0 ], [ 35.904331, 50.43878, 0.0 ], [ 35.9027, 50.438042, 0.0 ], [ 35.901241, 50.438179, 0.0 ], [ 35.900555, 50.438889, 0.0 ], [ 35.898495, 50.438917, 0.0 ], [ 35.895791, 50.438698, 0.0 ], [ 35.894375, 50.438097, 0.0 ] ] ] } },
{ "type": "Feature", "properties": { "Name": "", "description": "описание: <br>name: ", "tessellate": -1, "extrude": 0, "visibility": -1, "________________": "" }, "geometry": { "type": "Polygon", "coordinates": [ [ [ 36.200581, 50.398633, 0.0 ], [ 36.19934, 50.399637, 0.0 ], [ 36.195735, 50.40095, 0.0 ], [ 36.189812, 50.404506, 0.0 ], [ 36.185349, 50.406311, 0.0 ], [ 36.176165, 50.401497, 0.0 ], [ 36.181916, 50.391102, 0.0 ], [ 36.185692, 50.389186, 0.0 ], [ 36.190968, 50.382326, 0.0 ], [ 36.20825, 50.384116, 0.0 ], [ 36.210382, 50.386176, 0.0 ], [ 36.207963, 50.391629, 0.0 ], [ 36.200581, 50.398633, 0.0 ] ] ] } },
{ "type": "Feature", "properties": { "Name": "", "description": "описание: <br>name: ", "tessellate": -1, "extrude": 0, "visibility": -1, "________________": "" }, "geometry": { "type": "Polygon", "coordinates": [ [ [ 37.330567, 50.436284, 0.0 ], [ 37.342669, 50.432184, 0.0 ], [ 37.365329, 50.426716, 0.0 ], [ 37.387902, 50.427427, 0.0 ], [ 37.409578, 50.417563, 0.0 ], [ 37.408112, 50.413942, 0.0 ], [ 37.428025, 50.413613, 0.0 ], [ 37.425072, 50.404271, 0.0 ], [ 37.429106, 50.403287, 0.0 ], [ 37.437432, 50.402138, 0.0 ], [ 37.435629, 50.395846, 0.0 ], [ 37.439663, 50.393493, 0.0 ], [ 37.446358, 50.391523, 0.0 ], [ 37.448933, 50.397925, 0.0 ], [ 37.453654, 50.400551, 0.0 ], [ 37.457001, 50.400114, 0.0 ], [ 37.457001, 50.396886, 0.0 ], [ 37.461808, 50.394806, 0.0 ], [ 37.465842, 50.395189, 0.0 ], [ 37.466614, 50.40088, 0.0 ], [ 37.466442, 50.406186, 0.0 ], [ 37.465412, 50.411711, 0.0 ], [ 37.46335, 50.415561, 0.0 ], [ 37.466108, 50.430794, 0.0 ], [ 37.483617, 50.430992, 0.0 ], [ 37.484993, 50.445632, 0.0 ], [ 37.491002, 50.457106, 0.0 ], [ 37.477097, 50.458742, 0.0 ], [ 37.432121, 50.443401, 0.0 ], [ 37.419078, 50.434716, 0.0 ], [ 37.396425, 50.431116, 0.0 ], [ 37.366664, 50.435023, 0.0 ], [ 37.354476, 50.437756, 0.0 ], [ 37.341944, 50.437374, 0.0 ], [ 37.330567, 50.436284, 0.0 ] ] ] } },
{ "type": "Feature", "properties": { "Name": "", "description": "описание: <br>name: ", "tessellate": -1, "extrude": 0, "visibility": -1, "________________": "" }, "geometry": { "type": "Polygon", "coordinates": [ [ [ 36.19609, 50.345027, 0.0 ], [ 36.19089, 50.33879, 0.0 ], [ 36.195942, 50.337004, 0.0 ], [ 36.185985, 50.326594, 0.0 ], [ 36.183196, 50.32421, 0.0 ], [ 36.181908, 50.321032, 0.0 ], [ 36.185556, 50.319881, 0.0 ], [ 36.188603, 50.323306, 0.0 ], [ 36.190878, 50.326649, 0.0 ], [ 36.194697, 50.330018, 0.0 ], [ 36.200705, 50.329251, 0.0 ], [ 36.203108, 50.332539, 0.0 ], [ 36.205984, 50.332374, 0.0 ], [ 36.210963, 50.333515, 0.0 ], [ 36.242463, 50.325734, 0.0 ], [ 36.239802, 50.3282, 0.0 ], [ 36.240146, 50.33083, 0.0 ], [ 36.244866, 50.331981, 0.0 ], [ 36.247012, 50.334391, 0.0 ], [ 36.247098, 50.337021, 0.0 ], [ 36.244351, 50.339705, 0.0 ], [ 36.245982, 50.34343, 0.0 ], [ 36.252677, 50.355479, 0.0 ], [ 36.255252, 50.35526, 0.0 ], [ 36.252765, 50.358905, 0.0 ], [ 36.242368, 50.358227, 0.0 ], [ 36.232826, 50.364343, 0.0 ], [ 36.230378, 50.371953, 0.0 ], [ 36.229134, 50.37209, 0.0 ], [ 36.223013, 50.368411, 0.0 ], [ 36.219837, 50.368055, 0.0 ], [ 36.214344, 50.367097, 0.0 ], [ 36.21531, 50.365208, 0.0 ], [ 36.212906, 50.364688, 0.0 ], [ 36.211619, 50.363566, 0.0 ], [ 36.212845, 50.36151, 0.0 ], [ 36.207652, 50.357978, 0.0 ], [ 36.205461, 50.353932, 0.0 ], [ 36.205017, 50.350778, 0.0 ], [ 36.19609, 50.345027, 0.0 ] ] ] } },
{ "type": "Feature", "properties": { "Name": "", "description": "описание: <br>name: ", "tessellate": -1, "extrude": 0, "visibility": -1, "________________": "" }, "geometry": { "type": "Polygon", "coordinates": [ [ [ 36.684034, 50.24706, 0.0 ], [ 36.690275, 50.242448, 0.0 ], [ 36.720316, 50.243107, 0.0 ], [ 36.731817, 50.241021, 0.0 ], [ 36.740057, 50.239264, 0.0 ], [ 36.751902, 50.238605, 0.0 ], [ 36.762201, 50.236849, 0.0 ], [ 36.777994, 50.232896, 0.0 ], [ 36.786172, 50.235532, 0.0 ], [ 36.797674, 50.239046, 0.0 ], [ 36.812608, 50.24212, 0.0 ], [ 36.824407, 50.241106, 0.0 ], [ 36.829128, 50.240228, 0.0 ], [ 36.829508, 50.237786, 0.0 ], [ 36.834143, 50.230868, 0.0 ], [ 36.849249, 50.21681, 0.0 ], [ 36.853884, 50.210988, 0.0 ], [ 36.864156, 50.211294, 0.0 ], [ 36.866817, 50.215084, 0.0 ], [ 36.874198, 50.214095, 0.0 ], [ 36.879863, 50.225079, 0.0 ], [ 36.890702, 50.221176, 0.0 ], [ 36.899874, 50.220078, 0.0 ], [ 36.901123, 50.223536, 0.0 ], [ 36.906187, 50.223591, 0.0 ], [ 36.907818, 50.225293, 0.0 ], [ 36.917517, 50.223866, 0.0 ], [ 36.945584, 50.220296, 0.0 ], [ 36.974324, 50.21701, 0.0 ], [ 36.985225, 50.218218, 0.0 ], [ 36.99303, 50.220271, 0.0 ], [ 37.002391, 50.220744, 0.0 ], [ 37.007884, 50.2264, 0.0 ], [ 36.996397, 50.227895, 0.0 ], [ 36.999816, 50.237765, 0.0 ], [ 36.993006, 50.238739, 0.0 ], [ 36.996812, 50.246603, 0.0 ], [ 37.010033, 50.242401, 0.0 ], [ 37.018101, 50.250524, 0.0 ], [ 37.016556, 50.251622, 0.0 ], [ 37.025311, 50.262707, 0.0 ], [ 37.063734, 50.249333, 0.0 ], [ 37.062046, 50.246463, 0.0 ], [ 37.076123, 50.242182, 0.0 ], [ 37.077324, 50.236362, 0.0 ], [ 37.082474, 50.236253, 0.0 ], [ 37.085564, 50.239107, 0.0 ], [ 37.092774, 50.241084, 0.0 ], [ 37.102215, 50.241084, 0.0 ], [ 37.110798, 50.235264, 0.0 ], [ 37.117321, 50.236802, 0.0 ], [ 37.11818, 50.238229, 0.0 ], [ 37.123501, 50.239327, 0.0 ], [ 37.132771, 50.241523, 0.0 ], [ 37.136376, 50.24273, 0.0 ], [ 37.143586, 50.24295, 0.0 ], [ 37.153027, 50.247122, 0.0 ], [ 37.159207, 50.253488, 0.0 ], [ 37.162398, 50.256713, 0.0 ], [ 37.16669, 50.254298, 0.0 ], [ 37.186946, 50.261761, 0.0 ], [ 37.212009, 50.262859, 0.0 ], [ 37.211494, 50.267358, 0.0 ], [ 37.204456, 50.268016, 0.0 ], [ 37.204627, 50.271966, 0.0 ], [ 37.188663, 50.273721, 0.0 ], [ 37.175102, 50.282498, 0.0 ], [ 37.173042, 50.292478, 0.0 ], [ 37.161137, 50.312023, 0.0 ], [ 37.169367, 50.312539, 0.0 ], [ 37.184645, 50.32076, 0.0 ], [ 37.183358, 50.328103, 0.0 ], [ 37.1831, 50.330294, 0.0 ], [ 37.178472, 50.331896, 0.0 ], [ 37.174946, 50.332979, 0.0 ], [ 37.170655, 50.330349, 0.0 ], [ 37.168766, 50.32761, 0.0 ], [ 37.168328, 50.325835, 0.0 ], [ 37.161376, 50.32537, 0.0 ], [ 37.159461, 50.327082, 0.0 ], [ 37.159633, 50.335027, 0.0 ], [ 37.153882, 50.339793, 0.0 ], [ 37.159227, 50.345799, 0.0 ], [ 37.194796, 50.354593, 0.0 ], [ 37.200372, 50.355093, 0.0 ], [ 37.217305, 50.365927, 0.0 ], [ 37.218163, 50.367514, 0.0 ], [ 37.21636, 50.369595, 0.0 ], [ 37.212519, 50.371203, 0.0 ], [ 37.211619, 50.373811, 0.0 ], [ 37.180806, 50.36308, 0.0 ], [ 37.166671, 50.360002, 0.0 ], [ 37.14945, 50.356044, 0.0 ], [ 37.139265, 50.361294, 0.0 ], [ 37.101782, 50.35712, 0.0 ], [ 37.105767, 50.351636, 0.0 ], [ 37.08349, 50.348124, 0.0 ], [ 37.078426, 50.347357, 0.0 ], [ 37.06994, 50.346652, 0.0 ], [ 37.059908, 50.347151, 0.0 ], [ 37.044995, 50.345029, 0.0 ], [ 37.037753, 50.348719, 0.0 ], [ 37.026412, 50.349, 0.0 ], [ 36.996193, 50.349887, 0.0 ], [ 36.952934, 50.352734, 0.0 ], [ 36.891136, 50.345505, 0.0 ], [ 36.854887, 50.32944, 0.0 ], [ 36.850425, 50.327817, 0.0 ], [ 36.83273, 50.312551, 0.0 ], [ 36.820986, 50.313685, 0.0 ], [ 36.803208, 50.309619, 0.0 ], [ 36.799504, 50.305992, 0.0 ], [ 36.785362, 50.304611, 0.0 ], [ 36.779681, 50.302908, 0.0 ], [ 36.773534, 50.303169, 0.0 ], [ 36.767619, 50.301463, 0.0 ], [ 36.764232, 50.291883, 0.0 ], [ 36.766463, 50.291808, 0.0 ], [ 36.768091, 50.291019, 0.0 ], [ 36.772141, 50.289718, 0.0 ], [ 36.771586, 50.289135, 0.0 ], [ 36.763438, 50.290937, 0.0 ], [ 36.760147, 50.289649, 0.0 ], [ 36.754182, 50.290533, 0.0 ], [ 36.746553, 50.287731, 0.0 ], [ 36.749467, 50.284409, 0.0 ], [ 36.747775, 50.280677, 0.0 ], [ 36.738632, 50.282955, 0.0 ], [ 36.728524, 50.277509, 0.0 ], [ 36.719658, 50.277346, 0.0 ], [ 36.705252, 50.26872, 0.0 ], [ 36.704401, 50.264626, 0.0 ], [ 36.700118, 50.264483, 0.0 ], [ 36.694999, 50.269832, 0.0 ], [ 36.688392, 50.26717, 0.0 ], [ 36.682396, 50.25614, 0.0 ], [ 36.684034, 50.24706, 0.0 ] ] ] } },
{ "type": "Feature", "properties": { "Name": "", "description": "описание: <br>name: ", "tessellate": -1, "extrude": 0, "visibility": -1, "________________": "" }, "geometry": { "type": "Polygon", "coordinates": [ [ [ 35.289962, 51.069324, 0.0 ], [ 35.28846, 51.069297, 0.0 ], [ 35.287129, 51.06776, 0.0 ], [ 35.283224, 51.067302, 0.0 ], [ 35.274383, 51.066733, 0.0 ], [ 35.270992, 51.058896, 0.0 ], [ 35.265542, 51.063359, 0.0 ], [ 35.258762, 51.060847, 0.0 ], [ 35.249922, 51.064376, 0.0 ], [ 35.245202, 51.063775, 0.0 ], [ 35.242581, 51.063795, 0.0 ], [ 35.242924, 51.060343, 0.0 ], [ 35.225489, 51.054146, 0.0 ], [ 35.226519, 51.05242, 0.0 ], [ 35.224459, 51.052312, 0.0 ], [ 35.222228, 51.051179, 0.0 ], [ 35.221614, 51.050286, 0.0 ], [ 35.221142, 51.050711, 0.0 ], [ 35.217272, 51.048436, 0.0 ], [ 35.213471, 51.046553, 0.0 ], [ 35.212079, 51.044544, 0.0 ], [ 35.216113, 51.045893, 0.0 ], [ 35.218001, 51.045515, 0.0 ], [ 35.215255, 51.043033, 0.0 ], [ 35.216885, 51.041792, 0.0 ], [ 35.218774, 51.042115, 0.0 ], [ 35.219632, 51.041306, 0.0 ], [ 35.217744, 51.040118, 0.0 ], [ 35.221692, 51.038553, 0.0 ], [ 35.219031, 51.03796, 0.0 ], [ 35.218087, 51.037366, 0.0 ], [ 35.219975, 51.036448, 0.0 ], [ 35.22106, 51.036332, 0.0 ], [ 35.222133, 51.037263, 0.0 ], [ 35.221425, 51.03474, 0.0 ], [ 35.222459, 51.034249, 0.0 ], [ 35.224519, 51.034843, 0.0 ], [ 35.224176, 51.034141, 0.0 ], [ 35.222288, 51.033224, 0.0 ], [ 35.218854, 51.032522, 0.0 ], [ 35.211387, 51.032927, 0.0 ], [ 35.204392, 51.031982, 0.0 ], [ 35.202289, 51.029418, 0.0 ], [ 35.203748, 51.02564, 0.0 ], [ 35.204306, 51.022103, 0.0 ], [ 35.222717, 51.016488, 0.0 ], [ 35.22821, 51.008118, 0.0 ], [ 35.23439, 51.008496, 0.0 ], [ 35.23954, 51.007092, 0.0 ], [ 35.248706, 51.006141, 0.0 ], [ 35.258319, 51.001928, 0.0 ], [ 35.263984, 50.992745, 0.0 ], [ 35.271365, 50.992313, 0.0 ], [ 35.277717, 50.996959, 0.0 ], [ 35.287158, 50.996743, 0.0 ], [ 35.295226, 50.987127, 0.0 ], [ 35.321407, 50.98996, 0.0 ], [ 35.325733, 50.975783, 0.0 ], [ 35.323724, 50.965235, 0.0 ], [ 35.316224, 50.955767, 0.0 ], [ 35.30821, 50.948353, 0.0 ], [ 35.301915, 50.945265, 0.0 ], [ 35.29934, 50.940073, 0.0 ], [ 35.320798, 50.928985, 0.0 ], [ 35.338006, 50.913917, 0.0 ], [ 35.366422, 50.912496, 0.0 ], [ 35.397237, 50.908904, 0.0 ], [ 35.401686, 50.910749, 0.0 ], [ 35.398932, 50.915352, 0.0 ], [ 35.393088, 50.918439, 0.0 ], [ 35.392372, 50.92516, 0.0 ], [ 35.386863, 50.923596, 0.0 ], [ 35.37274, 50.923668, 0.0 ], [ 35.366434, 50.925876, 0.0 ], [ 35.372017, 50.932676, 0.0 ], [ 35.352157, 50.93184, 0.0 ], [ 35.343543, 50.935638, 0.0 ], [ 35.333329, 50.935043, 0.0 ], [ 35.326024, 50.947018, 0.0 ], [ 35.329639, 50.947699, 0.0 ], [ 35.330035, 50.951962, 0.0 ], [ 35.331808, 50.952947, 0.0 ], [ 35.334411, 50.956143, 0.0 ], [ 35.335577, 50.956428, 0.0 ], [ 35.335713, 50.958443, 0.0 ], [ 35.334611, 50.958798, 0.0 ], [ 35.336184, 50.96293, 0.0 ], [ 35.342086, 50.963482, 0.0 ], [ 35.343665, 50.967866, 0.0 ], [ 35.350737, 50.972898, 0.0 ], [ 35.351562, 50.974345, 0.0 ], [ 35.350669, 50.976225, 0.0 ], [ 35.348541, 50.977281, 0.0 ], [ 35.34291, 50.987068, 0.0 ], [ 35.332122, 50.992077, 0.0 ], [ 35.330128, 50.995708, 0.0 ], [ 35.33806, 50.998685, 0.0 ], [ 35.330885, 51.002743, 0.0 ], [ 35.328863, 51.008686, 0.0 ], [ 35.322853, 51.012829, 0.0 ], [ 35.323948, 51.014467, 0.0 ], [ 35.335106, 51.008851, 0.0 ], [ 35.342659, 51.006367, 0.0 ], [ 35.359825, 51.005935, 0.0 ], [ 35.369953, 51.007015, 0.0 ], [ 35.373215, 51.009499, 0.0 ], [ 35.377163, 51.009283, 0.0 ], [ 35.382875, 51.012817, 0.0 ], [ 35.384261, 51.019916, 0.0 ], [ 35.393881, 51.019794, 0.0 ], [ 35.394747, 51.02248, 0.0 ], [ 35.404063, 51.022851, 0.0 ], [ 35.40411, 51.024626, 0.0 ], [ 35.409994, 51.026454, 0.0 ], [ 35.40756, 51.029368, 0.0 ], [ 35.403409, 51.028826, 0.0 ], [ 35.40282, 51.031469, 0.0 ], [ 35.399741, 51.031738, 0.0 ], [ 35.400118, 51.033576, 0.0 ], [ 35.403869, 51.034441, 0.0 ], [ 35.403757, 51.038544, 0.0 ], [ 35.409027, 51.039141, 0.0 ], [ 35.407714, 51.042354, 0.0 ], [ 35.405371, 51.042329, 0.0 ], [ 35.406195, 51.048386, 0.0 ], [ 35.395481, 51.05489, 0.0 ], [ 35.386755, 51.053437, 0.0 ], [ 35.375009, 51.067121, 0.0 ], [ 35.360208, 51.065978, 0.0 ], [ 35.350557, 51.06203, 0.0 ], [ 35.346481, 51.064001, 0.0 ], [ 35.328372, 51.070965, 0.0 ], [ 35.325971, 51.073576, 0.0 ], [ 35.328038, 51.077072, 0.0 ], [ 35.31311, 51.077172, 0.0 ], [ 35.311742, 51.078458, 0.0 ], [ 35.303866, 51.078748, 0.0 ], [ 35.304016, 51.077016, 0.0 ], [ 35.304853, 51.074529, 0.0 ], [ 35.299103, 51.073962, 0.0 ], [ 35.297386, 51.070511, 0.0 ], [ 35.295487, 51.069675, 0.0 ], [ 35.29398, 51.069392, 0.0 ], [ 35.292987, 51.06954, 0.0 ], [ 35.289962, 51.069324, 0.0 ] ] ] } },
{ "type": "Feature", "properties": { "Name": "", "description": "описание: <br>name: ", "tessellate": -1, "extrude": 0, "visibility": -1, "________________": "" }, "geometry": { "type": "Polygon", "coordinates": [ [ [ 34.355702, 51.861104, 0.0 ], [ 34.334891, 51.868096, 0.0 ], [ 34.328003, 51.871281, 0.0 ], [ 34.324226, 51.87658, 0.0 ], [ 34.32236, 51.878377, 0.0 ], [ 34.318068, 51.880814, 0.0 ], [ 34.30397, 51.873083, 0.0 ], [ 34.295963, 51.871828, 0.0 ], [ 34.292358, 51.869391, 0.0 ], [ 34.292358, 51.863084, 0.0 ], [ 34.272102, 51.855503, 0.0 ], [ 34.272703, 51.850414, 0.0 ], [ 34.266901, 51.848405, 0.0 ], [ 34.259691, 51.844826, 0.0 ], [ 34.258875, 51.842148, 0.0 ], [ 34.258815, 51.841021, 0.0 ], [ 34.255253, 51.839484, 0.0 ], [ 34.252163, 51.839404, 0.0 ], [ 34.249502, 51.83837, 0.0 ], [ 34.24461, 51.837521, 0.0 ], [ 34.245296, 51.830732, 0.0 ], [ 34.244438, 51.82633, 0.0 ], [ 34.241262, 51.818849, 0.0 ], [ 34.24388, 51.817311, 0.0 ], [ 34.249159, 51.815958, 0.0 ], [ 34.25551, 51.81747, 0.0 ], [ 34.257355, 51.819459, 0.0 ], [ 34.25478, 51.820414, 0.0 ], [ 34.250918, 51.822112, 0.0 ], [ 34.249373, 51.823757, 0.0 ], [ 34.268256, 51.83426, 0.0 ], [ 34.271603, 51.837495, 0.0 ], [ 34.273982, 51.839072, 0.0 ], [ 34.286084, 51.844004, 0.0 ], [ 34.296469, 51.843633, 0.0 ], [ 34.297851, 51.844095, 0.0 ], [ 34.315018, 51.843989, 0.0 ], [ 34.315532, 51.830094, 0.0 ], [ 34.322399, 51.832746, 0.0 ], [ 34.329952, 51.829776, 0.0 ], [ 34.329952, 51.824047, 0.0 ], [ 34.329437, 51.821607, 0.0 ], [ 34.3339, 51.818211, 0.0 ], [ 34.346088, 51.814709, 0.0 ], [ 34.348835, 51.819909, 0.0 ], [ 34.356216, 51.831049, 0.0 ], [ 34.358339, 51.838005, 0.0 ], [ 34.36778, 51.837103, 0.0 ], [ 34.36789, 51.840108, 0.0 ], [ 34.378704, 51.837138, 0.0 ], [ 34.388832, 51.837244, 0.0 ], [ 34.386257, 51.841699, 0.0 ], [ 34.384026, 51.844244, 0.0 ], [ 34.370808, 51.84679, 0.0 ], [ 34.364971, 51.853894, 0.0 ], [ 34.36274, 51.858771, 0.0 ], [ 34.355702, 51.861104, 0.0 ] ] ] } },
{ "type": "Feature", "properties": { "Name": "", "description": "описание: <br>name: ", "tessellate": -1, "extrude": 0, "visibility": -1, "________________": "" }, "geometry": { "type": "Polygon", "coordinates": [ [ [ 34.717559, 51.174453, 0.0 ], [ 34.731635, 51.171655, 0.0 ], [ 34.729575, 51.165842, 0.0 ], [ 34.731292, 51.161752, 0.0 ], [ 34.751548, 51.154646, 0.0 ], [ 34.75847, 51.133785, 0.0 ], [ 34.777036, 51.134396, 0.0 ], [ 34.787522, 51.123013, 0.0 ], [ 34.807726, 51.117854, 0.0 ], [ 34.814881, 51.110216, 0.0 ], [ 34.820348, 51.107446, 0.0 ], [ 34.829418, 51.102197, 0.0 ], [ 34.85477, 51.099674, 0.0 ], [ 34.857001, 51.093745, 0.0 ], [ 34.855958, 51.087043, 0.0 ], [ 34.849434, 51.082892, 0.0 ], [ 34.838448, 51.080789, 0.0 ], [ 34.841452, 51.078578, 0.0 ], [ 34.853468, 51.074264, 0.0 ], [ 34.852181, 51.072538, 0.0 ], [ 34.860507, 51.069896, 0.0 ], [ 34.858669, 51.068586, 0.0 ], [ 34.858283, 51.062922, 0.0 ], [ 34.870513, 51.062707, 0.0 ], [ 34.870352, 51.061996, 0.0 ], [ 34.872252, 51.061635, 0.0 ], [ 34.8737, 51.060249, 0.0 ], [ 34.877423, 51.06059, 0.0 ], [ 34.87944, 51.061547, 0.0 ], [ 34.878496, 51.063947, 0.0 ], [ 34.880599, 51.065916, 0.0 ], [ 34.881543, 51.070662, 0.0 ], [ 34.875363, 51.070662, 0.0 ], [ 34.874161, 51.072604, 0.0 ], [ 34.872094, 51.075342, 0.0 ], [ 34.877587, 51.082353, 0.0 ], [ 34.881793, 51.084725, 0.0 ], [ 34.899158, 51.083986, 0.0 ], [ 34.900703, 51.091803, 0.0 ], [ 34.904908, 51.094876, 0.0 ], [ 34.915466, 51.095738, 0.0 ], [ 34.915769, 51.100167, 0.0 ], [ 34.914739, 51.109975, 0.0 ], [ 34.920061, 51.111161, 0.0 ], [ 34.945295, 51.107604, 0.0 ], [ 34.961946, 51.104263, 0.0 ], [ 34.964043, 51.098949, 0.0 ], [ 34.992367, 51.09841, 0.0 ], [ 34.987389, 51.095284, 0.0 ], [ 35.000779, 51.09054, 0.0 ], [ 35.003354, 51.094529, 0.0 ], [ 35.016098, 51.090289, 0.0 ], [ 35.024338, 51.101124, 0.0 ], [ 35.03129, 51.108938, 0.0 ], [ 35.039702, 51.10522, 0.0 ], [ 35.050001, 51.104842, 0.0 ], [ 35.051031, 51.112495, 0.0 ], [ 35.06794, 51.112333, 0.0 ], [ 35.078391, 51.107463, 0.0 ], [ 35.095557, 51.103151, 0.0 ], [ 35.127486, 51.097977, 0.0 ], [ 35.157698, 51.088921, 0.0 ], [ 35.185164, 51.09884, 0.0 ], [ 35.17316, 51.124483, 0.0 ], [ 35.138311, 51.133857, 0.0 ], [ 35.143279, 51.152708, 0.0 ], [ 35.127311, 51.162276, 0.0 ], [ 35.130995, 51.194611, 0.0 ], [ 35.152548, 51.224363, 0.0 ], [ 35.113585, 51.23297, 0.0 ], [ 35.071868, 51.232103, 0.0 ], [ 35.058816, 51.214471, 0.0 ], [ 35.037535, 51.205438, 0.0 ], [ 35.029982, 51.223933, 0.0 ], [ 34.979857, 51.235972, 0.0 ], [ 34.955138, 51.227373, 0.0 ], [ 34.944148, 51.212751, 0.0 ], [ 34.922179, 51.205868, 0.0 ], [ 34.902266, 51.205868, 0.0 ], [ 34.881667, 51.200275, 0.0 ], [ 34.863127, 51.198124, 0.0 ], [ 34.843898, 51.190163, 0.0 ], [ 34.832915, 51.174453, 0.0 ], [ 34.809569, 51.18091, 0.0 ], [ 34.742278, 51.185214, 0.0 ], [ 34.717559, 51.174453, 0.0 ] ] ] } },
{ "type": "Feature", "properties": { "Name": "", "description": "описание: According to DeepStateMap<br>name: ", "tessellate": -1, "extrude": 0, "visibility": -1, "________________": "According to DeepStateMap" }, "geometry": { "type": "Polygon", "coordinates": [ [ [ 35.461828, 50.666147, 0.0 ], [ 35.488264, 50.656136, 0.0 ], [ 35.496847, 50.678549, 0.0 ], [ 35.475561, 50.679637, 0.0 ], [ 35.465261, 50.685075, 0.0 ], [ 35.458395, 50.700734, 0.0 ], [ 35.466978, 50.708127, 0.0 ], [ 35.474531, 50.723996, 0.0 ], [ 35.472128, 50.740511, 0.0 ], [ 35.475561, 50.752676, 0.0 ], [ 35.48895, 50.76853, 0.0 ], [ 35.484144, 50.779602, 0.0 ], [ 35.457708, 50.781122, 0.0 ], [ 35.411016, 50.803259, 0.0 ], [ 35.423719, 50.830156, 0.0 ], [ 35.417883, 50.842298, 0.0 ], [ 35.417602, 50.847246, 0.0 ], [ 35.407303, 50.859492, 0.0 ], [ 35.405586, 50.863935, 0.0 ], [ 35.402124, 50.864205, 0.0 ], [ 35.395508, 50.863799, 0.0 ], [ 35.386832, 50.867077, 0.0 ], [ 35.39068, 50.863339, 0.0 ], [ 35.388791, 50.857813, 0.0 ], [ 35.394628, 50.849793, 0.0 ], [ 35.393254, 50.840092, 0.0 ], [ 35.40106, 50.837528, 0.0 ], [ 35.395567, 50.82083, 0.0 ], [ 35.379774, 50.808683, 0.0 ], [ 35.37634, 50.800438, 0.0 ], [ 35.371706, 50.796098, 0.0 ], [ 35.368616, 50.790238, 0.0 ], [ 35.378915, 50.780905, 0.0 ], [ 35.372459, 50.76481, 0.0 ], [ 35.373702, 50.760966, 0.0 ], [ 35.382456, 50.756622, 0.0 ], [ 35.376105, 50.744241, 0.0 ], [ 35.374388, 50.73957, 0.0 ], [ 35.376448, 50.735332, 0.0 ], [ 35.372157, 50.73316, 0.0 ], [ 35.37147, 50.729683, 0.0 ], [ 35.373874, 50.72588, 0.0 ], [ 35.38113, 50.728697, 0.0 ], [ 35.389186, 50.726343, 0.0 ], [ 35.414253, 50.720989, 0.0 ], [ 35.421316, 50.713562, 0.0 ], [ 35.418918, 50.712878, 0.0 ], [ 35.411623, 50.714182, 0.0 ], [ 35.399263, 50.712497, 0.0 ], [ 35.393169, 50.708258, 0.0 ], [ 35.386298, 50.708515, 0.0 ], [ 35.383079, 50.707917, 0.0 ], [ 35.383122, 50.703976, 0.0 ], [ 35.385654, 50.703732, 0.0 ], [ 35.386255, 50.702074, 0.0 ], [ 35.388014, 50.702182, 0.0 ], [ 35.389752, 50.701997, 0.0 ], [ 35.390267, 50.696723, 0.0 ], [ 35.390868, 50.693189, 0.0 ], [ 35.391297, 50.687861, 0.0 ], [ 35.3937, 50.684163, 0.0 ], [ 35.399354, 50.681601, 0.0 ], [ 35.400727, 50.679317, 0.0 ], [ 35.40313, 50.676326, 0.0 ], [ 35.403044, 50.674476, 0.0 ], [ 35.405889, 50.673489, 0.0 ], [ 35.403486, 50.664241, 0.0 ], [ 35.407434, 50.660541, 0.0 ], [ 35.405889, 50.655644, 0.0 ], [ 35.413442, 50.654882, 0.0 ], [ 35.427496, 50.655918, 0.0 ], [ 35.461828, 50.666147, 0.0 ] ] ] } },
{ "type": "Feature", "properties": { "Name": "", "description": "описание: <br>name: ", "tessellate": -1, "extrude": 0, "visibility": -1, "________________": "" }, "geometry": { "type": "Polygon", "coordinates": [ [ [ 34.378704, 51.837138, 0.0 ], [ 34.36789, 51.840108, 0.0 ], [ 34.36778, 51.837103, 0.0 ], [ 34.391988, 51.82214, 0.0 ], [ 34.39731, 51.8145, 0.0 ], [ 34.400571, 51.795712, 0.0 ], [ 34.38907, 51.79051, 0.0 ], [ 34.395593, 51.773518, 0.0 ], [ 34.399363, 51.766349, 0.0 ], [ 34.407158, 51.76677, 0.0 ], [ 34.426918, 51.771563, 0.0 ], [ 34.423574, 51.775536, 0.0 ], [ 34.408468, 51.788386, 0.0 ], [ 34.412244, 51.796243, 0.0 ], [ 34.413789, 51.812059, 0.0 ], [ 34.416879, 51.819806, 0.0 ], [ 34.414496, 51.824992, 0.0 ], [ 34.411558, 51.829673, 0.0 ], [ 34.404348, 51.832325, 0.0 ], [ 34.401773, 51.835932, 0.0 ], [ 34.39113, 51.83556, 0.0 ], [ 34.388832, 51.837244, 0.0 ], [ 34.378704, 51.837138, 0.0 ] ] ] } },
{ "type": "Feature", "properties": { "Name": "", "description": "описание: <br>name: ", "tessellate": -1, "extrude": 0, "visibility": -1, "________________": "" }, "geometry": { "type": "Polygon", "coordinates": [ [ [ 34.280872, 51.705869, 0.0 ], [ 34.284649, 51.704379, 0.0 ], [ 34.291343, 51.704911, 0.0 ], [ 34.295463, 51.707145, 0.0 ], [ 34.298382, 51.708953, 0.0 ], [ 34.298553, 51.7114, 0.0 ], [ 34.302501, 51.715016, 0.0 ], [ 34.305935, 51.718738, 0.0 ], [ 34.310226, 51.719696, 0.0 ], [ 34.314861, 51.716505, 0.0 ], [ 34.322414, 51.715761, 0.0 ], [ 34.330826, 51.715548, 0.0 ], [ 34.336662, 51.714378, 0.0 ], [ 34.347477, 51.71491, 0.0 ], [ 34.351253, 51.713846, 0.0 ], [ 34.356575, 51.712995, 0.0 ], [ 34.366703, 51.71257, 0.0 ], [ 34.369449, 51.713527, 0.0 ], [ 34.378204, 51.715016, 0.0 ], [ 34.385929, 51.716824, 0.0 ], [ 34.39022, 51.717781, 0.0 ], [ 34.392795, 51.7181, 0.0 ], [ 34.39941, 51.715494, 0.0 ], [ 34.410962, 51.718324, 0.0 ], [ 34.437054, 51.732359, 0.0 ], [ 34.441346, 51.742457, 0.0 ], [ 34.436368, 51.751067, 0.0 ], [ 34.436107, 51.762378, 0.0 ], [ 34.426918, 51.771563, 0.0 ], [ 34.407158, 51.76677, 0.0 ], [ 34.399363, 51.766349, 0.0 ], [ 34.407259, 51.751261, 0.0 ], [ 34.380796, 51.751348, 0.0 ], [ 34.38071, 51.750497, 0.0 ], [ 34.371269, 51.74901, 0.0 ], [ 34.366634, 51.74529, 0.0 ], [ 34.362575, 51.733437, 0.0 ], [ 34.349786, 51.73854, 0.0 ], [ 34.337255, 51.737902, 0.0 ], [ 34.332222, 51.740172, 0.0 ], [ 34.322609, 51.739427, 0.0 ], [ 34.309734, 51.737195, 0.0 ], [ 34.301151, 51.735813, 0.0 ], [ 34.297695, 51.727246, 0.0 ], [ 34.29615, 51.724162, 0.0 ], [ 34.29203, 51.722673, 0.0 ], [ 34.287224, 51.717675, 0.0 ], [ 34.279499, 51.714059, 0.0 ], [ 34.283104, 51.711187, 0.0 ], [ 34.277954, 51.708953, 0.0 ], [ 34.280872, 51.705869, 0.0 ] ] ] } },
{ "type": "Feature", "properties": { "Name": "", "description": "описание: <br>name: ", "tessellate": -1, "extrude": 0, "visibility": -1, "________________": "" }, "geometry": { "type": "Polygon", "coordinates": [ [ [ 34.36829, 51.264725, 0.0 ], [ 34.39567, 51.255057, 0.0 ], [ 34.409917, 51.265316, 0.0 ], [ 34.411522, 51.265332, 0.0 ], [ 34.413952, 51.264466, 0.0 ], [ 34.414295, 51.265594, 0.0 ], [ 34.410347, 51.267473, 0.0 ], [ 34.40142, 51.270803, 0.0 ], [ 34.384426, 51.273864, 0.0 ], [ 34.36829, 51.264725, 0.0 ] ] ] } },
{ "type": "Feature", "properties": { "Name": "", "description": "описание: <br>name: ", "tessellate": 1, "extrude": 0, "visibility": -1, "________________": "" }, "geometry": { "type": "GeometryCollection", "geometries": [ { "type": "LineString", "coordinates": [ [ 33.0595, -83.924953, 0.0 ], [ 33.059498, -83.924953, 0.0 ], [ 33.059498, -83.924954, 0.0 ], [ 33.0595, -83.924953, 0.0 ] ] }, { "type": "Polygon", "coordinates": [ [ [ 36.885913, 48.248512, 0.0 ], [ 36.886428, 48.240281, 0.0 ], [ 36.891578, 48.238852, 0.0 ], [ 36.892951, 48.236565, 0.0 ], [ 36.888488, 48.232392, 0.0 ], [ 36.898273, 48.230848, 0.0 ], [ 36.90574, 48.231191, 0.0 ], [ 36.913207, 48.230333, 0.0 ], [ 36.911834, 48.236165, 0.0 ], [ 36.928728, 48.241204, 0.0 ], [ 36.926435, 48.253421, 0.0 ], [ 36.924794, 48.254227, 0.0 ], [ 36.909345, 48.252455, 0.0 ], [ 36.909946, 48.251027, 0.0 ], [ 36.907113, 48.250341, 0.0 ], [ 36.890119, 48.24874, 0.0 ], [ 36.885913, 48.248512, 0.0 ] ] ] }, { "type": "Polygon", "coordinates": [ [ [ 36.54288, 47.881561, 0.0 ], [ 36.542491, 47.875875, 0.0 ], [ 36.532665, 47.874294, 0.0 ], [ 36.535212, 47.86331, 0.0 ], [ 36.535655, 47.859686, 0.0 ], [ 36.537482, 47.848931, 0.0 ], [ 36.530586, 47.848622, 0.0 ], [ 36.526093, 47.853382, 0.0 ], [ 36.513784, 47.857904, 0.0 ], [ 36.512269, 47.86125, 0.0 ], [ 36.510552, 47.872593, 0.0 ], [ 36.501111, 47.869657, 0.0 ], [ 36.492356, 47.869369, 0.0 ], [ 36.489095, 47.87219, 0.0 ], [ 36.475641, 47.868592, 0.0 ], [ 36.482111, 47.861166, 0.0 ], [ 36.48048, 47.849994, 0.0 ], [ 36.46014, 47.849764, 0.0 ], [ 36.426576, 47.856446, 0.0 ], [ 36.406495, 47.854084, 0.0 ], [ 36.397822, 47.865199, 0.0 ], [ 36.384866, 47.868711, 0.0 ], [ 36.37624, 47.863583, 0.0 ], [ 36.36296, 47.866744, 0.0 ], [ 36.351973, 47.871926, 0.0 ], [ 36.334698, 47.874868, 0.0 ], [ 36.331265, 47.871875, 0.0 ], [ 36.321191, 47.867236, 0.0 ], [ 36.316954, 47.861216, 0.0 ], [ 36.328541, 47.850671, 0.0 ], [ 36.348304, 47.845962, 0.0 ], [ 36.343517, 47.836673, 0.0 ], [ 36.37708, 47.830221, 0.0 ], [ 36.422996, 47.828261, 0.0 ], [ 36.44986, 47.824295, 0.0 ], [ 36.522045, 47.83022, 0.0 ], [ 36.603046, 47.848013, 0.0 ], [ 36.591717, 47.848567, 0.0 ], [ 36.59071, 47.856949, 0.0 ], [ 36.579117, 47.882002, 0.0 ], [ 36.551651, 47.881541, 0.0 ], [ 36.54777, 47.887131, 0.0 ], [ 36.54288, 47.881561, 0.0 ] ] ] }, { "type": "Polygon", "coordinates": [ [ [ 36.539871, 47.915094, 0.0 ], [ 36.542277, 47.90428, 0.0 ], [ 36.585984, 47.909165, 0.0 ], [ 36.539871, 47.915094, 0.0 ] ] ] }, { "type": "Polygon", "coordinates": [ [ [ 36.736699, 48.08339, 0.0 ], [ 36.73696, 48.081361, 0.0 ], [ 36.721854, 48.082565, 0.0 ], [ 36.724407, 48.079038, 0.0 ], [ 36.7243, 48.076831, 0.0 ], [ 36.724622, 48.071698, 0.0 ], [ 36.729578, 48.068974, 0.0 ], [ 36.741121, 48.067943, 0.0 ], [ 36.74786, 48.063468, 0.0 ], [ 36.758847, 48.055322, 0.0 ], [ 36.768631, 48.049355, 0.0 ], [ 36.791291, 48.050732, 0.0 ], [ 36.831803, 48.033287, 0.0 ], [ 36.857209, 48.032828, 0.0 ], [ 36.858239, 48.052568, 0.0 ], [ 36.876991, 48.05211, 0.0 ], [ 36.879566, 48.062092, 0.0 ], [ 36.89553, 48.077234, 0.0 ], [ 36.894672, 48.09581, 0.0 ], [ 36.891754, 48.098447, 0.0 ], [ 36.883076, 48.132676, 0.0 ], [ 36.842925, 48.119728, 0.0 ], [ 36.850602, 48.091442, 0.0 ], [ 36.809537, 48.088376, 0.0 ], [ 36.79341, 48.096292, 0.0 ], [ 36.765823, 48.101006, 0.0 ], [ 36.743852, 48.101868, 0.0 ], [ 36.741619, 48.09837, 0.0 ], [ 36.743904, 48.091528, 0.0 ], [ 36.742321, 48.090528, 0.0 ], [ 36.74288, 48.084, 0.0 ], [ 36.736699, 48.08339, 0.0 ] ] ] } ] } },
{ "type": "Feature", "properties": { "Name": "", "description": "описание: <br>name: ", "tessellate": -1, "extrude": 0, "visibility": -1, "________________": "" }, "geometry": { "type": "Polygon", "coordinates": [ [ [ 31.886541, 46.533266, 0.0 ], [ 31.876871, 46.535556, 0.0 ], [ 31.853182, 46.520439, 0.0 ], [ 31.819536, 46.528234, 0.0 ], [ 31.79104, 46.53532, 0.0 ], [ 31.771814, 46.545947, 0.0 ], [ 31.744005, 46.550669, 0.0 ], [ 31.714136, 46.549724, 0.0 ], [ 31.690103, 46.544294, 0.0 ], [ 31.671907, 46.541932, 0.0 ], [ 31.650964, 46.542168, 0.0 ], [ 31.612512, 46.541932, 0.0 ], [ 31.58436, 46.538862, 0.0 ], [ 31.5617, 46.543585, 0.0 ], [ 31.533891, 46.556099, 0.0 ], [ 31.522562, 46.567194, 0.0 ], [ 31.514322, 46.578758, 0.0 ], [ 31.509172, 46.574511, 0.0 ], [ 31.527025, 46.550905, 0.0 ], [ 31.546251, 46.536264, 0.0 ], [ 31.57818, 46.520439, 0.0 ], [ 31.599123, 46.510516, 0.0 ], [ 31.620409, 46.497282, 0.0 ], [ 31.641695, 46.481682, 0.0 ], [ 31.656458, 46.465604, 0.0 ], [ 31.682207, 46.446682, 0.0 ], [ 31.697313, 46.433906, 0.0 ], [ 31.723406, 46.418998, 0.0 ], [ 31.738168, 46.402428, 0.0 ], [ 31.744348, 46.388458, 0.0 ], [ 31.759111, 46.373299, 0.0 ], [ 31.776277, 46.369036, 0.0 ], [ 31.775247, 46.378037, 0.0 ], [ 31.769411, 46.389642, 0.0 ], [ 31.757394, 46.400297, 0.0 ], [ 31.738855, 46.418998, 0.0 ], [ 31.734735, 46.426808, 0.0 ], [ 31.711389, 46.436982, 0.0 ], [ 31.701433, 46.44479, 0.0 ], [ 31.69903, 46.450704, 0.0 ], [ 31.699716, 46.464421, 0.0 ], [ 31.707613, 46.470333, 0.0 ], [ 31.715166, 46.47719, 0.0 ], [ 31.724092, 46.482155, 0.0 ], [ 31.737825, 46.484755, 0.0 ], [ 31.752588, 46.48641, 0.0 ], [ 31.767008, 46.4857, 0.0 ], [ 31.78589, 46.4831, 0.0 ], [ 31.809203, 46.476805, 0.0 ], [ 31.806292, 46.488081, 0.0 ], [ 31.825314, 46.499857, 0.0 ], [ 31.851893, 46.49792, 0.0 ], [ 31.853762, 46.504962, 0.0 ], [ 31.886541, 46.533266, 0.0 ] ] ] } },
{ "type": "Feature", "properties": { "Name": "", "description": "описание: <br>name: ", "tessellate": 1, "extrude": 0, "visibility": -1, "________________": "" }, "geometry": { "type": "LineString", "coordinates": [ [ 37.841346, 47.101727, 0.0 ], [ 37.830016, 47.119952, 0.0 ], [ 37.819716, 47.133734, 0.0 ], [ 37.808043, 47.157318, 0.0 ], [ 37.80049, 47.177625, 0.0 ], [ 37.80667, 47.188125, 0.0 ], [ 37.814566, 47.204688, 0.0 ], [ 37.835166, 47.223345, 0.0 ], [ 37.839629, 47.236167, 0.0 ], [ 37.830703, 47.26623, 0.0 ], [ 37.825553, 47.300466, 0.0 ], [ 37.832419, 47.302329, 0.0 ], [ 37.838256, 47.305355, 0.0 ], [ 37.838942, 47.309778, 0.0 ], [ 37.837569, 47.312572, 0.0 ], [ 37.833792, 47.314667, 0.0 ], [ 37.826926, 47.318391, 0.0 ], [ 37.830359, 47.326769, 0.0 ], [ 37.830703, 47.33119, 0.0 ], [ 37.832763, 47.339334, 0.0 ], [ 37.833449, 47.343289, 0.0 ], [ 37.846839, 47.341893, 0.0 ], [ 37.859542, 47.342358, 0.0 ], [ 37.864348, 47.348639, 0.0 ], [ 37.862288, 47.353291, 0.0 ], [ 37.856795, 47.353989, 0.0 ], [ 37.854392, 47.349337, 0.0 ], [ 37.845466, 47.348639, 0.0 ], [ 37.839629, 47.353756, 0.0 ], [ 37.839972, 47.357245, 0.0 ], [ 37.849585, 47.361199, 0.0 ], [ 37.854049, 47.36492, 0.0 ], [ 37.849585, 47.366315, 0.0 ], [ 37.843062, 47.3705, 0.0 ], [ 37.842376, 47.373756, 0.0 ], [ 37.841002, 47.379568, 0.0 ], [ 37.850272, 47.381892, 0.0 ], [ 37.859542, 47.386774, 0.0 ], [ 37.874305, 47.424649, 0.0 ], [ 37.896277, 47.42674, 0.0 ], [ 37.911727, 47.444853, 0.0 ], [ 37.888038, 47.473173, 0.0 ], [ 37.880137, 47.49212, 0.0 ], [ 37.840312, 47.522269, 0.0 ], [ 37.823832, 47.545912, 0.0 ], [ 37.832587, 47.578693, 0.0 ], [ 37.840483, 47.589114, 0.0 ], [ 37.864173, 47.610644, 0.0 ], [ 37.867606, 47.632628, 0.0 ], [ 37.862799, 47.650439, 0.0 ], [ 37.836707, 47.65599, 0.0 ], [ 37.791388, 47.673793, 0.0 ], [ 37.72959, 47.694364, 0.0 ], [ 37.677405, 47.709151, 0.0 ], [ 37.641356, 47.738483, 0.0 ], [ 37.63243, 47.750488, 0.0 ], [ 37.625563, 47.771951, 0.0 ], [ 37.628996, 47.786947, 0.0 ], [ 37.627623, 47.830296, 0.0 ], [ 37.650969, 47.86739, 0.0 ], [ 37.660582, 47.885352, 0.0 ], [ 37.608054, 47.90768, 0.0 ], [ 37.559302, 47.909981, 0.0 ], [ 37.541792, 47.918265, 0.0 ], [ 37.546599, 47.930229, 0.0 ], [ 37.541792, 47.938279, 0.0 ], [ 37.528403, 47.948858, 0.0 ], [ 37.531493, 47.961964, 0.0 ], [ 37.538703, 47.974837, 0.0 ], [ 37.561362, 47.987706, 0.0 ], [ 37.552092, 47.996208, 0.0 ], [ 37.561705, 48.009072, 0.0 ], [ 37.586424, 48.013665, 0.0 ], [ 37.641356, 48.008612, 0.0 ], [ 37.679808, 48.016191, 0.0 ], [ 37.679808, 48.051087, 0.0 ], [ 37.688048, 48.064397, 0.0 ], [ 37.699378, 48.072885, 0.0 ], [ 37.730277, 48.068297, 0.0 ], [ 37.768042, 48.097426, 0.0 ], [ 37.777999, 48.105909, 0.0 ], [ 37.795165, 48.112098, 0.0 ], [ 37.804778, 48.118745, 0.0 ], [ 37.817824, 48.138682, 0.0 ], [ 37.833274, 48.144867, 0.0 ], [ 37.837737, 48.155862, 0.0 ], [ 37.84117, 48.176242, 0.0 ], [ 37.847006, 48.193639, 0.0 ], [ 37.880309, 48.205538, 0.0 ], [ 37.910521, 48.212631, 0.0 ], [ 37.913954, 48.223382, 0.0 ], [ 37.900565, 48.25928, 0.0 ], [ 37.890608, 48.297438, 0.0 ], [ 37.891638, 48.331458, 0.0 ], [ 37.909491, 48.341043, 0.0 ], [ 37.935927, 48.351083, 0.0 ], [ 37.94142, 48.36728, 0.0 ], [ 37.944167, 48.375491, 0.0 ], [ 37.95481, 48.395783, 0.0 ], [ 37.961676, 48.405812, 0.0 ], [ 37.974036, 48.407864, 0.0 ], [ 37.999785, 48.412422, 0.0 ], [ 38.031714, 48.416979, 0.0 ], [ 38.050254, 48.417663, 0.0 ], [ 38.072913, 48.410826, 0.0 ], [ 38.107245, 48.411738, 0.0 ], [ 38.123725, 48.422903, 0.0 ], [ 38.125441, 48.437027, 0.0 ], [ 38.158744, 48.443632, 0.0 ], [ 38.163207, 48.411054, 0.0 ], [ 38.182433, 48.414017, 0.0 ], [ 38.190672, 48.416523, 0.0 ], [ 38.214705, 48.400342, 0.0 ], [ 38.234274, 48.388716, 0.0 ], [ 38.244918, 48.3837, 0.0 ], [ 38.277876, 48.372298, 0.0 ], [ 38.319418, 48.375947, 0.0 ], [ 38.335211, 48.390084, 0.0 ], [ 38.340361, 48.408092, 0.0 ], [ 38.364394, 48.414928, 0.0 ], [ 38.385336, 48.428827, 0.0 ], [ 38.395293, 48.46845, 0.0 ], [ 38.413146, 48.513729, 0.0 ], [ 38.432715, 48.535785, 0.0 ], [ 38.437178, 48.556696, 0.0 ], [ 38.466361, 48.571918, 0.0 ], [ 38.459838, 48.603939, 0.0 ], [ 38.458464, 48.625956, 0.0 ], [ 38.453658, 48.646148, 0.0 ], [ 38.47563, 48.657035, 0.0 ], [ 38.526442, 48.661344, 0.0 ], [ 38.540518, 48.673814, 0.0 ], [ 38.556655, 48.694441, 0.0 ], [ 38.570388, 48.705544, 0.0 ], [ 38.61193, 48.704185, 0.0 ], [ 38.649008, 48.715512, 0.0 ], [ 38.675788, 48.721401, 0.0 ], [ 38.68952, 48.729781, 0.0 ], [ 38.727629, 48.721401, 0.0 ], [ 38.781531, 48.711435, 0.0 ], [ 38.822386, 48.712341, 0.0 ], [ 38.851569, 48.727743, 0.0 ], [ 38.852256, 48.750611, 0.0 ], [ 38.887961, 48.751743, 0.0 ], [ 38.908217, 48.749932, 0.0 ], [ 38.917144, 48.744499, 0.0 ], [ 38.930533, 48.746989, 0.0 ], [ 38.940146, 48.746989, 0.0 ], [ 38.933623, 48.738159, 0.0 ], [ 38.958686, 48.736122, 0.0 ], [ 38.960746, 48.747216, 0.0 ], [ 38.975852, 48.745631, 0.0 ], [ 38.984435, 48.741329, 0.0 ], [ 38.993704, 48.73114, 0.0 ], [ 39.001258, 48.723893, 0.0 ], [ 38.993704, 48.714833, 0.0 ], [ 38.986495, 48.711208, 0.0 ], [ 38.999198, 48.711888, 0.0 ], [ 39.004691, 48.701239, 0.0 ], [ 39.01602, 48.695121, 0.0 ], [ 39.01911, 48.680389, 0.0 ], [ 39.029067, 48.665879, 0.0 ], [ 39.019454, 48.662478, 0.0 ], [ 39.010871, 48.660664, 0.0 ], [ 39.01705, 48.657489, 0.0 ], [ 39.033187, 48.653633, 0.0 ], [ 39.03765, 48.647282, 0.0 ], [ 39.058592, 48.64887, 0.0 ], [ 39.079535, 48.651365, 0.0 ], [ 39.098761, 48.651138, 0.0 ], [ 39.12245, 48.660664, 0.0 ], [ 39.13996, 48.661571, 0.0 ], [ 39.149573, 48.677668, 0.0 ], [ 39.162963, 48.675628, 0.0 ], [ 39.177382, 48.683336, 0.0 ], [ 39.189398, 48.6992, 0.0 ], [ 39.195235, 48.704411, 0.0 ], [ 39.210684, 48.698973, 0.0 ], [ 39.227164, 48.708942, 0.0 ], [ 39.249137, 48.711661, 0.0 ], [ 39.254973, 48.730913, 0.0 ], [ 39.258063, 48.741329, 0.0 ], [ 39.272826, 48.74631, 0.0 ], [ 39.287589, 48.751064, 0.0 ], [ 39.303725, 48.771206, 0.0 ], [ 39.316428, 48.776863, 0.0 ], [ 39.328444, 48.777089, 0.0 ], [ 39.327071, 48.768038, 0.0 ], [ 39.347327, 48.768491, 0.0 ], [ 39.364836, 48.766228, 0.0 ], [ 39.351103, 48.760118, 0.0 ], [ 39.34355, 48.751064, 0.0 ], [ 39.357283, 48.741782, 0.0 ], [ 39.360373, 48.736574, 0.0 ], [ 39.355223, 48.727743, 0.0 ], [ 39.371016, 48.722081, 0.0 ], [ 39.365523, 48.716645, 0.0 ], [ 39.34561, 48.7137, 0.0 ], [ 39.358656, 48.701919, 0.0 ], [ 39.373076, 48.690135, 0.0 ], [ 39.390242, 48.685149, 0.0 ], [ 39.395735, 48.676762, 0.0 ], [ 39.409125, 48.673814, 0.0 ], [ 39.414275, 48.670414, 0.0 ], [ 39.411872, 48.661571, 0.0 ], [ 39.414962, 48.657262, 0.0 ], [ 39.443114, 48.657942, 0.0 ], [ 39.453414, 48.657035, 0.0 ], [ 39.451697, 48.646375, 0.0 ], [ 39.46234, 48.639796, 0.0 ], [ 39.467146, 48.635259, 0.0 ], [ 39.46749, 48.629813, 0.0 ], [ 39.499762, 48.633444, 0.0 ], [ 39.516928, 48.634578, 0.0 ], [ 39.517958, 48.626636, 0.0 ], [ 39.513152, 48.621871, 0.0 ], [ 39.524138, 48.615743, 0.0 ], [ 39.529975, 48.611657, 0.0 ], [ 39.524481, 48.60462, 0.0 ], [ 39.529288, 48.597355, 0.0 ], [ 39.536154, 48.595084, 0.0 ], [ 39.529288, 48.589634, 0.0 ], [ 39.536841, 48.584411, 0.0 ], [ 39.550231, 48.588045, 0.0 ], [ 39.550574, 48.596674, 0.0 ], [ 39.5595, 48.598036, 0.0 ], [ 39.568083, 48.593722, 0.0 ], [ 39.566367, 48.586455, 0.0 ], [ 39.57598, 48.581913, 0.0 ], [ 39.592116, 48.591905, 0.0 ], [ 39.604132, 48.591224, 0.0 ], [ 39.608939, 48.58532, 0.0 ], [ 39.600012, 48.582367, 0.0 ], [ 39.597609, 48.576689, 0.0 ], [ 39.611342, 48.575098, 0.0 ], [ 39.621298, 48.586682, 0.0 ], [ 39.644301, 48.584865, 0.0 ], [ 39.66696, 48.588045, 0.0 ], [ 39.692023, 48.586455, 0.0 ], [ 39.676145, 48.59343, 0.0 ], [ 39.812101, 48.58162, 0.0 ] ] } },
{ "type": "Feature", "properties": { "Name": "", "description": "описание: <br>name: ", "tessellate": 1, "extrude": 0, "visibility": -1, "________________": "" }, "geometry": { "type": "LineString", "coordinates": [ [ 33.609547, 46.132773, 0.0 ], [ 33.630246, 46.09947, 0.0 ], [ 33.6275, 46.068036, 0.0 ], [ 33.606901, 46.054696, 0.0 ], [ 33.61514, 46.005116, 0.0 ], [ 33.624753, 45.957402, 0.0 ], [ 33.674192, 45.940214, 0.0 ], [ 33.755216, 45.949763, 0.0 ], [ 33.738736, 45.931618, 0.0 ], [ 33.656339, 45.914423, 0.0 ], [ 33.664579, 45.879061, 0.0 ], [ 33.613767, 45.892444, 0.0 ], [ 33.569822, 45.889576, 0.0 ], [ 33.516263, 45.864718, 0.0 ], [ 33.383054, 45.822625, 0.0 ], [ 33.348722, 45.789119, 0.0 ], [ 33.307523, 45.770922, 0.0 ], [ 33.241605, 45.754635, 0.0 ], [ 33.190793, 45.765174, 0.0 ], [ 33.166074, 45.784331, 0.0 ], [ 33.155088, 45.754635, 0.0 ], [ 33.118009, 45.725882, 0.0 ], [ 33.032865, 45.698073, 0.0 ], [ 32.927122, 45.652014, 0.0 ], [ 32.829618, 45.604957, 0.0 ], [ 32.791166, 45.562668, 0.0 ], [ 32.618131, 45.509762, 0.0 ], [ 32.535734, 45.455842, 0.0 ], [ 32.447843, 45.409584, 0.0 ], [ 32.449216, 45.350744, 0.0 ], [ 32.520627, 45.296672, 0.0 ], [ 32.714261, 45.323715, 0.0 ], [ 32.824125, 45.346883, 0.0 ], [ 32.969694, 45.317921, 0.0 ], [ 33.008146, 45.284113, 0.0 ], [ 33.083677, 45.214501, 0.0 ], [ 33.145475, 45.178695, 0.0 ], [ 33.231992, 45.146741, 0.0 ], [ 33.345975, 45.12446, 0.0 ], [ 33.391294, 45.159331, 0.0 ], [ 33.448972, 45.13318, 0.0 ], [ 33.546476, 45.063383, 0.0 ], [ 33.580808, 45.007096, 0.0 ], [ 33.564328, 44.964359, 0.0 ], [ 33.590421, 44.922562, 0.0 ], [ 33.595914, 44.86857, 0.0 ], [ 33.567762, 44.838877, 0.0 ], [ 33.572568, 44.811604, 0.0 ], [ 33.603467, 44.806733, 0.0 ], [ 33.63162, 44.804784, 0.0 ], [ 33.651532, 44.79504, 0.0 ], [ 33.681058, 44.785293, 0.0 ], [ 33.678998, 44.773108, 0.0 ], [ 33.667325, 44.761408, 0.0 ], [ 33.632306, 44.753607, 0.0 ], [ 33.610334, 44.745317, 0.0 ], [ 33.611707, 44.721903, 0.0 ], [ 33.610334, 44.712633, 0.0 ], [ 33.643293, 44.715561, 0.0 ], [ 33.687925, 44.702873, 0.0 ], [ 33.693418, 44.715561, 0.0 ], [ 33.724317, 44.715561, 0.0 ], [ 33.770322, 44.693599, 0.0 ], [ 33.762082, 44.678954, 0.0 ], [ 33.726377, 44.646721, 0.0 ], [ 33.713331, 44.620335, 0.0 ], [ 33.735303, 44.598338, 0.0 ], [ 33.760709, 44.605671, 0.0 ], [ 33.779249, 44.598826, 0.0 ], [ 33.797788, 44.573397, 0.0 ], [ 33.819074, 44.57193, 0.0 ], [ 33.830747, 44.54551, 0.0 ], [ 33.84242, 44.522505, 0.0 ], [ 33.853406, 44.513202, 0.0 ], [ 33.863019, 44.492144, 0.0 ], [ 33.880872, 44.465688, 0.0 ], [ 33.894605, 44.445593, 0.0 ], [ 33.891172, 44.429414, 0.0 ], [ 33.837614, 44.416173, 0.0 ], [ 33.786115, 44.399496, 0.0 ], [ 33.753843, 44.390173, 0.0 ], [ 33.772382, 44.372997, 0.0 ], [ 33.836927, 44.388701, 0.0 ], [ 33.882245, 44.395571, 0.0 ], [ 33.956403, 44.376924, 0.0 ], [ 34.066266, 44.388701, 0.0 ], [ 34.117078, 44.42402, 0.0 ], [ 34.141111, 44.432846, 0.0 ], [ 34.147291, 44.448534, 0.0 ], [ 34.165143, 44.479898, 0.0 ], [ 34.185056, 44.491654, 0.0 ], [ 34.238614, 44.497042, 0.0 ], [ 34.270887, 44.511244, 0.0 ], [ 34.288053, 44.528379, 0.0 ], [ 34.305219, 44.548446, 0.0 ], [ 34.345044, 44.542573, 0.0 ], [ 34.358777, 44.556275, 0.0 ], [ 34.371824, 44.579755, 0.0 ], [ 34.392423, 44.609093, 0.0 ], [ 34.424009, 44.645744, 0.0 ], [ 34.441175, 44.673095, 0.0 ], [ 34.47482, 44.707265, 0.0 ], [ 34.531125, 44.729221, 0.0 ], [ 34.58743, 44.740928, 0.0 ], [ 34.680814, 44.761408, 0.0 ], [ 34.709653, 44.781882, 0.0 ], [ 34.765958, 44.803322, 0.0 ], [ 34.845609, 44.812091, 0.0 ], [ 34.930753, 44.815014, 0.0 ], [ 34.969205, 44.828651, 0.0 ], [ 35.039243, 44.816962, 0.0 ], [ 35.02551, 44.795527, 0.0 ], [ 35.068082, 44.790654, 0.0 ], [ 35.103788, 44.790654, 0.0 ], [ 35.135374, 44.821833, 0.0 ], [ 35.168332, 44.866623, 0.0 ], [ 35.188932, 44.889978, 0.0 ], [ 35.228757, 44.90457, 0.0 ], [ 35.271329, 44.929854, 0.0 ], [ 35.279569, 44.952212, 0.0 ], [ 35.348234, 44.947352, 0.0 ], [ 35.410032, 44.94638, 0.0 ], [ 35.422391, 44.982332, 0.0 ], [ 35.440244, 45.042525, 0.0 ], [ 35.409956, 45.059393, 0.0 ], [ 35.453214, 45.096243, 0.0 ], [ 35.516386, 45.110298, 0.0 ], [ 35.586424, 45.122412, 0.0 ], [ 35.655775, 45.116598, 0.0 ], [ 35.709333, 45.096728, 0.0 ], [ 35.763578, 45.069093, 0.0 ], [ 35.787611, 45.050177, 0.0 ], [ 35.800657, 45.028343, 0.0 ], [ 35.835676, 44.99242, 0.0 ], [ 35.90228, 45.005044, 0.0 ], [ 35.986738, 45.007471, 0.0 ], [ 36.075315, 45.04581, 0.0 ], [ 36.207151, 45.028343, 0.0 ], [ 36.328001, 45.034166, 0.0 ], [ 36.462583, 45.076851, 0.0 ], [ 36.496915, 45.128225, 0.0 ], [ 36.47357, 45.194072, 0.0 ], [ 36.468076, 45.249208, 0.0 ], [ 36.517515, 45.302359, 0.0 ], [ 36.562833, 45.322639, 0.0 ], [ 36.639738, 45.356425, 0.0 ], [ 36.66171, 45.395012, 0.0 ], [ 36.632871, 45.432609, 0.0 ], [ 36.5491, 45.451879, 0.0 ], [ 36.454343, 45.463439, 0.0 ], [ 36.349973, 45.485587, 0.0 ], [ 36.278562, 45.491364, 0.0 ], [ 36.178312, 45.482699, 0.0 ], [ 36.102781, 45.457659, 0.0 ], [ 36.038236, 45.437427, 0.0 ], [ 36.050596, 45.412367, 0.0 ], [ 35.966825, 45.392118, 0.0 ], [ 35.91052, 45.406583, 0.0 ], [ 35.884428, 45.428754, 0.0 ], [ 35.884428, 45.477884, 0.0 ], [ 35.819883, 45.485587, 0.0 ], [ 35.799284, 45.445135, 0.0 ], [ 35.733366, 45.414295, 0.0 ], [ 35.703153, 45.35739, 0.0 ], [ 35.620756, 45.332294, 0.0 ], [ 35.524625, 45.305256, 0.0 ], [ 35.46832, 45.298495, 0.0 ], [ 35.409269, 45.287868, 0.0 ], [ 35.304899, 45.336156, 0.0 ], [ 35.199155, 45.39694, 0.0 ], [ 35.14285, 45.500028, 0.0 ], [ 35.086546, 45.58563, 0.0 ], [ 34.974683, 45.76443, 0.0 ], [ 34.962058, 45.760366, 0.0 ] ] } },
{ "type": "Feature", "properties": { "Name": "", "description": "описание: <br>name: ", "tessellate": 1, "extrude": 0, "visibility": -1, "________________": "" }, "geometry": { "type": "LineString", "coordinates": [ [ 33.567762, 44.838877, 0.0 ], [ 33.562144, 44.842038, 0.0 ], [ 33.552532, 44.841186, 0.0 ], [ 33.549956, 44.836926, 0.0 ], [ 33.545837, 44.829622, 0.0 ], [ 33.547897, 44.824265, 0.0 ], [ 33.548755, 44.818907, 0.0 ], [ 33.548755, 44.813427, 0.0 ], [ 33.542747, 44.804781, 0.0 ], [ 33.536567, 44.799908, 0.0 ], [ 33.532275, 44.795402, 0.0 ], [ 33.533134, 44.77603, 0.0 ], [ 33.536567, 44.762746, 0.0 ], [ 33.54, 44.74763, 0.0 ], [ 33.54, 44.73873, 0.0 ], [ 33.542232, 44.731291, 0.0 ], [ 33.544276, 44.713229, 0.0 ], [ 33.542216, 44.694195, 0.0 ], [ 33.540156, 44.681991, 0.0 ], [ 33.532603, 44.658064, 0.0 ], [ 33.52299, 44.645852, 0.0 ], [ 33.512691, 44.637058, 0.0 ], [ 33.508336, 44.626894, 0.0 ], [ 33.50868, 44.624084, 0.0 ], [ 33.518121, 44.626161, 0.0 ], [ 33.525502, 44.625794, 0.0 ], [ 33.533914, 44.62274, 0.0 ], [ 33.547132, 44.621151, 0.0 ], [ 33.557946, 44.620785, 0.0 ], [ 33.572194, 44.617364, 0.0 ], [ 33.584897, 44.615408, 0.0 ], [ 33.575456, 44.614186, 0.0 ], [ 33.562066, 44.616753, 0.0 ], [ 33.553312, 44.618341, 0.0 ], [ 33.541982, 44.618341, 0.0 ], [ 33.528421, 44.619196, 0.0 ], [ 33.513315, 44.620418, 0.0 ], [ 33.507306, 44.622984, 0.0 ], [ 33.493573, 44.61883, 0.0 ], [ 33.476922, 44.614431, 0.0 ], [ 33.449971, 44.612842, 0.0 ], [ 33.427725, 44.607568, 0.0 ], [ 33.415365, 44.596812, 0.0 ], [ 33.402319, 44.596324, 0.0 ], [ 33.378973, 44.5885, 0.0 ], [ 33.381033, 44.57236, 0.0 ], [ 33.407812, 44.556706, 0.0 ], [ 33.425665, 44.535663, 0.0 ], [ 33.452444, 44.51853, 0.0 ], [ 33.470297, 44.50433, 0.0 ], [ 33.488149, 44.492576, 0.0 ], [ 33.505316, 44.497474, 0.0 ], [ 33.535528, 44.483268, 0.0 ], [ 33.550634, 44.480819, 0.0 ], [ 33.604879, 44.485228, 0.0 ], [ 33.625478, 44.46661, 0.0 ], [ 33.637152, 44.444554, 0.0 ], [ 33.641958, 44.424942, 0.0 ], [ 33.661871, 44.407776, 0.0 ], [ 33.69483, 44.412191, 0.0 ], [ 33.711309, 44.407286, 0.0 ], [ 33.715429, 44.388152, 0.0 ], [ 33.753843, 44.390173, 0.0 ], [ 33.759267, 44.394942, 0.0 ] ] } },
{ "type": "Feature", "properties": { "Name": "", "description": "описание: <br>name: ", "tessellate": -1, "extrude": 0, "visibility": -1, "________________": "" }, "geometry": { "type": "Polygon", "coordinates": [ [ [ 31.780361, 52.111398, 0.0 ], [ 31.816066, 52.107603, 0.0 ], [ 31.837696, 52.112242, 0.0 ], [ 31.869282, 52.113928, 0.0 ], [ 31.889881, 52.111187, 0.0 ], [ 31.927646, 52.096637, 0.0 ], [ 31.947559, 52.099378, 0.0 ], [ 31.956486, 52.085457, 0.0 ], [ 31.965755, 52.073641, 0.0 ], [ 31.958889, 52.064355, 0.0 ], [ 31.950992, 52.057178, 0.0 ], [ 31.939663, 52.052323, 0.0 ], [ 31.949962, 52.050845, 0.0 ], [ 31.961979, 52.054012, 0.0 ], [ 31.970047, 52.056862, 0.0 ], [ 32.003692, 52.0557, 0.0 ], [ 32.019829, 52.053589, 0.0 ], [ 32.037338, 52.049156, 0.0 ], [ 32.062401, 52.042821, 0.0 ], [ 32.083343, 52.044722, 0.0 ], [ 32.09948, 52.051478, 0.0 ], [ 32.115959, 52.057178, 0.0 ], [ 32.128319, 52.062244, 0.0 ], [ 32.141022, 52.071531, 0.0 ], [ 32.166084, 52.080393, 0.0 ], [ 32.1987, 52.086512, 0.0 ], [ 32.234062, 52.093473, 0.0 ], [ 32.256721, 52.104018, 0.0 ], [ 32.277321, 52.113717, 0.0 ], [ 32.300667, 52.128052, 0.0 ], [ 32.317489, 52.135849, 0.0 ], [ 32.319549, 52.144067, 0.0 ], [ 32.320579, 52.156917, 0.0 ], [ 32.318519, 52.17229, 0.0 ], [ 32.328132, 52.191447, 0.0 ], [ 32.318519, 52.203652, 0.0 ], [ 32.317833, 52.221533, 0.0 ], [ 32.328476, 52.24235, 0.0 ], [ 32.352852, 52.247606, 0.0 ], [ 32.379287, 52.245924, 0.0 ], [ 32.382721, 52.255382, 0.0 ], [ 32.379287, 52.264208, 0.0 ], [ 32.362465, 52.269671, 0.0 ], [ 32.359375, 52.284795, 0.0 ], [ 32.355598, 52.296975, 0.0 ], [ 32.347358, 52.315028, 0.0 ], [ 32.347015, 52.325731, 0.0 ], [ 32.348045, 52.340417, 0.0 ], [ 32.366241, 52.343773, 0.0 ], [ 32.397827, 52.341885, 0.0 ], [ 32.426666, 52.334962, 0.0 ], [ 32.439026, 52.329927, 0.0 ], [ 32.472328, 52.333704, 0.0 ], [ 32.486404, 52.331186, 0.0 ], [ 32.515587, 52.331186, 0.0 ], [ 32.555412, 52.329718, 0.0 ], [ 32.571548, 52.321324, 0.0 ], [ 32.585624, 52.309571, 0.0 ], [ 32.616524, 52.306632, 0.0 ], [ 32.63369, 52.298445, 0.0 ], [ 32.676605, 52.280175, 0.0 ], [ 32.706474, 52.2682, 0.0 ], [ 32.743553, 52.270512, 0.0 ], [ 32.765869, 52.270302, 0.0 ], [ 32.788185, 52.274713, 0.0 ], [ 32.827324, 52.283115, 0.0 ], [ 32.852386, 52.284795, 0.0 ], [ 32.899765, 52.276604, 0.0 ], [ 32.899422, 52.263998, 0.0 ], [ 32.899422, 52.258325, 0.0 ], [ 32.898048, 52.25265, 0.0 ], [ 32.909378, 52.258535, 0.0 ], [ 32.932037, 52.272402, 0.0 ], [ 32.967743, 52.283745, 0.0 ], [ 32.999328, 52.289416, 0.0 ], [ 33.016838, 52.304743, 0.0 ], [ 33.037437, 52.323003, 0.0 ], [ 33.059067, 52.335382, 0.0 ], [ 33.076919, 52.328878, 0.0 ], [ 33.080009, 52.316288, 0.0 ], [ 33.071426, 52.308942, 0.0 ], [ 33.081039, 52.309991, 0.0 ], [ 33.090309, 52.322584, 0.0 ], [ 33.104385, 52.336221, 0.0 ], [ 33.126701, 52.347758, 0.0 ], [ 33.144211, 52.349016, 0.0 ], [ 33.16172, 52.344402, 0.0 ], [ 33.162063, 52.361597, 0.0 ], [ 33.162063, 52.374385, 0.0 ], [ 33.193306, 52.386749, 0.0 ], [ 33.227981, 52.377109, 0.0 ], [ 33.243774, 52.373127, 0.0 ], [ 33.2836, 52.365371, 0.0 ], [ 33.311752, 52.35971, 0.0 ], [ 33.336815, 52.360549, 0.0 ], [ 33.360847, 52.372289, 0.0 ], [ 33.391746, 52.3769, 0.0 ], [ 33.415779, 52.366, 0.0 ], [ 33.432602, 52.356775, 0.0 ], [ 33.45422, 52.371208, 0.0 ], [ 33.487179, 52.372046, 0.0 ], [ 33.528378, 52.359048, 0.0 ], [ 33.528258, 52.338919, 0.0 ], [ 33.521789, 52.332629, 0.0 ], [ 33.511318, 52.327594, 0.0 ], [ 33.51561, 52.321299, 0.0 ], [ 33.525566, 52.320879, 0.0 ], [ 33.541359, 52.328223, 0.0 ], [ 33.564362, 52.331475, 0.0 ], [ 33.586678, 52.338084, 0.0 ], [ 33.601955, 52.341964, 0.0 ], [ 33.64442, 52.355982, 0.0 ], [ 33.691112, 52.365207, 0.0 ], [ 33.738491, 52.372335, 0.0 ], [ 33.820202, 52.375269, 0.0 ], [ 33.846294, 52.366465, 0.0 ], [ 33.851101, 52.353885, 0.0 ], [ 33.864147, 52.337106, 0.0 ], [ 33.872387, 52.323469, 0.0 ], [ 33.882686, 52.315074, 0.0 ], [ 33.917705, 52.314655, 0.0 ], [ 33.918048, 52.30185, 0.0 ], [ 33.932125, 52.293032, 0.0 ], [ 33.946888, 52.283371, 0.0 ], [ 33.947574, 52.271398, 0.0 ], [ 33.955814, 52.255218, 0.0 ], [ 33.966457, 52.251225, 0.0 ], [ 33.96989, 52.241766, 0.0 ], [ 33.98225, 52.235459, 0.0 ], [ 34.000103, 52.230833, 0.0 ], [ 34.004566, 52.218425, 0.0 ], [ 34.003536, 52.209169, 0.0 ], [ 34.018299, 52.203067, 0.0 ], [ 34.048168, 52.20433, 0.0 ], [ 34.057438, 52.201384, 0.0 ], [ 34.0722, 52.183916, 0.0 ], [ 34.065677, 52.175074, 0.0 ], [ 34.07426, 52.163703, 0.0 ], [ 34.097263, 52.1557, 0.0 ], [ 34.121982, 52.148538, 0.0 ], [ 34.121296, 52.139267, 0.0 ], [ 34.121296, 52.129363, 0.0 ], [ 34.119236, 52.119456, 0.0 ], [ 34.105846, 52.108071, 0.0 ], [ 34.105159, 52.095206, 0.0 ], [ 34.102756, 52.081073, 0.0 ], [ 34.092113, 52.07432, 0.0 ], [ 34.097606, 52.065457, 0.0 ], [ 34.104473, 52.045613, 0.0 ], [ 34.103786, 52.031885, 0.0 ], [ 34.100253, 52.019025, 0.0 ], [ 34.115459, 52.014139, 0.0 ], [ 34.135372, 52.008856, 0.0 ], [ 34.143612, 51.99998, 0.0 ], [ 34.149448, 51.985393, 0.0 ], [ 34.154941, 51.974397, 0.0 ], [ 34.18996, 51.973339, 0.0 ], [ 34.204723, 51.960436, 0.0 ], [ 34.222232, 51.948587, 0.0 ], [ 34.243862, 51.925092, 0.0 ], [ 34.263774, 51.91641, 0.0 ], [ 34.272014, 51.896712, 0.0 ], [ 34.273044, 51.888449, 0.0 ], [ 34.303257, 51.888131, 0.0 ], [ 34.318068, 51.880814, 0.0 ], [ 34.32236, 51.878377, 0.0 ], [ 34.328003, 51.871281, 0.0 ], [ 34.334891, 51.868096, 0.0 ], [ 34.36274, 51.858771, 0.0 ], [ 34.364971, 51.853894, 0.0 ], [ 34.370808, 51.84679, 0.0 ], [ 34.384026, 51.844244, 0.0 ], [ 34.388832, 51.837244, 0.0 ], [ 34.39113, 51.83556, 0.0 ], [ 34.401773, 51.835932, 0.0 ], [ 34.404348, 51.832325, 0.0 ], [ 34.411558, 51.829673, 0.0 ], [ 34.416879, 51.819806, 0.0 ], [ 34.413789, 51.812059, 0.0 ], [ 34.412244, 51.796243, 0.0 ], [ 34.408468, 51.788386, 0.0 ], [ 34.423574, 51.775536, 0.0 ], [ 34.436107, 51.762378, 0.0 ], [ 34.436368, 51.751067, 0.0 ], [ 34.441346, 51.742457, 0.0 ], [ 34.437054, 51.732359, 0.0 ], [ 34.410962, 51.718324, 0.0 ], [ 34.39941, 51.715494, 0.0 ], [ 34.392795, 51.7181, 0.0 ], [ 34.369449, 51.713527, 0.0 ], [ 34.366703, 51.71257, 0.0 ], [ 34.356575, 51.712995, 0.0 ], [ 34.350634, 51.713938, 0.0 ], [ 34.347477, 51.71491, 0.0 ], [ 34.336662, 51.714378, 0.0 ], [ 34.330826, 51.715548, 0.0 ], [ 34.322414, 51.715761, 0.0 ], [ 34.314861, 51.716505, 0.0 ], [ 34.310226, 51.719696, 0.0 ], [ 34.305935, 51.718738, 0.0 ], [ 34.298553, 51.7114, 0.0 ], [ 34.298382, 51.708953, 0.0 ], [ 34.291343, 51.704911, 0.0 ], [ 34.284649, 51.704379, 0.0 ], [ 34.280872, 51.705869, 0.0 ], [ 34.265747, 51.698886, 0.0 ], [ 34.256134, 51.695906, 0.0 ], [ 34.223518, 51.692501, 0.0 ], [ 34.204636, 51.687819, 0.0 ], [ 34.165154, 51.683775, 0.0 ], [ 34.132538, 51.676111, 0.0 ], [ 34.117775, 51.671002, 0.0 ], [ 34.118462, 51.661845, 0.0 ], [ 34.130478, 51.651622, 0.0 ], [ 34.151421, 51.649278, 0.0 ], [ 34.17408, 51.644379, 0.0 ], [ 34.185235, 51.623631, 0.0 ], [ 34.190041, 51.605937, 0.0 ], [ 34.20755, 51.604444, 0.0 ], [ 34.224373, 51.598687, 0.0 ], [ 34.247376, 51.585036, 0.0 ], [ 34.265229, 51.552172, 0.0 ], [ 34.272782, 51.541497, 0.0 ], [ 34.299561, 51.535304, 0.0 ], [ 34.312607, 51.524411, 0.0 ], [ 34.308487, 51.482311, 0.0 ], [ 34.298531, 51.473758, 0.0 ], [ 34.271065, 51.461353, 0.0 ], [ 34.260766, 51.443596, 0.0 ], [ 34.254586, 51.428186, 0.0 ], [ 34.235703, 51.420479, 0.0 ], [ 34.24051, 51.411914, 0.0 ], [ 34.253899, 51.404847, 0.0 ], [ 34.288918, 51.39221, 0.0 ], [ 34.306084, 51.387925, 0.0 ], [ 34.31707, 51.378926, 0.0 ], [ 34.3387, 51.367567, 0.0 ], [ 34.34694, 51.354704, 0.0 ], [ 34.328057, 51.331865, 0.0 ], [ 34.320324, 51.332558, 0.0 ], [ 34.31371, 51.330002, 0.0 ], [ 34.314226, 51.324048, 0.0 ], [ 34.31311, 51.320937, 0.0 ], [ 34.308475, 51.321742, 0.0 ], [ 34.304698, 51.320991, 0.0 ], [ 34.305385, 51.319811, 0.0 ], [ 34.308217, 51.318738, 0.0 ], [ 34.310277, 51.317182, 0.0 ], [ 34.311393, 51.314983, 0.0 ], [ 34.308904, 51.312944, 0.0 ], [ 34.30487, 51.312032, 0.0 ], [ 34.303153, 51.310744, 0.0 ], [ 34.303767, 51.304667, 0.0 ], [ 34.306758, 51.302857, 0.0 ], [ 34.307616, 51.301301, 0.0 ], [ 34.304784, 51.29792, 0.0 ], [ 34.303582, 51.295988, 0.0 ], [ 34.299892, 51.294163, 0.0 ], [ 34.294828, 51.293572, 0.0 ], [ 34.29251, 51.292231, 0.0 ], [ 34.290021, 51.289869, 0.0 ], [ 34.285043, 51.288205, 0.0 ], [ 34.279722, 51.287883, 0.0 ], [ 34.274486, 51.28638, 0.0 ], [ 34.269937, 51.278058, 0.0 ], [ 34.263242, 51.276126, 0.0 ], [ 34.253715, 51.274515, 0.0 ], [ 34.2515, 51.274472, 0.0 ], [ 34.253547, 51.265765, 0.0 ], [ 34.26625, 51.258675, 0.0 ], [ 34.291313, 51.253089, 0.0 ], [ 34.329765, 51.25008, 0.0 ], [ 34.361007, 51.264046, 0.0 ], [ 34.36829, 51.264725, 0.0 ], [ 34.384426, 51.273864, 0.0 ], [ 34.40142, 51.270803, 0.0 ], [ 34.410347, 51.267473, 0.0 ], [ 34.414295, 51.265594, 0.0 ], [ 34.413952, 51.264466, 0.0 ], [ 34.427928, 51.259636, 0.0 ], [ 34.4497028, 51.2631266, 0.0 ], [ 34.4685316, 51.2549109, 0.0 ], [ 34.4857771, 51.2518447, 0.0 ], [ 34.4901359, 51.246933, 0.0 ], [ 34.501878, 51.2454054, 0.0 ], [ 34.5143761, 51.2525476, 0.0 ], [ 34.5260576, 51.2564821, 0.0 ], [ 34.5456512, 51.2549888, 0.0 ], [ 34.5738283, 51.2453332, 0.0 ], [ 34.6009355, 51.2580815, 0.0 ], [ 34.6607562, 51.252878, 0.0 ], [ 34.67427, 51.241172, 0.0 ], [ 34.66912, 51.218813, 0.0 ], [ 34.684913, 51.198595, 0.0 ], [ 34.704482, 51.186331, 0.0 ], [ 34.717559, 51.174453, 0.0 ], [ 34.742278, 51.185214, 0.0 ], [ 34.809569, 51.18091, 0.0 ], [ 34.819218, 51.1866795, 0.0 ], [ 34.8480571, 51.199589, 0.0 ], [ 34.8796423, 51.2056121, 0.0 ], [ 34.9043618, 51.2094844, 0.0 ], [ 34.9160347, 51.2142155, 0.0 ], [ 34.9393805, 51.2241073, 0.0 ], [ 34.95586, 51.2318474, 0.0 ], [ 34.9702798, 51.2361463, 0.0 ], [ 34.9812665, 51.2430246, 0.0 ], [ 35.0039254, 51.2352865, 0.0 ], [ 35.0272715, 51.2309876, 0.0 ], [ 35.0406965, 51.2185606, 0.0 ], [ 35.0434433, 51.2114641, 0.0 ], [ 35.05546, 51.2220011, 0.0 ], [ 35.0630122, 51.2357607, 0.0 ], [ 35.0760592, 51.2376961, 0.0 ], [ 35.0849848, 51.237911, 0.0 ], [ 35.1011209, 51.2387701, 0.0 ], [ 35.1237808, 51.2349012, 0.0 ], [ 35.1337369, 51.2398455, 0.0 ], [ 35.152548, 51.224363, 0.0 ], [ 35.148393, 51.1918101, 0.0 ], [ 35.144273, 51.1616766, 0.0 ], [ 35.17316, 51.124483, 0.0 ], [ 35.185164, 51.09884, 0.0 ], [ 35.157698, 51.088921, 0.0 ], [ 35.1874323, 51.0716743, 0.0 ], [ 35.1980752, 51.0539815, 0.0 ], [ 35.2145541, 51.0541965, 0.0 ], [ 35.2386303, 51.0657061, 0.0 ], [ 35.2574702, 51.0656334, 0.0 ], [ 35.2825319, 51.0716743, 0.0 ], [ 35.2938619, 51.0792235, 0.0 ], [ 35.3107067, 51.0827799, 0.0 ], [ 35.3247612, 51.0811648, 0.0 ], [ 35.3374642, 51.0807337, 0.0 ], [ 35.3408972, 51.0695164, 0.0 ], [ 35.375009, 51.067121, 0.0 ], [ 35.386755, 51.053437, 0.0 ], [ 35.395481, 51.05489, 0.0 ], [ 35.406195, 51.048386, 0.0 ], [ 35.405371, 51.042329, 0.0 ], [ 35.407714, 51.042354, 0.0 ], [ 35.409027, 51.039141, 0.0 ], [ 35.403757, 51.038544, 0.0 ], [ 35.403869, 51.034441, 0.0 ], [ 35.400118, 51.033576, 0.0 ], [ 35.399741, 51.031738, 0.0 ], [ 35.40282, 51.031469, 0.0 ], [ 35.403409, 51.028826, 0.0 ], [ 35.40756, 51.029368, 0.0 ], [ 35.409994, 51.026454, 0.0 ], [ 35.40411, 51.024626, 0.0 ], [ 35.404063, 51.022851, 0.0 ], [ 35.394747, 51.02248, 0.0 ], [ 35.393881, 51.019794, 0.0 ], [ 35.384261, 51.019916, 0.0 ], [ 35.382875, 51.012817, 0.0 ], [ 35.377163, 51.009283, 0.0 ], [ 35.373215, 51.009499, 0.0 ], [ 35.369953, 51.007015, 0.0 ], [ 35.359825, 51.005935, 0.0 ], [ 35.342659, 51.006367, 0.0 ], [ 35.335106, 51.008851, 0.0 ], [ 35.323948, 51.014467, 0.0 ], [ 35.322853, 51.012829, 0.0 ], [ 35.328863, 51.008686, 0.0 ], [ 35.330885, 51.002743, 0.0 ], [ 35.33806, 50.998685, 0.0 ], [ 35.330128, 50.995708, 0.0 ], [ 35.332122, 50.992077, 0.0 ], [ 35.34291, 50.987068, 0.0 ], [ 35.348541, 50.977281, 0.0 ], [ 35.350669, 50.976225, 0.0 ], [ 35.351562, 50.974345, 0.0 ], [ 35.350737, 50.972898, 0.0 ], [ 35.343665, 50.967866, 0.0 ], [ 35.342086, 50.963482, 0.0 ], [ 35.336184, 50.96293, 0.0 ], [ 35.3374679, 50.957367, 0.0 ], [ 35.3336057, 50.9531493, 0.0 ], [ 35.3318029, 50.9501213, 0.0 ], [ 35.3310307, 50.9470934, 0.0 ], [ 35.3300867, 50.9439028, 0.0 ], [ 35.3331758, 50.9375208, 0.0 ], [ 35.3396993, 50.9372504, 0.0 ], [ 35.3438194, 50.9367097, 0.0 ], [ 35.3518873, 50.9337348, 0.0 ], [ 35.3750743, 50.9331504, 0.0 ], [ 35.3676928, 50.9262267, 0.0 ], [ 35.3936995, 50.9263344, 0.0 ], [ 35.3960174, 50.9225471, 0.0 ], [ 35.4027115, 50.9170823, 0.0 ], [ 35.402956, 50.910984, 0.0 ], [ 35.397237, 50.908904, 0.0 ], [ 35.4028395, 50.9034649, 0.0 ], [ 35.3784636, 50.8956699, 0.0 ], [ 35.3866452, 50.8848415, 0.0 ], [ 35.401752, 50.880076, 0.0 ], [ 35.394456, 50.877909, 0.0 ], [ 35.38716, 50.874876, 0.0 ], [ 35.382182, 50.870164, 0.0 ], [ 35.386832, 50.867077, 0.0 ], [ 35.395508, 50.863799, 0.0 ], [ 35.402124, 50.864205, 0.0 ], [ 35.405586, 50.863935, 0.0 ], [ 35.407303, 50.859492, 0.0 ], [ 35.417602, 50.847246, 0.0 ], [ 35.417883, 50.842298, 0.0 ], [ 35.423719, 50.830156, 0.0 ], [ 35.411016, 50.803259, 0.0 ], [ 35.457708, 50.781122, 0.0 ], [ 35.484144, 50.779602, 0.0 ], [ 35.48895, 50.76853, 0.0 ], [ 35.475561, 50.752676, 0.0 ], [ 35.472128, 50.740511, 0.0 ], [ 35.474531, 50.723996, 0.0 ], [ 35.466978, 50.708127, 0.0 ], [ 35.458395, 50.700734, 0.0 ], [ 35.465261, 50.685075, 0.0 ], [ 35.475561, 50.679637, 0.0 ], [ 35.496847, 50.678549, 0.0 ], [ 35.488264, 50.656136, 0.0 ], [ 35.461828, 50.666147, 0.0 ], [ 35.427496, 50.655918, 0.0 ], [ 35.413442, 50.654882, 0.0 ], [ 35.405889, 50.655644, 0.0 ], [ 35.404213, 50.652071, 0.0 ], [ 35.400608, 50.645432, 0.0 ], [ 35.402839, 50.638464, 0.0 ], [ 35.409706, 50.632367, 0.0 ], [ 35.419147, 50.620606, 0.0 ], [ 35.423267, 50.617448, 0.0 ], [ 35.42567, 50.609823, 0.0 ], [ 35.428932, 50.602851, 0.0 ], [ 35.422924, 50.595877, 0.0 ], [ 35.420692, 50.588358, 0.0 ], [ 35.424126, 50.57942, 0.0 ], [ 35.433052, 50.567319, 0.0 ], [ 35.441807, 50.554015, 0.0 ], [ 35.447471, 50.544634, 0.0 ], [ 35.448673, 50.533288, 0.0 ], [ 35.453651, 50.526195, 0.0 ], [ 35.462406, 50.51801, 0.0 ], [ 35.467384, 50.510478, 0.0 ], [ 35.47528, 50.501307, 0.0 ], [ 35.484207, 50.494209, 0.0 ], [ 35.496395, 50.487875, 0.0 ], [ 35.509613, 50.485581, 0.0 ], [ 35.521458, 50.476406, 0.0 ], [ 35.540168, 50.46701, 0.0 ], [ 35.553558, 50.46089, 0.0 ], [ 35.568149, 50.4669, 0.0 ], [ 35.5747372, 50.4645595, 0.0 ], [ 35.5768995, 50.4619022, 0.0 ], [ 35.5799893, 50.4600447, 0.0 ], [ 35.5801609, 50.4575311, 0.0 ], [ 35.5834228, 50.4551265, 0.0 ], [ 35.5839378, 50.4516283, 0.0 ], [ 35.588744, 50.449443, 0.0 ], [ 35.5885721, 50.4445233, 0.0 ], [ 35.5909762, 50.4389478, 0.0 ], [ 35.5940656, 50.4328256, 0.0 ], [ 35.589774, 50.425061, 0.0 ], [ 35.593457, 50.407801, 0.0 ], [ 35.59998, 50.395327, 0.0 ], [ 35.610966, 50.383945, 0.0 ], [ 35.620922, 50.364019, 0.0 ], [ 35.642895, 50.35942, 0.0 ], [ 35.672421, 50.358763, 0.0 ], [ 35.701947, 50.361172, 0.0 ], [ 35.723576, 50.365333, 0.0 ], [ 35.747609, 50.376939, 0.0 ], [ 35.773701, 50.394889, 0.0 ], [ 35.786061, 50.41152, 0.0 ], [ 35.785374, 50.421802, 0.0 ], [ 35.793957, 50.42902, 0.0 ], [ 35.818676, 50.433831, 0.0 ], [ 35.850605, 50.435581, 0.0 ], [ 35.866398, 50.434269, 0.0 ], [ 35.889096, 50.438753, 0.0 ], [ 35.894096, 50.437632, 0.0 ], [ 35.894375, 50.438097, 0.0 ], [ 35.895791, 50.438698, 0.0 ], [ 35.898495, 50.438917, 0.0 ], [ 35.900555, 50.438889, 0.0 ], [ 35.901241, 50.438179, 0.0 ], [ 35.9027, 50.438042, 0.0 ], [ 35.904331, 50.43878, 0.0 ], [ 35.907378, 50.437714, 0.0 ], [ 35.908593, 50.436935, 0.0 ], [ 35.90914, 50.436245, 0.0 ], [ 35.909816, 50.435602, 0.0 ], [ 35.911501, 50.434953, 0.0 ], [ 35.912584, 50.43468, 0.0 ], [ 35.913142, 50.434933, 0.0 ], [ 35.913861, 50.435329, 0.0 ], [ 35.91502, 50.43548, 0.0 ], [ 35.916393, 50.435486, 0.0 ], [ 35.91827, 50.435828, 0.0 ], [ 35.919676, 50.436429, 0.0 ], [ 35.919987, 50.436805, 0.0 ], [ 35.920373, 50.437263, 0.0 ], [ 35.921993, 50.437263, 0.0 ], [ 35.92283, 50.436614, 0.0 ], [ 35.923249, 50.436211, 0.0 ], [ 35.924193, 50.435835, 0.0 ], [ 35.925485, 50.435656, 0.0 ], [ 35.926622, 50.435464, 0.0 ], [ 35.927459, 50.435054, 0.0 ], [ 35.927995, 50.434767, 0.0 ], [ 35.928231, 50.434384, 0.0 ], [ 35.929004, 50.433865, 0.0 ], [ 35.930076, 50.433045, 0.0 ], [ 35.932227, 50.432198, 0.0 ], [ 35.932742, 50.431637, 0.0 ], [ 35.93315, 50.430858, 0.0 ], [ 35.934179, 50.430366, 0.0 ], [ 35.935789, 50.430653, 0.0 ], [ 35.937119, 50.431801, 0.0 ], [ 35.937033, 50.432786, 0.0 ], [ 35.937119, 50.433688, 0.0 ], [ 35.937849, 50.433906, 0.0 ], [ 35.939222, 50.434152, 0.0 ], [ 35.941239, 50.434084, 0.0 ], [ 35.945638, 50.435205, 0.0 ], [ 35.951732, 50.435888, 0.0 ], [ 35.958684, 50.436571, 0.0 ], [ 35.966409, 50.43772, 0.0 ], [ 35.972031, 50.440207, 0.0 ], [ 35.976451, 50.441874, 0.0 ], [ 35.982502, 50.442257, 0.0 ], [ 35.98791, 50.443678, 0.0 ], [ 35.998123, 50.446083, 0.0 ], [ 36.00602, 50.447722, 0.0 ], [ 36.017264, 50.447504, 0.0 ], [ 36.029022, 50.449581, 0.0 ], [ 36.041468, 50.450783, 0.0 ], [ 36.059664, 50.452587, 0.0 ], [ 36.071852, 50.452696, 0.0 ], [ 36.081637, 50.450674, 0.0 ], [ 36.096148, 50.448011, 0.0 ], [ 36.125846, 50.447246, 0.0 ], [ 36.146102, 50.441561, 0.0 ], [ 36.1491913, 50.4386097, 0.0 ], [ 36.1581184, 50.4369697, 0.0 ], [ 36.1654994, 50.434564, 0.0 ], [ 36.1667005, 50.4290962, 0.0 ], [ 36.168418, 50.41991, 0.0 ], [ 36.177687, 50.411159, 0.0 ], [ 36.185349, 50.406311, 0.0 ], [ 36.195735, 50.40095, 0.0 ], [ 36.19934, 50.399637, 0.0 ], [ 36.207963, 50.391629, 0.0 ], [ 36.210382, 50.386176, 0.0 ], [ 36.220002, 50.378603, 0.0 ], [ 36.230378, 50.371953, 0.0 ], [ 36.232826, 50.364343, 0.0 ], [ 36.242368, 50.358227, 0.0 ], [ 36.252765, 50.358905, 0.0 ], [ 36.266498, 50.354086, 0.0 ], [ 36.277484, 50.344666, 0.0 ], [ 36.288127, 50.334696, 0.0 ], [ 36.280917, 50.323409, 0.0 ], [ 36.286067, 50.316284, 0.0 ], [ 36.294116, 50.315144, 0.0 ], [ 36.299266, 50.316076, 0.0 ], [ 36.303987, 50.316405, 0.0 ], [ 36.309179, 50.31772, 0.0 ], [ 36.317977, 50.317967, 0.0 ], [ 36.321625, 50.317172, 0.0 ], [ 36.327502, 50.317882, 0.0 ], [ 36.336448, 50.317251, 0.0 ], [ 36.342938, 50.316853, 0.0 ], [ 36.34166, 50.313194, 0.0 ], [ 36.340073, 50.313002, 0.0 ], [ 36.337498, 50.31355, 0.0 ], [ 36.335266, 50.313276, 0.0 ], [ 36.333807, 50.3107, 0.0 ], [ 36.331018, 50.310453, 0.0 ], [ 36.330159, 50.30615, 0.0 ], [ 36.327069, 50.304176, 0.0 ], [ 36.323636, 50.290031, 0.0 ], [ 36.364373, 50.287976, 0.0 ], [ 36.377504, 50.293419, 0.0 ], [ 36.374758, 50.299999, 0.0 ], [ 36.398619, 50.307016, 0.0 ], [ 36.408575, 50.311511, 0.0 ], [ 36.425569, 50.327623, 0.0 ], [ 36.433294, 50.330363, 0.0 ], [ 36.439646, 50.310743, 0.0 ], [ 36.471918, 50.313374, 0.0 ], [ 36.488741, 50.311401, 0.0 ], [ 36.491316, 50.306358, 0.0 ], [ 36.496972, 50.302908, 0.0 ], [ 36.500446, 50.299305, 0.0 ], [ 36.511215, 50.295426, 0.0 ], [ 36.51284, 50.295839, 0.0 ], [ 36.514664, 50.295764, 0.0 ], [ 36.515693, 50.295805, 0.0 ], [ 36.516893, 50.295119, 0.0 ], [ 36.526294, 50.293639, 0.0 ], [ 36.524979, 50.291056, 0.0 ], [ 36.522913, 50.289152, 0.0 ], [ 36.522864, 50.288427, 0.0 ], [ 36.523873, 50.287481, 0.0 ], [ 36.524312, 50.2861, 0.0 ], [ 36.533085, 50.284517, 0.0 ], [ 36.536537, 50.283482, 0.0 ], [ 36.538443, 50.284037, 0.0 ], [ 36.548237, 50.281902, 0.0 ], [ 36.558546, 50.281739, 0.0 ], [ 36.558448, 50.282863, 0.0 ], [ 36.559723, 50.284316, 0.0 ], [ 36.564143, 50.285112, 0.0 ], [ 36.572254, 50.285797, 0.0 ], [ 36.585376, 50.285975, 0.0 ], [ 36.588627, 50.283466, 0.0 ], [ 36.588434, 50.281628, 0.0 ], [ 36.589764, 50.278941, 0.0 ], [ 36.592768, 50.278283, 0.0 ], [ 36.592297, 50.275252, 0.0 ], [ 36.573631, 50.274854, 0.0 ], [ 36.579904, 50.262208, 0.0 ], [ 36.575285, 50.260836, 0.0 ], [ 36.578407, 50.25875, 0.0 ], [ 36.574694, 50.255677, 0.0 ], [ 36.569674, 50.25809, 0.0 ], [ 36.560667, 50.250844, 0.0 ], [ 36.584617, 50.237015, 0.0 ], [ 36.599634, 50.233284, 0.0 ], [ 36.609247, 50.225157, 0.0 ], [ 36.611844, 50.22833, 0.0 ], [ 36.619569, 50.23415, 0.0 ], [ 36.614248, 50.242055, 0.0 ], [ 36.619741, 50.248422, 0.0 ], [ 36.63725, 50.245787, 0.0 ], [ 36.655961, 50.242164, 0.0 ], [ 36.664373, 50.237004, 0.0 ], [ 36.675531, 50.23909, 0.0 ], [ 36.678792, 50.248861, 0.0 ], [ 36.682396, 50.25614, 0.0 ], [ 36.688392, 50.26717, 0.0 ], [ 36.694999, 50.269832, 0.0 ], [ 36.700118, 50.264483, 0.0 ], [ 36.704401, 50.264626, 0.0 ], [ 36.705252, 50.26872, 0.0 ], [ 36.719658, 50.277346, 0.0 ], [ 36.7299472, 50.2814511, 0.0 ], [ 36.7395603, 50.2862774, 0.0 ], [ 36.752263, 50.2947226, 0.0 ], [ 36.7589583, 50.2937358, 0.0 ], [ 36.7642794, 50.3044818, 0.0 ], [ 36.788312, 50.3084286, 0.0 ], [ 36.8276226, 50.3169789, 0.0 ], [ 36.850425, 50.327817, 0.0 ], [ 36.891136, 50.345505, 0.0 ], [ 36.952934, 50.352734, 0.0 ], [ 37.037753, 50.348719, 0.0 ], [ 37.044995, 50.345029, 0.0 ], [ 37.059908, 50.347151, 0.0 ], [ 37.06994, 50.346652, 0.0 ], [ 37.105767, 50.351636, 0.0 ], [ 37.101782, 50.35712, 0.0 ], [ 37.139265, 50.361294, 0.0 ], [ 37.14945, 50.356044, 0.0 ], [ 37.162728, 50.359384, 0.0 ], [ 37.180806, 50.36308, 0.0 ], [ 37.211619, 50.373811, 0.0 ], [ 37.216507, 50.379033, 0.0 ], [ 37.226463, 50.383412, 0.0 ], [ 37.252041, 50.392496, 0.0 ], [ 37.26028, 50.396107, 0.0 ], [ 37.281223, 50.403001, 0.0 ], [ 37.299762, 50.416894, 0.0 ], [ 37.301651, 50.430128, 0.0 ], [ 37.32091, 50.438298, 0.0 ], [ 37.330567, 50.436284, 0.0 ], [ 37.341944, 50.437374, 0.0 ], [ 37.354476, 50.437756, 0.0 ], [ 37.366664, 50.435023, 0.0 ], [ 37.396425, 50.431116, 0.0 ], [ 37.419078, 50.434716, 0.0 ], [ 37.432121, 50.443401, 0.0 ], [ 37.477097, 50.458742, 0.0 ], [ 37.491002, 50.457106, 0.0 ], [ 37.484993, 50.445632, 0.0 ], [ 37.483617, 50.430992, 0.0 ], [ 37.466108, 50.430794, 0.0 ], [ 37.46335, 50.415561, 0.0 ], [ 37.466442, 50.406186, 0.0 ], [ 37.465842, 50.395189, 0.0 ], [ 37.471286, 50.39564, 0.0 ], [ 37.472316, 50.379222, 0.0 ], [ 37.478152, 50.366741, 0.0 ], [ 37.489482, 50.360171, 0.0 ], [ 37.511454, 50.354037, 0.0 ], [ 37.522784, 50.344617, 0.0 ], [ 37.54716, 50.334757, 0.0 ], [ 37.559863, 50.33125, 0.0 ], [ 37.577372, 50.321168, 0.0 ], [ 37.602092, 50.323798, 0.0 ], [ 37.644664, 50.318976, 0.0 ], [ 37.651554, 50.300911, 0.0 ], [ 37.633581, 50.279864, 0.0 ], [ 37.627634, 50.256621, 0.0 ], [ 38.796147, 50.380202, 0.0 ], [ 41.134836, 51.428992, 0.0 ], [ 39.820925, 52.698419, 0.0 ], [ 37.304876, 53.308825, 0.0 ], [ 35.077024, 53.701821, 0.0 ], [ 32.752268, 53.47724, 0.0 ], [ 32.757305, 53.435761, 0.0 ], [ 32.751812, 53.386646, 0.0 ], [ 32.738079, 53.330915, 0.0 ], [ 32.655681, 53.330915, 0.0 ], [ 32.598003, 53.317791, 0.0 ], [ 32.532085, 53.288247, 0.0 ], [ 32.455181, 53.215944, 0.0 ], [ 32.339824, 53.14846, 0.0 ], [ 32.15031, 53.084169, 0.0 ], [ 31.999248, 53.085819, 0.0 ], [ 31.859173, 53.103961, 0.0 ], [ 31.752056, 53.168222, 0.0 ], [ 31.683391, 53.212654, 0.0 ], [ 31.614727, 53.214299, 0.0 ], [ 31.546062, 53.189621, 0.0 ], [ 31.449932, 53.215944, 0.0 ], [ 31.397747, 53.199494, 0.0 ], [ 31.362041, 53.128688, 0.0 ], [ 31.342815, 53.07592, 0.0 ], [ 31.243938, 53.028042, 0.0 ], [ 31.296123, 52.991686, 0.0 ], [ 31.381267, 52.933784, 0.0 ], [ 31.444439, 52.872488, 0.0 ], [ 31.554302, 52.849272, 0.0 ], [ 31.532329, 52.817746, 0.0 ], [ 31.581768, 52.787857, 0.0 ], [ 31.584514, 52.71471, 0.0 ], [ 31.49937, 52.68808, 0.0 ], [ 31.576275, 52.583068, 0.0 ], [ 31.592754, 52.461073, 0.0 ], [ 31.61198, 52.358871, 0.0 ], [ 31.600994, 52.274923, 0.0 ], [ 31.71635, 52.209333, 0.0 ], [ 31.780361, 52.111398, 0.0 ] ] ] } }
]
}
