{
"type": "FeatureCollection",
"name": "Region borders",
"crs": { "type": "name", "properties": { "name": "urn:ogc:def:crs:OGC:1.3:CRS84" } },
"features": [
{ "type": "Feature", "properties": { "Name": "", "description": "описание: <br>Назва: Граница между Херсонской/Запорожской Областью", "tessellate": 1, "extrude": 0, "visibility": -1, "________________": "", "__________": "Граница между Херсонской/Запорожской Областью" }, "geometry": { "type": "LineString", "coordinates": [ [ 34.1391953, 47.4765032, 0.0 ], [ 34.1618546, 47.4669883, 0.0 ], [ 34.1944703, 47.4595608, 0.0 ], [ 34.2171296, 47.4512037, 0.0 ], [ 34.2308625, 47.4428452, 0.0 ], [ 34.2432221, 47.4312341, 0.0 ], [ 34.2558671, 47.3947011, 0.0 ], [ 34.2507172, 47.3914473, 0.0 ], [ 34.2593003, 47.3598281, 0.0 ], [ 34.2726899, 47.3616885, 0.0 ], [ 34.2826127, 47.3253396, 0.0 ], [ 34.2814969, 47.3245251, 0.0 ], [ 34.2830418, 47.3189395, 0.0 ], [ 34.2825269, 47.3173684, 0.0 ], [ 34.291512, 47.2795242, 0.0 ], [ 34.2935719, 47.278709, 0.0 ], [ 34.2932286, 47.2755645, 0.0 ], [ 34.2942586, 47.273468, 0.0 ], [ 34.2964902, 47.2748657, 0.0 ], [ 34.2982068, 47.2724198, 0.0 ], [ 34.30164, 47.2725362, 0.0 ], [ 34.303185, 47.2693913, 0.0 ], [ 34.3057599, 47.2691584, 0.0 ], [ 34.3285908, 47.2902374, 0.0 ], [ 34.3560567, 47.2932646, 0.0 ], [ 34.3699612, 47.2834837, 0.0 ], [ 34.4006785, 47.2865759, 0.0 ], [ 34.3996486, 47.2986846, 0.0 ], [ 34.4195613, 47.3012457, 0.0 ], [ 34.4137248, 47.3228938, 0.0 ], [ 34.4741496, 47.3298751, 0.0 ], [ 34.4878825, 47.2802876, 0.0 ], [ 34.5170649, 47.2835483, 0.0 ], [ 34.5222148, 47.2672428, 0.0 ], [ 34.5277079, 47.2679417, 0.0 ], [ 34.5307978, 47.2506992, 0.0 ], [ 34.4906291, 47.2474365, 0.0 ], [ 34.5197779, 47.1048009, 0.0 ], [ 34.5534235, 47.1057357, 0.0 ], [ 34.5685627, 47.0245003, 0.0 ], [ 34.5908787, 47.0261385, 0.0 ], [ 34.5991184, 46.9921933, 0.0 ], [ 34.6183445, 46.99313, 0.0 ], [ 34.623151, 46.9743926, 0.0 ], [ 34.6382572, 46.9753297, 0.0 ], [ 34.6495869, 46.9757982, 0.0 ], [ 34.6705296, 46.9776722, 0.0 ], [ 34.6825458, 46.9786091, 0.0 ], [ 34.6873524, 46.9561174, 0.0 ], [ 34.7359102, 46.9605227, 0.0 ], [ 34.7530764, 46.8812644, 0.0 ], [ 34.8025149, 46.8826724, 0.0 ], [ 34.8125831, 46.8343188, 0.0 ], [ 34.816703, 46.8286816, 0.0 ], [ 34.7583381, 46.8221041, 0.0 ], [ 34.7676078, 46.7856785, 0.0 ], [ 34.7662345, 46.7800363, 0.0 ], [ 34.7511283, 46.7807416, 0.0 ], [ 34.7509345, 46.7568864, 0.0 ], [ 34.7330817, 46.7568864, 0.0 ], [ 34.7351416, 46.7460657, 0.0 ], [ 34.6609839, 46.7399487, 0.0 ], [ 34.6616705, 46.7267713, 0.0 ], [ 34.625965, 46.7248885, 0.0 ], [ 34.6314581, 46.6876906, 0.0 ], [ 34.6788367, 46.6928716, 0.0 ], [ 34.6829566, 46.6773272, 0.0 ], [ 34.744068, 46.6834513, 0.0 ], [ 34.7550543, 46.6283093, 0.0 ], [ 34.7138556, 46.6202926, 0.0 ], [ 34.7213059, 46.5821452, 0.0 ], [ 34.7467118, 46.5840329, 0.0 ], [ 34.7576981, 46.5490992, 0.0 ], [ 34.8902207, 46.5637363, 0.0 ], [ 34.8943405, 46.5382369, 0.0 ], [ 34.8833542, 46.5363476, 0.0 ], [ 34.889534, 46.5098901, 0.0 ], [ 34.8898774, 46.5070546, 0.0 ], [ 34.9465256, 46.5127254, 0.0 ], [ 34.9489303, 46.5038105, 0.0 ], [ 35.0186248, 46.4797014, 0.0 ], [ 35.053987, 46.4825383, 0.0 ], [ 35.0718618, 46.3807859, 0.0 ], [ 35.0687719, 46.3769962, 0.0 ], [ 35.0584722, 46.3758119, 0.0 ], [ 35.0742673, 46.299969, 0.0 ], [ 35.1048231, 46.3028152, 0.0 ], [ 35.1319456, 46.3013921, 0.0 ], [ 35.1576948, 46.2966481, 0.0 ], [ 35.1786375, 46.2926154, 0.0 ], [ 35.231722, 46.2797225, 0.0 ], [ 35.2447682, 46.275214, 0.0 ], [ 35.2571279, 46.2695184, 0.0 ], [ 35.2770406, 46.2647716, 0.0 ] ] } },
{ "type": "Feature", "properties": { "Name": "", "description": "описание: <br>Назва: Line 167", "tessellate": 1, "extrude": 0, "visibility": -1, "________________": "", "__________": "Line 167" }, "geometry": { "type": "LineString", "coordinates": [ [ 34.2894574, 51.3220002, 0.0 ], [ 34.2819043, 51.3193718, 0.0 ], [ 34.2807027, 51.3174406, 0.0 ], [ 34.2808744, 51.3141682, 0.0 ], [ 34.2717763, 51.3142755, 0.0 ], [ 34.2697164, 51.3066568, 0.0 ], [ 34.2660657, 51.2985523, 0.0 ], [ 34.2638341, 51.2988743, 0.0 ], [ 34.2581693, 51.3024162, 0.0 ], [ 34.2549935, 51.3011819, 0.0 ], [ 34.2546968, 51.2990891, 0.0 ], [ 34.2498903, 51.2988744, 0.0 ], [ 34.2497186, 51.2967277, 0.0 ], [ 34.2451696, 51.2964057, 0.0 ], [ 34.2445688, 51.2940442, 0.0 ], [ 34.241908, 51.2934538, 0.0 ], [ 34.2392473, 51.2937222, 0.0 ], [ 34.2376165, 51.2928634, 0.0 ], [ 34.243453, 51.2844896, 0.0 ], [ 34.254611, 51.2818054, 0.0 ], [ 34.2511074, 51.2755345, 0.0 ], [ 34.2487042, 51.2757493, 0.0 ], [ 34.2372887, 51.2749439, 0.0 ], [ 34.2311947, 51.2731183, 0.0 ], [ 34.2314522, 51.2706482, 0.0 ], [ 34.2347996, 51.269789, 0.0 ], [ 34.2313664, 51.2676946, 0.0 ], [ 34.231023, 51.2652779, 0.0 ], [ 34.2394344, 51.263613, 0.0 ], [ 34.2440817, 51.2637765, 0.0 ], [ 34.2593595, 51.2572237, 0.0 ], [ 34.276869, 51.2512072, 0.0 ], [ 34.2828771, 51.2498104, 0.0 ], [ 34.3063849, 51.2384519, 0.0 ], [ 34.3316191, 51.240064, 0.0 ], [ 34.3592864, 51.2588192, 0.0 ], [ 34.3641601, 51.2619952, 0.0 ], [ 34.3664494, 51.2639129, 0.0 ], [ 34.3681445, 51.2649602, 0.0 ], [ 34.3755442, 51.269003, 0.0 ], [ 34.3789989, 51.2704798, 0.0 ], [ 34.3800932, 51.271339, 0.0 ], [ 34.3836766, 51.2737956, 0.0 ], [ 34.398461, 51.2712902, 0.0 ], [ 34.4004816, 51.2710843, 0.0 ], [ 34.4011575, 51.2708963, 0.0 ], [ 34.4037442, 51.2695701, 0.0 ], [ 34.4073546, 51.2683496, 0.0 ], [ 34.4099888, 51.2675615, 0.0 ], [ 34.4106969, 51.2673064, 0.0 ], [ 34.4117326, 51.2667519, 0.0 ], [ 34.4122261, 51.2662551, 0.0 ], [ 34.4130629, 51.2658658, 0.0 ], [ 34.4146186, 51.2655234, 0.0 ], [ 34.412975, 51.2627638, 0.0 ], [ 34.4203673, 51.2611898, 0.0 ], [ 34.438845, 51.2566474, 0.0 ], [ 34.4458831, 51.2616964, 0.0 ], [ 34.4547479, 51.2583488, 0.0 ], [ 34.4570411, 51.2538541, 0.0 ], [ 34.4668258, 51.251383, 0.0 ], [ 34.4780138, 51.2472703, 0.0 ], [ 34.482992, 51.2496342, 0.0 ], [ 34.493635, 51.2473778, 0.0 ], [ 34.5039347, 51.2461958, 0.0 ], [ 34.5205858, 51.2575847, 0.0 ], [ 34.5403269, 51.2574773, 0.0 ], [ 34.5414817, 51.2528808, 0.0 ], [ 34.5819938, 51.2341824, 0.0 ], [ 34.5943534, 51.2449295, 0.0 ], [ 34.5998466, 51.2539552, 0.0 ], [ 34.6046531, 51.2550295, 0.0 ], [ 34.6218192, 51.2503021, 0.0 ], [ 34.6523749, 51.2468637, 0.0 ], [ 34.6626746, 51.2475085, 0.0 ], [ 34.6684557, 51.1980105, 0.0 ], [ 34.6887118, 51.1807963, 0.0 ], [ 34.716158, 51.1713907, 0.0 ], [ 34.7312839, 51.1825104, 0.0 ], [ 34.7369058, 51.1793629, 0.0 ], [ 34.7383649, 51.1796857, 0.0 ], [ 34.7400815, 51.1797126, 0.0 ], [ 34.7408111, 51.1795243, 0.0 ], [ 34.7427423, 51.1794167, 0.0 ], [ 34.7441156, 51.1796588, 0.0 ], [ 34.7520978, 51.1803045, 0.0 ], [ 34.7529132, 51.1806273, 0.0 ], [ 34.755059, 51.1800623, 0.0 ], [ 34.7559602, 51.179336, 0.0 ], [ 34.7573335, 51.1784482, 0.0 ], [ 34.7582347, 51.1781253, 0.0 ], [ 34.7590501, 51.1770761, 0.0 ], [ 34.7602517, 51.1771837, 0.0 ], [ 34.7619061, 51.1764237, 0.0 ], [ 34.7691588, 51.1751053, 0.0 ], [ 34.7701459, 51.1746748, 0.0 ], [ 34.7725491, 51.1747556, 0.0 ], [ 34.7745232, 51.1756703, 0.0 ], [ 34.7789006, 51.1772577, 0.0 ], [ 34.7790721, 51.177621, 0.0 ], [ 34.7807471, 51.1811316, 0.0 ], [ 34.7844378, 51.1849785, 0.0 ], [ 34.7858111, 51.1837949, 0.0 ], [ 34.7895876, 51.1823153, 0.0 ], [ 34.7907034, 51.1811047, 0.0 ], [ 34.7913042, 51.1797327, 0.0 ], [ 34.7936099, 51.1789797, 0.0 ], [ 34.7958962, 51.1777419, 0.0 ], [ 34.7970549, 51.1763159, 0.0 ], [ 34.7991148, 51.1756164, 0.0 ], [ 34.8013035, 51.1753743, 0.0 ], [ 34.8032776, 51.1758317, 0.0 ], [ 34.8059813, 51.1759931, 0.0 ], [ 34.8086849, 51.176585, 0.0 ], [ 34.8094574, 51.1753743, 0.0 ], [ 34.8086849, 51.1744595, 0.0 ], [ 34.808642, 51.1735447, 0.0 ], [ 34.8091141, 51.1721993, 0.0 ] ] } },
{ "type": "Feature", "properties": { "Name": "", "description": "описание: <br>Назва: Line 165", "tessellate": 1, "extrude": 0, "visibility": -1, "________________": "", "__________": "Line 165" }, "geometry": { "type": "LineString", "coordinates": [ [ 31.7907219, 52.1113462, 0.0 ], [ 31.8058281, 52.0982719, 0.0 ], [ 31.8209343, 52.098061, 0.0 ], [ 31.8435936, 52.1052313, 0.0 ], [ 31.8607597, 52.1098703, 0.0 ], [ 31.8920021, 52.1043878, 0.0 ], [ 31.9238775, 52.095031, 0.0 ], [ 31.9448202, 52.0794201, 0.0 ], [ 31.9619863, 52.0779431, 0.0 ], [ 31.9489401, 52.0631705, 0.0 ], [ 31.9372671, 52.0562046, 0.0 ], [ 31.9197576, 52.0557824, 0.0 ], [ 31.9183843, 52.0435365, 0.0 ], [ 31.9365804, 52.0443811, 0.0 ], [ 31.9619863, 52.048393, 0.0 ], [ 31.9654196, 52.0540935, 0.0 ], [ 32.0162255, 52.0510117, 0.0 ], [ 32.0690972, 52.0341181, 0.0 ], [ 32.1013695, 52.0332733, 0.0 ], [ 32.1020562, 52.044255, 0.0 ], [ 32.1398217, 52.0497449, 0.0 ], [ 32.1480614, 52.0670547, 0.0 ], [ 32.1851403, 52.0687431, 0.0 ], [ 32.2119042, 52.0774531, 0.0 ], [ 32.2373253, 52.0877332, 0.0 ], [ 32.2757775, 52.0982797, 0.0 ], [ 32.2987211, 52.1119666, 0.0 ], [ 32.2954595, 52.1211373, 0.0 ], [ 32.3189771, 52.1225074, 0.0 ], [ 32.3203504, 52.1363122, 0.0 ], [ 32.3303068, 52.1325189, 0.0 ], [ 32.3339117, 52.1406318, 0.0 ], [ 32.3568382, 52.1394428, 0.0 ], [ 32.3712578, 52.1495558, 0.0 ], [ 32.3599281, 52.1565072, 0.0 ], [ 32.3279991, 52.1560859, 0.0 ], [ 32.346668, 52.1951359, 0.0 ], [ 32.3301885, 52.2039739, 0.0 ], [ 32.3246954, 52.2262713, 0.0 ], [ 32.3480413, 52.2435126, 0.0 ], [ 32.3789404, 52.2409899, 0.0 ], [ 32.3858068, 52.2586458, 0.0 ], [ 32.3720739, 52.2762947, 0.0 ], [ 32.3529388, 52.314979, 0.0 ], [ 32.3652984, 52.3334446, 0.0 ], [ 32.4016906, 52.3372207, 0.0 ], [ 32.4291564, 52.3250521, 0.0 ], [ 32.4669219, 52.3267307, 0.0 ], [ 32.4923278, 52.3141394, 0.0 ], [ 32.5040008, 52.3271503, 0.0 ], [ 32.5596191, 52.3237931, 0.0 ], [ 32.5774719, 52.2994451, 0.0 ], [ 32.6076843, 52.3044837, 0.0 ], [ 32.6682483, 52.2762212, 0.0 ], [ 32.6943409, 52.2510063, 0.0 ], [ 32.7293598, 52.2598332, 0.0 ], [ 32.7581989, 52.2648763, 0.0 ], [ 32.7842914, 52.2594129, 0.0 ], [ 32.8186237, 52.2631953, 0.0 ], [ 32.8330433, 52.2770614, 0.0 ], [ 32.8830449, 52.2743388, 0.0 ], [ 32.8813283, 52.2600516, 0.0 ], [ 32.8899114, 52.2468108, 0.0 ], [ 32.9105107, 52.2461801, 0.0 ], [ 32.9094808, 52.2510146, 0.0 ], [ 32.9662427, 52.2752592, 0.0 ], [ 33.000575, 52.2748391, 0.0 ], [ 33.000575, 52.2912215, 0.0 ], [ 33.0417738, 52.307598, 0.0 ], [ 33.0561933, 52.3298434, 0.0 ], [ 33.076106, 52.3231289, 0.0 ], [ 33.0589399, 52.304659, 0.0 ], [ 33.0864057, 52.3084376, 0.0 ], [ 33.1337842, 52.3445276, 0.0 ], [ 33.1612501, 52.3386545, 0.0 ], [ 33.1722364, 52.3415911, 0.0 ], [ 33.1771424, 52.3737664, 0.0 ], [ 33.2190278, 52.3720895, 0.0 ], [ 33.3055451, 52.3532207, 0.0 ], [ 33.3591035, 52.3536401, 0.0 ], [ 33.385196, 52.3712511, 0.0 ], [ 33.4126618, 52.3624465, 0.0 ], [ 33.4307477, 52.3444487, 0.0 ] ] } },
{ "type": "Feature", "properties": { "Name": "", "description": "описание: <br>Назва: Граница между Запорожской/Донецкой областью", "tessellate": 1, "extrude": 0, "visibility": -1, "________________": "", "__________": "Граница между Запорожской/Донецкой областью" }, "geometry": { "type": "LineString", "coordinates": [ [ 36.5848753, 47.8479204, 0.0 ], [ 36.6042953, 47.8508734, 0.0 ], [ 36.6080718, 47.8423482, 0.0 ], [ 36.6001754, 47.8181475, 0.0 ], [ 36.5885024, 47.8158421, 0.0 ], [ 36.5881591, 47.7858624, 0.0 ], [ 36.5919356, 47.7840169, 0.0 ], [ 36.6715865, 47.7934743, 0.0 ], [ 36.6812954, 47.7602046, 0.0 ], [ 36.6778622, 47.757435, 0.0 ], [ 36.6857586, 47.7306547, 0.0 ], [ 36.7008648, 47.732502, 0.0 ], [ 36.7125378, 47.6795953, 0.0 ], [ 36.7894421, 47.6849115, 0.0 ], [ 36.7922744, 47.6803465, 0.0 ], [ 36.7890128, 47.6799998, 0.0 ], [ 36.7844638, 47.6791908, 0.0 ], [ 36.7819747, 47.6770526, 0.0 ], [ 36.7809447, 47.6750877, 0.0 ], [ 36.7842063, 47.6732961, 0.0 ], [ 36.7844638, 47.6718512, 0.0 ], [ 36.7819747, 47.6716778, 0.0 ], [ 36.7815455, 47.6698861, 0.0 ], [ 36.7793998, 47.6695393, 0.0 ], [ 36.7799148, 47.6670539, 0.0 ], [ 36.7784556, 47.6668805, 0.0 ], [ 36.7771682, 47.6673429, 0.0 ], [ 36.7758807, 47.6690191, 0.0 ], [ 36.7749366, 47.6687301, 0.0 ], [ 36.7758807, 47.6660134, 0.0 ], [ 36.7748508, 47.6643949, 0.0 ], [ 36.7698726, 47.6654932, 0.0 ], [ 36.7683276, 47.6664758, 0.0 ], [ 36.7522492, 47.6656379, 0.0 ], [ 36.752335, 47.663268, 0.0 ], [ 36.7545666, 47.6634992, 0.0 ], [ 36.7545666, 47.6608979, 0.0 ], [ 36.7187752, 47.6580652, 0.0 ], [ 36.7184319, 47.6559261, 0.0 ], [ 36.7250702, 47.6297882, 0.0 ], [ 36.7432663, 47.6321019, 0.0 ], [ 36.7655823, 47.6346468, 0.0 ], [ 36.7657539, 47.6235408, 0.0 ], [ 36.7451545, 47.6215739, 0.0 ], [ 36.7449829, 47.6128954, 0.0 ], [ 36.7466995, 47.6062987, 0.0 ], [ 36.7527076, 47.6076876, 0.0 ], [ 36.762664, 47.6076876, 0.0 ], [ 36.7635223, 47.6008588, 0.0 ], [ 36.829235, 47.6242929, 0.0 ], [ 36.8934364, 47.5450956, 0.0 ], [ 36.9447921, 47.576396, 0.0 ], [ 36.9660781, 47.5541569, 0.0 ], [ 36.9791243, 47.5606443, 0.0 ], [ 37.0017836, 47.5390939, 0.0 ], [ 37.0210097, 47.5532301, 0.0 ], [ 37.0374892, 47.5377032, 0.0 ], [ 37.0371459, 47.5348059, 0.0 ], [ 37.0738814, 47.4931828, 0.0 ], [ 37.0780013, 47.491327, 0.0 ], [ 37.0852111, 47.4966623, 0.0 ], [ 37.1274398, 47.4702122, 0.0 ], [ 37.1370528, 47.4637136, 0.0 ], [ 37.1706984, 47.4678914, 0.0 ], [ 37.1725521, 47.4705413, 0.0 ], [ 37.1716938, 47.4715856, 0.0 ], [ 37.179676, 47.4835939, 0.0 ], [ 37.1950728, 47.4787902, 0.0 ], [ 37.191468, 47.473337, 0.0 ], [ 37.190953, 47.4716545, 0.0 ], [ 37.1889789, 47.4714224, 0.0 ], [ 37.1883781, 47.4688116, 0.0 ], [ 37.2064025, 47.4686955, 0.0 ], [ 37.2086341, 47.4664907, 0.0 ], [ 37.2118098, 47.4668388, 0.0 ], [ 37.2118098, 47.4686955, 0.0 ], [ 37.2447856, 47.468708, 0.0 ], [ 37.2387774, 47.4565222, 0.0 ], [ 37.2432406, 47.4548972, 0.0 ], [ 37.2435839, 47.4514149, 0.0 ], [ 37.2363742, 47.4364385, 0.0 ], [ 37.231396, 47.4374835, 0.0 ], [ 37.2009849, 47.3843972, 0.0 ], [ 37.1965217, 47.3839323, 0.0 ], [ 37.1951484, 47.3734707, 0.0 ], [ 37.2037314, 47.3571929, 0.0 ], [ 37.1615174, 47.3406499, 0.0 ], [ 37.1508744, 47.3685604, 0.0 ], [ 37.1446946, 47.3769306, 0.0 ], [ 37.140918, 47.3801854, 0.0 ], [ 37.1058991, 47.3753032, 0.0 ], [ 37.1220353, 47.3401846, 0.0 ], [ 37.0925095, 47.3294816, 0.0 ], [ 37.0957711, 47.3252929, 0.0 ], [ 37.0906212, 47.3226166, 0.0 ], [ 37.0834114, 47.3208711, 0.0 ], [ 37.0838005, 47.3195637, 0.0 ], [ 37.0824701, 47.3187781, 0.0 ], [ 37.0828993, 47.3179344, 0.0 ], [ 37.0812685, 47.3172653, 0.0 ], [ 37.0814831, 47.3160433, 0.0 ], [ 37.083028, 47.3149959, 0.0 ], [ 37.0830709, 47.3140939, 0.0 ], [ 37.0390226, 47.299314, 0.0 ], [ 37.036791, 47.3009438, 0.0 ], [ 37.0361902, 47.3051926, 0.0 ], [ 37.033753, 47.3091872, 0.0 ], [ 37.0299765, 47.311515, 0.0 ], [ 37.0270582, 47.3134936, 0.0 ], [ 37.0153853, 47.3139591, 0.0 ], [ 36.9467207, 47.3116314, 0.0 ], [ 36.9419142, 47.3218726, 0.0 ], [ 36.9271513, 47.3190798, 0.0 ], [ 36.9281813, 47.3051133, 0.0 ], [ 36.9329878, 47.2985943, 0.0 ], [ 36.9377943, 47.2797314, 0.0 ], [ 36.9450041, 47.2387222, 0.0 ], [ 36.9494673, 47.2284649, 0.0 ], [ 36.9566771, 47.2284649, 0.0 ], [ 36.9649168, 47.2014135, 0.0 ], [ 36.9316145, 47.2011802, 0.0 ], [ 36.9305845, 47.2070115, 0.0 ], [ 36.8825194, 47.205612, 0.0 ], [ 36.8883559, 47.1995474, 0.0 ], [ 36.8560835, 47.1993141, 0.0 ], [ 36.8555194, 47.1987405, 0.0 ], [ 36.8571072, 47.197545, 0.0 ], [ 36.856721, 47.1969034, 0.0 ], [ 36.8553048, 47.1964369, 0.0 ], [ 36.8551761, 47.195008, 0.0 ], [ 36.8561202, 47.1929958, 0.0 ], [ 36.8561202, 47.1917127, 0.0 ], [ 36.8571502, 47.1913919, 0.0 ], [ 36.8585234, 47.1919751, 0.0 ], [ 36.8600684, 47.1915669, 0.0 ], [ 36.8592959, 47.190342, 0.0 ], [ 36.8592959, 47.1893796, 0.0 ], [ 36.8611077, 47.1889807, 0.0 ], [ 36.8617299, 47.1880182, 0.0 ], [ 36.8629745, 47.1873183, 0.0 ], [ 36.8625453, 47.1868224, 0.0 ], [ 36.8649774, 47.1851053, 0.0 ], [ 36.865825, 47.1848574, 0.0 ], [ 36.8683463, 47.1843907, 0.0 ], [ 36.8709233, 47.1843138, 0.0 ], [ 36.8719747, 47.1838617, 0.0 ], [ 36.8737986, 47.1824616, 0.0 ], [ 36.8760088, 47.1784363, 0.0 ], [ 36.8759921, 47.1768542, 0.0 ], [ 36.8763139, 47.1757311, 0.0 ], [ 36.8774941, 47.1748705, 0.0 ], [ 36.8803051, 47.174185, 0.0 ], [ 36.8821719, 47.1739807, 0.0 ], [ 36.8847231, 47.174883, 0.0 ], [ 36.8856029, 47.1748101, 0.0 ], [ 36.8871908, 47.1728555, 0.0 ], [ 36.888328, 47.172272, 0.0 ], [ 36.8896369, 47.1710175, 0.0 ], [ 36.8910746, 47.1709592, 0.0 ], [ 36.89601, 47.1726512, 0.0 ], [ 36.8972546, 47.1730597, 0.0 ], [ 36.8986493, 47.1733806, 0.0 ], [ 36.8996364, 47.1733806, 0.0 ], [ 36.9007093, 47.1725929, 0.0 ], [ 36.9011169, 47.171776, 0.0 ], [ 36.9021898, 47.1710321, 0.0 ], [ 36.9027692, 47.1698505, 0.0 ], [ 36.90337, 47.1692378, 0.0 ], [ 36.904636, 47.1689023, 0.0 ], [ 36.9061166, 47.1685376, 0.0 ], [ 36.9066161, 47.1677722, 0.0 ], [ 36.9060582, 47.1664593, 0.0 ], [ 36.9054574, 47.1659633, 0.0 ], [ 36.9056291, 47.1655402, 0.0 ], [ 36.9061226, 47.1650588, 0.0 ], [ 36.9068522, 47.164767, 0.0 ], [ 36.9077319, 47.1637895, 0.0 ], [ 36.9083757, 47.1635415, 0.0 ], [ 36.9095987, 47.1637749, 0.0 ], [ 36.9097919, 47.1649275, 0.0 ], [ 36.9102425, 47.1655985, 0.0 ], [ 36.9110745, 47.1657158, 0.0 ], [ 36.9120401, 47.1652928, 0.0 ], [ 36.9136065, 47.1655845, 0.0 ], [ 36.9134348, 47.1667078, 0.0 ], [ 36.9139049, 47.1680027, 0.0 ], [ 36.914967, 47.1694177, 0.0 ], [ 36.9166622, 47.1706285, 0.0 ], [ 36.9186148, 47.1712849, 0.0 ], [ 36.9188294, 47.1717079, 0.0 ], [ 36.9197521, 47.172131, 0.0 ], [ 36.9209752, 47.1724956, 0.0 ], [ 36.9214687, 47.1725102, 0.0 ], [ 36.9224772, 47.172058, 0.0 ], [ 36.9233999, 47.1709494, 0.0 ], [ 36.9245852, 47.1684341, 0.0 ], [ 36.9240273, 47.1658228, 0.0 ], [ 36.9235767, 47.1654143, 0.0 ], [ 36.9233621, 47.1643347, 0.0 ], [ 36.9235552, 47.1627737, 0.0 ], [ 36.9222678, 47.1605414, 0.0 ], [ 36.9227184, 47.1598265, 0.0 ], [ 36.9257225, 47.160381, 0.0 ], [ 36.9335331, 47.1645352, 0.0 ], [ 36.9350781, 47.1649145, 0.0 ], [ 36.9363226, 47.1647394, 0.0 ], [ 36.9364943, 47.1636015, 0.0 ], [ 36.9356789, 47.1610921, 0.0 ], [ 36.9363655, 47.1591953, 0.0 ], [ 36.9370951, 47.157532, 0.0 ], [ 36.9380822, 47.1566274, 0.0 ], [ 36.9397988, 47.1563063, 0.0 ], [ 36.9420733, 47.1563647, 0.0 ], [ 36.9452061, 47.158174, 0.0 ], [ 36.9470086, 47.1580281, 0.0 ], [ 36.9489397, 47.1574736, 0.0 ], [ 36.9496264, 47.15689, 0.0 ], [ 36.9496264, 47.1556351, 0.0 ], [ 36.9509997, 47.1546429, 0.0 ], [ 36.95347, 47.1540848, 0.0 ], [ 36.9541996, 47.1534281, 0.0 ], [ 36.9545858, 47.1524067, 0.0 ], [ 36.9541352, 47.1516333, 0.0 ], [ 36.9541623, 47.1503125, 0.0 ], [ 36.9554068, 47.149364, 0.0 ], [ 36.9568659, 47.1494953, 0.0 ], [ 36.9577242, 47.1493786, 0.0 ], [ 36.9586255, 47.1489408, 0.0 ], [ 36.9599558, 47.1488094, 0.0 ], [ 36.9607283, 47.1487511, 0.0 ], [ 36.9616725, 47.1484884, 0.0 ], [ 36.9633247, 47.1466058, 0.0 ], [ 36.9636036, 47.1459637, 0.0 ], [ 36.9636466, 47.1451172, 0.0 ], [ 36.9645049, 47.1444751, 0.0 ], [ 36.9656207, 47.144008, 0.0 ], [ 36.9694401, 47.1427675, 0.0 ], [ 36.9701162, 47.1421326, 0.0 ], [ 36.9725195, 47.1409796, 0.0 ], [ 36.9732276, 47.1401622, 0.0 ], [ 36.9733349, 47.1395492, 0.0 ], [ 36.9731847, 47.13898, 0.0 ], [ 36.9729272, 47.1383378, 0.0 ], [ 36.9725195, 47.1375933, 0.0 ], [ 36.9721294, 47.1373094, 0.0 ], [ 36.9709815, 47.1370028, 0.0 ], [ 36.9704772, 47.1366014, 0.0 ], [ 36.9702733, 47.1361781, 0.0 ], [ 36.9702412, 47.1357694, 0.0 ], [ 36.9704772, 47.1352804, 0.0 ], [ 36.9707991, 47.1350104, 0.0 ], [ 36.971593, 47.134733, 0.0 ], [ 36.9723118, 47.1347987, 0.0 ], [ 36.9736851, 47.13439, 0.0 ], [ 36.9746829, 47.1342294, 0.0 ], [ 36.9751764, 47.13412, 0.0 ], [ 36.976116, 47.1333289, 0.0 ], [ 36.9765787, 47.1319037, 0.0 ], [ 36.9769642, 47.1314927, 0.0 ], [ 36.9777152, 47.1310985, 0.0 ], [ 36.9783267, 47.1309452, 0.0 ], [ 36.9791636, 47.1308212, 0.0 ], [ 36.9795927, 47.1305438, 0.0 ], [ 36.9800326, 47.1291058, 0.0 ], [ 36.9798824, 47.1286314, 0.0 ], [ 36.9793567, 47.1280766, 0.0 ], [ 36.9790885, 47.1274927, 0.0 ], [ 36.9791781, 47.127127, 0.0 ], [ 36.9795161, 47.1267365, 0.0 ], [ 36.9808337, 47.126264, 0.0 ], [ 36.9823465, 47.1250668, 0.0 ], [ 36.9830224, 47.124658, 0.0 ], [ 36.9837198, 47.1245412, 0.0 ], [ 36.984736, 47.124625, 0.0 ], [ 36.9855246, 47.1247345, 0.0 ], [ 36.9866189, 47.1250411, 0.0 ], [ 36.9877133, 47.1253404, 0.0 ], [ 36.9884214, 47.1253988, 0.0 ], [ 36.9889364, 47.1251579, 0.0 ], [ 36.9899072, 47.124313, 0.0 ], [ 36.9906904, 47.1241232, 0.0 ], [ 36.9916881, 47.1241013, 0.0 ], [ 36.9921602, 47.1244225, 0.0 ], [ 36.9926967, 47.1247656, 0.0 ], [ 36.994703, 47.1260941, 0.0 ], [ 36.9958244, 47.1269057, 0.0 ], [ 36.996275, 47.1278838, 0.0 ], [ 36.9969402, 47.128716, 0.0 ], [ 36.9982491, 47.1289787, 0.0 ], [ 36.9995581, 47.1287598, 0.0 ], [ 37.001618, 47.1274312, 0.0 ], [ 37.0023046, 47.1265699, 0.0 ], [ 37.0025407, 47.1257815, 0.0 ], [ 37.0020471, 47.1245259, 0.0 ], [ 37.0020684, 47.1224155, 0.0 ], [ 37.0030554, 47.1210431, 0.0 ], [ 37.0031842, 47.1201086, 0.0 ], [ 37.0024975, 47.1192033, 0.0 ], [ 37.001725, 47.118444, 0.0 ], [ 37.0005234, 47.1178016, 0.0 ], [ 37.0003225, 47.1172424, 0.0 ], [ 37.0000007, 47.1149498, 0.0 ], [ 37.0004298, 47.1144095, 0.0 ], [ 37.0011165, 47.1141466, 0.0 ], [ 37.0018889, 47.1142197, 0.0 ], [ 37.0028116, 47.1140006, 0.0 ], [ 37.004142, 47.1140006, 0.0 ], [ 37.0051076, 47.1136794, 0.0 ], [ 37.0057942, 47.1135917, 0.0 ], [ 37.0065882, 47.1138546, 0.0 ], [ 37.0071675, 47.1143657, 0.0 ], [ 37.007425, 47.1148476, 0.0 ], [ 37.008219, 47.1155485, 0.0 ], [ 37.0087769, 47.1155485, 0.0 ], [ 37.0095279, 47.115052, 0.0 ], [ 37.0102789, 47.1144095, 0.0 ], [ 37.0112903, 47.1141766, 0.0 ], [ 37.0119769, 47.1141474, 0.0 ], [ 37.0122344, 47.1135633, 0.0 ], [ 37.0118267, 47.1126579, 0.0 ], [ 37.0108611, 47.11203, 0.0 ], [ 37.0111616, 47.1117671, 0.0 ], [ 37.011183, 47.1111392, 0.0 ], [ 37.0108611, 47.1100147, 0.0 ], [ 37.0100028, 47.1086565, 0.0 ], [ 37.0119483, 47.1076022, 0.0 ], [ 37.0108064, 47.106984, 0.0 ], [ 37.009755, 47.1062902, 0.0 ], [ 37.0091542, 47.1055527, 0.0 ], [ 37.0089932, 47.1047713, 0.0 ], [ 37.0069167, 47.1035841, 0.0 ], [ 37.0059511, 47.102883, 0.0 ], [ 37.0049211, 47.1025178, 0.0 ], [ 37.0035263, 47.1024886, 0.0 ], [ 37.002947, 47.1022111, 0.0 ], [ 37.0027109, 47.1016561, 0.0 ], [ 37.0027968, 47.1005168, 0.0 ], [ 37.0054575, 47.0982235, 0.0 ], [ 37.0058867, 47.0981213, 0.0 ], [ 37.0062086, 47.0982381, 0.0 ], [ 37.0102211, 47.0982381, 0.0 ], [ 37.0105855, 47.0976156, 0.0 ], [ 37.0104138, 47.0966515, 0.0 ], [ 37.0095341, 47.0954682, 0.0 ], [ 37.0091478, 47.0943288, 0.0 ], [ 37.0092613, 47.0928734, 0.0 ], [ 37.0096905, 47.0923329, 0.0 ], [ 37.0118148, 47.0913687, 0.0 ], [ 37.0131023, 47.0901707, 0.0 ], [ 37.0118363, 47.0883153, 0.0 ], [ 37.0110852, 47.08814, 0.0 ], [ 37.0106561, 47.0877017, 0.0 ], [ 37.0103986, 47.0874095, 0.0 ], [ 37.0099265, 47.0870442, 0.0 ], [ 37.0095188, 47.0862845, 0.0 ], [ 37.0093686, 47.0855978, 0.0 ], [ 37.0089313, 47.0848769, 0.0 ], [ 37.0077297, 47.0845847, 0.0 ], [ 37.0051333, 47.083971, 0.0 ], [ 36.9983527, 47.0830944, 0.0 ], [ 36.9937608, 47.0809172, 0.0 ], [ 36.9925377, 47.0806834, 0.0 ], [ 36.9907352, 47.080099, 0.0 ], [ 36.9894692, 47.0793976, 0.0 ], [ 36.9876453, 47.0793245, 0.0 ], [ 36.9864652, 47.0790907, 0.0 ], [ 36.9880959, 47.0783455, 0.0 ], [ 37.080471, 47.0469896, 0.0 ], [ 37.0849342, 47.0528378, 0.0 ], [ 37.0979805, 47.0591531, 0.0 ], [ 37.1233864, 47.039035, 0.0 ], [ 37.090084, 47.0083756, 0.0 ], [ 37.1405525, 46.982149, 0.0 ], [ 37.102787, 46.9598931, 0.0 ], [ 37.0918007, 46.9673908, 0.0 ], [ 37.0787544, 46.9617676, 0.0 ], [ 37.0220888, 46.9288362, 0.0 ], [ 37.0323885, 46.9178155, 0.0 ], [ 37.0619142, 46.8847401, 0.0 ] ] } },
{ "type": "Feature", "properties": { "Name": "", "description": "описание: <br>Назва: Line 166", "tessellate": 1, "extrude": 0, "visibility": -1, "________________": "", "__________": "Line 166" }, "geometry": { "type": "LineString", "coordinates": [ [ 33.4307477, 52.3444487, 0.0 ], [ 33.4465406, 52.3415123, 0.0 ], [ 33.444824, 52.3501114, 0.0 ], [ 33.4410474, 52.3557733, 0.0 ], [ 33.4537504, 52.3582894, 0.0 ], [ 33.4613035, 52.3662563, 0.0 ], [ 33.4822462, 52.3570314, 0.0 ], [ 33.4963224, 52.3555636, 0.0 ], [ 33.507652, 52.3576604, 0.0 ], [ 33.5193692, 52.353612, 0.0 ], [ 33.5138761, 52.3397699, 0.0 ], [ 33.4932767, 52.3280216, 0.0 ], [ 33.4802305, 52.3120726, 0.0 ], [ 33.558508, 52.3032561, 0.0 ], [ 33.5420285, 52.3255037, 0.0 ], [ 33.5811673, 52.311233, 0.0 ], [ 33.5763608, 52.322566, 0.0 ], [ 33.6196628, 52.3377192, 0.0 ], [ 33.6649814, 52.341495, 0.0 ], [ 33.6787143, 52.3553366, 0.0 ], [ 33.7130466, 52.363304, 0.0 ], [ 33.7205997, 52.3540784, 0.0 ], [ 33.7329593, 52.3540784, 0.0 ], [ 33.8043705, 52.3654005, 0.0 ], [ 33.8352695, 52.3612075, 0.0 ], [ 33.8565555, 52.3364606, 0.0 ], [ 33.8393894, 52.3200948, 0.0 ], [ 33.8789833, 52.30685, 0.0 ], [ 33.9167488, 52.3081095, 0.0 ], [ 33.9311684, 52.2929932, 0.0 ], [ 33.9476478, 52.284173, 0.0 ], [ 33.9428413, 52.2606438, 0.0 ], [ 33.9359749, 52.2492949, 0.0 ], [ 33.9578617, 52.2426792, 0.0 ], [ 33.9689339, 52.2307942, 0.0 ], [ 33.9806068, 52.2345791, 0.0 ], [ 34.0025795, 52.2257472, 0.0 ], [ 33.9998329, 52.2089198, 0.0 ], [ 34.0527046, 52.2009245, 0.0 ], [ 34.0581978, 52.1642963, 0.0 ], [ 34.0766252, 52.1545697, 0.0 ], [ 34.0907014, 52.1541484, 0.0 ], [ 34.1171373, 52.1404545, 0.0 ], [ 34.1119874, 52.137926, 0.0 ], [ 34.1103688, 52.1221797, 0.0 ], [ 34.0997258, 52.112693, 0.0 ], [ 34.0883961, 52.1107954, 0.0 ], [ 34.0873661, 52.1019389, 0.0 ], [ 34.0993824, 52.0930807, 0.0 ], [ 34.0949192, 52.0903385, 0.0 ], [ 34.0942326, 52.0863304, 0.0 ], [ 34.0842762, 52.0850646, 0.0 ], [ 34.0609303, 52.0738819, 0.0 ], [ 34.0612736, 52.068395, 0.0 ], [ 34.0804997, 52.0690281, 0.0 ], [ 34.0835896, 52.0567859, 0.0 ], [ 34.0921727, 52.0512969, 0.0 ], [ 34.0983525, 52.0413727, 0.0 ], [ 34.091486, 52.0352482, 0.0 ], [ 34.0962925, 52.0044018, 0.0 ], [ 34.1189518, 52.0056699, 0.0 ], [ 34.1319981, 52.0022883, 0.0 ], [ 34.1392079, 51.9953128, 0.0 ], [ 34.1282216, 51.9855877, 0.0 ], [ 34.135088, 51.9726881, 0.0 ], [ 34.1416111, 51.9724766, 0.0 ], [ 34.1409245, 51.9678234, 0.0 ], [ 34.1783467, 51.9716306, 0.0 ], [ 34.1896763, 51.9684579, 0.0 ], [ 34.1968861, 51.9523796, 0.0 ], [ 34.2058125, 51.9458196, 0.0 ], [ 34.2040963, 51.9410231, 0.0 ], [ 34.2216058, 51.9329797, 0.0 ], [ 34.2256609, 51.9284886, 0.0 ], [ 34.2193094, 51.9207606, 0.0 ], [ 34.232184, 51.9129253, 0.0 ], [ 34.2496935, 51.9166314, 0.0 ], [ 34.2615381, 51.9096426, 0.0 ], [ 34.2569033, 51.9079482, 0.0 ], [ 34.2553583, 51.9031823, 0.0 ], [ 34.2541567, 51.8940728, 0.0 ], [ 34.2588272, 51.8891842, 0.0 ], [ 34.2535057, 51.887383, 0.0 ], [ 34.2457809, 51.8815554, 0.0 ], [ 34.262947, 51.8784823, 0.0 ], [ 34.27462, 51.8878068, 0.0 ], [ 34.291068, 51.8874827, 0.0 ], [ 34.3031158, 51.8875949, 0.0 ], [ 34.3051757, 51.8845223, 0.0 ], [ 34.3125572, 51.8831448, 0.0 ], [ 34.3214836, 51.8779524, 0.0 ], [ 34.3269247, 51.8714397, 0.0 ], [ 34.3423892, 51.8659216, 0.0 ], [ 34.3430532, 51.8661698, 0.0 ], [ 34.3444265, 51.8651628, 0.0 ], [ 34.3454565, 51.8649243, 0.0 ], [ 34.3464864, 51.8637052, 0.0 ], [ 34.3486322, 51.8632282, 0.0 ], [ 34.3509925, 51.8630427, 0.0 ], [ 34.3524946, 51.8627247, 0.0 ], [ 34.3535675, 51.8618501, 0.0 ], [ 34.3569578, 51.8609225, 0.0 ], [ 34.3576873, 51.8602069, 0.0 ], [ 34.358846, 51.8603129, 0.0 ], [ 34.3627084, 51.8589877, 0.0 ], [ 34.3624938, 51.8585106, 0.0 ], [ 34.3642963, 51.8576625, 0.0 ], [ 34.3633092, 51.8564432, 0.0 ], [ 34.3628372, 51.8556215, 0.0 ], [ 34.3638242, 51.8546142, 0.0 ], [ 34.3650688, 51.853766, 0.0 ], [ 34.3663991, 51.8531828, 0.0 ], [ 34.3672145, 51.8522551, 0.0 ], [ 34.3680514, 51.8521225, 0.0 ], [ 34.3684591, 51.8516586, 0.0 ], [ 34.3670483, 51.8507308, 0.0 ], [ 34.3676921, 51.8483051, 0.0 ], [ 34.3682714, 51.8483449, 0.0 ], [ 34.3686147, 51.8480798, 0.0 ], [ 34.368722, 51.8475628, 0.0 ], [ 34.3683358, 51.8463565, 0.0 ], [ 34.3692799, 51.8465421, 0.0 ], [ 34.3692156, 51.8449911, 0.0 ], [ 34.3700953, 51.8452828, 0.0 ], [ 34.3729277, 51.8451767, 0.0 ], [ 34.3777772, 51.843798, 0.0 ], [ 34.3787213, 51.8433208, 0.0 ], [ 34.3791934, 51.8439571, 0.0 ], [ 34.3804808, 51.8442223, 0.0 ], [ 34.3852874, 51.8437715, 0.0 ], [ 34.3868752, 51.8443018, 0.0 ], [ 34.3876048, 51.8433473, 0.0 ], [ 34.3867894, 51.8419421, 0.0 ], [ 34.3865319, 51.8407224, 0.0 ], [ 34.3879052, 51.8400065, 0.0 ], [ 34.3876477, 51.8386276, 0.0 ], [ 34.3895759, 51.8355518, 0.0 ], [ 34.4117537, 51.8287154, 0.0 ], [ 34.4151869, 51.8138605, 0.0 ], [ 34.4145003, 51.8045206, 0.0 ], [ 34.4082602, 51.782382, 0.0 ], [ 34.4195899, 51.7779215, 0.0 ], [ 34.4310912, 51.7711236, 0.0 ], [ 34.4389876, 51.7600749, 0.0 ], [ 34.4360723, 51.750529, 0.0 ], [ 34.4361581, 51.7487755, 0.0 ], [ 34.4376172, 51.7473407, 0.0 ], [ 34.4389905, 51.7451619, 0.0 ], [ 34.4408788, 51.7432487, 0.0 ], [ 34.4389047, 51.7395284, 0.0 ], [ 34.434184, 51.7364456, 0.0 ], [ 34.4343961, 51.7298494, 0.0 ], [ 34.430877, 51.7289457, 0.0 ], [ 34.4265855, 51.7285735, 0.0 ], [ 34.423026, 51.7259201, 0.0 ], [ 34.421996, 51.7228895, 0.0 ], [ 34.4035986, 51.7175983, 0.0 ], [ 34.3995646, 51.7159499, 0.0 ], [ 34.3938997, 51.7173325, 0.0 ], [ 34.3884066, 51.717811, 0.0 ], [ 34.3809393, 51.7152586, 0.0 ], [ 34.3713873, 51.7145037, 0.0 ], [ 34.3689841, 51.7126956, 0.0 ], [ 34.3605727, 51.7125892, 0.0 ], [ 34.3545645, 51.7132274, 0.0 ], [ 34.3483847, 51.7149292, 0.0 ], [ 34.3422049, 51.7139719, 0.0 ], [ 34.3353385, 51.7132274, 0.0 ], [ 34.3293303, 51.71578, 0.0 ], [ 34.3229259, 51.7158919, 0.0 ], [ 34.3190635, 51.7165832, 0.0 ], [ 34.3167032, 51.7162375, 0.0 ], [ 34.3152227, 51.7169155, 0.0 ], [ 34.3137325, 51.7181227, 0.0 ], [ 34.3131412, 51.7186039, 0.0 ], [ 34.3124975, 51.7196407, 0.0 ], [ 34.3103947, 51.7196141, 0.0 ], [ 34.3078197, 51.7199332, 0.0 ], [ 34.3069829, 51.7190558, 0.0 ], [ 34.3059958, 51.7185773, 0.0 ], [ 34.3055238, 51.7181785, 0.0 ], [ 34.303893, 51.7163838, 0.0 ], [ 34.3025412, 51.7152936, 0.0 ], [ 34.3037857, 51.7146156, 0.0 ], [ 34.3019833, 51.7137648, 0.0 ], [ 34.301125, 51.7120098, 0.0 ], [ 34.299065, 51.7117971, 0.0 ], [ 34.2977161, 51.7085474, 0.0 ], [ 34.2947979, 51.7068454, 0.0 ], [ 34.2881889, 51.7043987, 0.0 ], [ 34.2814083, 51.7055689, 0.0 ], [ 34.27849, 51.705037, 0.0 ], [ 34.275716, 51.7040251, 0.0 ], [ 34.2717248, 51.7034665, 0.0 ], [ 34.2663879, 51.7038668, 0.0 ], [ 34.2616988, 51.7010515, 0.0 ], [ 34.2500258, 51.7028601, 0.0 ], [ 34.2384369, 51.6986965, 0.0 ], [ 34.2205841, 51.7023138, 0.0 ], [ 34.2078812, 51.7033777, 0.0 ], [ 34.2061646, 51.6935892, 0.0 ], [ 34.1896851, 51.6946533, 0.0 ], [ 34.159816, 51.6869915, 0.0 ], [ 34.1419632, 51.6880557, 0.0 ], [ 34.1247971, 51.6855016, 0.0 ], [ 34.0921814, 51.6761351, 0.0 ], [ 34.0805084, 51.6684702, 0.0 ], [ 34.0860016, 51.6625077, 0.0 ], [ 34.0959579, 51.6618688, 0.0 ], [ 34.1038544, 51.6678314, 0.0 ], [ 34.1059143, 51.6580353, 0.0 ], [ 34.1107208, 51.6495152, 0.0 ], [ 34.1289169, 51.6484501, 0.0 ], [ 34.1302902, 51.6435502, 0.0 ], [ 34.149173, 51.642485, 0.0 ], [ 34.1659958, 51.6454676, 0.0 ], [ 34.1802424, 51.6247012, 0.0 ], [ 34.1817886, 51.5970816, 0.0 ], [ 34.2126877, 51.6017733, 0.0 ], [ 34.2164642, 51.5744696, 0.0 ], [ 34.2253009, 51.5763673, 0.0 ], [ 34.2380039, 51.5849011, 0.0 ], [ 34.2489902, 51.5774342, 0.0 ], [ 34.2459003, 51.5684721, 0.0 ], [ 34.2555133, 51.5599353, 0.0 ], [ 34.2500202, 51.5545989, 0.0 ], [ 34.2548267, 51.5479809, 0.0 ], [ 34.2589466, 51.5481944, 0.0 ], [ 34.2596332, 51.5332472, 0.0 ], [ 34.2949954, 51.5332472, 0.0 ], [ 34.2967121, 51.5242764, 0.0 ], [ 34.3052516, 51.5210883, 0.0 ], [ 34.3073115, 51.5127562, 0.0 ], [ 34.2989001, 51.5120083, 0.0 ], [ 34.2925486, 51.5101921, 0.0 ], [ 34.2901454, 51.5086964, 0.0 ], [ 34.2978701, 51.4925605, 0.0 ], [ 34.290832, 51.4872162, 0.0 ], [ 34.2910029, 51.4809668, 0.0 ], [ 34.2807032, 51.4718788, 0.0 ], [ 34.276755, 51.4746588, 0.0 ], [ 34.2664553, 51.4735896, 0.0 ], [ 34.2637088, 51.4674946, 0.0 ], [ 34.2571856, 51.46065, 0.0 ], [ 34.2452296, 51.4561434, 0.0 ], [ 34.2457446, 51.4534692, 0.0 ], [ 34.2560443, 51.4392399, 0.0 ], [ 34.2455729, 51.4363507, 0.0 ], [ 34.2459163, 51.4309998, 0.0 ], [ 34.2223987, 51.428003, 0.0 ], [ 34.2272052, 51.4210455, 0.0 ], [ 34.2215404, 51.4175129, 0.0 ], [ 34.2276474, 51.409649, 0.0 ], [ 34.2273041, 51.4000114, 0.0 ], [ 34.2475602, 51.4012965, 0.0 ], [ 34.2599198, 51.3942278, 0.0 ], [ 34.2709061, 51.3826585, 0.0 ], [ 34.2736527, 51.3865153, 0.0 ], [ 34.2774292, 51.3860868, 0.0 ], [ 34.2808625, 51.3908002, 0.0 ], [ 34.2915055, 51.3873723, 0.0 ], [ 34.286699, 51.374944, 0.0 ], [ 34.2987152, 51.3740868, 0.0 ], [ 34.3032205, 51.3794016, 0.0 ], [ 34.3099153, 51.3719009, 0.0 ], [ 34.3387544, 51.365042, 0.0 ], [ 34.3372095, 51.3547518, 0.0 ], [ 34.3168464, 51.3437537, 0.0 ], [ 34.3189063, 51.3354964, 0.0 ], [ 34.3156448, 51.3299192, 0.0 ], [ 34.3124048, 51.3299192, 0.0 ], [ 34.310023, 51.3317426, 0.0 ], [ 34.3117824, 51.333566, 0.0 ], [ 34.3103664, 51.3348932, 0.0 ], [ 34.3059461, 51.3361132, 0.0 ], [ 34.3025987, 51.335443, 0.0 ], [ 34.2971054, 51.3347457, 0.0 ], [ 34.2863863, 51.339271, 0.0 ], [ 34.2813223, 51.3347131, 0.0 ], [ 34.2894574, 51.3220002, 0.0 ] ] } },
{ "type": "Feature", "properties": { "Name": "", "description": "описание: <br>Назва: Line 168", "tessellate": 1, "extrude": 0, "visibility": -1, "________________": "", "__________": "Line 168" }, "geometry": { "type": "LineString", "coordinates": [ [ 34.8091141, 51.1721993, 0.0 ], [ 34.8138422, 51.1714798, 0.0 ], [ 34.816503, 51.1693271, 0.0 ], [ 34.8349566, 51.1693271, 0.0 ], [ 34.8348707, 51.1780985, 0.0 ], [ 34.8334974, 51.179928, 0.0 ], [ 34.8335833, 51.1831562, 0.0 ], [ 34.8370165, 51.183748, 0.0 ], [ 34.8471445, 51.1891815, 0.0 ], [ 34.8456854, 51.1909029, 0.0 ], [ 34.8619932, 51.1990249, 0.0 ], [ 34.8633665, 51.1986484, 0.0 ], [ 34.8728079, 51.191656, 0.0 ], [ 34.8762411, 51.1910105, 0.0 ], [ 34.8770136, 51.1923553, 0.0 ], [ 34.880361, 51.1950448, 0.0 ], [ 34.8824209, 51.1952061, 0.0 ], [ 34.8843092, 51.1962281, 0.0 ], [ 34.8875018, 51.1953419, 0.0 ], [ 34.890489, 51.1949372, 0.0 ], [ 34.8983854, 51.1932697, 0.0 ], [ 34.9013895, 51.1963356, 0.0 ], [ 34.9044794, 51.1978954, 0.0 ], [ 34.905681, 51.2003156, 0.0 ], [ 34.9041361, 51.2017677, 0.0 ], [ 34.9037928, 51.2042953, 0.0 ], [ 34.9124617, 51.2065001, 0.0 ], [ 34.9240833, 51.2054622, 0.0 ], [ 34.9324947, 51.2072905, 0.0 ], [ 34.9378162, 51.2114847, 0.0 ], [ 34.9386745, 51.2170762, 0.0 ], [ 34.9431377, 51.2193342, 0.0 ], [ 34.9512804, 51.2195838, 0.0 ], [ 34.9510341, 51.2230972, 0.0 ], [ 34.9498325, 51.2267524, 0.0 ], [ 34.9645492, 51.2307051, 0.0 ], [ 34.9798732, 51.2357816, 0.0 ], [ 34.9824481, 51.2324496, 0.0 ], [ 34.9863964, 51.2300848, 0.0 ], [ 34.9965244, 51.2287948, 0.0 ], [ 35.0033908, 51.2311597, 0.0 ], [ 35.008884, 51.2316972, 0.0 ], [ 35.0135189, 51.2286874, 0.0 ], [ 35.0209003, 51.2225596, 0.0 ], [ 35.0246768, 51.2201943, 0.0 ], [ 35.0315433, 51.2196567, 0.0 ], [ 35.0377231, 51.2177214, 0.0 ], [ 35.0375178, 51.2043992, 0.0 ], [ 35.0474728, 51.2073001, 0.0 ], [ 35.0584591, 51.2134299, 0.0 ], [ 35.0630939, 51.2184836, 0.0 ], [ 35.0613773, 51.2236443, 0.0 ], [ 35.0656689, 51.2279444, 0.0 ], [ 35.0718487, 51.2315992, 0.0 ], [ 35.0747669, 51.2323517, 0.0 ], [ 35.0854099, 51.2299869, 0.0 ], [ 35.104636, 51.2327816, 0.0 ], [ 35.1178539, 51.2298794, 0.0 ], [ 35.1192272, 51.2317067, 0.0 ], [ 35.1504696, 51.2236443, 0.0 ], [ 35.150328, 51.2213618, 0.0 ], [ 35.1388266, 51.2172761, 0.0 ], [ 35.136595, 51.2127599, 0.0 ], [ 35.1369384, 51.2082433, 0.0 ], [ 35.1438048, 51.2061999, 0.0 ], [ 35.1426032, 51.2018977, 0.0 ], [ 35.1389983, 51.1992087, 0.0 ], [ 35.1302436, 51.1941528, 0.0 ], [ 35.1300719, 51.1741391, 0.0 ], [ 35.1345351, 51.1710179, 0.0 ], [ 35.1230775, 51.1653322, 0.0 ], [ 35.125867, 51.1595728, 0.0 ], [ 35.1326476, 51.1553201, 0.0 ], [ 35.1365958, 51.1540819, 0.0 ], [ 35.1397716, 51.1525745, 0.0 ], [ 35.1409732, 51.1509594, 0.0 ], [ 35.1348792, 51.148375, 0.0 ], [ 35.1361667, 51.1445521, 0.0 ], [ 35.143634, 51.1400287, 0.0 ], [ 35.1438915, 51.1377669, 0.0 ], [ 35.141296, 51.1344443, 0.0 ], [ 35.1543422, 51.1312127, 0.0 ], [ 35.1632686, 51.1274422, 0.0 ], [ 35.1684185, 51.1263649, 0.0 ], [ 35.1751133, 51.12087, 0.0 ], [ 35.1680751, 51.1196848, 0.0 ], [ 35.1632686, 51.1109561, 0.0 ], [ 35.1636119, 51.1077228, 0.0 ], [ 35.1670452, 51.1054594, 0.0 ], [ 35.1634403, 51.1054594, 0.0 ], [ 35.1651569, 51.1000699, 0.0 ], [ 35.1687618, 51.1005011, 0.0 ], [ 35.1697917, 51.1037349, 0.0 ], [ 35.1723667, 51.1003933, 0.0 ], [ 35.1761432, 51.0992075, 0.0 ], [ 35.1739116, 51.0875638, 0.0 ], [ 35.1557155, 51.0906906, 0.0 ], [ 35.1477697, 51.0826815, 0.0 ], [ 35.1474211, 51.0796815, 0.0 ], [ 35.1622224, 51.0791846, 0.0 ], [ 35.1811051, 51.0640837, 0.0 ], [ 35.1907181, 51.0528628, 0.0 ], [ 35.2133026, 51.0464644, 0.0 ], [ 35.2258339, 51.0541262, 0.0 ], [ 35.2423992, 51.0606, 0.0 ], [ 35.2436867, 51.0637826, 0.0 ], [ 35.2482357, 51.0644838, 0.0 ], [ 35.2532997, 51.0616249, 0.0 ], [ 35.2559605, 51.0621104, 0.0 ], [ 35.2575055, 51.0614631, 0.0 ], [ 35.2573868, 51.0585876, 0.0 ], [ 35.2609058, 51.0612309, 0.0 ], [ 35.2656545, 51.0634103, 0.0 ], [ 35.265887, 51.0620337, 0.0 ], [ 35.2645387, 51.0597962, 0.0 ], [ 35.265912, 51.0581778, 0.0 ], [ 35.2729501, 51.0581238, 0.0 ], [ 35.272521, 51.0594185, 0.0 ], [ 35.2732076, 51.0597962, 0.0 ], [ 35.2748384, 51.058933, 0.0 ], [ 35.275525, 51.0602817, 0.0 ], [ 35.2762117, 51.0624394, 0.0 ], [ 35.2738942, 51.0639498, 0.0 ], [ 35.2733972, 51.0649195, 0.0 ], [ 35.2744092, 51.0662152, 0.0 ], [ 35.27604, 51.0661613, 0.0 ], [ 35.2769842, 51.0642195, 0.0 ], [ 35.2791299, 51.0664849, 0.0 ], [ 35.2810182, 51.0676715, 0.0 ], [ 35.2828206, 51.0668625, 0.0 ], [ 35.2847089, 51.0675097, 0.0 ], [ 35.2862539, 51.0672939, 0.0 ], [ 35.2878846, 51.0690199, 0.0 ], [ 35.2884855, 51.0693974, 0.0 ], [ 35.294207, 51.0694213, 0.0 ], [ 35.2942557, 51.0697651, 0.0 ], [ 35.2955432, 51.0699808, 0.0 ], [ 35.2983756, 51.0708977, 0.0 ], [ 35.2973456, 51.0727853, 0.0 ], [ 35.301208, 51.0719224, 0.0 ], [ 35.3011222, 51.0731628, 0.0 ], [ 35.3008647, 51.0741874, 0.0 ], [ 35.3030104, 51.0740796, 0.0 ], [ 35.3042121, 51.0746728, 0.0 ], [ 35.3053279, 51.0765063, 0.0 ], [ 35.3036113, 51.0774769, 0.0 ], [ 35.3039546, 51.0789329, 0.0 ], [ 35.3116793, 51.0787711, 0.0 ], [ 35.312366, 51.0772073, 0.0 ], [ 35.3282447, 51.0770455, 0.0 ], [ 35.3259272, 51.0740796, 0.0 ], [ 35.3278155, 51.0710055, 0.0 ], [ 35.3333087, 51.0690639, 0.0 ], [ 35.3483374, 51.062801, 0.0 ], [ 35.3552388, 51.0589444, 0.0 ], [ 35.3513819, 51.0622437, 0.0 ], [ 35.3609091, 51.0661814, 0.0 ], [ 35.3663164, 51.0656959, 0.0 ], [ 35.3725821, 51.0658038, 0.0 ], [ 35.3753287, 51.0671522, 0.0 ], [ 35.3846375, 51.0569407, 0.0 ], [ 35.3865258, 51.0533799, 0.0 ], [ 35.390474, 51.0533799, 0.0 ], [ 35.3956238, 51.0549985, 0.0 ], [ 35.4059235, 51.0482001, 0.0 ], [ 35.4053098, 51.0446286, 0.0 ], [ 35.4055672, 51.0425779, 0.0 ], [ 35.4078847, 51.0426319, 0.0 ], [ 35.4087869, 51.0392245, 0.0 ], [ 35.403679, 51.0387462, 0.0 ], [ 35.403604, 51.0341373, 0.0 ], [ 35.4001708, 51.0334896, 0.0 ], [ 35.39957, 51.0317083, 0.0 ], [ 35.4030032, 51.0314924, 0.0 ], [ 35.4033466, 51.0289554, 0.0 ], [ 35.4078097, 51.0289014, 0.0 ], [ 35.4089255, 51.0266341, 0.0 ], [ 35.4045482, 51.0243667, 0.0 ], [ 35.403604, 51.0226391, 0.0 ], [ 35.3946448, 51.0225303, 0.0 ], [ 35.3937865, 51.0199928, 0.0 ], [ 35.3839873, 51.0199925, 0.0 ], [ 35.3828715, 51.013243, 0.0 ], [ 35.3754042, 51.011731, 0.0 ], [ 35.3759192, 51.0104349, 0.0 ], [ 35.3752326, 51.0090308, 0.0 ], [ 35.3732585, 51.0086528, 0.0 ], [ 35.3690528, 51.0084908, 0.0 ], [ 35.3664778, 51.0078967, 0.0 ], [ 35.3658827, 51.0072017, 0.0 ], [ 35.359783, 51.0056015, 0.0 ], [ 35.3571223, 51.0055744, 0.0 ], [ 35.3519724, 51.0059525, 0.0 ], [ 35.3430461, 51.0074647, 0.0 ], [ 35.3407287, 51.0074918, 0.0 ], [ 35.3343772, 51.0089768, 0.0 ], [ 35.3308581, 51.0103269, 0.0 ], [ 35.3248863, 51.0147433, 0.0 ], [ 35.3225688, 51.0134719, 0.0 ], [ 35.3289923, 51.0084837, 0.0 ], [ 35.3308806, 51.0029209, 0.0 ], [ 35.3380474, 50.9986808, 0.0 ], [ 35.3296888, 50.9962207, 0.0 ], [ 35.3324353, 50.9922231, 0.0 ], [ 35.3403318, 50.9874688, 0.0 ], [ 35.34325, 50.9874688, 0.0 ], [ 35.3515382, 50.9728941, 0.0 ], [ 35.34862, 50.9721374, 0.0 ], [ 35.3432985, 50.9674891, 0.0 ], [ 35.3422685, 50.9639215, 0.0 ], [ 35.3359171, 50.9630566, 0.0 ], [ 35.3342004, 50.9590561, 0.0 ], [ 35.3362604, 50.9586236, 0.0 ], [ 35.3360887, 50.9562448, 0.0 ], [ 35.3318881, 50.9527031, 0.0 ], [ 35.3301715, 50.9520542, 0.0 ], [ 35.3291415, 50.9474039, 0.0 ], [ 35.3257941, 50.946755, 0.0 ], [ 35.3328893, 50.9345922, 0.0 ], [ 35.3391573, 50.9343658, 0.0 ], [ 35.343878, 50.9355558, 0.0 ], [ 35.3446505, 50.9332298, 0.0 ], [ 35.3476545, 50.9331216, 0.0 ], [ 35.3461886, 50.9322309, 0.0 ], [ 35.3554583, 50.9310408, 0.0 ], [ 35.3643847, 50.9329882, 0.0 ], [ 35.3724844, 50.9322648, 0.0 ], [ 35.3659296, 50.9258474, 0.0 ], [ 35.373826, 50.9232505, 0.0 ], [ 35.3887605, 50.9237915, 0.0 ], [ 35.3923654, 50.9246572, 0.0 ], [ 35.3939103, 50.9182726, 0.0 ], [ 35.4002618, 50.9148095, 0.0 ], [ 35.4021501, 50.9104801, 0.0 ], [ 35.3968286, 50.9093977, 0.0 ], [ 35.3963136, 50.9062587, 0.0 ], [ 35.4033517, 50.9030111, 0.0 ], [ 35.3802319, 50.8959808, 0.0 ], [ 35.3874416, 50.886127, 0.0 ], [ 35.4016895, 50.8795206, 0.0 ], [ 35.3892919, 50.8764521, 0.0 ], [ 35.3858587, 50.8742857, 0.0 ], [ 35.3829405, 50.8710359, 0.0 ], [ 35.3850004, 50.8670275, 0.0 ], [ 35.3923818, 50.8650774, 0.0 ], [ 35.397875, 50.8639939, 0.0 ], [ 35.4021665, 50.8652941, 0.0 ], [ 35.4054296, 50.8628015, 0.0 ], [ 35.4066312, 50.8566252, 0.0 ], [ 35.4116094, 50.8534825, 0.0 ], [ 35.4196774, 50.842319, 0.0 ], [ 35.4191625, 50.8366821, 0.0 ], [ 35.4205357, 50.8287675, 0.0 ], [ 35.4129827, 50.8154289, 0.0 ], [ 35.4092061, 50.8063175, 0.0 ], [ 35.4155576, 50.7980723, 0.0 ], [ 35.4337536, 50.7941662, 0.0 ], [ 35.4492031, 50.7829885, 0.0 ], [ 35.4579578, 50.7825543, 0.0 ], [ 35.4675709, 50.7829885, 0.0 ], [ 35.472034, 50.7854847, 0.0 ], [ 35.4879985, 50.7766931, 0.0 ], [ 35.4727207, 50.7554126, 0.0 ], [ 35.4764372, 50.7533788, 0.0 ], [ 35.4742914, 50.7499576, 0.0 ], [ 35.4720598, 50.7481655, 0.0 ], [ 35.4696566, 50.7469707, 0.0 ], [ 35.4694849, 50.743875, 0.0 ], [ 35.4720598, 50.7430603, 0.0 ], [ 35.473519, 50.7402903, 0.0 ], [ 35.4720598, 50.7377373, 0.0 ], [ 35.4683691, 50.7364879, 0.0 ], [ 35.4639059, 50.7345323, 0.0 ], [ 35.4733473, 50.7259485, 0.0 ], [ 35.4699304, 50.7197036, 0.0 ], [ 35.4668405, 50.7164431, 0.0 ], [ 35.4669263, 50.7112801, 0.0 ], [ 35.4658105, 50.7082907, 0.0 ], [ 35.4622915, 50.7082907, 0.0 ], [ 35.4622056, 50.7075841, 0.0 ], [ 35.4614332, 50.7066601, 0.0 ], [ 35.4598024, 50.7058991, 0.0 ], [ 35.4593732, 50.7044858, 0.0 ], [ 35.4617765, 50.7032355, 0.0 ], [ 35.4615936, 50.7013275, 0.0 ], [ 35.4601457, 50.6983973, 0.0 ], [ 35.4602315, 50.6965488, 0.0 ], [ 35.4628065, 50.6945916, 0.0 ], [ 35.4637506, 50.6929061, 0.0 ], [ 35.461519, 50.6912205, 0.0 ], [ 35.4592874, 50.6889368, 0.0 ], [ 35.4641817, 50.6837584, 0.0 ], [ 35.4732797, 50.6791901, 0.0 ], [ 35.4787729, 50.6810393, 0.0 ], [ 35.4966256, 50.6789726, 0.0 ], [ 35.4866693, 50.6709225, 0.0 ], [ 35.4899309, 50.6588448, 0.0 ], [ 35.486326, 50.6554712, 0.0 ], [ 35.4794595, 50.6579742, 0.0 ], [ 35.4628084, 50.6661353, 0.0 ], [ 35.4284762, 50.6554712, 0.0 ], [ 35.4096587, 50.6547512, 0.0 ], [ 35.3990879, 50.6556256, 0.0 ], [ 35.3923746, 50.6501512, 0.0 ], [ 35.3929986, 50.64454, 0.0 ], [ 35.3916253, 50.6421995, 0.0 ], [ 35.401207, 50.6334721, 0.0 ], [ 35.4060135, 50.6232361, 0.0 ], [ 35.4128799, 50.6134336, 0.0 ], [ 35.4211197, 50.6167014, 0.0 ], [ 35.4245529, 50.6034112, 0.0 ], [ 35.4111633, 50.5966558, 0.0 ], [ 35.3909073, 50.579872, 0.0 ], [ 35.4255762, 50.563476, 0.0 ], [ 35.4303827, 50.5540974, 0.0 ], [ 35.4393091, 50.5425351, 0.0 ], [ 35.4348459, 50.5316247, 0.0 ], [ 35.4443478, 50.5296352, 0.0 ], [ 35.4457211, 50.5228691, 0.0 ], [ 35.4549908, 50.5154472, 0.0 ], [ 35.4625439, 50.5043122, 0.0 ], [ 35.4779934, 50.4877139, 0.0 ], [ 35.5003262, 50.4818208, 0.0 ], [ 35.5058194, 50.4765774, 0.0 ], [ 35.5226422, 50.4687112, 0.0 ], [ 35.5332852, 50.4654332, 0.0 ], [ 35.5380917, 50.4593137, 0.0 ], [ 35.5507947, 50.4577837, 0.0 ], [ 35.560751, 50.4529748, 0.0 ], [ 35.5610943, 50.4575651, 0.0 ], [ 35.5696774, 50.4643405, 0.0 ], [ 35.5878735, 50.4486026, 0.0 ], [ 35.5868435, 50.4315474, 0.0 ], [ 35.583067, 50.4300165, 0.0 ], [ 35.5827243, 50.3927815, 0.0 ], [ 35.5937106, 50.3930004, 0.0 ], [ 35.5971438, 50.3838068, 0.0 ], [ 35.6118533, 50.3751454, 0.0 ], [ 35.6022937, 50.3669472, 0.0 ], [ 35.6255949, 50.352033, 0.0 ], [ 35.6279982, 50.3546617, 0.0 ], [ 35.6584807, 50.3513985, 0.0 ], [ 35.6703794, 50.3554389, 0.0 ], [ 35.7327402, 50.355448, 0.0 ], [ 35.7389766, 50.3543542, 0.0 ], [ 35.7563144, 50.368481, 0.0 ], [ 35.7722953, 50.3772039, 0.0 ], [ 35.8045149, 50.3993787, 0.0 ], [ 35.8072615, 50.4111949, 0.0 ], [ 35.7976485, 50.4111949, 0.0 ], [ 35.791812, 50.4162268, 0.0 ], [ 35.8317173, 50.4339705, 0.0 ], [ 35.8354938, 50.4247849, 0.0 ], [ 35.8547199, 50.4293779, 0.0 ], [ 35.8718861, 50.4223788, 0.0 ], [ 35.886715, 50.4366834, 0.0 ], [ 35.8895961, 50.4388119, 0.0 ], [ 35.8995524, 50.4391945, 0.0 ], [ 35.9058181, 50.4381559, 0.0 ], [ 35.9101954, 50.4347664, 0.0 ], [ 35.9174052, 50.4348758, 0.0 ], [ 35.9224692, 50.4375546, 0.0 ], [ 35.9267547, 50.4352949, 0.0 ], [ 35.9307887, 50.4306478, 0.0 ], [ 35.9363677, 50.4302651, 0.0 ], [ 35.9373118, 50.4339829, 0.0 ], [ 35.9436633, 50.4340375, 0.0 ], [ 35.950994, 50.4348417, 0.0 ], [ 35.9558863, 50.433803, 0.0 ], [ 35.967583, 50.4361018, 0.0 ], [ 35.9722178, 50.4380152, 0.0 ], [ 35.9751361, 50.4408031, 0.0 ], [ 35.9828608, 50.4409671, 0.0 ], [ 35.9965079, 50.4430442, 0.0 ], [ 36.0038366, 50.4457791, 0.0 ], [ 36.0170545, 50.446107, 0.0 ], [ 36.02744, 50.4474734, 0.0 ], [ 36.0358321, 50.4476289, 0.0 ], [ 36.0388361, 50.4498151, 0.0 ], [ 36.0442435, 50.4491046, 0.0 ], [ 36.0523974, 50.4497604, 0.0 ], [ 36.0640704, 50.4513453, 0.0 ], [ 36.0680186, 50.451236, 0.0 ], [ 36.067975, 50.4488135, 0.0 ], [ 36.0693483, 50.4462446, 0.0 ], [ 36.074069, 50.4473924, 0.0 ], [ 36.0866003, 50.4485402, 0.0 ], [ 36.0927801, 50.4448782, 0.0 ], [ 36.1169901, 50.4384588, 0.0 ], [ 36.1365595, 50.4378028, 0.0 ], [ 36.1600771, 50.4322265, 0.0 ], [ 36.1702142, 50.4089722, 0.0 ], [ 36.1750124, 50.4040189, 0.0 ], [ 36.1768383, 50.4017113, 0.0 ], [ 36.1843914, 50.4063066, 0.0 ], [ 36.1914295, 50.4035714, 0.0 ], [ 36.1933177, 50.4036808, 0.0 ], [ 36.1943477, 50.4020943, 0.0 ], [ 36.1969226, 50.400453, 0.0 ], [ 36.1990684, 50.4001795, 0.0 ], [ 36.2004417, 50.3990305, 0.0 ], [ 36.2025016, 50.3961855, 0.0 ], [ 36.2082523, 50.3912609, 0.0 ], [ 36.2104839, 50.3865546, 0.0 ], [ 36.2207613, 50.3778951, 0.0 ], [ 36.2302885, 50.3717643, 0.0 ], [ 36.2327776, 50.3643187, 0.0 ], [ 36.2419154, 50.3583003, 0.0 ], [ 36.255899, 50.3551121, 0.0 ], [ 36.2834084, 50.3352644, 0.0 ], [ 36.2778331, 50.3304718, 0.0 ], [ 36.2740566, 50.3242253, 0.0 ], [ 36.2800647, 50.3231293, 0.0 ], [ 36.2762882, 50.3164433, 0.0 ], [ 36.2859012, 50.3055903, 0.0 ], [ 36.2863097, 50.2986439, 0.0 ], [ 36.2899168, 50.2989939, 0.0 ], [ 36.2992425, 50.2991076, 0.0 ], [ 36.2969639, 50.2921026, 0.0 ], [ 36.304002, 50.2921575, 0.0 ], [ 36.3288071, 50.289306, 0.0 ], [ 36.3421404, 50.2886579, 0.0 ], [ 36.3545, 50.2884385, 0.0 ], [ 36.3618229, 50.2869257, 0.0 ], [ 36.3784171, 50.2944558, 0.0 ], [ 36.3729239, 50.3008159, 0.0 ], [ 36.3979865, 50.3067366, 0.0 ], [ 36.4103461, 50.3130951, 0.0 ], [ 36.4247656, 50.3295355, 0.0 ], [ 36.4330054, 50.3304122, 0.0 ], [ 36.4405585, 50.3111219, 0.0 ], [ 36.4724875, 50.3130951, 0.0 ], [ 36.4882804, 50.3112315, 0.0 ], [ 36.4913703, 50.3061885, 0.0 ], [ 36.4968634, 50.3030089, 0.0 ], [ 36.500125, 50.2998291, 0.0 ], [ 36.5100813, 50.2957718, 0.0 ], [ 36.5164328, 50.2953331, 0.0 ], [ 36.5257025, 50.2941268, 0.0 ], [ 36.5263892, 50.2928108, 0.0 ], [ 36.5241576, 50.2899593, 0.0 ], [ 36.5227643, 50.2861135, 0.0 ], [ 36.5318929, 50.2839339, 0.0 ], [ 36.5383855, 50.28381, 0.0 ], [ 36.5476552, 50.2818356, 0.0 ], [ 36.5546933, 50.2813968, 0.0 ], [ 36.5589849, 50.2828228, 0.0 ], [ 36.5608731, 50.2843585, 0.0 ], [ 36.5675679, 50.2860038, 0.0 ], [ 36.5845624, 50.2861135, 0.0 ], [ 36.5879956, 50.283481, 0.0 ], [ 36.5881673, 50.2818356, 0.0 ], [ 36.5891973, 50.2792029, 0.0 ], [ 36.5921155, 50.2781059, 0.0 ], [ 36.5924588, 50.2759118, 0.0 ], [ 36.5739194, 50.2748147, 0.0 ], [ 36.5799237, 50.2627454, 0.0 ], [ 36.5751172, 50.2608798, 0.0 ], [ 36.5780355, 50.2587947, 0.0 ], [ 36.5747739, 50.2558314, 0.0 ], [ 36.5685941, 50.2578069, 0.0 ], [ 36.5602879, 50.2510857, 0.0 ], [ 36.5694524, 50.2446352, 0.0 ], [ 36.5763189, 50.2421102, 0.0 ], [ 36.5771772, 50.2395851, 0.0 ], [ 36.583357, 50.2360717, 0.0 ], [ 36.5981198, 50.2312403, 0.0 ], [ 36.5958533, 50.2296161, 0.0 ], [ 36.6136022, 50.2234495, 0.0 ], [ 36.615131, 50.227261, 0.0 ], [ 36.6172767, 50.2274257, 0.0 ], [ 36.6403195, 50.2224111, 0.0 ], [ 36.6480442, 50.217853, 0.0 ], [ 36.6639229, 50.2223562, 0.0 ], [ 36.6797157, 50.2378948, 0.0 ], [ 36.6841048, 50.2503636, 0.0 ], [ 36.6851143, 50.2516141, 0.0 ], [ 36.6825824, 50.2567128, 0.0 ], [ 36.6891482, 50.2675223, 0.0 ], [ 36.6956936, 50.2687568, 0.0 ], [ 36.7008653, 50.2640657, 0.0 ], [ 36.7038694, 50.2641205, 0.0 ], [ 36.7050645, 50.2685482, 0.0 ], [ 36.720514, 50.2777641, 0.0 ], [ 36.7290971, 50.277435, 0.0 ], [ 36.7396724, 50.2829741, 0.0 ], [ 36.742419, 50.2814933, 0.0 ], [ 36.7446506, 50.2818224, 0.0 ], [ 36.7450797, 50.280506, 0.0 ], [ 36.7492854, 50.2802866, 0.0 ], [ 36.7508134, 50.283872, 0.0 ], [ 36.7501437, 50.2863744, 0.0 ], [ 36.7475688, 50.2871971, 0.0 ], [ 36.7478263, 50.2882939, 0.0 ], [ 36.7531478, 50.2897197, 0.0 ], [ 36.7548644, 50.2906519, 0.0 ], [ 36.7610442, 50.2897197, 0.0 ], [ 36.7636192, 50.2909261, 0.0 ], [ 36.7721164, 50.2889519, 0.0 ], [ 36.7721164, 50.2898293, 0.0 ], [ 36.7667091, 50.2920228, 0.0 ], [ 36.7643058, 50.2921325, 0.0 ], [ 36.7667949, 50.2964094, 0.0 ], [ 36.7683208, 50.3022584, 0.0 ], [ 36.7757023, 50.3033548, 0.0 ], [ 36.7815387, 50.3030259, 0.0 ], [ 36.7851436, 50.3044512, 0.0 ], [ 36.8002498, 50.3062055, 0.0 ], [ 36.8036711, 50.3097968, 0.0 ], [ 36.8210597, 50.3135431, 0.0 ], [ 36.8272395, 50.3126662, 0.0 ], [ 36.834106, 50.3131046, 0.0 ], [ 36.8524738, 50.3280108, 0.0 ], [ 36.8727298, 50.3356813, 0.0 ], [ 36.8828578, 50.336777, 0.0 ], [ 36.9154959, 50.3464479, 0.0 ], [ 36.9376402, 50.3502818, 0.0 ], [ 36.954074, 50.3495667, 0.0 ], [ 37.037585, 50.3486457, 0.0 ], [ 37.0453873, 50.345129, 0.0 ], [ 37.0615235, 50.347539, 0.0 ], [ 37.0706215, 50.346115, 0.0 ], [ 37.1047821, 50.3515919, 0.0 ], [ 37.1056404, 50.3540016, 0.0 ], [ 37.1025505, 50.3577254, 0.0 ], [ 37.1385994, 50.3607918, 0.0 ], [ 37.1481836, 50.3558182, 0.0 ], [ 37.1533334, 50.3562562, 0.0 ], [ 37.1607148, 50.3593228, 0.0 ], [ 37.1804559, 50.3630461, 0.0 ], [ 37.2096383, 50.374105, 0.0 ], [ 37.2228563, 50.375364, 0.0 ], [ 37.2216546, 50.3791408, 0.0 ], [ 37.2232731, 50.379444, 0.0 ], [ 37.256232, 50.3927973, 0.0 ], [ 37.2576366, 50.3905395, 0.0 ], [ 37.289909, 50.3999507, 0.0 ], [ 37.2992482, 50.4059703, 0.0 ], [ 37.3088612, 50.4253314, 0.0 ], [ 37.3169293, 50.431346, 0.0 ], [ 37.3330655, 50.4371411, 0.0 ], [ 37.3514333, 50.4373598, 0.0 ], [ 37.370831, 50.4333142, 0.0 ], [ 37.3966662, 50.4313129, 0.0 ], [ 37.4040476, 50.4325158, 0.0 ], [ 37.4119441, 50.4330625, 0.0 ], [ 37.4222437, 50.4347026, 0.0 ], [ 37.4309985, 50.4414813, 0.0 ], [ 37.4318568, 50.4442143, 0.0 ], [ 37.4414698, 50.4470565, 0.0 ], [ 37.464365, 50.4520358, 0.0 ], [ 37.4732272, 50.4554728, 0.0 ], [ 37.4768321, 50.4596258, 0.0 ], [ 37.49108, 50.4573308, 0.0 ], [ 37.4850718, 50.4448702, 0.0 ], [ 37.4847285, 50.4314223, 0.0 ], [ 37.4648158, 50.4309849, 0.0 ], [ 37.4640226, 50.4256351, 0.0 ], [ 37.4617121, 50.418558, 0.0 ], [ 37.4669635, 50.4064157, 0.0 ], [ 37.4657633, 50.3798975, 0.0 ], [ 37.4746897, 50.3676355, 0.0 ], [ 37.4854202, 50.3565304, 0.0 ], [ 37.505898, 50.3521044, 0.0 ], [ 37.505898, 50.3504614, 0.0 ], [ 37.5088162, 50.3469013, 0.0 ], [ 37.520864, 50.3364478, 0.0 ], [ 37.5558829, 50.3296541, 0.0 ], [ 37.5764822, 50.306636, 0.0 ], [ 37.5867819, 50.3147485, 0.0 ], [ 37.6104712, 50.3165023, 0.0 ], [ 37.6274867, 50.3148613, 0.0 ], [ 37.6358771, 50.3116791, 0.0 ], [ 37.6377251, 50.3026679, 0.0 ], [ 37.6298286, 50.2976239, 0.0 ], [ 37.6253899, 50.293577, 0.0 ], [ 37.6281365, 50.2595682, 0.0 ], [ 37.6250466, 50.246397, 0.0 ], [ 37.6274498, 50.2415666, 0.0 ], [ 37.6146674, 50.2227635, 0.0 ], [ 37.6144957, 50.2178209, 0.0 ], [ 37.6170707, 50.2144157, 0.0 ], [ 37.6211905, 50.2124384, 0.0 ], [ 37.6246238, 50.2062862, 0.0 ], [ 37.6328388, 50.1992573, 0.0 ], [ 37.6434818, 50.1914549, 0.0 ], [ 37.6376167, 50.1799106, 0.0 ], [ 37.6518646, 50.1717752, 0.0 ], [ 37.6560264, 50.1642495, 0.0 ], [ 37.6646095, 50.158531, 0.0 ], [ 37.6725059, 50.149952, 0.0 ], [ 37.6893287, 50.1431317, 0.0 ], [ 37.6958238, 50.1393007, 0.0 ], [ 37.7006584, 50.1343298, 0.0 ], [ 37.7088981, 50.1341098, 0.0 ], [ 37.7064949, 50.1283877, 0.0 ], [ 37.7243645, 50.1057263, 0.0 ], [ 37.7346642, 50.1035243, 0.0 ], [ 37.7470238, 50.0907505, 0.0 ], [ 37.7552636, 50.0788546, 0.0 ], [ 37.7964623, 50.084142, 0.0 ], [ 37.8225548, 50.0687187, 0.0 ], [ 37.8624901, 50.0546345, 0.0 ], [ 37.8927025, 50.0502256, 0.0 ], [ 37.9256614, 50.0365556, 0.0 ], [ 37.9641136, 49.9791873, 0.0 ], [ 37.9787214, 49.9784855, 0.0 ], [ 37.9972608, 49.9647951, 0.0 ], [ 38.0041272, 49.9678868, 0.0 ], [ 38.043266, 49.9334248, 0.0 ], [ 38.0206067, 49.9267947, 0.0 ], [ 38.0199201, 49.911763, 0.0 ], [ 38.0365716, 49.8994294, 0.0 ], [ 38.0571709, 49.9239702, 0.0 ], [ 38.119999, 49.9429753, 0.0 ], [ 38.1309853, 49.9230861, 0.0 ], [ 38.1728707, 49.9434171, 0.0 ], [ 38.1660042, 49.9540213, 0.0 ], [ 38.1962166, 49.9641813, 0.0 ], [ 38.2023965, 49.9747809, 0.0 ], [ 38.2223092, 49.987144, 0.0 ], [ 38.1941567, 50.0078894, 0.0 ], [ 38.1866036, 50.0242145, 0.0 ], [ 38.1763441, 50.0805962, 0.0 ], [ 38.2573682, 50.0713422, 0.0 ], [ 38.2937605, 50.0788337, 0.0 ], [ 38.3033735, 50.0889674, 0.0 ], [ 38.329466, 50.0863241, 0.0 ], [ 38.3328992, 50.0616455, 0.0 ], [ 38.3514387, 50.0382774, 0.0 ], [ 38.350752, 50.0065138, 0.0 ], [ 38.4160768, 49.9808566, 0.0 ], [ 38.4308397, 49.9993978, 0.0 ], [ 38.4699785, 49.9941011, 0.0 ], [ 38.4655153, 49.983285, 0.0 ], [ 38.4833681, 49.982402, 0.0 ], [ 38.4857713, 49.9689335, 0.0 ], [ 38.5108339, 49.9625291, 0.0 ], [ 38.5273134, 49.9583326, 0.0 ], [ 38.5844579, 49.9774462, 0.0 ], [ 38.6119238, 49.9730302, 0.0 ], [ 38.6455694, 49.9575712, 0.0 ], [ 38.6723486, 49.9747967, 0.0 ], [ 38.6771551, 50.0087877, 0.0 ], [ 38.6991277, 50.0008439, 0.0 ], [ 38.7162939, 49.9814202, 0.0 ], [ 38.6860815, 49.9633137, 0.0 ], [ 38.6936346, 49.9363622, 0.0 ], [ 38.7204138, 49.9275224, 0.0 ], [ 38.7341467, 49.9045313, 0.0 ], [ 38.7677923, 49.8948009, 0.0 ], [ 38.7815252, 49.8806442, 0.0 ], [ 38.8041845, 49.8802018, 0.0 ], [ 38.8343655, 49.8767597, 0.0 ], [ 38.8360821, 49.8674664, 0.0 ], [ 38.8659512, 49.8665812, 0.0 ], [ 38.8961636, 49.8707856, 0.0 ], [ 38.9136731, 49.8628191, 0.0 ], [ 38.9122998, 49.8517521, 0.0 ], [ 38.9126431, 49.8329326, 0.0 ], [ 38.9308969, 49.8127361, 0.0 ], [ 39.0901986, 49.8162806, 0.0 ], [ 39.1916694, 49.8900114, 0.0 ], [ 39.2287482, 49.8298108, 0.0 ], [ 39.2287482, 49.8023415, 0.0 ], [ 39.2850531, 49.7535672, 0.0 ], [ 39.3743171, 49.7384816, 0.0 ], [ 39.4457282, 49.764213, 0.0 ], [ 39.6091498, 49.7375941, 0.0 ], [ 39.5926703, 49.7189521, 0.0 ], [ 39.6567102, 49.6137984, 0.0 ], [ 39.7363611, 49.6031196, 0.0 ], [ 39.7995325, 49.5568176, 0.0 ], [ 39.9121423, 49.5550359, 0.0 ], [ 39.9423547, 49.5995594, 0.0 ], [ 40.1318689, 49.6173575, 0.0 ], [ 40.170321, 49.5639438, 0.0 ], [ 40.0329919, 49.5318676, 0.0 ], [ 40.0274988, 49.4587263, 0.0 ], [ 40.1208826, 49.3872636, 0.0 ], [ 40.1977869, 49.3425466, 0.0 ], [ 40.1898471, 49.3042559, 0.0 ], [ 40.1925937, 49.2836564, 0.0 ], [ 40.236539, 49.2567745, 0.0 ], [ 40.2214328, 49.2433281, 0.0 ], [ 40.1747409, 49.2343618, 0.0 ], [ 40.1321689, 49.2406384, 0.0 ], [ 40.0744906, 49.1823251, 0.0 ], [ 40.0360385, 49.1823251, 0.0 ], [ 39.9352692, 49.0849868, 0.0 ], [ 39.9393891, 49.0561969, 0.0 ], [ 39.778714, 49.0462966, 0.0 ], [ 39.6825836, 49.0471967, 0.0 ], [ 39.6784638, 48.986853, 0.0 ], [ 39.7526215, 48.9805442, 0.0 ], [ 39.7869538, 48.91651, 0.0 ], [ 39.8514984, 48.8822044, 0.0 ], [ 39.9393891, 48.8903315, 0.0 ], [ 39.9613617, 48.8686562, 0.0 ], [ 39.9874542, 48.8677529, 0.0 ], [ 40.0094269, 48.9056792, 0.0 ], [ 40.0492523, 48.9129, 0.0 ], [ 40.080838, 48.8659462, 0.0 ], [ 39.9792145, 48.791814, 0.0 ], [ 39.7979401, 48.8433565, 0.0 ], [ 39.7598713, 48.7671078, 0.0 ], [ 39.7090595, 48.731794, 0.0 ], [ 39.706313, 48.6674409, 0.0 ], [ 39.6706074, 48.6011893, 0.0 ], [ 39.7227924, 48.581206, 0.0 ], [ 39.8175495, 48.583023, 0.0 ], [ 39.8628681, 48.5512162, 0.0 ], [ 39.857375, 48.4866325, 0.0 ], [ 39.8930805, 48.4511218, 0.0 ], [ 39.9311717, 48.3628396, 0.0 ], [ 39.899586, 48.3427622, 0.0 ], [ 39.8322947, 48.3263293, 0.0 ], [ 39.8597606, 48.2943614, 0.0 ], [ 39.9201854, 48.2706008, 0.0 ], [ 39.9806102, 48.3126312, 0.0 ], [ 40.0204356, 48.2578021, 0.0 ], [ 40.0094493, 48.2193866, 0.0 ], [ 39.9352916, 48.2257912, 0.0 ], [ 39.9422012, 48.1813075, 0.0 ], [ 39.9092422, 48.1776446, 0.0 ], [ 39.8721633, 48.080484, 0.0 ], [ 39.8323379, 48.06672, 0.0 ], [ 39.8858962, 48.0456081, 0.0 ], [ 39.7746597, 48.0428537, 0.0 ], [ 39.8254714, 47.9886546, 0.0 ], [ 39.8199783, 47.9527967, 0.0 ], [ 39.7938857, 47.9215157, 0.0 ], [ 39.7980056, 47.8727164, 0.0 ], [ 39.7650466, 47.8717952, 0.0 ], [ 39.7595535, 47.8496818, 0.0 ], [ 39.7389541, 47.822949, 0.0 ], [ 39.6304641, 47.8340125, 0.0 ], [ 39.5659194, 47.836778, 0.0 ], [ 39.5398269, 47.8243321, 0.0 ], [ 39.5336471, 47.8307859, 0.0 ], [ 39.5185409, 47.8247931, 0.0 ], [ 39.4759689, 47.8575147, 0.0 ], [ 39.4395767, 47.8538288, 0.0 ], [ 39.4224105, 47.8317078, 0.0 ], [ 39.4107375, 47.829403, 0.0 ], [ 39.3901382, 47.857054, 0.0 ], [ 39.3758432, 47.8569451, 0.0 ], [ 39.2392693, 47.868697, 0.0 ], [ 39.2227898, 47.8373651, 0.0 ], [ 39.0854607, 47.8428956, 0.0 ], [ 39.077221, 47.8705394, 0.0 ], [ 38.8811025, 47.8851387, 0.0 ], [ 38.8819662, 47.8663647, 0.0 ], [ 38.8448873, 47.867286, 0.0 ], [ 38.8462606, 47.8101356, 0.0 ], [ 38.7844625, 47.8165912, 0.0 ], [ 38.7721029, 47.6827039, 0.0 ], [ 38.6279073, 47.6725328, 0.0 ], [ 38.6279073, 47.6503346, 0.0 ], [ 38.4581812, 47.644338, 0.0 ], [ 38.4581812, 47.6165738, 0.0 ], [ 38.353811, 47.6212022, 0.0 ], [ 38.353811, 47.5804582, 0.0 ], [ 38.3071191, 47.5748998, 0.0 ], [ 38.3139856, 47.5378283, 0.0 ], [ 38.2810266, 47.5406096, 0.0 ], [ 38.287893, 47.3771924, 0.0 ], [ 38.2439477, 47.367892, 0.0 ], [ 38.2192285, 47.3129868, 0.0 ], [ 38.3373315, 47.3092623, 0.0 ], [ 38.3290918, 47.2598884, 0.0 ], [ 38.2906396, 47.2589564, 0.0 ], [ 38.2947595, 47.2403125, 0.0 ], [ 38.2233484, 47.230988, 0.0 ], [ 38.2213371, 47.1700444, 0.0 ], [ 38.2604272, 47.0347958, 0.0 ] ] } },
{ "type": "Feature", "properties": { "Name": "", "description": "описание: <br>Назва: Граница между Донецкой/Луганской Областью", "tessellate": 1, "extrude": 0, "visibility": -1, "________________": "", "__________": "Граница между Донецкой/Луганской Областью" }, "geometry": { "type": "LineString", "coordinates": [ [ 39.0772211, 47.8705395, 0.0 ], [ 39.0647295, 47.8957097, 0.0 ], [ 39.091809, 47.9407774, 0.0 ], [ 39.0901269, 47.9405014, 0.0 ], [ 39.084505, 47.9403433, 0.0 ], [ 39.0838827, 47.940602, 0.0 ], [ 39.083754, 47.9410764, 0.0 ], [ 39.0838827, 47.9419676, 0.0 ], [ 39.0833463, 47.9422551, 0.0 ], [ 39.0825523, 47.9425282, 0.0 ], [ 39.0816297, 47.9428588, 0.0 ], [ 39.0810299, 47.9432675, 0.0 ], [ 39.080751, 47.9442593, 0.0 ], [ 39.0803862, 47.9449492, 0.0 ], [ 39.0795922, 47.9452798, 0.0 ], [ 39.0789271, 47.9457972, 0.0 ], [ 39.0790987, 47.9464152, 0.0 ], [ 39.0793777, 47.9472489, 0.0 ], [ 39.0789914, 47.948025, 0.0 ], [ 39.078455, 47.9480681, 0.0 ], [ 39.0774465, 47.9479819, 0.0 ], [ 39.0769529, 47.9483268, 0.0 ], [ 39.075943, 47.9500905, 0.0 ], [ 39.0754495, 47.9515995, 0.0 ], [ 39.0746556, 47.9520163, 0.0 ], [ 39.0741191, 47.9526199, 0.0 ], [ 39.0728531, 47.9527492, 0.0 ], [ 39.0717802, 47.9526055, 0.0 ], [ 39.0713082, 47.9521025, 0.0 ], [ 39.070643, 47.9511396, 0.0 ], [ 39.0699992, 47.9504067, 0.0 ], [ 39.0691409, 47.949645, 0.0 ], [ 39.0682826, 47.9495012, 0.0 ], [ 39.0670381, 47.9502486, 0.0 ], [ 39.0665016, 47.9513408, 0.0 ], [ 39.0656433, 47.9510965, 0.0 ], [ 39.0651069, 47.9501624, 0.0 ], [ 39.0647207, 47.949027, 0.0 ], [ 39.0641198, 47.9483084, 0.0 ], [ 39.0610427, 47.948943, 0.0 ], [ 39.0600127, 47.9480807, 0.0 ], [ 39.0591973, 47.9470171, 0.0 ], [ 39.0577382, 47.9465284, 0.0 ], [ 39.0566224, 47.9468446, 0.0 ], [ 39.0560645, 47.9481669, 0.0 ], [ 39.0547341, 47.9496616, 0.0 ], [ 39.0537471, 47.9496904, 0.0 ], [ 39.0519017, 47.9495754, 0.0 ], [ 39.0508717, 47.9504377, 0.0 ], [ 39.0509576, 47.9514725, 0.0 ], [ 39.0525454, 47.9526222, 0.0 ], [ 39.0533608, 47.9535132, 0.0 ], [ 39.0524167, 47.9546341, 0.0 ], [ 39.0510863, 47.9541455, 0.0 ], [ 39.0494555, 47.9533407, 0.0 ], [ 39.0474814, 47.9535132, 0.0 ], [ 39.0465373, 47.9546916, 0.0 ], [ 39.0467519, 47.9553526, 0.0 ], [ 39.0459971, 47.9561021, 0.0 ], [ 39.0438084, 47.9561596, 0.0 ], [ 39.0415339, 47.9568781, 0.0 ], [ 39.0404181, 47.9560734, 0.0 ], [ 39.0390877, 47.9556422, 0.0 ], [ 39.0384011, 47.9561883, 0.0 ], [ 39.0383582, 47.9580277, 0.0 ], [ 39.0384011, 47.9589473, 0.0 ], [ 39.0396304, 47.9617416, 0.0 ], [ 39.03933, 47.9631785, 0.0 ], [ 39.0406603, 47.9657359, 0.0 ], [ 39.0445726, 47.9866427, 0.0 ], [ 39.0404528, 47.9990497, 0.0 ], [ 39.0383928, 48.0073194, 0.0 ], [ 38.9978807, 48.0089272, 0.0 ], [ 38.9875811, 48.0096163, 0.0 ], [ 38.9099901, 48.0123724, 0.0 ], [ 38.9051836, 48.0137504, 0.0 ], [ 38.8938539, 48.0132911, 0.0 ], [ 38.845025, 48.0154786, 0.0 ], [ 38.8436518, 48.016225, 0.0 ], [ 38.8416777, 48.0160528, 0.0 ], [ 38.8396177, 48.0139858, 0.0 ], [ 38.8373861, 48.0139284, 0.0 ], [ 38.8347254, 48.0153638, 0.0 ], [ 38.8323221, 48.0181196, 0.0 ], [ 38.8305197, 48.0205309, 0.0 ], [ 38.830348, 48.0223679, 0.0 ], [ 38.8290095, 48.024035, 0.0 ], [ 38.8241425, 48.0312283, 0.0 ], [ 38.8212242, 48.0361642, 0.0 ], [ 38.8246575, 48.0383451, 0.0 ], [ 38.8210526, 48.0441984, 0.0 ], [ 38.818306, 48.042936, 0.0 ], [ 38.815755, 48.0450081, 0.0 ], [ 38.8151971, 48.0469877, 0.0 ], [ 38.8133517, 48.0474181, 0.0 ], [ 38.8133517, 48.0486804, 0.0 ], [ 38.8140384, 48.0498566, 0.0 ], [ 38.8163129, 48.0510328, 0.0 ], [ 38.8194457, 48.0510615, 0.0 ], [ 38.8214198, 48.0524098, 0.0 ], [ 38.8216773, 48.0572863, 0.0 ], [ 38.826913, 48.0579174, 0.0 ], [ 38.8283721, 48.0591221, 0.0 ], [ 38.826913, 48.0600973, 0.0 ], [ 38.8288871, 48.0621624, 0.0 ], [ 38.8284579, 48.0639406, 0.0 ], [ 38.8265696, 48.0658335, 0.0 ], [ 38.8294021, 48.0681851, 0.0 ], [ 38.8265874, 48.068649, 0.0 ], [ 38.8284327, 48.072205, 0.0 ], [ 38.8271882, 48.0727498, 0.0 ], [ 38.8271023, 48.0738681, 0.0 ], [ 38.8286473, 48.074671, 0.0 ], [ 38.8291194, 48.075818, 0.0 ], [ 38.827789, 48.075818, 0.0 ], [ 38.8269307, 48.0760474, 0.0 ], [ 38.8233258, 48.0720903, 0.0 ], [ 38.8213088, 48.0701689, 0.0 ], [ 38.8187338, 48.0652363, 0.0 ], [ 38.818133, 48.0649495, 0.0 ], [ 38.8158156, 48.0671004, 0.0 ], [ 38.8126399, 48.0673872, 0.0 ], [ 38.8020827, 48.0709432, 0.0 ], [ 38.8040139, 48.0717461, 0.0 ], [ 38.7993187, 48.0749189, 0.0 ], [ 38.805756, 48.0787038, 0.0 ], [ 38.8091034, 48.0775569, 0.0 ], [ 38.8152832, 48.0818576, 0.0 ], [ 38.8184589, 48.0831191, 0.0 ], [ 38.8163132, 48.0845526, 0.0 ], [ 38.8143391, 48.0850113, 0.0 ], [ 38.8120216, 48.0867887, 0.0 ], [ 38.8091892, 48.0882794, 0.0 ], [ 38.8066143, 48.08891, 0.0 ], [ 38.8206777, 48.1166996, 0.0 ], [ 38.8182544, 48.1163983, 0.0 ], [ 38.8140916, 48.117, 0.0 ], [ 38.8113879, 48.1169713, 0.0 ], [ 38.8118171, 48.1185757, 0.0 ], [ 38.8106154, 48.1194066, 0.0 ], [ 38.8084697, 48.119206, 0.0 ], [ 38.8074826, 48.1184038, 0.0 ], [ 38.805251, 48.1182892, 0.0 ], [ 38.8034057, 48.118719, 0.0 ], [ 38.8020753, 48.1181173, 0.0 ], [ 38.8004016, 48.1182033, 0.0 ], [ 38.7984704, 48.1188336, 0.0 ], [ 38.7967109, 48.119779, 0.0 ], [ 38.7954695, 48.1206048, 0.0 ], [ 38.7949116, 48.1219226, 0.0 ], [ 38.7930662, 48.1220372, 0.0 ], [ 38.790663, 48.1225815, 0.0 ], [ 38.7901051, 48.1233836, 0.0 ], [ 38.7892897, 48.1243003, 0.0 ], [ 38.7866289, 48.1248446, 0.0 ], [ 38.7854702, 48.1246441, 0.0 ], [ 38.7837107, 48.1248733, 0.0 ], [ 38.7816078, 48.1254175, 0.0 ], [ 38.7801058, 48.1265634, 0.0 ], [ 38.7810928, 48.1273654, 0.0 ], [ 38.7814704, 48.1298264, 0.0 ], [ 38.779668, 48.1305138, 0.0 ], [ 38.778123, 48.129855, 0.0 ], [ 38.7760631, 48.1284515, 0.0 ], [ 38.7747327, 48.1271624, 0.0 ], [ 38.7734882, 48.127277, 0.0 ], [ 38.772072, 48.1276208, 0.0 ], [ 38.771042, 48.1283082, 0.0 ], [ 38.7709132, 48.1297977, 0.0 ], [ 38.7697116, 48.1303133, 0.0 ], [ 38.7685529, 48.1299982, 0.0 ], [ 38.7680379, 48.1311153, 0.0 ], [ 38.7667075, 48.1324329, 0.0 ], [ 38.7652484, 48.132347, 0.0 ], [ 38.7658492, 48.1313445, 0.0 ], [ 38.7653343, 48.1301987, 0.0 ], [ 38.7643472, 48.1307716, 0.0 ], [ 38.7635747, 48.13186, 0.0 ], [ 38.7621585, 48.1320605, 0.0 ], [ 38.760914, 48.1320892, 0.0 ], [ 38.759908, 48.1315165, 0.0 ], [ 38.7576764, 48.1314879, 0.0 ], [ 38.7551015, 48.1317456, 0.0 ], [ 38.7520974, 48.1329486, 0.0 ], [ 38.7495225, 48.1339511, 0.0 ], [ 38.7480204, 48.1341229, 0.0 ], [ 38.7448876, 48.1348676, 0.0 ], [ 38.7438147, 48.1346385, 0.0 ], [ 38.7419694, 48.1342375, 0.0 ], [ 38.7404673, 48.1346385, 0.0 ], [ 38.7398236, 48.1341802, 0.0 ], [ 38.7389653, 48.1342088, 0.0 ], [ 38.7371056, 48.1345211, 0.0 ], [ 38.7316124, 48.1365545, 0.0 ], [ 38.7295954, 48.1368409, 0.0 ], [ 38.7253038, 48.1376142, 0.0 ], [ 38.7230722, 48.1383588, 0.0 ], [ 38.7199823, 48.1387598, 0.0 ], [ 38.7180941, 48.1395903, 0.0 ], [ 38.715605, 48.1401058, 0.0 ], [ 38.7086956, 48.1419386, 0.0 ], [ 38.7010115, 48.1429917, 0.0 ], [ 38.6965483, 48.1445953, 0.0 ], [ 38.6894244, 48.1460271, 0.0 ], [ 38.6865062, 48.1476879, 0.0 ], [ 38.6854762, 48.1467143, 0.0 ], [ 38.6838454, 48.1451108, 0.0 ], [ 38.6802405, 48.1456835, 0.0 ], [ 38.6768502, 48.1467143, 0.0 ], [ 38.6717862, 48.1485182, 0.0 ], [ 38.66831, 48.1488046, 0.0 ], [ 38.6646622, 48.1492627, 0.0 ], [ 38.6602849, 48.1506084, 0.0 ], [ 38.655178, 48.1515819, 0.0 ], [ 38.6528176, 48.15204, 0.0 ], [ 38.6517447, 48.152584, 0.0 ], [ 38.651616, 48.1538724, 0.0 ], [ 38.652088, 48.1553897, 0.0 ], [ 38.6521739, 48.1563059, 0.0 ], [ 38.6503714, 48.1572793, 0.0 ], [ 38.6489552, 48.1574797, 0.0 ], [ 38.6471528, 48.1583099, 0.0 ], [ 38.6456078, 48.1584816, 0.0 ], [ 38.6434191, 48.1593404, 0.0 ], [ 38.6408442, 48.1607145, 0.0 ], [ 38.639428, 48.1614588, 0.0 ], [ 38.6361235, 48.1614874, 0.0 ], [ 38.6342353, 48.1624607, 0.0 ], [ 38.631832, 48.163434, 0.0 ], [ 38.6292142, 48.1643786, 0.0 ], [ 38.6230773, 48.1662678, 0.0 ], [ 38.621704, 48.1672409, 0.0 ], [ 38.6157817, 48.16913, 0.0 ], [ 38.6141509, 48.169588, 0.0 ], [ 38.6116189, 48.1694735, 0.0 ], [ 38.6081427, 48.170189, 0.0 ], [ 38.6052245, 48.171248, 0.0 ], [ 38.6042374, 48.1723355, 0.0 ], [ 38.6045378, 48.1739096, 0.0 ], [ 38.6044949, 48.176056, 0.0 ], [ 38.6036366, 48.1765425, 0.0 ], [ 38.5999459, 48.1772865, 0.0 ], [ 38.5988301, 48.1782881, 0.0 ], [ 38.5973258, 48.1799475, 0.0 ], [ 38.5995574, 48.1813068, 0.0 ], [ 38.6005843, 48.1823115, 0.0 ], [ 38.6011422, 48.1838853, 0.0 ], [ 38.6028159, 48.1858596, 0.0 ], [ 38.6032451, 48.1870613, 0.0 ], [ 38.6041034, 48.1884346, 0.0 ], [ 38.6059487, 48.1887493, 0.0 ], [ 38.6088241, 48.1890068, 0.0 ], [ 38.6101973, 48.1896649, 0.0 ], [ 38.6114188, 48.1907804, 0.0 ], [ 38.6112472, 48.1926686, 0.0 ], [ 38.609831, 48.1935841, 0.0 ], [ 38.6081573, 48.1945281, 0.0 ], [ 38.6079427, 48.1954149, 0.0 ], [ 38.6091014, 48.1968739, 0.0 ], [ 38.6097022, 48.198247, 0.0 ], [ 38.6099168, 48.199334, 0.0 ], [ 38.6109468, 48.1998774, 0.0 ], [ 38.6115347, 48.2010675, 0.0 ], [ 38.6131655, 48.2029267, 0.0 ], [ 38.6132513, 48.2038992, 0.0 ], [ 38.6120926, 48.2046714, 0.0 ], [ 38.6108051, 48.2054437, 0.0 ], [ 38.6090027, 48.2064161, 0.0 ], [ 38.6070286, 48.2079891, 0.0 ], [ 38.605784, 48.2093905, 0.0 ], [ 38.6044537, 48.2107061, 0.0 ], [ 38.6031662, 48.211421, 0.0 ], [ 38.6021226, 48.2126967, 0.0 ], [ 38.6010068, 48.2134116, 0.0 ], [ 38.5991615, 48.2144697, 0.0 ], [ 38.5987323, 48.2155278, 0.0 ], [ 38.5977882, 48.2160139, 0.0 ], [ 38.5974449, 48.2165858, 0.0 ], [ 38.5966724, 48.2161855, 0.0 ], [ 38.595857, 48.2164428, 0.0 ], [ 38.594827, 48.2177296, 0.0 ], [ 38.5944614, 48.2190401, 0.0 ], [ 38.5947189, 48.2206985, 0.0 ], [ 38.5937748, 48.2214419, 0.0 ], [ 38.592659, 48.2224141, 0.0 ], [ 38.5920582, 48.2235005, 0.0 ], [ 38.5924873, 48.2240438, 0.0 ], [ 38.5919201, 48.2242482, 0.0 ], [ 38.5911906, 48.2250773, 0.0 ], [ 38.5902464, 48.2259493, 0.0 ], [ 38.5889161, 48.226707, 0.0 ], [ 38.5888856, 48.2275905, 0.0 ], [ 38.5890358, 48.228777, 0.0 ], [ 38.5890788, 48.2295202, 0.0 ], [ 38.5887783, 48.2301349, 0.0 ], [ 38.5885638, 48.2302921, 0.0 ], [ 38.5886711, 48.2307352, 0.0 ], [ 38.5890144, 48.2309353, 0.0 ], [ 38.5889245, 48.2313708, 0.0 ], [ 38.5892678, 48.2318425, 0.0 ], [ 38.5884739, 48.2323141, 0.0 ], [ 38.5886455, 48.2327429, 0.0 ], [ 38.5898257, 48.232943, 0.0 ], [ 38.5900617, 48.2340007, 0.0 ], [ 38.5894824, 48.234258, 0.0 ], [ 38.5886885, 48.2339721, 0.0 ], [ 38.5878302, 48.2343152, 0.0 ], [ 38.5879589, 48.2353013, 0.0 ], [ 38.5878945, 48.236459, 0.0 ], [ 38.5875727, 48.2375166, 0.0 ], [ 38.5882593, 48.2385313, 0.0 ], [ 38.5891391, 48.2389029, 0.0 ], [ 38.5894792, 48.2392915, 0.0 ], [ 38.5889857, 48.2397488, 0.0 ], [ 38.5887068, 48.240149, 0.0 ], [ 38.5880416, 48.2402919, 0.0 ], [ 38.5875051, 48.2405206, 0.0 ], [ 38.5873417, 48.2411926, 0.0 ], [ 38.587964, 48.2419929, 0.0 ], [ 38.587964, 48.2427646, 0.0 ], [ 38.5880283, 48.2430933, 0.0 ], [ 38.5886292, 48.2432933, 0.0 ], [ 38.5883073, 48.2435934, 0.0 ], [ 38.5892896, 48.2449456, 0.0 ], [ 38.5894183, 48.2462888, 0.0 ], [ 38.5892252, 48.2473462, 0.0 ], [ 38.5889033, 48.2481178, 0.0 ], [ 38.5891179, 48.2484464, 0.0 ], [ 38.5897616, 48.2483036, 0.0 ], [ 38.5898689, 48.2485893, 0.0 ], [ 38.5893968, 48.2486751, 0.0 ], [ 38.5893754, 48.2489608, 0.0 ], [ 38.5902337, 48.249018, 0.0 ], [ 38.5896543, 48.2493609, 0.0 ], [ 38.5894183, 48.2497467, 0.0 ], [ 38.5910732, 48.2512807, 0.0 ], [ 38.590687, 48.2523952, 0.0 ], [ 38.5897428, 48.2532524, 0.0 ], [ 38.5885841, 48.2543097, 0.0 ], [ 38.5887987, 48.2561955, 0.0 ], [ 38.5880691, 48.2567384, 0.0 ], [ 38.5873248, 48.2579598, 0.0 ], [ 38.5855223, 48.2596455, 0.0 ], [ 38.5828616, 48.261874, 0.0 ], [ 38.5804583, 48.2634739, 0.0 ], [ 38.5779263, 48.264788, 0.0 ], [ 38.5763384, 48.2653023, 0.0 ], [ 38.5754801, 48.2670163, 0.0 ], [ 38.5696007, 48.2693016, 0.0 ], [ 38.5665967, 48.2700443, 0.0 ], [ 38.5652234, 48.2719296, 0.0 ], [ 38.5625626, 48.2729008, 0.0 ], [ 38.5596444, 48.2745575, 0.0 ], [ 38.557327, 48.2747288, 0.0 ], [ 38.5544087, 48.2743861, 0.0 ], [ 38.5500313, 48.2730722, 0.0 ], [ 38.5475423, 48.2731293, 0.0 ], [ 38.5443665, 48.2720439, 0.0 ], [ 38.5421349, 48.2717582, 0.0 ], [ 38.5311486, 48.2724438, 0.0 ], [ 38.5205914, 48.2728437, 0.0 ], [ 38.505571, 48.2738148, 0.0 ], [ 38.504575, 48.2736513, 0.0 ], [ 38.5042103, 48.2734799, 0.0 ], [ 38.5027297, 48.2738369, 0.0 ], [ 38.501292, 48.2740083, 0.0 ], [ 38.5007127, 48.2736798, 0.0 ], [ 38.4999402, 48.2732514, 0.0 ], [ 38.4988244, 48.2728943, 0.0 ], [ 38.4981807, 48.2728943, 0.0 ], [ 38.495408, 48.2729545, 0.0 ], [ 38.4935626, 48.2726403, 0.0 ], [ 38.4919318, 48.2725546, 0.0 ], [ 38.4896573, 48.2728688, 0.0 ], [ 38.487297, 48.2736686, 0.0 ], [ 38.4845504, 48.2744398, 0.0 ], [ 38.4821042, 48.2754681, 0.0 ], [ 38.4793576, 48.2758679, 0.0 ], [ 38.4758386, 48.2759536, 0.0 ], [ 38.473564, 48.2759822, 0.0 ], [ 38.471547, 48.2759251, 0.0 ], [ 38.4641351, 48.2757575, 0.0 ], [ 38.440317, 48.2772713, 0.0 ], [ 38.4301032, 48.2777283, 0.0 ], [ 38.4290108, 48.2772585, 0.0 ], [ 38.4278092, 48.2781439, 0.0 ], [ 38.4273371, 48.2799432, 0.0 ], [ 38.4263071, 48.281314, 0.0 ], [ 38.4275088, 48.2825421, 0.0 ], [ 38.4275088, 48.2832275, 0.0 ], [ 38.4279808, 48.2845697, 0.0 ], [ 38.4260925, 48.2856263, 0.0 ], [ 38.4249338, 48.2870541, 0.0 ], [ 38.4242472, 48.2886532, 0.0 ], [ 38.4260496, 48.2893956, 0.0 ], [ 38.426865, 48.2899096, 0.0 ], [ 38.4290108, 48.2904807, 0.0 ], [ 38.4293541, 48.2918512, 0.0 ], [ 38.4293112, 48.2939641, 0.0 ], [ 38.430942, 48.2952204, 0.0 ], [ 38.434504, 48.2965908, 0.0 ], [ 38.4337315, 48.2981325, 0.0 ], [ 38.4335765, 48.2997461, 0.0 ], [ 38.4322461, 48.3005455, 0.0 ], [ 38.4307012, 48.3011164, 0.0 ], [ 38.4299287, 48.3021441, 0.0 ], [ 38.4290704, 48.3025153, 0.0 ], [ 38.4285125, 48.3042851, 0.0 ], [ 38.4268388, 48.3065688, 0.0 ], [ 38.4280833, 48.3082529, 0.0 ], [ 38.4309587, 48.3091092, 0.0 ], [ 38.4318599, 48.3096801, 0.0 ], [ 38.4321475, 48.3106564, 0.0 ], [ 38.4338212, 48.3112843, 0.0 ], [ 38.4343791, 48.3128827, 0.0 ], [ 38.4348941, 48.3143668, 0.0 ], [ 38.4369969, 48.3150518, 0.0 ], [ 38.438499, 48.3149091, 0.0 ], [ 38.4374268, 48.3187785, 0.0 ], [ 38.4366543, 48.3229164, 0.0 ], [ 38.4348518, 48.3418606, 0.0 ], [ 38.4514172, 48.347223, 0.0 ], [ 38.4552795, 48.3464244, 0.0 ], [ 38.4624893, 48.3464815, 0.0 ], [ 38.4654934, 48.349904, 0.0 ], [ 38.4636909, 48.3503033, 0.0 ], [ 38.4638626, 48.3523568, 0.0 ], [ 38.4658367, 48.354296, 0.0 ], [ 38.4715874, 48.3562352, 0.0 ], [ 38.4702999, 48.3600564, 0.0 ], [ 38.4858353, 48.3617673, 0.0 ], [ 38.4886053, 48.3623965, 0.0 ], [ 38.4934977, 48.3630808, 0.0 ], [ 38.4962443, 48.3640503, 0.0 ], [ 38.4957293, 48.3652478, 0.0 ], [ 38.4900645, 48.3642784, 0.0 ], [ 38.4862021, 48.3638792, 0.0 ], [ 38.4836272, 48.3653048, 0.0 ], [ 38.4793356, 48.3667874, 0.0 ], [ 38.4760741, 48.368213, 0.0 ], [ 38.4729842, 48.3704938, 0.0 ], [ 38.4718684, 48.3744279, 0.0 ], [ 38.4701517, 48.3761383, 0.0 ], [ 38.4687785, 48.3792168, 0.0 ], [ 38.4542731, 48.380756, 0.0 ], [ 38.450239, 48.3756252, 0.0 ], [ 38.4476641, 48.3771075, 0.0 ], [ 38.4433317, 48.386603, 0.0 ], [ 38.4430742, 48.38837, 0.0 ], [ 38.4400701, 48.3921887, 0.0 ], [ 38.4385252, 48.3925877, 0.0 ], [ 38.4357786, 48.3963491, 0.0 ], [ 38.4378385, 48.3980587, 0.0 ], [ 38.4384393, 48.4004522, 0.0 ], [ 38.4379243, 48.4039281, 0.0 ], [ 38.4368086, 48.4055236, 0.0 ], [ 38.4379918, 48.4073427, 0.0 ], [ 38.4390217, 48.4101345, 0.0 ], [ 38.439365, 48.4137807, 0.0 ], [ 38.4397084, 48.4164582, 0.0 ], [ 38.4394509, 48.4185659, 0.0 ], [ 38.4391403, 48.4203751, 0.0 ], [ 38.4377241, 48.4216283, 0.0 ], [ 38.4370374, 48.4226536, 0.0 ], [ 38.4366083, 48.4246756, 0.0 ], [ 38.4353208, 48.4258432, 0.0 ], [ 38.4357929, 48.4276373, 0.0 ], [ 38.4354066, 48.4288049, 0.0 ], [ 38.4343767, 48.431026, 0.0 ], [ 38.4336471, 48.4324497, 0.0 ], [ 38.4328317, 48.433845, 0.0 ], [ 38.4327459, 48.4350693, 0.0 ], [ 38.43369, 48.4364929, 0.0 ], [ 38.4345054, 48.4381158, 0.0 ], [ 38.4340762, 48.439454, 0.0 ], [ 38.4335848, 48.4409672, 0.0 ], [ 38.4337779, 48.4441842, 0.0 ], [ 38.4336921, 48.4467178, 0.0 ], [ 38.4325334, 48.4466324, 0.0 ], [ 38.4270402, 48.4450097, 0.0 ], [ 38.4252807, 48.4442126, 0.0 ], [ 38.4239074, 48.4438426, 0.0 ], [ 38.4227058, 48.4438141, 0.0 ], [ 38.4210321, 48.4434155, 0.0 ], [ 38.41953, 48.4433586, 0.0 ], [ 38.4175988, 48.4427892, 0.0 ], [ 38.4145089, 48.4419921, 0.0 ], [ 38.4100204, 48.4412104, 0.0 ], [ 38.4017807, 48.4397869, 0.0 ], [ 38.4038406, 48.4346051, 0.0 ], [ 38.3828516, 48.4292316, 0.0 ], [ 38.3812638, 48.4294024, 0.0 ], [ 38.3787747, 48.434357, 0.0 ], [ 38.3769722, 48.440934, 0.0 ], [ 38.3742829, 48.4415498, 0.0 ], [ 38.3717509, 48.4428594, 0.0 ], [ 38.3696052, 48.4432295, 0.0 ], [ 38.367159, 48.4429448, 0.0 ], [ 38.365142, 48.4434857, 0.0 ], [ 38.3634254, 48.4434003, 0.0 ], [ 38.3611508, 48.4433149, 0.0 ], [ 38.3592196, 48.4426316, 0.0 ], [ 38.3577605, 48.4412366, 0.0 ], [ 38.3557006, 48.4407526, 0.0 ], [ 38.3539411, 48.441322, 0.0 ], [ 38.3510657, 48.4414359, 0.0 ], [ 38.3493491, 48.4409519, 0.0 ], [ 38.3451005, 48.4372792, 0.0 ], [ 38.3202096, 48.4509153, 0.0 ], [ 38.316948, 48.4509153, 0.0 ], [ 38.3167764, 48.451997, 0.0 ], [ 38.3119921, 48.45535, 0.0 ], [ 38.3201031, 48.4646845, 0.0 ], [ 38.304206, 48.4699823, 0.0 ], [ 38.287469, 48.4761848, 0.0 ], [ 38.2891488, 48.4773196, 0.0 ], [ 38.2897067, 48.477469, 0.0 ], [ 38.2907795, 48.4775259, 0.0 ], [ 38.2915735, 48.4777108, 0.0 ], [ 38.2929039, 48.4774974, 0.0 ], [ 38.2961118, 48.4770494, 0.0 ], [ 38.2966053, 48.4787136, 0.0 ], [ 38.2956298, 48.480645, 0.0 ], [ 38.2976468, 48.4804317, 0.0 ], [ 38.2994493, 48.4782127, 0.0 ], [ 38.300608, 48.4778571, 0.0 ], [ 38.3008011, 48.4775584, 0.0 ], [ 38.3004578, 48.4771743, 0.0 ], [ 38.3014518, 48.4762977, 0.0 ], [ 38.3031255, 48.4761839, 0.0 ], [ 38.3058936, 48.4742066, 0.0 ], [ 38.3067304, 48.4739079, 0.0 ], [ 38.3073741, 48.4744769, 0.0 ], [ 38.3047563, 48.475871, 0.0 ], [ 38.303662, 48.4773504, 0.0 ], [ 38.3032757, 48.4790431, 0.0 ], [ 38.3028895, 48.4804228, 0.0 ], [ 38.3025247, 48.4820158, 0.0 ], [ 38.3016494, 48.4835749, 0.0 ], [ 38.3014777, 48.4848692, 0.0 ], [ 38.3025506, 48.4846985, 0.0 ], [ 38.3034303, 48.4843998, 0.0 ], [ 38.3072284, 48.4840869, 0.0 ], [ 38.3007267, 48.488766, 0.0 ], [ 38.2977655, 48.4899606, 0.0 ], [ 38.2975939, 48.4934589, 0.0 ], [ 38.2974866, 48.4956629, 0.0 ], [ 38.2979372, 48.4960184, 0.0 ], [ 38.3005336, 48.496317, 0.0 ], [ 38.3016708, 48.4948809, 0.0 ], [ 38.3047178, 48.4961322, 0.0 ], [ 38.3052757, 48.4965588, 0.0 ], [ 38.3075758, 48.4974145, 0.0 ], [ 38.308005, 48.49777, 0.0 ], [ 38.308756, 48.4979548, 0.0 ], [ 38.3097001, 48.4985236, 0.0 ], [ 38.3119317, 48.4987084, 0.0 ], [ 38.3137771, 48.4990496, 0.0 ], [ 38.3145496, 48.4997463, 0.0 ], [ 38.3137556, 48.5007558, 0.0 ], [ 38.3127686, 48.5007558, 0.0 ], [ 38.3115455, 48.5009833, 0.0 ], [ 38.3115202, 48.5048202, 0.0 ], [ 38.312636, 48.5069243, 0.0 ], [ 38.3164126, 48.5072655, 0.0 ], [ 38.3173996, 48.5080616, 0.0 ], [ 38.3192021, 48.5079763, 0.0 ], [ 38.3213049, 48.5082891, 0.0 ], [ 38.3187729, 48.5100802, 0.0 ], [ 38.3168847, 48.5117861, 0.0 ], [ 38.3108765, 48.515226, 0.0 ], [ 38.3035809, 48.5208544, 0.0 ], [ 38.2901055, 48.5325073, 0.0 ], [ 38.2862431, 48.5348375, 0.0 ], [ 38.2845265, 48.5359742, 0.0 ], [ 38.2824666, 48.5348943, 0.0 ], [ 38.2813508, 48.5347807, 0.0 ], [ 38.2812649, 48.5377928, 0.0 ], [ 38.2795483, 48.5389862, 0.0 ], [ 38.2757718, 48.5416003, 0.0 ], [ 38.2747418, 48.5447825, 0.0 ], [ 38.2748276, 48.5458053, 0.0 ], [ 38.2772309, 48.5458621, 0.0 ], [ 38.27869, 48.5468281, 0.0 ], [ 38.2783467, 48.5493849, 0.0 ], [ 38.2770592, 48.549669, 0.0 ], [ 38.2747817, 48.560705, 0.0 ], [ 38.2722068, 48.5805829, 0.0 ], [ 38.2710155, 48.5872053, 0.0 ], [ 38.2719596, 48.5877163, 0.0 ], [ 38.2717021, 48.5911794, 0.0 ], [ 38.2707633, 48.5933079, 0.0 ], [ 38.2703342, 48.6006021, 0.0 ], [ 38.2679309, 48.6100234, 0.0 ], [ 38.2666434, 48.6162087, 0.0 ], [ 38.2656135, 48.619443, 0.0 ], [ 38.2651697, 48.6275163, 0.0 ], [ 38.2642255, 48.629048, 0.0 ], [ 38.2631097, 48.6369893, 0.0 ], [ 38.2621656, 48.6422639, 0.0 ], [ 38.2515435, 48.6416815, 0.0 ], [ 38.2479386, 48.640774, 0.0 ], [ 38.2328324, 48.6394696, 0.0 ], [ 38.2306867, 48.6527962, 0.0 ], [ 38.2326608, 48.6532498, 0.0 ], [ 38.2374673, 48.6525694, 0.0 ], [ 38.2380681, 48.6562549, 0.0 ], [ 38.2475095, 48.6576156, 0.0 ], [ 38.25944, 48.657729, 0.0 ], [ 38.2592759, 48.6661892, 0.0 ], [ 38.2586322, 48.6674647, 0.0 ], [ 38.2778583, 48.6705256, 0.0 ], [ 38.286613, 48.6716025, 0.0 ], [ 38.2850681, 48.6763634, 0.0 ], [ 38.2851539, 48.6782337, 0.0 ], [ 38.2845531, 48.6818039, 0.0 ], [ 38.288475, 48.6831847, 0.0 ], [ 38.2908353, 48.683043, 0.0 ], [ 38.2929811, 48.6838363, 0.0 ], [ 38.295041, 48.6829863, 0.0 ], [ 38.2982167, 48.6836097, 0.0 ], [ 38.3003625, 48.683808, 0.0 ], [ 38.3024654, 48.683808, 0.0 ], [ 38.3050832, 48.6838363, 0.0 ], [ 38.3074865, 48.684318, 0.0 ], [ 38.308731, 48.6849413, 0.0 ], [ 38.3099221, 48.6855339, 0.0 ], [ 38.31254, 48.6853356, 0.0 ], [ 38.3141708, 48.6857605, 0.0 ], [ 38.3096217, 48.688707, 0.0 ], [ 38.3134379, 48.6954769, 0.0 ], [ 38.3147254, 48.7043141, 0.0 ], [ 38.3105197, 48.7062966, 0.0 ], [ 38.3093181, 48.7075427, 0.0 ], [ 38.3080064, 48.7085793, 0.0 ], [ 38.3066331, 48.7086076, 0.0 ], [ 38.306204, 48.7092589, 0.0 ], [ 38.3049165, 48.7099103, 0.0 ], [ 38.3043586, 48.7112978, 0.0 ], [ 38.3063756, 48.7118076, 0.0 ], [ 38.3262025, 48.7136199, 0.0 ], [ 38.3238403, 48.7263422, 0.0 ], [ 38.3240978, 48.7289466, 0.0 ], [ 38.3222954, 48.7318339, 0.0 ], [ 38.3180897, 48.735174, 0.0 ], [ 38.3129398, 48.7364759, 0.0 ], [ 38.3068459, 48.7374383, 0.0 ], [ 38.3025543, 48.7372684, 0.0 ], [ 38.2962887, 48.7377213, 0.0 ], [ 38.2930271, 48.7375515, 0.0 ], [ 38.2885155, 48.7376934, 0.0 ], [ 38.2822498, 48.7379764, 0.0 ], [ 38.2807478, 48.7394199, 0.0 ], [ 38.2799324, 48.7407783, 0.0 ], [ 38.2778296, 48.7426179, 0.0 ], [ 38.2757696, 48.7438631, 0.0 ], [ 38.269504, 48.7475419, 0.0 ], [ 38.2652983, 48.7502584, 0.0 ], [ 38.2643541, 48.7520127, 0.0 ], [ 38.2659849, 48.7528615, 0.0 ], [ 38.2766561, 48.7725859, 0.0 ], [ 38.2826643, 48.7738304, 0.0 ], [ 38.2817631, 48.7821731, 0.0 ], [ 38.2821064, 48.7825689, 0.0 ], [ 38.2786331, 48.7945467, 0.0 ], [ 38.2784614, 48.8008225, 0.0 ], [ 38.2788906, 48.8030273, 0.0 ], [ 38.281723, 48.8021793, 0.0 ], [ 38.285757, 48.8087932, 0.0 ], [ 38.2880745, 48.8119021, 0.0 ], [ 38.3169136, 48.8138803, 0.0 ], [ 38.313137, 48.8282344, 0.0 ], [ 38.2947692, 48.8264262, 0.0 ], [ 38.2904777, 48.8267652, 0.0 ], [ 38.2722816, 48.8239399, 0.0 ], [ 38.2715887, 48.8326773, 0.0 ], [ 38.2573408, 48.8421118, 0.0 ], [ 38.2432646, 48.8415469, 0.0 ], [ 38.2433504, 48.8402476, 0.0 ], [ 38.223266, 48.8387223, 0.0 ], [ 38.2217211, 48.8390048, 0.0 ], [ 38.2267624, 48.8560993, 0.0 ], [ 38.2257325, 48.8575111, 0.0 ], [ 38.2267195, 48.8588664, 0.0 ], [ 38.2280499, 48.8591487, 0.0 ], [ 38.2293374, 48.8591205, 0.0 ], [ 38.2295358, 48.8669687, 0.0 ], [ 38.2281625, 48.8682673, 0.0 ], [ 38.227905, 48.8741951, 0.0 ], [ 38.2272184, 48.8845812, 0.0 ], [ 38.2280767, 48.8852021, 0.0 ], [ 38.2271278, 48.9227279, 0.0 ], [ 38.2235229, 48.9345699, 0.0 ], [ 38.2173833, 48.93271, 0.0 ], [ 38.2157096, 48.931695, 0.0 ], [ 38.2078132, 48.9297496, 0.0 ], [ 38.2008609, 48.9282553, 0.0 ], [ 38.1984147, 48.9279451, 0.0 ], [ 38.1948528, 48.927635, 0.0 ], [ 38.1905183, 48.9278887, 0.0 ], [ 38.1861409, 48.9286782, 0.0 ], [ 38.1833514, 48.9289038, 0.0 ], [ 38.1788959, 48.9290951, 0.0 ], [ 38.1745614, 48.9298281, 0.0 ], [ 38.168682, 48.9308149, 0.0 ], [ 38.1666221, 48.9310969, 0.0 ], [ 38.1649913, 48.9308431, 0.0 ], [ 38.1630172, 48.930392, 0.0 ], [ 38.1612577, 48.9303074, 0.0 ], [ 38.1562185, 48.930485, 0.0 ], [ 38.151927, 48.9311334, 0.0 ], [ 38.1475926, 48.9321202, 0.0 ], [ 38.1445027, 48.9326559, 0.0 ], [ 38.1405544, 48.9315282, 0.0 ], [ 38.138237, 48.9286241, 0.0 ], [ 38.1365204, 48.9256635, 0.0 ], [ 38.1346321, 48.9244792, 0.0 ], [ 38.1321001, 48.9238589, 0.0 ], [ 38.1298685, 48.9239999, 0.0 ], [ 38.1279996, 48.9255494, 0.0 ], [ 38.1258539, 48.9263953, 0.0 ], [ 38.1236223, 48.9266208, 0.0 ], [ 38.1195453, 48.9263671, 0.0 ], [ 38.1174424, 48.9268746, 0.0 ], [ 38.114095, 48.9267336, 0.0 ], [ 38.1134636, 48.9269406, 0.0 ], [ 38.1123693, 48.9271944, 0.0 ], [ 38.1104381, 48.9277583, 0.0 ], [ 38.1088287, 48.9280685, 0.0 ], [ 38.10767, 48.9282658, 0.0 ], [ 38.0974562, 48.93031, 0.0 ], [ 38.0925209, 48.932058, 0.0 ], [ 38.0880577, 48.9337777, 0.0 ], [ 38.0875271, 48.9336951, 0.0 ], [ 38.0873555, 48.9335471, 0.0 ], [ 38.0848342, 48.93471, 0.0 ], [ 38.0837399, 48.9350201, 0.0 ], [ 38.0827957, 48.9350906, 0.0 ], [ 38.082152, 48.934992, 0.0 ], [ 38.0796415, 48.9353162, 0.0 ], [ 38.0780107, 48.9353303, 0.0 ], [ 38.077088, 48.9350342, 0.0 ], [ 38.0730969, 48.9341039, 0.0 ], [ 38.0721956, 48.9342026, 0.0 ], [ 38.071509, 48.934414, 0.0 ], [ 38.0703074, 48.9346537, 0.0 ], [ 38.0669171, 48.9351047, 0.0 ], [ 38.0660802, 48.9351188, 0.0 ], [ 38.0632792, 48.9340967, 0.0 ], [ 38.0620346, 48.9337302, 0.0 ], [ 38.0613909, 48.9332791, 0.0 ], [ 38.0474434, 48.9337302, 0.0 ], [ 38.0460272, 48.9338148, 0.0 ], [ 38.0402336, 48.9379025, 0.0 ], [ 38.0396993, 48.9429817, 0.0 ], [ 38.0386693, 48.9436581, 0.0 ], [ 38.0212886, 48.9432072, 0.0 ], [ 38.0086286, 48.9434326, 0.0 ], [ 38.0079849, 48.9442783, 0.0 ], [ 38.006397, 48.945152, 0.0 ], [ 38.0052812, 48.9460822, 0.0 ], [ 38.0299347, 48.974089, 0.0 ], [ 38.0543106, 48.9647358, 0.0 ], [ 38.0529373, 48.9698071, 0.0 ], [ 38.0540531, 48.9715537, 0.0 ], [ 38.0575722, 48.9745397, 0.0 ], [ 38.0563706, 48.9765116, 0.0 ], [ 38.053624, 48.9780326, 0.0 ], [ 38.0519074, 48.9793846, 0.0 ], [ 38.0510491, 48.9818632, 0.0 ], [ 38.0526798, 48.9856936, 0.0 ], [ 38.0615204, 48.9884535, 0.0 ], [ 38.0741375, 48.9911006, 0.0 ], [ 38.0812628, 48.9925332, 0.0 ], [ 38.0989439, 48.9924206, 0.0 ], [ 38.0991156, 48.9979395, 0.0 ], [ 38.0965407, 49.0025569, 0.0 ], [ 38.0896261, 49.0129601, 0.0 ], [ 38.0895403, 49.0150993, 0.0 ], [ 38.087137, 49.0176887, 0.0 ], [ 38.0849912, 49.0185893, 0.0 ], [ 38.0757215, 49.0354731, 0.0 ], [ 38.0726316, 49.039862, 0.0 ], [ 38.0525465, 49.0594225, 0.0 ], [ 38.0616445, 49.0626845, 0.0 ], [ 38.0673094, 49.0954049, 0.0 ], [ 38.0843039, 49.1358539, 0.0 ], [ 38.0817289, 49.1476453, 0.0 ], [ 38.0673094, 49.1464101, 0.0 ], [ 38.0592413, 49.1484313, 0.0 ], [ 38.0539198, 49.148319, 0.0 ], [ 38.0448217, 49.149105, 0.0 ], [ 38.0381269, 49.1256324, 0.0 ], [ 38.0101461, 49.1283283, 0.0 ], [ 37.9953833, 49.1301256, 0.0 ], [ 37.980792, 49.1303502, 0.0 ], [ 37.9754705, 49.1339445, 0.0 ], [ 37.9713507, 49.1346184, 0.0 ], [ 37.9622526, 49.1352923, 0.0 ], [ 37.9567594, 49.1373139, 0.0 ], [ 37.9541845, 49.1414692, 0.0 ], [ 37.9448957, 49.1385273, 0.0 ], [ 37.9185207, 49.1456587, 0.0 ], [ 37.9153699, 49.1489707, 0.0 ], [ 37.9095334, 49.1515531, 0.0 ], [ 37.9059286, 49.1533495, 0.0 ], [ 37.9050728, 49.1546076, 0.0 ], [ 37.9024094, 49.1552626, 0.0 ], [ 37.9005626, 49.157667, 0.0 ], [ 37.8959032, 49.1600561, 0.0 ], [ 37.8937575, 49.1604771, 0.0 ], [ 37.8928991, 49.1611506, 0.0 ], [ 37.8950449, 49.1609542, 0.0 ], [ 37.8967615, 49.1622451, 0.0 ], [ 37.9036684, 49.1662653, 0.0 ], [ 37.8935414, 49.175496, 0.0 ], [ 37.9051359, 49.1798387, 0.0 ], [ 37.908061, 49.1842149, 0.0 ], [ 37.9159574, 49.1867955, 0.0 ], [ 37.9350118, 49.1920685, 0.0 ], [ 37.9236822, 49.2051924, 0.0 ], [ 37.9163007, 49.2023885, 0.0 ], [ 37.9081897, 49.214027, 0.0 ], [ 37.9001216, 49.2131299, 0.0 ], [ 37.8966884, 49.2120646, 0.0 ], [ 37.8898219, 49.2109432, 0.0 ], [ 37.8896811, 49.2184245, 0.0 ], [ 37.8827288, 49.2195177, 0.0 ], [ 37.8810081, 49.2207272, 0.0 ], [ 37.8786907, 49.221428, 0.0 ], [ 37.8771028, 49.2258004, 0.0 ], [ 37.8788623, 49.2263049, 0.0 ], [ 37.870923, 49.2366738, 0.0 ] ] } },
{ "type": "Feature", "properties": { "Name": "", "description": "описание: <br>Назва: Граница Луганской/Харьковской Областью", "tessellate": 1, "extrude": 0, "visibility": -1, "________________": "", "__________": "Граница Луганской/Харьковской Областью" }, "geometry": { "type": "LineString", "coordinates": [ [ 37.870923, 49.2366738, 0.0 ], [ 37.8665535, 49.2463867, 0.0 ], [ 37.8826897, 49.2491322, 0.0 ], [ 37.8888796, 49.2516907, 0.0 ], [ 37.891197, 49.2526431, 0.0 ], [ 37.893142, 49.2524716, 0.0 ], [ 37.8948372, 49.2524576, 0.0 ], [ 37.8959101, 49.2530739, 0.0 ], [ 37.8959101, 49.253396, 0.0 ], [ 37.895717, 49.2541383, 0.0 ], [ 37.8949114, 49.2552024, 0.0 ], [ 37.9110047, 49.2591377, 0.0 ], [ 37.9056083, 49.2637088, 0.0 ], [ 37.8993717, 49.2696639, 0.0 ], [ 37.9123643, 49.276076, 0.0 ], [ 37.9305762, 49.2795056, 0.0 ], [ 37.9430217, 49.2801495, 0.0 ], [ 37.9516047, 49.2819133, 0.0 ], [ 37.9588574, 49.2849647, 0.0 ], [ 37.9522056, 49.2924384, 0.0 ], [ 37.9517764, 49.2941177, 0.0 ], [ 37.9513043, 49.2951813, 0.0 ], [ 37.9507893, 49.2960489, 0.0 ], [ 37.9483861, 49.2986236, 0.0 ], [ 37.948429, 49.3002468, 0.0 ], [ 37.9486011, 49.3035437, 0.0 ], [ 37.9457258, 49.3039355, 0.0 ], [ 37.9436658, 49.3042153, 0.0 ], [ 37.9416488, 49.3047749, 0.0 ], [ 37.9397176, 49.3053905, 0.0 ], [ 37.9376577, 49.3057543, 0.0 ], [ 37.9241823, 49.3074052, 0.0 ], [ 37.9181312, 49.3081887, 0.0 ], [ 37.9138397, 49.3089161, 0.0 ], [ 37.9021667, 49.3105669, 0.0 ], [ 37.893412, 49.3115742, 0.0 ], [ 37.8836273, 49.3127772, 0.0 ], [ 37.8833169, 49.316303, 0.0 ], [ 37.8831452, 49.3184291, 0.0 ], [ 37.8822869, 49.319604, 0.0 ], [ 37.8829736, 49.3202195, 0.0 ], [ 37.8831882, 49.3210587, 0.0 ], [ 37.8771294, 49.3289917, 0.0 ], [ 37.879361, 49.3308656, 0.0 ], [ 37.879876, 49.3318724, 0.0 ], [ 37.8796614, 49.3326555, 0.0 ], [ 37.8811206, 49.3331868, 0.0 ], [ 37.8815068, 49.3336623, 0.0 ], [ 37.8836526, 49.3405134, 0.0 ], [ 37.8838243, 49.3413523, 0.0 ], [ 37.8861417, 49.3412964, 0.0 ], [ 37.8863992, 49.3417577, 0.0 ], [ 37.8868712, 49.3419535, 0.0 ], [ 37.8874721, 49.3419814, 0.0 ], [ 37.8850116, 49.3488538, 0.0 ], [ 37.8848828, 49.350643, 0.0 ], [ 37.8849687, 49.3520408, 0.0 ], [ 37.8864986, 49.3560223, 0.0 ], [ 37.8863269, 49.3577554, 0.0 ], [ 37.8874427, 49.3604387, 0.0 ], [ 37.8890735, 49.3639604, 0.0 ], [ 37.8894168, 49.3660845, 0.0 ], [ 37.8897601, 49.3683202, 0.0 ], [ 37.8909618, 49.3754739, 0.0 ], [ 37.8919917, 49.3785475, 0.0 ], [ 37.8922492, 49.3812855, 0.0 ], [ 37.8937942, 49.3883256, 0.0 ], [ 37.8940517, 49.3914542, 0.0 ], [ 37.8947057, 49.3922672, 0.0 ], [ 37.8943838, 49.3928957, 0.0 ], [ 37.8951778, 49.3934124, 0.0 ], [ 37.8952421, 49.3941666, 0.0 ], [ 37.895049, 49.3946973, 0.0 ], [ 37.8961136, 49.4034579, 0.0 ], [ 37.881134, 49.4148394, 0.0 ], [ 37.879589, 49.4137366, 0.0 ], [ 37.8790097, 49.4134853, 0.0 ], [ 37.8786449, 49.4137087, 0.0 ], [ 37.8789024, 49.4141414, 0.0 ], [ 37.8809194, 49.416375, 0.0 ], [ 37.8808765, 49.4168217, 0.0 ], [ 37.8802113, 49.417073, 0.0 ], [ 37.8796534, 49.4171567, 0.0 ], [ 37.878602, 49.4171986, 0.0 ], [ 37.8776149, 49.4173382, 0.0 ], [ 37.8767995, 49.4174778, 0.0 ], [ 37.8752546, 49.4175336, 0.0 ], [ 37.8757052, 49.4179105, 0.0 ], [ 37.87607, 49.4190272, 0.0 ], [ 37.8771429, 49.419111, 0.0 ], [ 37.8795577, 49.4354275, 0.0 ], [ 37.8750087, 49.4363764, 0.0 ], [ 37.8765308, 49.4468968, 0.0 ], [ 37.8444301, 49.4452227, 0.0 ], [ 37.8502236, 49.4887737, 0.0 ], [ 37.8426008, 49.4914332, 0.0 ], [ 37.8407554, 49.4918235, 0.0 ], [ 37.8387384, 49.4917956, 0.0 ], [ 37.8376226, 49.492158, 0.0 ], [ 37.8374509, 49.4927991, 0.0 ], [ 37.8383092, 49.4934681, 0.0 ], [ 37.8393392, 49.4944438, 0.0 ], [ 37.8400259, 49.494611, 0.0 ], [ 37.8423004, 49.4979001, 0.0 ], [ 37.8439311, 49.5004643, 0.0 ], [ 37.8453903, 49.5024988, 0.0 ], [ 37.8454639, 49.5026076, 0.0 ], [ 37.8450348, 49.5026912, 0.0 ], [ 37.8423074, 49.5081999, 0.0 ], [ 37.8457689, 49.5144281, 0.0 ], [ 37.8472741, 49.52057, 0.0 ], [ 37.8843977, 49.5189867, 0.0 ], [ 37.8966494, 49.5256068, 0.0 ], [ 37.9178276, 49.5337212, 0.0 ], [ 37.9258099, 49.5420204, 0.0 ], [ 37.9268828, 49.5422989, 0.0 ], [ 37.9275265, 49.5429394, 0.0 ], [ 37.9276773, 49.5480023, 0.0 ], [ 37.8851911, 49.549116, 0.0 ], [ 37.8857053, 49.5510966, 0.0 ], [ 37.8920425, 49.560343, 0.0 ], [ 37.8916563, 49.5605796, 0.0 ], [ 37.8917206, 49.5609832, 0.0 ], [ 37.8926648, 49.5619157, 0.0 ], [ 37.9011692, 49.5732817, 0.0 ], [ 37.9042591, 49.5707213, 0.0 ], [ 37.908379, 49.5706657, 0.0 ], [ 37.9222835, 49.5677711, 0.0 ], [ 37.9233993, 49.570443, 0.0 ], [ 37.9255098, 49.5702058, 0.0 ], [ 37.9446827, 49.569608, 0.0 ], [ 37.9514634, 49.5688566, 0.0 ], [ 37.9518067, 49.5723911, 0.0 ], [ 37.9433511, 49.5787984, 0.0 ], [ 37.9367421, 49.5835843, 0.0 ], [ 37.9333947, 49.5887592, 0.0 ], [ 37.933223, 49.5903728, 0.0 ], [ 37.9333089, 49.5941005, 0.0 ], [ 37.935798, 49.5943786, 0.0 ], [ 37.9419778, 49.5944899, 0.0 ], [ 37.944458, 49.6113449, 0.0 ], [ 37.9738121, 49.6121791, 0.0 ], [ 37.9753571, 49.6157384, 0.0 ], [ 37.9766445, 49.6168506, 0.0 ], [ 37.9774599, 49.6186578, 0.0 ], [ 37.9765587, 49.6194363, 0.0 ], [ 37.9757862, 49.6201314, 0.0 ], [ 37.9777174, 49.6229672, 0.0 ], [ 37.9803782, 49.624802, 0.0 ], [ 37.9829531, 49.6256916, 0.0 ], [ 37.9843693, 49.6265812, 0.0 ], [ 37.9868584, 49.6265256, 0.0 ], [ 37.9904242, 49.6268333, 0.0 ], [ 37.9936429, 49.6271113, 0.0 ], [ 37.9950591, 49.6273893, 0.0 ], [ 37.996647, 49.6278897, 0.0 ], [ 37.9972478, 49.629224, 0.0 ], [ 37.9964753, 49.6296132, 0.0 ], [ 37.9967328, 49.6304749, 0.0 ], [ 37.9966899, 49.6316701, 0.0 ], [ 37.9956599, 49.6326986, 0.0 ], [ 37.9947587, 49.6331711, 0.0 ], [ 37.9916688, 49.6342273, 0.0 ], [ 37.9899092, 49.6348944, 0.0 ], [ 37.9889651, 49.6356448, 0.0 ], [ 37.988536, 49.6365064, 0.0 ], [ 37.9885439, 49.6383378, 0.0 ], [ 37.9891018, 49.6396162, 0.0 ], [ 37.9884152, 49.6398664, 0.0 ], [ 37.9872994, 49.6403944, 0.0 ], [ 37.9860548, 49.6419785, 0.0 ], [ 37.9857544, 49.643368, 0.0 ], [ 37.9872135, 49.6444795, 0.0 ], [ 37.9891877, 49.6451465, 0.0 ], [ 37.9966125, 49.6480074, 0.0 ], [ 38.0469093, 49.6573985, 0.0 ], [ 38.0469211, 49.6576372, 0.0 ], [ 38.0464383, 49.6578664, 0.0 ], [ 38.0400549, 49.6606861, 0.0 ], [ 38.0363427, 49.6627556, 0.0 ], [ 38.0355702, 49.6606305, 0.0 ], [ 38.0349479, 49.6599916, 0.0 ], [ 38.0344759, 49.6595471, 0.0 ], [ 38.0333386, 49.6593526, 0.0 ], [ 38.0321584, 49.6592971, 0.0 ], [ 38.0314933, 49.6594777, 0.0 ], [ 38.0298839, 49.6608944, 0.0 ], [ 38.0291758, 49.6614778, 0.0 ], [ 38.0287252, 49.6618945, 0.0 ], [ 38.0276645, 49.6626052, 0.0 ], [ 38.0274714, 49.6632441, 0.0 ], [ 38.0281795, 49.6635636, 0.0 ], [ 38.0295528, 49.6640358, 0.0 ], [ 38.0301107, 49.6646747, 0.0 ], [ 38.0310763, 49.6656469, 0.0 ], [ 38.0318384, 49.6666489, 0.0 ], [ 38.0319457, 49.6676627, 0.0 ], [ 38.031259, 49.6682044, 0.0 ], [ 38.0301861, 49.6686765, 0.0 ], [ 38.0292205, 49.6689682, 0.0 ], [ 38.0280189, 49.6692459, 0.0 ], [ 38.0270319, 49.6695376, 0.0 ], [ 38.0263023, 49.6697181, 0.0 ], [ 38.0238346, 49.6714793, 0.0 ], [ 38.0215534, 49.6741166, 0.0 ], [ 38.0214246, 49.6750053, 0.0 ], [ 38.0199011, 49.6750192, 0.0 ], [ 38.0188712, 49.6766022, 0.0 ], [ 38.0151804, 49.6775741, 0.0 ], [ 38.0135282, 49.6774769, 0.0 ], [ 38.0121549, 49.6776435, 0.0 ], [ 38.0117258, 49.6779351, 0.0 ], [ 38.0118545, 49.6781989, 0.0 ], [ 38.0124768, 49.6785044, 0.0 ], [ 38.013614, 49.6784628, 0.0 ], [ 38.0141934, 49.6783239, 0.0 ], [ 38.0147084, 49.6784628, 0.0 ], [ 38.0150731, 49.6788238, 0.0 ], [ 38.0154594, 49.6789209, 0.0 ], [ 38.0154223, 49.682503, 0.0 ], [ 38.0124183, 49.6831416, 0.0 ], [ 38.011517, 49.6841968, 0.0 ], [ 38.0113883, 49.6851408, 0.0 ], [ 38.0122037, 49.6856684, 0.0 ], [ 38.0144353, 49.6858072, 0.0 ], [ 38.0137057, 49.6866401, 0.0 ], [ 38.0133195, 49.6951354, 0.0 ], [ 38.0070109, 49.695413, 0.0 ], [ 38.0002303, 49.6999654, 0.0 ], [ 38.0002732, 49.7007981, 0.0 ], [ 38.0176968, 49.7054888, 0.0 ], [ 38.0173024, 49.7131445, 0.0 ], [ 38.0093631, 49.7140602, 0.0 ], [ 38.0073461, 49.7138937, 0.0 ], [ 37.9985055, 49.7130058, 0.0 ], [ 37.9922828, 49.7155587, 0.0 ], [ 37.9913603, 49.7161215, 0.0 ], [ 37.9909847, 49.7162117, 0.0 ], [ 37.9907702, 49.7160729, 0.0 ], [ 37.9909526, 49.7158163, 0.0 ], [ 37.9746896, 49.7086916, 0.0 ], [ 37.9603559, 49.7181265, 0.0 ], [ 37.9518587, 49.7312767, 0.0 ], [ 37.9508287, 49.7314431, 0.0 ], [ 37.9677684, 49.7591412, 0.0 ], [ 37.9713733, 49.7618025, 0.0 ], [ 37.9763515, 49.7671248, 0.0 ], [ 37.9794414, 49.7659052, 0.0 ], [ 37.9826171, 49.7614144, 0.0 ], [ 37.9857929, 49.7553152, 0.0 ], [ 37.9883678, 49.7547607, 0.0 ], [ 37.9894836, 49.7545943, 0.0 ], [ 37.9894836, 49.7525425, 0.0 ], [ 37.9924018, 49.7527089, 0.0 ], [ 37.9979808, 49.7530971, 0.0 ], [ 38.0030448, 49.7547607, 0.0 ], [ 38.0097396, 49.7572559, 0.0 ], [ 38.0101688, 49.7617471, 0.0 ], [ 38.0114562, 49.765129, 0.0 ], [ 38.0248835, 49.7727229, 0.0 ], [ 38.0242827, 49.774552, 0.0 ], [ 38.0344966, 49.7782657, 0.0 ], [ 38.0354407, 49.7811477, 0.0 ], [ 38.037329, 49.7835862, 0.0 ], [ 38.0420497, 49.7837524, 0.0 ], [ 38.0534652, 49.7833091, 0.0 ], [ 38.0556109, 49.7920645, 0.0 ], [ 38.0395606, 49.7951673, 0.0 ], [ 38.0351058, 49.7998178, 0.0 ], [ 38.0302134, 49.8030863, 0.0 ], [ 38.0096999, 49.8128351, 0.0 ], [ 38.0201712, 49.8339877, 0.0 ], [ 38.0170813, 49.8374199, 0.0 ], [ 38.0412856, 49.8390806, 0.0 ], [ 38.0490103, 49.8393021, 0.0 ], [ 38.0546752, 49.8377521, 0.0 ], [ 38.0668631, 49.8364235, 0.0 ], [ 38.0751029, 49.8366449, 0.0 ], [ 38.0814543, 49.8395235, 0.0 ], [ 38.0950615, 49.846482, 0.0 ], [ 38.0863068, 49.8515736, 0.0 ], [ 38.0802986, 49.85589, 0.0 ], [ 38.0753205, 49.8596528, 0.0 ], [ 38.0603859, 49.872488, 0.0 ], [ 38.0547211, 49.8780194, 0.0 ], [ 38.0473397, 49.8854305, 0.0 ], [ 38.0411598, 49.8921769, 0.0 ], [ 38.036525, 49.8970426, 0.0 ], [ 38.0365716, 49.8994294, 0.0 ] ] } },
{ "type": "Feature", "properties": { "Name": "", "description": "описание: <br>Назва: Граница Херсонская Область/АРК", "tessellate": 1, "extrude": 0, "visibility": -1, "________________": "", "__________": "Граница Херсонская Область/АРК" }, "geometry": { "type": "LineString", "coordinates": [ [ 33.5257318, 45.9668074, 0.0 ], [ 33.5463312, 46.0025911, 0.0 ], [ 33.596543, 46.0760227, 0.0 ], [ 33.5931547, 46.112196, 0.0 ], [ 33.6048277, 46.1307575, 0.0 ], [ 33.6349951, 46.1398137, 0.0 ], [ 33.6219938, 46.1970993, 0.0 ], [ 33.6185606, 46.2134941, 0.0 ], [ 33.6135824, 46.2125438, 0.0 ], [ 33.6137541, 46.2143256, 0.0 ], [ 33.616844, 46.2151571, 0.0 ], [ 33.6135824, 46.2264402, 0.0 ], [ 33.6456831, 46.2291715, 0.0 ], [ 33.6583861, 46.2227586, 0.0 ], [ 33.6652525, 46.2221648, 0.0 ], [ 33.685418, 46.2057216, 0.0 ], [ 33.6914262, 46.2038207, 0.0 ], [ 33.6972626, 46.2029891, 0.0 ], [ 33.708249, 46.200197, 0.0 ], [ 33.7299641, 46.1890274, 0.0 ], [ 33.735114, 46.1862941, 0.0 ], [ 33.7409082, 46.1844071, 0.0 ], [ 33.7510362, 46.1880912, 0.0 ], [ 33.7620226, 46.1934388, 0.0 ], [ 33.7752405, 46.1993799, 0.0 ], [ 33.7853685, 46.201875, 0.0 ], [ 33.7978759, 46.2029034, 0.0 ], [ 33.8116088, 46.2036163, 0.0 ], [ 33.8274016, 46.2033193, 0.0 ], [ 33.8387313, 46.2020124, 0.0 ], [ 33.8498893, 46.1989232, 0.0 ], [ 33.8631072, 46.193695, 0.0 ], [ 33.9040116, 46.1659724, 0.0 ], [ 33.9196935, 46.1574816, 0.0 ], [ 33.9658704, 46.1419027, 0.0 ], [ 33.9861264, 46.1333384, 0.0 ], [ 34.0235486, 46.1135878, 0.0 ], [ 34.0324168, 46.1108691, 0.0 ], [ 34.0512995, 46.1081319, 0.0 ], [ 34.0579943, 46.1103931, 0.0 ], [ 34.0658907, 46.1145582, 0.0 ], [ 34.0724139, 46.1170571, 0.0 ], [ 34.0820269, 46.1168192, 0.0 ], [ 34.0921933, 46.115526, 0.0 ], [ 34.1028363, 46.111599, 0.0 ], [ 34.1203457, 46.1061245, 0.0 ], [ 34.1285855, 46.1023158, 0.0 ], [ 34.1373402, 46.0945786, 0.0 ], [ 34.1426617, 46.0892215, 0.0 ], [ 34.1472966, 46.0841019, 0.0 ], [ 34.154163, 46.0800536, 0.0 ], [ 34.1717329, 46.0733856, 0.0 ], [ 34.1768827, 46.0695747, 0.0 ], [ 34.1832342, 46.0667163, 0.0 ], [ 34.1918172, 46.0654062, 0.0 ], [ 34.2019453, 46.0639769, 0.0 ], [ 34.2103567, 46.0631431, 0.0 ], [ 34.2168798, 46.0605227, 0.0 ], [ 34.2232313, 46.0587359, 0.0 ], [ 34.2335195, 46.0557136, 0.0 ], [ 34.2473383, 46.0528545, 0.0 ], [ 34.2529173, 46.0527949, 0.0 ], [ 34.2638178, 46.0545223, 0.0 ], [ 34.2749757, 46.0564283, 0.0 ], [ 34.2915411, 46.0594063, 0.0 ], [ 34.2980642, 46.0601211, 0.0 ], [ 34.3067331, 46.061074, 0.0 ], [ 34.3185777, 46.0613122, 0.0 ], [ 34.3248434, 46.0610144, 0.0 ], [ 34.3296499, 46.0605975, 0.0 ], [ 34.3347997, 46.0582747, 0.0 ], [ 34.3408937, 46.0572026, 0.0 ], [ 34.3531831, 46.0522825, 0.0 ], [ 34.3622498, 46.0484935, 0.0 ], [ 34.3714336, 46.042834, 0.0 ], [ 34.3812183, 46.0366973, 0.0 ], [ 34.3904022, 46.028057, 0.0 ], [ 34.3975262, 46.0216206, 0.0 ], [ 34.4034485, 46.012203, 0.0 ], [ 34.4069009, 46.006458, 0.0 ], [ 34.4101624, 45.9978726, 0.0 ], [ 34.4126515, 45.9904189, 0.0 ], [ 34.4168572, 45.9846938, 0.0 ], [ 34.419518, 45.9817714, 0.0 ], [ 34.4218354, 45.9797435, 0.0 ], [ 34.425097, 45.9764033, 0.0 ], [ 34.4312178, 45.9710739, 0.0 ], [ 34.437226, 45.9658241, 0.0 ], [ 34.4442641, 45.9606334, 0.0 ], [ 34.4519888, 45.955502, 0.0 ], [ 34.4565285, 45.9524595, 0.0 ], [ 34.465884, 45.9473869, 0.0 ], [ 34.4781578, 45.9429705, 0.0 ], [ 34.4840801, 45.9423139, 0.0 ], [ 34.4882858, 45.9423736, 0.0 ], [ 34.4907003, 45.9421881, 0.0 ], [ 34.5010858, 45.9433818, 0.0 ], [ 34.5042615, 45.9439786, 0.0 ], [ 34.5099263, 45.9471417, 0.0 ], [ 34.5226293, 45.9550189, 0.0 ], [ 34.5391088, 45.9708893, 0.0 ], [ 34.5490651, 45.9795981, 0.0 ], [ 34.5518117, 45.9875303, 0.0 ], [ 34.5538717, 45.9899157, 0.0 ], [ 34.5578199, 45.9918836, 0.0 ], [ 34.5607381, 45.9931955, 0.0 ], [ 34.5644288, 45.9941496, 0.0 ], [ 34.5676046, 45.9949844, 0.0 ], [ 34.5737844, 45.9955807, 0.0 ], [ 34.5833776, 45.9959101, 0.0 ], [ 34.6003721, 45.9944194, 0.0 ], [ 34.6089552, 45.9923919, 0.0 ], [ 34.6150492, 45.9905433, 0.0 ], [ 34.6306759, 45.9862144, 0.0 ], [ 34.6406323, 45.9810853, 0.0 ], [ 34.6577984, 45.9744048, 0.0 ], [ 34.6694714, 45.9680815, 0.0 ], [ 34.6840958, 45.9580341, 0.0 ], [ 34.6938805, 45.9509928, 0.0 ], [ 34.7045235, 45.9437119, 0.0 ], [ 34.7127633, 45.937982, 0.0 ], [ 34.7204177, 45.931889, 0.0 ], [ 34.7282283, 45.9260982, 0.0 ], [ 34.7335498, 45.9227547, 0.0 ], [ 34.7370688, 45.9204261, 0.0 ], [ 34.7526514, 45.9100104, 0.0 ], [ 34.7715342, 45.9066659, 0.0 ], [ 34.8017466, 45.9022462, 0.0 ], [ 34.8006014, 45.8055443, 0.0 ], [ 34.8603396, 45.7945341, 0.0 ], [ 34.8792224, 45.7887887, 0.0 ], [ 34.95647, 45.7602928, 0.0 ], [ 34.9590518, 45.759363, 0.0 ], [ 34.9736431, 45.7636743, 0.0 ] ] } }
]
}
