{
  "type": "FeatureCollection",
  "features": [
    {
      "type": "Feature",
      "properties": {
        "Name": "New curved line 1",
        "_curve": true,
        "_controlPoints": [
          [
            47.66642780836732,
            35.29975891113282
          ],
          [
            47.673825980328346,
            35.309886932373054
          ],
          [
            47.68341892265674,
            35.318126678466804
          ],
          [
            47.683996754422495,
            35.32464981079102
          ],
          [
            47.683014436612346,
            35.33400535583497
          ],
          [
            47.68734805244343,
            35.34095764160157
          ],
          [
            47.68896584339047,
            35.356063842773445
          ],
          [
            47.690236929645884,
            35.37082672119141
          ],
          [
            47.696071973525264,
            35.382499694824226
          ],
          [
            47.69462771653753,
            35.399494171142585
          ],
          [
            47.68642357794369,
            35.40344238281251
          ],
          [
            47.67925834499533,
            35.3866195678711
          ],
          [
            47.674403918346556,
            35.38215637207032
          ],
          [
            47.665849782016195,
            35.36293029785157
          ],
          [
            47.652553409233406,
            35.342330932617195
          ],
          [
            47.64145123518673,
            35.33271789550782
          ],
          [
            47.635320898879414,
            35.33151626586915
          ],
          [
            47.63161921550121,
            35.36859512329102
          ],
          [
            47.619124098197325,
            35.37220001220704
          ],
          [
            47.61449551898437,
            35.40739059448243
          ],
          [
            47.64098859338981,
            35.4331398010254
          ],
          [
            47.64654002455372,
            35.470905303955085
          ],
          [
            47.6408729323004,
            35.47983169555665
          ],
          [
            47.633470089967,
            35.48652648925782
          ],
          [
            47.63913798523211,
            35.50592422485352
          ],
          [
            47.65012501030461,
            35.52291870117188
          ],
          [
            47.64839037050667,
            35.53888320922852
          ],
          [
            47.64977808695402,
            35.55742263793946
          ],
          [
            47.60801481973273,
            35.54969787597657
          ],
          [
            47.60095457276622,
            35.530815124511726
          ],
          [
            47.58926256053882,
            35.56617736816407
          ],
          [
            47.580462888194106,
            35.58334350585938
          ],
          [
            47.58289452450752,
            35.63158035278321
          ],
          [
            47.59840802037505,
            35.66179275512696
          ],
          [
            47.60240142231351,
            35.67569732666016
          ],
          [
            47.61796699180627,
            35.714836120605476
          ],
          [
            47.60627878178091,
            35.73646545410157
          ],
          [
            47.58926256053882,
            35.72805404663087
          ],
          [
            47.57768373696443,
            35.72822570800782
          ],
          [
            47.56413326214539,
            35.721359252929695
          ],
          [
            47.54710333675147,
            35.71466445922852
          ],
          [
            47.5341244404917,
            35.72805404663087
          ],
          [
            47.51546164784575,
            35.720329284667976
          ],
          [
            47.498763835308964,
            35.78195571899415
          ],
          [
            47.49969163091826,
            35.79912185668946
          ],
          [
            47.519055620971265,
            35.81457138061524
          ],
          [
            47.5369059030354,
            35.81663131713868
          ],
          [
            47.55417084837347,
            35.79380035400391
          ],
          [
            47.56077405523746,
            35.7876205444336
          ],
          [
            47.57073521348193,
            35.7847023010254
          ],
          [
            47.57281986733871,
            35.79586029052735
          ],
          [
            47.564364923647425,
            35.81731796264649
          ],
          [
            47.56019485986194,
            35.84306716918946
          ],
          [
            47.55915229204995,
            35.86521148681641
          ],
          [
            47.548030277822356,
            35.88735580444337
          ],
          [
            47.54710333675147,
            35.93215942382813
          ],
          [
            47.55776216936179,
            35.96168518066407
          ],
          [
            47.596440144994986,
            35.960311889648445
          ],
          [
            47.600607322920695,
            35.88924407958985
          ],
          [
            47.607088939995585,
            35.891647338867195
          ],
          [
            47.61287541946062,
            35.92529296875001
          ],
          [
            47.60975080006455,
            35.97318649291993
          ],
          [
            47.62143823415564,
            35.974817276000984
          ],
          [
            47.62444645776712,
            36.00511550903321
          ],
          [
            47.63867532295018,
            36.028461456298835
          ],
          [
            47.66041602143198,
            36.05163574218751
          ],
          [
            47.682378809348755,
            36.083908081054695
          ],
          [
            47.68919695228656,
            36.022453308105476
          ],
          [
            47.71946336372093,
            35.997734069824226
          ],
          [
            47.7338972535053,
            35.99430084228516
          ],
          [
            47.73805347191454,
            36.01009368896485
          ],
          [
            47.756752349416615,
            36.009750366210945
          ],
          [
            47.74359458040545,
            35.92031478881837
          ],
          [
            47.769906791921386,
            35.91567993164063
          ],
          [
            47.77855921633887,
            35.9165382385254
          ],
          [
            47.779020638534796,
            35.97335815429688
          ],
          [
            47.800472248211776,
            35.981254577636726
          ],
          [
            47.8292911090762,
            35.97661972045899
          ],
          [
            47.83493773115668,
            35.971298217773445
          ],
          [
            47.84815879401468,
            35.97043991088868
          ],
          [
            47.845998719925575,
            35.99318504333497
          ],
          [
            47.835398652772845,
            36.00528717041016
          ],
          [
            47.832056878293166,
            36.012496948242195
          ],
          [
            47.833439707627605,
            36.04339599609376
          ],
          [
            47.855214409127505,
            36.045970916748054
          ],
          [
            47.87559830175815,
            36.0457992553711
          ],
          [
            47.90287943640842,
            36.06039047241212
          ],
          [
            47.91012896590063,
            36.055412292480476
          ],
          [
            47.927270638010604,
            36.05215072631837
          ],
          [
            47.92968612174219,
            36.07000350952149
          ],
          [
            47.92220925866508,
            36.10450744628907
          ],
          [
            47.92497007243085,
            36.14141464233399
          ],
          [
            47.92324458109482,
            36.16836547851563
          ],
          [
            47.919908467967566,
            36.194286346435554
          ],
          [
            47.91818280779197,
            36.20733261108399
          ],
          [
            47.92715561216186,
            36.21368408203126
          ],
          [
            47.94038190794633,
            36.206474304199226
          ],
          [
            47.94406166686341,
            36.18896484375001
          ],
          [
            47.95165034238677,
            36.17746353149415
          ],
          [
            47.95728363837357,
            36.19188308715821
          ],
          [
            47.95636395852882,
            36.2051010131836
          ],
          [
            47.9621116889859,
            36.21883392333985
          ],
          [
            47.965904840795794,
            36.221237182617195
          ],
          [
            47.9740649200643,
            36.226730346679695
          ],
          [
            47.97659313367706,
            36.23376846313477
          ],
          [
            47.979580862893755,
            36.24303817749024
          ],
          [
            47.983487632528984,
            36.24664306640626
          ],
          [
            47.98647496275677,
            36.25385284423829
          ],
          [
            47.98727921443187,
            36.26449584960938
          ],
          [
            47.98463662615425,
            36.275653839111335
          ],
          [
            47.9840621325386,
            36.286640167236335
          ],
          [
            47.98004049819659,
            36.293163299560554
          ],
          [
            47.971881363231276,
            36.303119659423835
          ],
          [
            47.971996289577056,
            36.30792617797852
          ],
          [
            47.95785842996354,
            36.309127807617195
          ],
          [
            47.94314175169079,
            36.322345733642585
          ],
          [
            47.93509179559651,
            36.33247375488282
          ],
          [
            47.92888097303307,
            36.372299194335945
          ],
          [
            47.941416866616954,
            36.3669776916504
          ],
          [
            47.9696977140649,
            36.361827850341804
          ],
          [
            47.963950827679604,
            36.38998031616212
          ],
          [
            47.95084553568269,
            36.3999366760254
          ],
          [
            47.95912294895246,
            36.473922729492195
          ],
          [
            47.960042579686736,
            36.48250579833985
          ],
          [
            47.96877825521348,
            36.51580810546876
          ],
          [
            47.98004049819659,
            36.53812408447266
          ],
          [
            47.9922193426418,
            36.52971267700196
          ],
          [
            48.00496958073282,
            36.54121398925782
          ],
          [
            48.01668323762624,
            36.583271026611335
          ],
          [
            48.027475820552326,
            36.58859252929688
          ],
          [
            48.04136507445029,
            36.57623291015626
          ],
          [
            48.05421790689443,
            36.58464431762696
          ],
          [
            48.064543751561295,
            36.57657623291016
          ],
          [
            48.0715412020574,
            36.58533096313477
          ],
          [
            48.08014332084878,
            36.58292770385743
          ],
          [
            48.08725331988949,
            36.605758666992195
          ],
          [
            48.09275716032736,
            36.618461608886726
          ],
          [
            48.10238746374147,
            36.623954772949226
          ],
          [
            48.111328273160176,
            36.63682937622071
          ],
          [
            48.10731656386905,
            36.676139831542976
          ],
          [
            48.11545427601087,
            36.69158935546876
          ],
          [
            48.133215226543605,
            36.70394897460938
          ],
          [
            48.1336734923661,
            36.71115875244141
          ],
          [
            48.11224519131388,
            36.715621948242195
          ],
          [
            48.117402551082286,
            36.73175811767579
          ],
          [
            48.118548560731504,
            36.76351547241212
          ],
          [
            48.13756858672963,
            36.770553588867195
          ],
          [
            48.15474929917186,
            36.76849365234376
          ],
          [
            48.15074098066947,
            36.79870605468751
          ],
          [
            48.150970035875794,
            36.83904647827149
          ],
          [
            48.145930585161196,
            36.86702728271485
          ],
          [
            48.16116195751926,
            36.890888214111335
          ],
          [
            48.17501514306505,
            36.88985824584962
          ],
          [
            48.19515855145543,
            36.87973022460938
          ],
          [
            48.197103802334816,
            36.88282012939454
          ],
          [
            48.191954447830135,
            36.896896362304695
          ],
          [
            48.19081007655074,
            36.90444946289063
          ],
          [
            48.20339675506846,
            36.946849822998054
          ],
          [
            48.215637193754965,
            36.944103240966804
          ],
          [
            48.214378965824345,
            36.90599441528321
          ],
          [
            48.23885166797079,
            36.89208984375001
          ],
          [
            48.24388198818308,
            36.8807601928711
          ],
          [
            48.25462692415962,
            36.88385009765626
          ],
          [
            48.25645562459324,
            36.915092468261726
          ],
          [
            48.28627706503642,
            36.91680908203126
          ],
          [
            48.30021062040176,
            36.95526123046876
          ],
          [
            48.29313010839769,
            36.99697494506837
          ],
          [
            48.35864441122893,
            36.99680328369141
          ],
          [
            48.36640011246755,
            36.99268341064454
          ],
          [
            48.37586502981989,
            37.00984954833985
          ],
          [
            48.37415463282833,
            37.031478881835945
          ],
          [
            48.39969058371266,
            37.04126358032227
          ],
          [
            48.41484649244642,
            37.012252807617195
          ],
          [
            48.42760585983618,
            37.01791763305665
          ],
          [
            48.44252569905383,
            37.056198120117195
          ],
          [
            48.46199462233164,
            37.041950225830085
          ],
          [
            48.46290526636771,
            37.05825805664063
          ],
          [
            48.44548636744256,
            37.06323623657227
          ],
          [
            48.4487884478162,
            37.116107940673835
          ],
          [
            48.481000927480224,
            37.10769653320313
          ],
          [
            48.486007391812024,
            37.06254959106446
          ],
          [
            48.49283359224375,
            37.06975936889649
          ],
          [
            48.49283359224375,
            37.12966918945313
          ],
          [
            48.51330668036266,
            37.128124237060554
          ],
          [
            48.517627719588525,
            37.16039657592774
          ],
          [
            48.52399489513839,
            37.1799659729004
          ],
          [
            48.53536286085027,
            37.21412658691407
          ],
          [
            48.54695555682849,
            37.22991943359376
          ],
          [
            48.55388717497782,
            37.25515365600587
          ],
          [
            48.57195037241965,
            37.269401550292976
          ],
          [
            48.60397112114062,
            37.256698608398445
          ],
          [
            48.62621472591321,
            37.24536895751954
          ],
          [
            48.6402821493949,
            37.256698608398445
          ],
          [
            48.641076161183214,
            37.29326248168946
          ],
          [
            48.628030097728164,
            37.332572937011726
          ],
          [
            48.61168940038252,
            37.338581085205085
          ],
          [
            48.60907893795585,
            37.360038757324226
          ],
          [
            48.60590080154464,
            37.37411499023438
          ],
          [
            48.596251662217554,
            37.36089706420899
          ],
          [
            48.574562753716684,
            37.37462997436524
          ],
          [
            48.576720706024986,
            37.42818832397462
          ],
          [
            48.572177541368994,
            37.46458053588868
          ],
          [
            48.56547562831298,
            37.48123168945313
          ],
          [
            48.54388716039111,
            37.48895645141602
          ],
          [
            48.52399489513839,
            37.4795150756836
          ],
          [
            48.50602830756506,
            37.50234603881837
          ],
          [
            48.49271982976634,
            37.54423141479493
          ],
          [
            48.50011385989428,
            37.5838851928711
          ],
          [
            48.525813941150446,
            37.55573272705079
          ],
          [
            48.532180087695835,
            37.55968093872071
          ],
          [
            48.525813941150446,
            37.58886337280274
          ],
          [
            48.537408823654594,
            37.60259628295899
          ],
          [
            48.55956812108008,
            37.61117935180665
          ],
          [
            48.569337856144415,
            37.62439727783204
          ],
          [
            48.57410843623052,
            37.64482498168946
          ],
          [
            48.59261856745989,
            37.65014648437501
          ],
          [
            48.60680886092867,
            37.608261108398445
          ],
          [
            48.620314316501755,
            37.61444091796876
          ],
          [
            48.62383195130112,
            37.64259338378907
          ],
          [
            48.633589267676214,
            37.6498031616211
          ],
          [
            48.6490155916349,
            37.70095825195313
          ],
          [
            48.65740734481297,
            37.75691986083985
          ],
          [
            48.66511745413668,
            37.80138015747071
          ],
          [
            48.674413370343856,
            37.81167984008789
          ],
          [
            48.688920641085964,
            37.7952003479004
          ],
          [
            48.69798556347803,
            37.75468826293946
          ],
          [
            48.709314421349,
            37.73752212524415
          ],
          [
            48.711126801964035,
            37.72430419921876
          ],
          [
            48.74611559910519,
            37.68774032592774
          ],
          [
            48.74747389626912,
            37.71932601928712
          ],
          [
            48.755057047364936,
            37.7651596069336
          ],
          [
            48.76546786777273,
            37.753829956054695
          ],
          [
            48.76886223397753,
            37.72344589233399
          ],
          [
            48.778365238750794,
            37.72481918334962
          ],
          [
            48.78255051544782,
            37.75485992431641
          ],
          [
            48.79205092923705,
            37.762584686279304
          ],
          [
            48.80788095536306,
            37.7486801147461
          ],
          [
            48.814324606354575,
            37.75537490844727
          ],
          [
            48.813307242831165,
            37.79365539550782
          ],
          [
            48.821558596021696,
            37.789363861083984
          ],
          [
            48.828226505453266,
            37.80567169189454
          ],
          [
            48.844384028766385,
            37.78644561767579
          ],
          [
            48.849467486075945,
            37.7952003479004
          ],
          [
            48.84393214092012,
            37.81150817871094
          ],
          [
            48.85138776898278,
            37.82764434814454
          ],
          [
            48.859519915404825,
            37.82541275024415
          ],
          [
            48.85974578950385,
            37.810306549072266
          ],
          [
            48.87690923865779,
            37.79863357543946
          ],
          [
            48.88955222364055,
            37.79691696166993
          ],
          [
            48.8936153614802,
            37.81185150146485
          ],
          [
            48.90557712765309,
            37.809276580810554
          ],
          [
            48.90704393964602,
            37.767047882080085
          ],
          [
            48.91358765320997,
            37.76670455932618
          ],
          [
            48.93806256663465,
            37.79142379760743
          ],
          [
            48.976498910878114,
            37.80172348022462
          ],
          [
            48.99362228409862,
            37.770309448242195
          ],
          [
            49.0109649645902,
            37.7732276916504
          ],
          [
            49.02109750139502,
            37.74816513061524
          ],
          [
            49.03404163038388,
            37.7322006225586
          ],
          [
            49.02661323763608,
            37.716064453125
          ],
          [
            49.02087235631781,
            37.70147323608399
          ],
          [
            49.03111542624543,
            37.66164779663087
          ],
          [
            49.03854314682254,
            37.62559890747071
          ],
          [
            49.03347891218579,
            37.59864807128907
          ],
          [
            49.02211064163856,
            37.54938125610352
          ],
          [
            49.02627555706767,
            37.5344467163086
          ],
          [
            49.05080771164413,
            37.53547668457032
          ],
          [
            49.0620569455363,
            37.54817962646485
          ],
          [
            49.08229915140255,
            37.530841827392585
          ],
          [
            49.100622477622004,
            37.5783920288086
          ],
          [
            49.11624254855665,
            37.578563690185554
          ],
          [
            49.122084764444836,
            37.591266632080085
          ],
          [
            49.11568076076249,
            37.605514526367195
          ],
          [
            49.12511795127307,
            37.62868881225587
          ],
          [
            49.14084261172821,
            37.648429870605476
          ],
          [
            49.160154652338015,
            37.64156341552735
          ],
          [
            49.165991694310556,
            37.664909362792976
          ],
          [
            49.1509486882112,
            37.67881393432618
          ],
          [
            49.16206299175678,
            37.70009994506837
          ],
          [
            49.17934695160339,
            37.68379211425781
          ],
          [
            49.18024465477735,
            37.748851776123054
          ],
          [
            49.19247423824004,
            37.774772644042976
          ],
          [
            49.20671957344764,
            37.78953552246094
          ],
          [
            49.221185044221336,
            37.774772644042976
          ],
          [
            49.21524237861988,
            37.79348373413087
          ],
          [
            49.20189680915228,
            37.814254760742195
          ],
          [
            49.212663263677996,
            37.83262252807617
          ],
          [
            49.247974226746905,
            37.85425186157227
          ],
          [
            49.264107975861215,
            37.83863067626954
          ],
          [
            49.273516894208186,
            37.847728729248054
          ],
          [
            49.272396878973026,
            37.88429260253906
          ],
          [
            49.287067063161125,
            37.890644073486335
          ],
          [
            49.322101056381484,
            37.84738540649415
          ],
          [
            49.33653273831728,
            37.783012390136726
          ],
          [
            49.351519308287436,
            37.72842407226563
          ],
          [
            49.359122687528746,
            37.665939331054695
          ],
          [
            49.35800461723669,
            37.624740600585945
          ],
          [
            49.33921723565357,
            37.62439727783204
          ],
          [
            49.321094036976454,
            37.62336730957032
          ],
          [
            49.31952752141471,
            37.58216857910157
          ],
          [
            49.33496671391723,
            37.54714965820313
          ],
          [
            49.37410237715185,
            37.54714965820313
          ],
          [
            49.41923740367449,
            37.555046081542976
          ],
          [
            49.442459065518214,
            37.61341094970704
          ],
          [
            49.46254586232141,
            37.631950378417976
          ],
          [
            49.47794016567822,
            37.65975952148438
          ],
          [
            49.52899673717214,
            37.69168853759766
          ],
          [
            49.551720943764366,
            37.68550872802735
          ],
          [
            49.56508318792815,
            37.6717758178711
          ],
          [
            49.57955482664513,
            37.65357971191407
          ],
          [
            49.59669260080171,
            37.66181945800782
          ],
          [
            49.61538148830292,
            37.645683288574226
          ],
          [
            49.63117246129088,
            37.64053344726563
          ],
          [
            49.652293223171355,
            37.624740600585945
          ],
          [
            49.6802918903589,
            37.630233764648445
          ],
          [
            49.687177981431944,
            37.60929107666016
          ],
          [
            49.69583974296302,
            37.59315490722657
          ],
          [
            49.70538810115588,
            37.602767944335945
          ],
          [
            49.72425724244737,
            37.564315795898445
          ],
          [
            49.738237875605215,
            37.57221221923829
          ],
          [
            49.74766698054144,
            37.56963729858399
          ],
          [
            49.77228494131753,
            37.56723403930665
          ],
          [
            49.79345525673674,
            37.58182525634766
          ],
          [
            49.807526733647805,
            37.5754737854004
          ],
          [
            49.83012117601897,
            37.55315780639649
          ],
          [
            49.83643244326064,
            37.55418777465821
          ],
          [
            49.83997524985227,
            37.57942199707032
          ],
          [
            49.8362110092298,
            37.62508392333985
          ],
          [
            49.842632184448846,
            37.619247436523445
          ],
          [
            49.86045201240692,
            37.6194190979004
          ],
          [
            49.86852964532145,
            37.58285522460938
          ],
          [
            49.88036702273273,
            37.583026885986335
          ],
          [
            49.88645052693299,
            37.60740280151368
          ],
          [
            49.90182178436168,
            37.68980026245118
          ],
          [
            49.91232450346397,
            37.71898269653321
          ],
          [
            49.931665631549635,
            37.66954421997071
          ],
          [
            49.94503410301832,
            37.689628601074226
          ],
          [
            49.970324611861784,
            37.68859863281251
          ],
          [
            50.016122910594795,
            37.718124389648445
          ],
          [
            50.03619419013074,
            37.729110717773445
          ],
          [
            50.051627928965864,
            37.71194458007813
          ],
          [
            50.07311665341498,
            37.66405105590821
          ],
          [
            50.08754726309379,
            37.649459838867195
          ],
          [
            50.106157434891145,
            37.651176452636726
          ],
          [
            50.119367369610735,
            37.646713256835945
          ],
          [
            50.119807638007856,
            37.629203796386726
          ],
          [
            50.10935016970876,
            37.619247436523445
          ],
          [
            50.106267532738286,
            37.601737976074226
          ],
          [
            50.105717040971754,
            37.58216857910157
          ],
          [
            50.10990061971762,
            37.573070526123054
          ],
          [
            50.12134854551253,
            37.586288452148445
          ],
          [
            50.133453950106876,
            37.5674057006836
          ],
          [
            50.13081303206398,
            37.54886627197266
          ],
          [
            50.12255922375678,
            37.53427505493165
          ],
          [
            50.128392062486334,
            37.51693725585938
          ],
          [
            50.144566216275784,
            37.508354187011726
          ],
          [
            50.16458378401074,
            37.483634948730476
          ],
          [
            50.177337861096774,
            37.45256423950196
          ],
          [
            50.16381403252021,
            37.428703308105476
          ],
          [
            50.16238446114941,
            37.37360000610352
          ],
          [
            50.16711288019972,
            37.33892440795899
          ],
          [
            50.18096555420199,
            37.29480743408204
          ],
          [
            50.180305994127345,
            37.26579666137696
          ],
          [
            50.17140104179651,
            37.24227905273438
          ],
          [
            50.17063140009982,
            37.20760345458985
          ],
          [
            50.185142556535475,
            37.15850830078126
          ],
          [
            50.169861746007314,
            37.12005615234376
          ],
          [
            50.16865226453141,
            37.09053039550782
          ],
          [
            50.169861746007314,
            37.02993392944337
          ],
          [
            50.15534594794995,
            37.022209167480476
          ],
          [
            50.161064818858684,
            36.968307495117195
          ],
          [
            50.15919526325093,
            36.92367553710938
          ],
          [
            50.16271436602979,
            36.867198944091804
          ],
          [
            50.168102490105014,
            36.84762954711915
          ],
          [
            50.183933461845,
            36.83612823486329
          ],
          [
            50.19888011888459,
            36.82857513427735
          ],
          [
            50.22897903008562,
            36.81930541992188
          ],
          [
            50.210965904610696,
            36.77570343017579
          ],
          [
            50.205253005490135,
            36.74823760986329
          ],
          [
            50.2087687166511,
            36.72042846679688
          ],
          [
            50.229198660367516,
            36.6610336303711
          ],
          [
            50.22227982056839,
            36.61983489990235
          ],
          [
            50.22238965126189,
            36.60507202148438
          ],
          [
            50.1962428134763,
            36.586532592773445
          ],
          [
            50.198770234067965,
            36.55494689941407
          ],
          [
            50.21733717761366,
            36.55048370361329
          ],
          [
            50.226233566213736,
            36.5346908569336
          ],
          [
            50.21788638545399,
            36.52250289916993
          ],
          [
            50.21909462044748,
            36.48868560791016
          ],
          [
            50.226123744371385,
            36.46774291992188
          ],
          [
            50.25049799014759,
            36.44336700439454
          ],
          [
            50.25357133434057,
            36.41727447509766
          ],
          [
            50.263887540074116,
            36.39083862304688
          ],
          [
            50.2726655299684,
            36.388778686523445
          ],
          [
            50.29262942961977,
            36.3753890991211
          ]
        ]
      },
      "geometry": {
        "type": "LineString",
        "coordinates": [
          [
            35.299759,
            47.666428
          ],
          [
            35.300254,
            47.666778
          ],
          [
            35.300883,
            47.667207
          ],
          [
            35.301623,
            47.667706
          ],
          [
            35.302455,
            47.668265
          ],
          [
            35.303357,
            47.668875
          ],
          [
            35.304308,
            47.669527
          ],
          [
            35.305288,
            47.670213
          ],
          [
            35.306276,
            47.670923
          ],
          [
            35.30725,
            47.671649
          ],
          [
            35.308191,
            47.67238
          ],
          [
            35.309077,
            47.673109
          ],
          [
            35.309887,
            47.673826
          ],
          [
            35.310645,
            47.674577
          ],
          [
            35.311389,
            47.675402
          ],
          [
            35.31212,
            47.676281
          ],
          [
            35.312837,
            47.677195
          ],
          [
            35.313541,
            47.678124
          ],
          [
            35.314232,
            47.679049
          ],
          [
            35.314911,
            47.67995
          ],
          [
            35.315577,
            47.680808
          ],
          [
            35.316232,
            47.681603
          ],
          [
            35.316875,
            47.682316
          ],
          [
            35.317506,
            47.682928
          ],
          [
            35.318127,
            47.683419
          ],
          [
            35.318721,
            47.683788
          ],
          [
            35.31928,
            47.684055
          ],
          [
            35.319812,
            47.684234
          ],
          [
            35.320323,
            47.684337
          ],
          [
            35.320823,
            47.684378
          ],
          [
            35.321319,
            47.684369
          ],
          [
            35.321818,
            47.684323
          ],
          [
            35.322329,
            47.684254
          ],
          [
            35.32286,
            47.684173
          ],
          [
            35.323419,
            47.684095
          ],
          [
            35.324013,
            47.684032
          ],
          [
            35.32465,
            47.683997
          ],
          [
            35.325338,
            47.683953
          ],
          [
            35.326073,
            47.683862
          ],
          [
            35.326846,
            47.683736
          ],
          [
            35.327648,
            47.683588
          ],
          [
            35.328469,
            47.683429
          ],
          [
            35.329301,
            47.683271
          ],
          [
            35.330134,
            47.683126
          ],
          [
            35.33096,
            47.683006
          ],
          [
            35.331769,
            47.682923
          ],
          [
            35.332552,
            47.682889
          ],
          [
            35.333301,
            47.682915
          ],
          [
            35.334005,
            47.683014
          ],
          [
            35.334643,
            47.683198
          ],
          [
            35.335209,
            47.683461
          ],
          [
            35.335721,
            47.683788
          ],
          [
            35.336199,
            47.684166
          ],
          [
            35.33666,
            47.684581
          ],
          [
            35.337122,
            47.685019
          ],
          [
            35.337605,
            47.685466
          ],
          [
            35.338125,
            47.685908
          ],
          [
            35.338703,
            47.686331
          ],
          [
            35.339355,
            47.686721
          ],
          [
            35.3401,
            47.687065
          ],
          [
            35.340958,
            47.687348
          ],
          [
            35.341932,
            47.687579
          ],
          [
            35.343007,
            47.687779
          ],
          [
            35.344169,
            47.687952
          ],
          [
            35.345402,
            47.688101
          ],
          [
            35.346691,
            47.688232
          ],
          [
            35.348023,
            47.688348
          ],
          [
            35.349381,
            47.688454
          ],
          [
            35.350752,
            47.688553
          ],
          [
            35.35212,
            47.688649
          ],
          [
            35.353472,
            47.688748
          ],
          [
            35.354791,
            47.688852
          ],
          [
            35.356064,
            47.688966
          ],
          [
            35.357316,
            47.689069
          ],
          [
            35.35858,
            47.689145
          ],
          [
            35.359851,
            47.689201
          ],
          [
            35.361125,
            47.689246
          ],
          [
            35.362396,
            47.689289
          ],
          [
            35.36366,
            47.689338
          ],
          [
            35.364912,
            47.689401
          ],
          [
            35.366147,
            47.689488
          ],
          [
            35.367361,
            47.689606
          ],
          [
            35.368549,
            47.689765
          ],
          [
            35.369706,
            47.689972
          ],
          [
            35.370827,
            47.690237
          ],
          [
            35.371891,
            47.690587
          ],
          [
            35.372889,
            47.69103
          ],
          [
            35.373838,
            47.691545
          ],
          [
            35.37475,
            47.692113
          ],
          [
            35.37564,
            47.692713
          ],
          [
            35.376524,
            47.693324
          ],
          [
            35.377415,
            47.693926
          ],
          [
            35.378329,
            47.694497
          ],
          [
            35.37928,
            47.695018
          ],
          [
            35.380282,
            47.695468
          ],
          [
            35.38135,
            47.695826
          ],
          [
            35.3825,
            47.696072
          ],
          [
            35.383771,
            47.696228
          ],
          [
            35.385175,
            47.696331
          ],
          [
            35.38668,
            47.696381
          ],
          [
            35.388254,
            47.69638
          ],
          [
            35.389864,
            47.696329
          ],
          [
            35.39148,
            47.696227
          ],
          [
            35.393069,
            47.696077
          ],
          [
            35.394599,
            47.695879
          ],
          [
            35.396038,
            47.695635
          ],
          [
            35.397355,
            47.695344
          ],
          [
            35.398518,
            47.695008
          ],
          [
            35.399494,
            47.694628
          ],
          [
            35.400346,
            47.694177
          ],
          [
            35.401148,
            47.69364
          ],
          [
            35.401885,
            47.693028
          ],
          [
            35.402546,
            47.692355
          ],
          [
            35.403116,
            47.691636
          ],
          [
            35.403582,
            47.690883
          ],
          [
            35.40393,
            47.690111
          ],
          [
            35.404148,
            47.689332
          ],
          [
            35.404222,
            47.68856
          ],
          [
            35.404137,
            47.687809
          ],
          [
            35.403882,
            47.687092
          ],
          [
            35.403442,
            47.686424
          ],
          [
            35.402728,
            47.685783
          ],
          [
            35.401698,
            47.685143
          ],
          [
            35.400407,
            47.684505
          ],
          [
            35.398916,
            47.683873
          ],
          [
            35.39728,
            47.683247
          ],
          [
            35.395557,
            47.682632
          ],
          [
            35.393805,
            47.682027
          ],
          [
            35.392081,
            47.681437
          ],
          [
            35.390443,
            47.680863
          ],
          [
            35.388949,
            47.680307
          ],
          [
            35.387655,
            47.679771
          ],
          [
            35.38662,
            47.679258
          ],
          [
            35.385862,
            47.678785
          ],
          [
            35.385331,
            47.678358
          ],
          [
            35.384981,
            47.677969
          ],
          [
            35.384763,
            47.677606
          ],
          [
            35.384631,
            47.677259
          ],
          [
            35.384538,
            47.676918
          ],
          [
            35.384437,
            47.676572
          ],
          [
            35.38428,
            47.676211
          ],
          [
            35.384021,
            47.675824
          ],
          [
            35.383612,
            47.6754
          ],
          [
            35.383006,
            47.674931
          ],
          [
            35.382156,
            47.674404
          ],
          [
            35.381075,
            47.673836
          ],
          [
            35.379822,
            47.673247
          ],
          [
            35.37842,
            47.672637
          ],
          [
            35.376892,
            47.672002
          ],
          [
            35.375262,
            47.671342
          ],
          [
            35.373552,
            47.670654
          ],
          [
            35.371786,
            47.669938
          ],
          [
            35.369987,
            47.669189
          ],
          [
            35.368179,
            47.668408
          ],
          [
            35.366385,
            47.667593
          ],
          [
            35.364628,
            47.66674
          ],
          [
            35.36293,
            47.66585
          ],
          [
            35.361227,
            47.664901
          ],
          [
            35.359449,
            47.663883
          ],
          [
            35.35762,
            47.662808
          ],
          [
            35.355759,
            47.661688
          ],
          [
            35.353888,
            47.660535
          ],
          [
            35.35203,
            47.659361
          ],
          [
            35.350205,
            47.658178
          ],
          [
            35.348434,
            47.656999
          ],
          [
            35.34674,
            47.655834
          ],
          [
            35.345144,
            47.654697
          ],
          [
            35.343667,
            47.6536
          ],
          [
            35.342331,
            47.652553
          ],
          [
            35.341118,
            47.651536
          ],
          [
            35.339996,
            47.650519
          ],
          [
            35.338958,
            47.649507
          ],
          [
            35.338001,
            47.648506
          ],
          [
            35.337121,
            47.64752
          ],
          [
            35.336312,
            47.646554
          ],
          [
            35.335571,
            47.645614
          ],
          [
            35.334892,
            47.644702
          ],
          [
            35.334272,
            47.643826
          ],
          [
            35.333706,
            47.642988
          ],
          [
            35.33319,
            47.642195
          ],
          [
            35.332718,
            47.641451
          ],
          [
            35.332201,
            47.640759
          ],
          [
            35.331588,
            47.640114
          ],
          [
            35.330929,
            47.639512
          ],
          [
            35.330276,
            47.63895
          ],
          [
            35.329683,
            47.638421
          ],
          [
            35.329199,
            47.637924
          ],
          [
            35.328877,
            47.637451
          ],
          [
            35.32877,
            47.637
          ],
          [
            35.328928,
            47.636566
          ],
          [
            35.329404,
            47.636145
          ],
          [
            35.330249,
            47.635731
          ],
          [
            35.331516,
            47.635321
          ],
          [
            35.333372,
            47.634955
          ],
          [
            35.335868,
            47.634665
          ],
          [
            35.338879,
            47.634431
          ],
          [
            35.34228,
            47.634233
          ],
          [
            35.345947,
            47.634052
          ],
          [
            35.349755,
            47.633868
          ],
          [
            35.35358,
            47.633662
          ],
          [
            35.357297,
            47.633415
          ],
          [
            35.360782,
            47.633106
          ],
          [
            35.363909,
            47.632717
          ],
          [
            35.366555,
            47.632228
          ],
          [
            35.368595,
            47.631619
          ],
          [
            35.369967,
            47.630861
          ],
          [
            35.370768,
            47.629955
          ],
          [
            35.37111,
            47.628929
          ],
          [
            35.371106,
            47.627814
          ],
          [
            35.370871,
            47.626638
          ],
          [
            35.370516,
            47.62543
          ],
          [
            35.370154,
            47.624218
          ],
          [
            35.369898,
            47.623032
          ],
          [
            35.369862,
            47.621901
          ],
          [
            35.370159,
            47.620853
          ],
          [
            35.3709,
            47.619918
          ],
          [
            35.3722,
            47.619124
          ],
          [
            35.374057,
            47.618364
          ],
          [
            35.376347,
            47.617537
          ],
          [
            35.378998,
            47.616684
          ],
          [
            35.38194,
            47.615846
          ],
          [
            35.385102,
            47.615062
          ],
          [
            35.388411,
            47.614373
          ],
          [
            35.391798,
            47.61382
          ],
          [
            35.39519,
            47.613442
          ],
          [
            35.398517,
            47.61328
          ],
          [
            35.401706,
            47.613375
          ],
          [
            35.404688,
            47.613767
          ],
          [
            35.407391,
            47.614496
          ],
          [
            35.409829,
            47.61568
          ],
          [
            35.412089,
            47.617352
          ],
          [
            35.41421,
            47.619421
          ],
          [
            35.416228,
            47.621797
          ],
          [
            35.41818,
            47.624388
          ],
          [
            35.420104,
            47.627106
          ],
          [
            35.422037,
            47.629858
          ],
          [
            35.424016,
            47.632556
          ],
          [
            35.426079,
            47.635108
          ],
          [
            35.428262,
            47.637425
          ],
          [
            35.430603,
            47.639415
          ],
          [
            35.43314,
            47.640989
          ],
          [
            35.435958,
            47.64222
          ],
          [
            35.439072,
            47.643256
          ],
          [
            35.442412,
            47.644112
          ],
          [
            35.445906,
            47.644806
          ],
          [
            35.449484,
            47.645354
          ],
          [
            35.453074,
            47.645774
          ],
          [
            35.456606,
            47.646083
          ],
          [
            35.460008,
            47.646296
          ],
          [
            35.46321,
            47.646432
          ],
          [
            35.466141,
            47.646506
          ],
          [
            35.46873,
            47.646537
          ],
          [
            35.470905,
            47.64654
          ],
          [
            35.472666,
            47.646466
          ],
          [
            35.474088,
            47.646265
          ],
          [
            35.475217,
            47.645953
          ],
          [
            35.4761,
            47.645546
          ],
          [
            35.476782,
            47.645062
          ],
          [
            35.47731,
            47.644516
          ],
          [
            35.477731,
            47.643925
          ],
          [
            35.47809,
            47.643306
          ],
          [
            35.478433,
            47.642675
          ],
          [
            35.478807,
            47.642048
          ],
          [
            35.479258,
            47.641442
          ],
          [
            35.479832,
            47.640873
          ],
          [
            35.480427,
            47.640275
          ],
          [
            35.48093,
            47.639588
          ],
          [
            35.481365,
            47.638838
          ],
          [
            35.481758,
            47.63805
          ],
          [
            35.482136,
            47.63725
          ],
          [
            35.482525,
            47.636463
          ],
          [
            35.482949,
            47.635716
          ],
          [
            35.483437,
            47.635034
          ],
          [
            35.484012,
            47.634442
          ],
          [
            35.484701,
            47.633968
          ],
          [
            35.485531,
            47.633635
          ],
          [
            35.486526,
            47.63347
          ],
          [
            35.487706,
            47.633468
          ],
          [
            35.489052,
            47.633597
          ],
          [
            35.490539,
            47.633843
          ],
          [
            35.49214,
            47.634194
          ],
          [
            35.49383,
            47.634636
          ],
          [
            35.495582,
            47.635155
          ],
          [
            35.497369,
            47.635737
          ],
          [
            35.499166,
            47.636371
          ],
          [
            35.500946,
            47.637041
          ],
          [
            35.502683,
            47.637734
          ],
          [
            35.504351,
            47.638438
          ],
          [
            35.505924,
            47.639138
          ],
          [
            35.507428,
            47.639908
          ],
          [
            35.508908,
            47.640809
          ],
          [
            35.510366,
            47.641809
          ],
          [
            35.511805,
            47.642877
          ],
          [
            35.513228,
            47.643983
          ],
          [
            35.514636,
            47.645094
          ],
          [
            35.516032,
            47.64618
          ],
          [
            35.517419,
            47.647208
          ],
          [
            35.518799,
            47.648148
          ],
          [
            35.520174,
            47.648968
          ],
          [
            35.521546,
            47.649638
          ],
          [
            35.522919,
            47.650125
          ],
          [
            35.524277,
            47.650416
          ],
          [
            35.525609,
            47.650536
          ],
          [
            35.526922,
            47.650513
          ],
          [
            35.528221,
            47.650373
          ],
          [
            35.529513,
            47.650146
          ],
          [
            35.530804,
            47.649858
          ],
          [
            35.532101,
            47.649536
          ],
          [
            35.533409,
            47.649208
          ],
          [
            35.534735,
            47.648903
          ],
          [
            35.536085,
            47.648646
          ],
          [
            35.537466,
            47.648466
          ],
          [
            35.538883,
            47.64839
          ],
          [
            35.540422,
            47.648534
          ],
          [
            35.542128,
            47.64894
          ],
          [
            35.543953,
            47.649529
          ],
          [
            35.545845,
            47.65022
          ],
          [
            35.547755,
            47.650932
          ],
          [
            35.549634,
            47.651586
          ],
          [
            35.551429,
            47.652101
          ],
          [
            35.553093,
            47.652396
          ],
          [
            35.554574,
            47.652392
          ],
          [
            35.555823,
            47.652008
          ],
          [
            35.556789,
            47.651163
          ],
          [
            35.557423,
            47.649778
          ],
          [
            35.557734,
            47.647698
          ],
          [
            35.557784,
            47.644913
          ],
          [
            35.5576,
            47.641558
          ],
          [
            35.557206,
            47.637768
          ],
          [
            35.556631,
            47.633679
          ],
          [
            35.555899,
            47.629424
          ],
          [
            35.555037,
            47.625141
          ],
          [
            35.554072,
            47.620963
          ],
          [
            35.553029,
            47.617027
          ],
          [
            35.551935,
            47.613467
          ],
          [
            35.550816,
            47.610417
          ],
          [
            35.549698,
            47.608015
          ],
          [
            35.548342,
            47.606226
          ],
          [
            35.546569,
            47.604883
          ],
          [
            35.54449,
            47.603918
          ],
          [
            35.542221,
            47.603262
          ],
          [
            35.539874,
            47.602847
          ],
          [
            35.537564,
            47.602605
          ],
          [
            35.535402,
            47.602467
          ],
          [
            35.533504,
            47.602366
          ],
          [
            35.531983,
            47.602232
          ],
          [
            35.530952,
            47.601998
          ],
          [
            35.530525,
            47.601595
          ],
          [
            35.530815,
            47.600955
          ],
          [
            35.531921,
            47.600133
          ],
          [
            35.53378,
            47.59924
          ],
          [
            35.536268,
            47.598289
          ],
          [
            35.539258,
            47.597293
          ],
          [
            35.542625,
            47.596265
          ],
          [
            35.546243,
            47.595217
          ],
          [
            35.549986,
            47.594164
          ],
          [
            35.553729,
            47.593117
          ],
          [
            35.557345,
            47.592091
          ],
          [
            35.560709,
            47.591097
          ],
          [
            35.563695,
            47.59015
          ],
          [
            35.566177,
            47.589263
          ],
          [
            35.568146,
            47.588392
          ],
          [
            35.569732,
            47.587499
          ],
          [
            35.57102,
            47.586596
          ],
          [
            35.572097,
            47.585699
          ],
          [
            35.573047,
            47.584822
          ],
          [
            35.573956,
            47.58398
          ],
          [
            35.57491,
            47.583187
          ],
          [
            35.575994,
            47.582457
          ],
          [
            35.577294,
            47.581805
          ],
          [
            35.578895,
            47.581246
          ],
          [
            35.580883,
            47.580794
          ],
          [
            35.583344,
            47.580463
          ],
          [
            35.586333,
            47.580231
          ],
          [
            35.589794,
            47.580067
          ],
          [
            35.593641,
            47.579974
          ],
          [
            35.597788,
            47.579957
          ],
          [
            35.602152,
            47.580017
          ],
          [
            35.606647,
            47.580159
          ],
          [
            35.611186,
            47.580385
          ],
          [
            35.615686,
            47.580699
          ],
          [
            35.62006,
            47.581104
          ],
          [
            35.624224,
            47.581602
          ],
          [
            35.628093,
            47.582198
          ],
          [
            35.63158,
            47.582895
          ],
          [
            35.634781,
            47.583766
          ],
          [
            35.637848,
            47.584856
          ],
          [
            35.640783,
            47.586123
          ],
          [
            35.64359,
            47.587523
          ],
          [
            35.646272,
            47.589014
          ],
          [
            35.648832,
            47.590554
          ],
          [
            35.651273,
            47.592098
          ],
          [
            35.653598,
            47.593606
          ],
          [
            35.655809,
            47.595033
          ],
          [
            35.65791,
            47.596338
          ],
          [
            35.659903,
            47.597477
          ],
          [
            35.661793,
            47.598408
          ],
          [
            35.663442,
            47.599107
          ],
          [
            35.664762,
            47.599606
          ],
          [
            35.665824,
            47.599945
          ],
          [
            35.666701,
            47.600164
          ],
          [
            35.667465,
            47.600303
          ],
          [
            35.668187,
            47.600401
          ],
          [
            35.668941,
            47.6005
          ],
          [
            35.669797,
            47.60064
          ],
          [
            35.670829,
            47.600859
          ],
          [
            35.672108,
            47.6012
          ],
          [
            35.673707,
            47.6017
          ],
          [
            35.675697,
            47.602401
          ],
          [
            35.678131,
            47.60338
          ],
          [
            35.680963,
            47.604641
          ],
          [
            35.684118,
            47.606118
          ],
          [
            35.687523,
            47.607742
          ],
          [
            35.691103,
            47.609447
          ],
          [
            35.694784,
            47.611164
          ],
          [
            35.698492,
            47.612827
          ],
          [
            35.702152,
            47.614369
          ],
          [
            35.705691,
            47.615721
          ],
          [
            35.709034,
            47.616816
          ],
          [
            35.712107,
            47.617587
          ],
          [
            35.714836,
            47.617967
          ],
          [
            35.717347,
            47.617964
          ],
          [
            35.719802,
            47.617658
          ],
          [
            35.722179,
            47.617086
          ],
          [
            35.724456,
            47.616287
          ],
          [
            35.726611,
            47.615299
          ],
          [
            35.728623,
            47.614159
          ],
          [
            35.730469,
            47.612907
          ],
          [
            35.732129,
            47.611579
          ],
          [
            35.733581,
            47.610214
          ],
          [
            35.734802,
            47.608851
          ],
          [
            35.735771,
            47.607526
          ],
          [
            35.736465,
            47.606279
          ],
          [
            35.736789,
            47.60503
          ],
          [
            35.736703,
            47.603688
          ],
          [
            35.736274,
            47.602272
          ],
          [
            35.735569,
            47.6008
          ],
          [
            35.734656,
            47.599291
          ],
          [
            35.733601,
            47.597764
          ],
          [
            35.732471,
            47.596237
          ],
          [
            35.731335,
            47.594729
          ],
          [
            35.730257,
            47.593259
          ],
          [
            35.729307,
            47.591846
          ],
          [
            35.72855,
            47.590507
          ],
          [
            35.728054,
            47.589263
          ],
          [
            35.72779,
            47.588114
          ],
          [
            35.727667,
            47.587041
          ],
          [
            35.727658,
            47.586032
          ],
          [
            35.727736,
            47.585073
          ],
          [
            35.727873,
            47.584152
          ],
          [
            35.728043,
            47.583257
          ],
          [
            35.728219,
            47.582373
          ],
          [
            35.728372,
            47.581488
          ],
          [
            35.728476,
            47.58059
          ],
          [
            35.728505,
            47.579665
          ],
          [
            35.72843,
            47.5787
          ],
          [
            35.728226,
            47.577684
          ],
          [
            35.727899,
            47.576635
          ],
          [
            35.727487,
            47.57558
          ],
          [
            35.727,
            47.574516
          ],
          [
            35.726452,
            47.573442
          ],
          [
            35.725855,
            47.572354
          ],
          [
            35.725222,
            47.571249
          ],
          [
            35.724564,
            47.570126
          ],
          [
            35.723896,
            47.568981
          ],
          [
            35.723229,
            47.567812
          ],
          [
            35.722575,
            47.566616
          ],
          [
            35.721948,
            47.565391
          ],
          [
            35.721359,
            47.564133
          ],
          [
            35.720731,
            47.562823
          ],
          [
            35.720001,
            47.561449
          ],
          [
            35.719203,
            47.560025
          ],
          [
            35.718371,
            47.558564
          ],
          [
            35.717541,
            47.557079
          ],
          [
            35.716746,
            47.555583
          ],
          [
            35.716021,
            47.554088
          ],
          [
            35.715402,
            47.552609
          ],
          [
            35.714922,
            47.551158
          ],
          [
            35.714616,
            47.549747
          ],
          [
            35.714519,
            47.548392
          ],
          [
            35.714664,
            47.547103
          ],
          [
            35.715144,
            47.545898
          ],
          [
            35.715978,
            47.544772
          ],
          [
            35.717095,
            47.543707
          ],
          [
            35.718422,
            47.542687
          ],
          [
            35.719889,
            47.541696
          ],
          [
            35.721424,
            47.540716
          ],
          [
            35.722955,
            47.53973
          ],
          [
            35.724411,
            47.538722
          ],
          [
            35.725721,
            47.537674
          ],
          [
            35.726812,
            47.53657
          ],
          [
            35.727614,
            47.535392
          ],
          [
            35.728054,
            47.534124
          ],
          [
            35.727929,
            47.532762
          ],
          [
            35.727186,
            47.53132
          ],
          [
            35.725982,
            47.529812
          ],
          [
            35.724475,
            47.528252
          ],
          [
            35.722821,
            47.526652
          ],
          [
            35.721177,
            47.525025
          ],
          [
            35.719701,
            47.523386
          ],
          [
            35.718549,
            47.521748
          ],
          [
            35.717879,
            47.520122
          ],
          [
            35.717848,
            47.518524
          ],
          [
            35.718612,
            47.516966
          ],
          [
            35.720329,
            47.515462
          ],
          [
            35.723178,
            47.513945
          ],
          [
            35.727102,
            47.512361
          ],
          [
            35.731902,
            47.510736
          ],
          [
            35.737381,
            47.509097
          ],
          [
            35.743342,
            47.507472
          ],
          [
            35.749587,
            47.505888
          ],
          [
            35.755918,
            47.504372
          ],
          [
            35.762138,
            47.502951
          ],
          [
            35.76805,
            47.501653
          ],
          [
            35.773455,
            47.500504
          ],
          [
            35.778156,
            47.499532
          ],
          [
            35.781956,
            47.498764
          ],
          [
            35.784948,
            47.498165
          ],
          [
            35.78741,
            47.497685
          ],
          [
            35.789414,
            47.497324
          ],
          [
            35.791035,
            47.497085
          ],
          [
            35.792347,
            47.496967
          ],
          [
            35.793425,
            47.496974
          ],
          [
            35.794342,
            47.497106
          ],
          [
            35.795174,
            47.497364
          ],
          [
            35.795993,
            47.49775
          ],
          [
            35.796875,
            47.498266
          ],
          [
            35.797893,
            47.498913
          ],
          [
            35.799122,
            47.499692
          ],
          [
            35.800512,
            47.500665
          ],
          [
            35.801951,
            47.50187
          ],
          [
            35.803419,
            47.503272
          ],
          [
            35.804895,
            47.504837
          ],
          [
            35.806359,
            47.50653
          ],
          [
            35.807791,
            47.508316
          ],
          [
            35.80917,
            47.510161
          ],
          [
            35.810477,
            47.51203
          ],
          [
            35.811691,
            47.513889
          ],
          [
            35.812791,
            47.515703
          ],
          [
            35.813758,
            47.517436
          ],
          [
            35.814571,
            47.519056
          ],
          [
            35.815291,
            47.520598
          ],
          [
            35.815978,
            47.522125
          ],
          [
            35.816611,
            47.523638
          ],
          [
            35.817172,
            47.52514
          ],
          [
            35.817639,
            47.52663
          ],
          [
            35.817994,
            47.528112
          ],
          [
            35.818216,
            47.529586
          ],
          [
            35.818284,
            47.531055
          ],
          [
            35.81818,
            47.53252
          ],
          [
            35.817883,
            47.533982
          ],
          [
            35.817374,
            47.535444
          ],
          [
            35.816631,
            47.536906
          ],
          [
            35.815547,
            47.538399
          ],
          [
            35.814074,
            47.539941
          ],
          [
            35.812283,
            47.541513
          ],
          [
            35.810248,
            47.543099
          ],
          [
            35.80804,
            47.544681
          ],
          [
            35.805731,
            47.546241
          ],
          [
            35.803393,
            47.547763
          ],
          [
            35.801099,
            47.549227
          ],
          [
            35.798921,
            47.550618
          ],
          [
            35.79693,
            47.551917
          ],
          [
            35.795199,
            47.553107
          ],
          [
            35.7938,
            47.554171
          ],
          [
            35.792692,
            47.555084
          ],
          [
            35.791769,
            47.55585
          ],
          [
            35.791008,
            47.556493
          ],
          [
            35.790386,
            47.557037
          ],
          [
            35.78988,
            47.557508
          ],
          [
            35.789466,
            47.557929
          ],
          [
            35.789121,
            47.558325
          ],
          [
            35.788822,
            47.558719
          ],
          [
            35.788546,
            47.559137
          ],
          [
            35.788269,
            47.559603
          ],
          [
            35.787968,
            47.56014
          ],
          [
            35.787621,
            47.560774
          ],
          [
            35.787218,
            47.561512
          ],
          [
            35.786783,
            47.562331
          ],
          [
            35.786332,
            47.563213
          ],
          [
            35.785885,
            47.564137
          ],
          [
            35.785461,
            47.565085
          ],
          [
            35.785078,
            47.566037
          ],
          [
            35.784755,
            47.566973
          ],
          [
            35.784512,
            47.567874
          ],
          [
            35.784366,
            47.56872
          ],
          [
            35.784336,
            47.569492
          ],
          [
            35.784442,
            47.57017
          ],
          [
            35.784702,
            47.570735
          ],
          [
            35.785107,
            47.571218
          ],
          [
            35.785628,
            47.57166
          ],
          [
            35.786261,
            47.572057
          ],
          [
            35.786997,
            47.572404
          ],
          [
            35.787832,
            47.572696
          ],
          [
            35.788758,
            47.572929
          ],
          [
            35.789768,
            47.573097
          ],
          [
            35.790857,
            47.573197
          ],
          [
            35.792017,
            47.573224
          ],
          [
            35.793242,
            47.573174
          ],
          [
            35.794525,
            47.57304
          ],
          [
            35.79586,
            47.57282
          ],
          [
            35.797274,
            47.572471
          ],
          [
            35.798791,
            47.571971
          ],
          [
            35.8004,
            47.571347
          ],
          [
            35.802091,
            47.570624
          ],
          [
            35.803854,
            47.569827
          ],
          [
            35.805677,
            47.568983
          ],
          [
            35.807551,
            47.568118
          ],
          [
            35.809466,
            47.567256
          ],
          [
            35.81141,
            47.566424
          ],
          [
            35.813374,
            47.565648
          ],
          [
            35.815347,
            47.564953
          ],
          [
            35.817318,
            47.564365
          ],
          [
            35.819325,
            47.563857
          ],
          [
            35.821403,
            47.563386
          ],
          [
            35.823538,
            47.562948
          ],
          [
            35.825717,
            47.562542
          ],
          [
            35.827925,
            47.562165
          ],
          [
            35.83015,
            47.561817
          ],
          [
            35.832377,
            47.561494
          ],
          [
            35.834592,
            47.561195
          ],
          [
            35.836783,
            47.560917
          ],
          [
            35.838935,
            47.560659
          ],
          [
            35.841034,
            47.560419
          ],
          [
            35.843067,
            47.560195
          ],
          [
            35.845039,
            47.560031
          ],
          [
            35.846967,
            47.559957
          ],
          [
            35.848857,
            47.559951
          ],
          [
            35.850716,
            47.559989
          ],
          [
            35.85255,
            47.560049
          ],
          [
            35.854365,
            47.560108
          ],
          [
            35.856167,
            47.560143
          ],
          [
            35.857964,
            47.560131
          ],
          [
            35.85976,
            47.560048
          ],
          [
            35.861562,
            47.559873
          ],
          [
            35.863378,
            47.559582
          ],
          [
            35.865211,
            47.559152
          ],
          [
            35.866985,
            47.558546
          ],
          [
            35.86864,
            47.557764
          ],
          [
            35.870216,
            47.556842
          ],
          [
            35.871754,
            47.555814
          ],
          [
            35.873291,
            47.554716
          ],
          [
            35.874867,
            47.553584
          ],
          [
            35.876523,
            47.552452
          ],
          [
            35.878296,
            47.551356
          ],
          [
            35.880226,
            47.55033
          ],
          [
            35.882354,
            47.549411
          ],
          [
            35.884717,
            47.548632
          ],
          [
            35.887356,
            47.54803
          ],
          [
            35.890345,
            47.547559
          ],
          [
            35.893689,
            47.547152
          ],
          [
            35.897322,
            47.54681
          ],
          [
            35.901178,
            47.546537
          ],
          [
            35.905191,
            47.546335
          ],
          [
            35.909296,
            47.546206
          ],
          [
            35.913427,
            47.546152
          ],
          [
            35.917517,
            47.546177
          ],
          [
            35.921502,
            47.546282
          ],
          [
            35.925314,
            47.546469
          ],
          [
            35.928889,
            47.546742
          ],
          [
            35.932159,
            47.547103
          ],
          [
            35.935253,
            47.547497
          ],
          [
            35.938322,
            47.547885
          ],
          [
            35.941339,
            47.548297
          ],
          [
            35.944277,
            47.54876
          ],
          [
            35.94711,
            47.549304
          ],
          [
            35.949808,
            47.549957
          ],
          [
            35.952347,
            47.550748
          ],
          [
            35.954698,
            47.551705
          ],
          [
            35.956834,
            47.552856
          ],
          [
            35.958729,
            47.55423
          ],
          [
            35.960355,
            47.555856
          ],
          [
            35.961685,
            47.557762
          ],
          [
            35.962874,
            47.560114
          ],
          [
            35.964051,
            47.562986
          ],
          [
            35.965148,
            47.56627
          ],
          [
            35.966098,
            47.569858
          ],
          [
            35.966833,
            47.573639
          ],
          [
            35.967286,
            47.577507
          ],
          [
            35.967389,
            47.581352
          ],
          [
            35.967077,
            47.585066
          ],
          [
            35.96628,
            47.58854
          ],
          [
            35.964932,
            47.591667
          ],
          [
            35.962965,
            47.594336
          ],
          [
            35.960312,
            47.59644
          ],
          [
            35.956596,
            47.597988
          ],
          [
            35.95165,
            47.599105
          ],
          [
            35.945723,
            47.599854
          ],
          [
            35.939064,
            47.6003
          ],
          [
            35.931921,
            47.600506
          ],
          [
            35.924542,
            47.600536
          ],
          [
            35.917176,
            47.600454
          ],
          [
            35.910072,
            47.600325
          ],
          [
            35.903479,
            47.600212
          ],
          [
            35.897644,
            47.600178
          ],
          [
            35.892816,
            47.600289
          ],
          [
            35.889244,
            47.600607
          ],
          [
            35.886773,
            47.601069
          ],
          [
            35.885031,
            47.601562
          ],
          [
            35.883947,
            47.602081
          ],
          [
            35.883446,
            47.602622
          ],
          [
            35.883455,
            47.603179
          ],
          [
            35.883901,
            47.603747
          ],
          [
            35.884711,
            47.60432
          ],
          [
            35.885811,
            47.604894
          ],
          [
            35.887128,
            47.605463
          ],
          [
            35.888588,
            47.606022
          ],
          [
            35.890119,
            47.606566
          ],
          [
            35.891647,
            47.607089
          ],
          [
            35.893312,
            47.607624
          ],
          [
            35.895282,
            47.608197
          ],
          [
            35.897528,
            47.608793
          ],
          [
            35.900021,
            47.609399
          ],
          [
            35.90273,
            47.61
          ],
          [
            35.905627,
            47.610583
          ],
          [
            35.908682,
            47.611131
          ],
          [
            35.911865,
            47.611632
          ],
          [
            35.915148,
            47.612072
          ],
          [
            35.918499,
            47.612435
          ],
          [
            35.921891,
            47.612707
          ],
          [
            35.925293,
            47.612875
          ],
          [
            35.928933,
            47.61288
          ],
          [
            35.932986,
            47.612699
          ],
          [
            35.937349,
            47.612374
          ],
          [
            35.941916,
            47.611945
          ],
          [
            35.946581,
            47.611455
          ],
          [
            35.951241,
            47.610944
          ],
          [
            35.955789,
            47.610454
          ],
          [
            35.960121,
            47.610025
          ],
          [
            35.964132,
            47.609699
          ],
          [
            35.967717,
            47.609518
          ],
          [
            35.97077,
            47.609521
          ],
          [
            35.973186,
            47.609751
          ],
          [
            35.974851,
            47.610234
          ],
          [
            35.975804,
            47.610942
          ],
          [
            35.976175,
            47.611835
          ],
          [
            35.976095,
            47.612871
          ],
          [
            35.975694,
            47.61401
          ],
          [
            35.975102,
            47.615211
          ],
          [
            35.974448,
            47.616434
          ],
          [
            35.973864,
            47.617637
          ],
          [
            35.973478,
            47.618779
          ],
          [
            35.973422,
            47.619821
          ],
          [
            35.973825,
            47.620721
          ],
          [
            35.974817,
            47.621438
          ],
          [
            35.976361,
            47.621957
          ],
          [
            35.978288,
            47.622312
          ],
          [
            35.980539,
            47.622538
          ],
          [
            35.983051,
            47.622668
          ],
          [
            35.985761,
            47.622739
          ],
          [
            35.988609,
            47.622784
          ],
          [
            35.991532,
            47.622837
          ],
          [
            35.994469,
            47.622934
          ],
          [
            35.997358,
            47.623109
          ],
          [
            36.000136,
            47.623396
          ],
          [
            36.002743,
            47.623831
          ],
          [
            36.005116,
            47.624446
          ],
          [
            36.007305,
            47.625215
          ],
          [
            36.009411,
            47.626082
          ],
          [
            36.011445,
            47.627039
          ],
          [
            36.013419,
            47.62808
          ],
          [
            36.015345,
            47.629199
          ],
          [
            36.017234,
            47.63039
          ],
          [
            36.019098,
            47.631646
          ],
          [
            36.02095,
            47.63296
          ],
          [
            36.0228,
            47.634327
          ],
          [
            36.024661,
            47.635739
          ],
          [
            36.026544,
            47.637191
          ],
          [
            36.028461,
            47.638675
          ],
          [
            36.03037,
            47.640223
          ],
          [
            36.032228,
            47.641861
          ],
          [
            36.034054,
            47.643577
          ],
          [
            36.035862,
            47.645358
          ],
          [
            36.037669,
            47.64719
          ],
          [
            36.039491,
            47.649062
          ],
          [
            36.041344,
            47.650961
          ],
          [
            36.043243,
            47.652874
          ],
          [
            36.045206,
            47.654789
          ],
          [
            36.047249,
            47.656693
          ],
          [
            36.049387,
            47.658573
          ],
          [
            36.051636,
            47.660416
          ],
          [
            36.054305,
            47.662287
          ],
          [
            36.057573,
            47.664239
          ],
          [
            36.061261,
            47.666246
          ],
          [
            36.065191,
            47.668281
          ],
          [
            36.069184,
            47.670318
          ],
          [
            36.073061,
            47.67233
          ],
          [
            36.076645,
            47.67429
          ],
          [
            36.079756,
            47.676171
          ],
          [
            36.082217,
            47.677948
          ],
          [
            36.083848,
            47.679592
          ],
          [
            36.084471,
            47.681078
          ],
          [
            36.083908,
            47.682379
          ],
          [
            36.081951,
            47.683403
          ],
          [
            36.078664,
            47.68412
          ],
          [
            36.074274,
            47.684599
          ],
          [
            36.069005,
            47.684905
          ],
          [
            36.063086,
            47.685106
          ],
          [
            36.056743,
            47.685269
          ],
          [
            36.050201,
            47.685461
          ],
          [
            36.043688,
            47.685748
          ],
          [
            36.037431,
            47.686199
          ],
          [
            36.031655,
            47.686879
          ],
          [
            36.026587,
            47.687856
          ],
          [
            36.022453,
            47.689197
          ],
          [
            36.019039,
            47.690949
          ],
          [
            36.015961,
            47.693068
          ],
          [
            36.013192,
            47.695486
          ],
          [
            36.010704,
            47.698135
          ],
          [
            36.008472,
            47.700947
          ],
          [
            36.006467,
            47.703854
          ],
          [
            36.004665,
            47.706787
          ],
          [
            36.003036,
            47.709679
          ],
          [
            36.001556,
            47.71246
          ],
          [
            36.000197,
            47.715064
          ],
          [
            35.998932,
            47.717421
          ],
          [
            35.997734,
            47.719463
          ],
          [
            35.996642,
            47.721253
          ],
          [
            35.995708,
            47.722904
          ],
          [
            35.994928,
            47.724426
          ],
          [
            35.994301,
            47.725828
          ],
          [
            35.993821,
            47.72712
          ],
          [
            35.993485,
            47.728312
          ],
          [
            35.993291,
            47.729413
          ],
          [
            35.993233,
            47.730434
          ],
          [
            35.993308,
            47.731383
          ],
          [
            35.993514,
            47.73227
          ],
          [
            35.993846,
            47.733105
          ],
          [
            35.994301,
            47.733897
          ],
          [
            35.994995,
            47.734557
          ],
          [
            35.996007,
            47.735016
          ],
          [
            35.997275,
            47.735318
          ],
          [
            35.998739,
            47.735505
          ],
          [
            36.000335,
            47.735621
          ],
          [
            36.002004,
            47.735709
          ],
          [
            36.003684,
            47.735811
          ],
          [
            36.005313,
            47.735971
          ],
          [
            36.006829,
            47.736233
          ],
          [
            36.008173,
            47.736638
          ],
          [
            36.009281,
            47.737231
          ],
          [
            36.010094,
            47.738053
          ],
          [
            36.010914,
            47.739204
          ],
          [
            36.012001,
            47.740697
          ],
          [
            36.013231,
            47.742452
          ],
          [
            36.014474,
            47.744389
          ],
          [
            36.015606,
            47.746427
          ],
          [
            36.016499,
            47.748485
          ],
          [
            36.017026,
            47.750483
          ],
          [
            36.017062,
            47.752341
          ],
          [
            36.016479,
            47.753977
          ],
          [
            36.01515,
            47.755311
          ],
          [
            36.01295,
            47.756263
          ],
          [
            36.00975,
            47.756752
          ],
          [
            36.005147,
            47.756646
          ],
          [
            35.999019,
            47.755946
          ],
          [
            35.991668,
            47.754778
          ],
          [
            35.983397,
            47.753264
          ],
          [
            35.974507,
            47.75153
          ],
          [
            35.965301,
            47.749698
          ],
          [
            35.956079,
            47.747892
          ],
          [
            35.947145,
            47.746237
          ],
          [
            35.938799,
            47.744855
          ],
          [
            35.931344,
            47.743872
          ],
          [
            35.925082,
            47.743411
          ],
          [
            35.920315,
            47.743595
          ],
          [
            35.916942,
            47.744462
          ],
          [
            35.914571,
            47.7459
          ],
          [
            35.913065,
            47.747811
          ],
          [
            35.912285,
            47.750096
          ],
          [
            35.912094,
            47.752654
          ],
          [
            35.912354,
            47.755388
          ],
          [
            35.912928,
            47.758197
          ],
          [
            35.913677,
            47.760982
          ],
          [
            35.914465,
            47.763645
          ],
          [
            35.915153,
            47.766087
          ],
          [
            35.915604,
            47.768207
          ],
          [
            35.91568,
            47.769907
          ],
          [
            35.915381,
            47.771272
          ],
          [
            35.914857,
            47.772466
          ],
          [
            35.914197,
            47.773504
          ],
          [
            35.913486,
            47.774402
          ],
          [
            35.912814,
            47.775179
          ],
          [
            35.912268,
            47.775849
          ],
          [
            35.911935,
            47.776429
          ],
          [
            35.911903,
            47.776936
          ],
          [
            35.91226,
            47.777386
          ],
          [
            35.913093,
            47.777796
          ],
          [
            35.91449,
            47.778181
          ],
          [
            35.916538,
            47.778559
          ],
          [
            35.91947,
            47.778818
          ],
          [
            35.923336,
            47.778867
          ],
          [
            35.927955,
            47.778759
          ],
          [
            35.933145,
            47.778542
          ],
          [
            35.938723,
            47.778269
          ],
          [
            35.944508,
            47.77799
          ],
          [
            35.950318,
            47.777755
          ],
          [
            35.955969,
            47.777615
          ],
          [
            35.961282,
            47.777621
          ],
          [
            35.966072,
            47.777824
          ],
          [
            35.970158,
            47.778273
          ],
          [
            35.973358,
            47.779021
          ],
          [
            35.975769,
            47.78005
          ],
          [
            35.97765,
            47.781296
          ],
          [
            35.979066,
            47.782735
          ],
          [
            35.980078,
            47.784343
          ],
          [
            35.980751,
            47.786098
          ],
          [
            35.981147,
            47.787974
          ],
          [
            35.98133,
            47.789949
          ],
          [
            35.981363,
            47.791999
          ],
          [
            35.981308,
            47.794099
          ],
          [
            35.98123,
            47.796228
          ],
          [
            35.981191,
            47.79836
          ],
          [
            35.981255,
            47.800472
          ],
          [
            35.981309,
            47.80269
          ],
          [
            35.981215,
            47.805117
          ],
          [
            35.980993,
            47.807702
          ],
          [
            35.980663,
            47.810391
          ],
          [
            35.980247,
            47.813131
          ],
          [
            35.979763,
            47.815869
          ],
          [
            35.979234,
            47.818553
          ],
          [
            35.97868,
            47.821128
          ],
          [
            35.97812,
            47.823543
          ],
          [
            35.977577,
            47.825744
          ],
          [
            35.97707,
            47.827677
          ],
          [
            35.97662,
            47.829291
          ],
          [
            35.976186,
            47.830549
          ],
          [
            35.975721,
            47.831486
          ],
          [
            35.975233,
            47.832155
          ],
          [
            35.974731,
            47.832609
          ],
          [
            35.974225,
            47.832903
          ],
          [
            35.973723,
            47.833089
          ],
          [
            35.973234,
            47.833221
          ],
          [
            35.972767,
            47.833353
          ],
          [
            35.972331,
            47.833537
          ],
          [
            35.971935,
            47.833826
          ],
          [
            35.971588,
            47.834276
          ],
          [
            35.971298,
            47.834938
          ],
          [
            35.970995,
            47.835823
          ],
          [
            35.970624,
            47.836881
          ],
          [
            35.970217,
            47.838071
          ],
          [
            35.969807,
            47.839353
          ],
          [
            35.969429,
            47.840688
          ],
          [
            35.969115,
            47.842036
          ],
          [
            35.968898,
            47.843357
          ],
          [
            35.968812,
            47.844611
          ],
          [
            35.96889,
            47.845757
          ],
          [
            35.969165,
            47.846758
          ],
          [
            35.969671,
            47.847571
          ],
          [
            35.97044,
            47.848159
          ],
          [
            35.971543,
            47.848544
          ],
          [
            35.972988,
            47.848787
          ],
          [
            35.974716,
            47.848898
          ],
          [
            35.976667,
            47.848891
          ],
          [
            35.978783,
            47.848777
          ],
          [
            35.981002,
            47.848568
          ],
          [
            35.983267,
            47.848276
          ],
          [
            35.985518,
            47.847914
          ],
          [
            35.987694,
            47.847493
          ],
          [
            35.989737,
            47.847025
          ],
          [
            35.991587,
            47.846523
          ],
          [
            35.993185,
            47.845999
          ],
          [
            35.994582,
            47.845388
          ],
          [
            35.995875,
            47.844636
          ],
          [
            35.997074,
            47.843772
          ],
          [
            35.998189,
            47.842822
          ],
          [
            35.99923,
            47.841813
          ],
          [
            36.000207,
            47.840773
          ],
          [
            36.00113,
            47.839728
          ],
          [
            36.00201,
            47.838707
          ],
          [
            36.002855,
            47.837736
          ],
          [
            36.003676,
            47.836843
          ],
          [
            36.004484,
            47.836055
          ],
          [
            36.005287,
            47.835399
          ],
          [
            36.005984,
            47.834851
          ],
          [
            36.006498,
            47.834367
          ],
          [
            36.006878,
            47.833942
          ],
          [
            36.007175,
            47.833572
          ],
          [
            36.007439,
            47.833252
          ],
          [
            36.007717,
            47.832979
          ],
          [
            36.008061,
            47.832747
          ],
          [
            36.00852,
            47.832552
          ],
          [
            36.009144,
            47.83239
          ],
          [
            36.009981,
            47.832256
          ],
          [
            36.011082,
            47.832147
          ],
          [
            36.012497,
            47.832057
          ],
          [
            36.014333,
            47.831942
          ],
          [
            36.016604,
            47.831778
          ],
          [
            36.01922,
            47.831592
          ],
          [
            36.022091,
            47.831413
          ],
          [
            36.025126,
            47.831266
          ],
          [
            36.028236,
            47.831179
          ],
          [
            36.03133,
            47.831179
          ],
          [
            36.034317,
            47.831293
          ],
          [
            36.037108,
            47.831549
          ],
          [
            36.039611,
            47.831974
          ],
          [
            36.041737,
            47.832595
          ],
          [
            36.043396,
            47.83344
          ],
          [
            36.044611,
            47.834545
          ],
          [
            36.045496,
            47.835905
          ],
          [
            36.046096,
            47.837482
          ],
          [
            36.046454,
            47.839239
          ],
          [
            36.046616,
            47.841137
          ],
          [
            36.046625,
            47.843139
          ],
          [
            36.046527,
            47.845208
          ],
          [
            36.046365,
            47.847304
          ],
          [
            36.046184,
            47.849391
          ],
          [
            36.046029,
            47.85143
          ],
          [
            36.045943,
            47.853384
          ],
          [
            36.045971,
            47.855214
          ],
          [
            36.046006,
            47.85694
          ],
          [
            36.04593,
            47.858612
          ],
          [
            36.045775,
            47.860247
          ],
          [
            36.04557,
            47.861857
          ],
          [
            36.045347,
            47.863457
          ],
          [
            36.045134,
            47.865062
          ],
          [
            36.044963,
            47.866686
          ],
          [
            36.044865,
            47.868344
          ],
          [
            36.044869,
            47.87005
          ],
          [
            36.045005,
            47.871818
          ],
          [
            36.045305,
            47.873663
          ],
          [
            36.045799,
            47.875598
          ],
          [
            36.046561,
            47.877694
          ],
          [
            36.047603,
            47.879978
          ],
          [
            36.048868,
            47.882403
          ],
          [
            36.050294,
            47.884923
          ],
          [
            36.051823,
            47.887491
          ],
          [
            36.053395,
            47.89006
          ],
          [
            36.054951,
            47.892583
          ],
          [
            36.05643,
            47.895014
          ],
          [
            36.057773,
            47.897306
          ],
          [
            36.05892,
            47.899412
          ],
          [
            36.059813,
            47.901285
          ],
          [
            36.06039,
            47.902879
          ],
          [
            36.060655,
            47.904153
          ],
          [
            36.060673,
            47.905132
          ],
          [
            36.060482,
            47.905868
          ],
          [
            36.060117,
            47.906413
          ],
          [
            36.059617,
            47.906819
          ],
          [
            36.059017,
            47.907138
          ],
          [
            36.058356,
            47.907421
          ],
          [
            36.057669,
            47.907722
          ],
          [
            36.056995,
            47.908091
          ],
          [
            36.056369,
            47.90858
          ],
          [
            36.055829,
            47.909242
          ],
          [
            36.055412,
            47.910129
          ],
          [
            36.055013,
            47.911258
          ],
          [
            36.054525,
            47.912584
          ],
          [
            36.053981,
            47.914064
          ],
          [
            36.053416,
            47.915656
          ],
          [
            36.052862,
            47.917316
          ],
          [
            36.052355,
            47.919002
          ],
          [
            36.051926,
            47.920671
          ],
          [
            36.05161,
            47.922281
          ],
          [
            36.051441,
            47.923789
          ],
          [
            36.051453,
            47.925151
          ],
          [
            36.051678,
            47.926326
          ],
          [
            36.052151,
            47.927271
          ],
          [
            36.052846,
            47.928019
          ],
          [
            36.053712,
            47.92864
          ],
          [
            36.054739,
            47.929142
          ],
          [
            36.055921,
            47.929533
          ],
          [
            36.057249,
            47.929822
          ],
          [
            36.058717,
            47.930017
          ],
          [
            36.060315,
            47.930127
          ],
          [
            36.062037,
            47.930159
          ],
          [
            36.063875,
            47.930123
          ],
          [
            36.06582,
            47.930026
          ],
          [
            36.067866,
            47.929878
          ],
          [
            36.070004,
            47.929686
          ],
          [
            36.072288,
            47.929377
          ],
          [
            36.074763,
            47.928894
          ],
          [
            36.077402,
            47.928273
          ],
          [
            36.080182,
            47.927547
          ],
          [
            36.083078,
            47.926754
          ],
          [
            36.086065,
            47.925926
          ],
          [
            36.089117,
            47.9251
          ],
          [
            36.092211,
            47.92431
          ],
          [
            36.095322,
            47.92359
          ],
          [
            36.098425,
            47.922977
          ],
          [
            36.101495,
            47.922505
          ],
          [
            36.104507,
            47.922209
          ],
          [
            36.107531,
            47.922095
          ],
          [
            36.110635,
            47.922129
          ],
          [
            36.113799,
            47.922285
          ],
          [
            36.117001,
            47.922537
          ],
          [
            36.120219,
            47.922861
          ],
          [
            36.123433,
            47.92323
          ],
          [
            36.126621,
            47.923619
          ],
          [
            36.129761,
            47.924003
          ],
          [
            36.132832,
            47.924355
          ],
          [
            36.135812,
            47.924651
          ],
          [
            36.13868,
            47.924864
          ],
          [
            36.141415,
            47.92497
          ],
          [
            36.144012,
            47.924988
          ],
          [
            36.146495,
            47.924961
          ],
          [
            36.148877,
            47.924892
          ],
          [
            36.151174,
            47.924787
          ],
          [
            36.153402,
            47.924651
          ],
          [
            36.155577,
            47.924488
          ],
          [
            36.157713,
            47.924305
          ],
          [
            36.159827,
            47.924105
          ],
          [
            36.161934,
            47.923894
          ],
          [
            36.164049,
            47.923677
          ],
          [
            36.166187,
            47.923459
          ],
          [
            36.168365,
            47.923245
          ],
          [
            36.170603,
            47.923018
          ],
          [
            36.172894,
            47.922763
          ],
          [
            36.17522,
            47.922486
          ],
          [
            36.177559,
            47.922192
          ],
          [
            36.179891,
            47.921887
          ],
          [
            36.182195,
            47.921577
          ],
          [
            36.184451,
            47.921266
          ],
          [
            36.186638,
            47.920961
          ],
          [
            36.188736,
            47.920667
          ],
          [
            36.190723,
            47.92039
          ],
          [
            36.19258,
            47.920135
          ],
          [
            36.194286,
            47.919908
          ],
          [
            36.195846,
            47.919674
          ],
          [
            36.197283,
            47.919404
          ],
          [
            36.19861,
            47.919113
          ],
          [
            36.199837,
            47.918818
          ],
          [
            36.200974,
            47.918534
          ],
          [
            36.202033,
            47.918276
          ],
          [
            36.203023,
            47.918062
          ],
          [
            36.203957,
            47.917906
          ],
          [
            36.204844,
            47.917824
          ],
          [
            36.205695,
            47.917833
          ],
          [
            36.206521,
            47.917947
          ],
          [
            36.207333,
            47.918183
          ],
          [
            36.208139,
            47.918542
          ],
          [
            36.208936,
            47.91901
          ],
          [
            36.209709,
            47.919574
          ],
          [
            36.210448,
            47.920224
          ],
          [
            36.21114,
            47.920948
          ],
          [
            36.211774,
            47.921735
          ],
          [
            36.212338,
            47.922574
          ],
          [
            36.212819,
            47.923453
          ],
          [
            36.213207,
            47.924363
          ],
          [
            36.213488,
            47.92529
          ],
          [
            36.213651,
            47.926225
          ],
          [
            36.213684,
            47.927156
          ],
          [
            36.213591,
            47.928139
          ],
          [
            36.213386,
            47.929224
          ],
          [
            36.213077,
            47.930387
          ],
          [
            36.212667,
            47.931603
          ],
          [
            36.212163,
            47.932848
          ],
          [
            36.211571,
            47.9341
          ],
          [
            36.210895,
            47.935332
          ],
          [
            36.210143,
            47.936523
          ],
          [
            36.209319,
            47.937647
          ],
          [
            36.208429,
            47.938681
          ],
          [
            36.207479,
            47.9396
          ],
          [
            36.206474,
            47.940382
          ],
          [
            36.205357,
            47.94101
          ],
          [
            36.204083,
            47.941502
          ],
          [
            36.20268,
            47.941881
          ],
          [
            36.201178,
            47.942171
          ],
          [
            36.199605,
            47.942394
          ],
          [
            36.197988,
            47.942574
          ],
          [
            36.196356,
            47.942735
          ],
          [
            36.194738,
            47.942899
          ],
          [
            36.193161,
            47.943091
          ],
          [
            36.191655,
            47.943333
          ],
          [
            36.190246,
            47.943649
          ],
          [
            36.188965,
            47.944062
          ],
          [
            36.187714,
            47.944563
          ],
          [
            36.1864,
            47.945123
          ],
          [
            36.18506,
            47.94573
          ],
          [
            36.183726,
            47.946374
          ],
          [
            36.182434,
            47.947046
          ],
          [
            36.181219,
            47.947734
          ],
          [
            36.180114,
            47.948429
          ],
          [
            36.179155,
            47.949121
          ],
          [
            36.178375,
            47.949799
          ],
          [
            36.177811,
            47.950453
          ],
          [
            36.177495,
            47.951074
          ],
          [
            36.177464,
            47.95165
          ],
          [
            36.177761,
            47.952209
          ],
          [
            36.178381,
            47.952778
          ],
          [
            36.179274,
            47.95335
          ],
          [
            36.180394,
            47.953916
          ],
          [
            36.181695,
            47.954468
          ],
          [
            36.183128,
            47.954999
          ],
          [
            36.184648,
            47.9555
          ],
          [
            36.186206,
            47.955964
          ],
          [
            36.187755,
            47.956382
          ],
          [
            36.189249,
            47.956747
          ],
          [
            36.190641,
            47.95705
          ],
          [
            36.191883,
            47.957284
          ],
          [
            36.193025,
            47.957415
          ],
          [
            36.19415,
            47.957432
          ],
          [
            36.19526,
            47.957358
          ],
          [
            36.196359,
            47.957216
          ],
          [
            36.19745,
            47.957027
          ],
          [
            36.198535,
            47.956817
          ],
          [
            36.199618,
            47.956606
          ],
          [
            36.200701,
            47.956419
          ],
          [
            36.201788,
            47.956279
          ],
          [
            36.202882,
            47.956207
          ],
          [
            36.203985,
            47.956228
          ],
          [
            36.205101,
            47.956364
          ],
          [
            36.206263,
            47.956616
          ],
          [
            36.207491,
            47.956959
          ],
          [
            36.208764,
            47.957378
          ],
          [
            36.21006,
            47.957858
          ],
          [
            36.21136,
            47.958385
          ],
          [
            36.212643,
            47.958943
          ],
          [
            36.213889,
            47.959518
          ],
          [
            36.215076,
            47.960094
          ],
          [
            36.216185,
            47.960656
          ],
          [
            36.217195,
            47.96119
          ],
          [
            36.218085,
            47.96168
          ],
          [
            36.218834,
            47.962112
          ],
          [
            36.219421,
            47.962482
          ],
          [
            36.219854,
            47.962806
          ],
          [
            36.220159,
            47.963095
          ],
          [
            36.22036,
            47.963359
          ],
          [
            36.220482,
            47.96361
          ],
          [
            36.220551,
            47.963857
          ],
          [
            36.22059,
            47.964114
          ],
          [
            36.220627,
            47.964389
          ],
          [
            36.220685,
            47.964695
          ],
          [
            36.220789,
            47.965043
          ],
          [
            36.220965,
            47.965442
          ],
          [
            36.221237,
            47.965905
          ],
          [
            36.221582,
            47.96645
          ],
          [
            36.221956,
            47.967077
          ],
          [
            36.222357,
            47.96777
          ],
          [
            36.222782,
            47.96851
          ],
          [
            36.223229,
            47.96928
          ],
          [
            36.223694,
            47.970064
          ],
          [
            36.224176,
            47.970843
          ],
          [
            36.22467,
            47.9716
          ],
          [
            36.225176,
            47.972319
          ],
          [
            36.22569,
            47.97298
          ],
          [
            36.226209,
            47.973568
          ],
          [
            36.22673,
            47.974065
          ],
          [
            36.227256,
            47.974471
          ],
          [
            36.227788,
            47.974807
          ],
          [
            36.228329,
            47.975082
          ],
          [
            36.228879,
            47.975308
          ],
          [
            36.22944,
            47.975494
          ],
          [
            36.230013,
            47.975652
          ],
          [
            36.230599,
            47.975792
          ],
          [
            36.2312,
            47.975925
          ],
          [
            36.231816,
            47.976061
          ],
          [
            36.232448,
            47.97621
          ],
          [
            36.233099,
            47.976384
          ],
          [
            36.233768,
            47.976593
          ],
          [
            36.234481,
            47.976823
          ],
          [
            36.23525,
            47.977054
          ],
          [
            36.236062,
            47.977286
          ],
          [
            36.236903,
            47.977521
          ],
          [
            36.237759,
            47.977759
          ],
          [
            36.238618,
            47.978001
          ],
          [
            36.239464,
            47.978248
          ],
          [
            36.240285,
            47.9785
          ],
          [
            36.241067,
            47.978759
          ],
          [
            36.241795,
            47.979024
          ],
          [
            36.242457,
            47.979298
          ],
          [
            36.243038,
            47.979581
          ],
          [
            36.243525,
            47.979877
          ],
          [
            36.243925,
            47.980189
          ],
          [
            36.244253,
            47.980514
          ],
          [
            36.244526,
            47.980849
          ],
          [
            36.244759,
            47.98119
          ],
          [
            36.244969,
            47.981534
          ],
          [
            36.245172,
            47.981878
          ],
          [
            36.245384,
            47.982219
          ],
          [
            36.245621,
            47.982554
          ],
          [
            36.245899,
            47.982879
          ],
          [
            36.246234,
            47.983191
          ],
          [
            36.246643,
            47.983488
          ],
          [
            36.247107,
            47.983776
          ],
          [
            36.247596,
            47.984064
          ],
          [
            36.248112,
            47.98435
          ],
          [
            36.248652,
            47.984632
          ],
          [
            36.249218,
            47.984908
          ],
          [
            36.249808,
            47.985175
          ],
          [
            36.250423,
            47.985432
          ],
          [
            36.251062,
            47.985675
          ],
          [
            36.251725,
            47.985903
          ],
          [
            36.252411,
            47.986114
          ],
          [
            36.25312,
            47.986305
          ],
          [
            36.253853,
            47.986475
          ],
          [
            36.254618,
            47.986629
          ],
          [
            36.255422,
            47.986775
          ],
          [
            36.25626,
            47.98691
          ],
          [
            36.257127,
            47.987032
          ],
          [
            36.258018,
            47.987139
          ],
          [
            36.258928,
            47.987229
          ],
          [
            36.259851,
            47.987299
          ],
          [
            36.260783,
            47.987347
          ],
          [
            36.261718,
            47.987372
          ],
          [
            36.262652,
            47.98737
          ],
          [
            36.26358,
            47.98734
          ],
          [
            36.264496,
            47.987279
          ],
          [
            36.265408,
            47.987173
          ],
          [
            36.266328,
            47.987014
          ],
          [
            36.267253,
            47.986812
          ],
          [
            36.268183,
            47.986577
          ],
          [
            36.269117,
            47.986318
          ],
          [
            36.270053,
            47.986044
          ],
          [
            36.270991,
            47.985766
          ],
          [
            36.271928,
            47.985492
          ],
          [
            36.272864,
            47.985233
          ],
          [
            36.273798,
            47.984997
          ],
          [
            36.274728,
            47.984795
          ],
          [
            36.275654,
            47.984637
          ],
          [
            36.27659,
            47.984527
          ],
          [
            36.277546,
            47.984461
          ],
          [
            36.278517,
            47.984428
          ],
          [
            36.279494,
            47.98442
          ],
          [
            36.28047,
            47.984425
          ],
          [
            36.281437,
            47.984436
          ],
          [
            36.282388,
            47.984441
          ],
          [
            36.283315,
            47.984432
          ],
          [
            36.284211,
            47.9844
          ],
          [
            36.285069,
            47.984333
          ],
          [
            36.285881,
            47.984224
          ],
          [
            36.28664,
            47.984062
          ],
          [
            36.287329,
            47.983861
          ],
          [
            36.287946,
            47.983639
          ],
          [
            36.288504,
            47.983396
          ],
          [
            36.289018,
            47.98313
          ],
          [
            36.289501,
            47.98284
          ],
          [
            36.289966,
            47.982525
          ],
          [
            36.290428,
            47.982184
          ],
          [
            36.2909,
            47.981815
          ],
          [
            36.291396,
            47.981418
          ],
          [
            36.291929,
            47.98099
          ],
          [
            36.292514,
            47.980531
          ],
          [
            36.293163,
            47.98004
          ],
          [
            36.293889,
            47.979479
          ],
          [
            36.294684,
            47.978824
          ],
          [
            36.295532,
            47.978098
          ],
          [
            36.296419,
            47.977321
          ],
          [
            36.297329,
            47.976515
          ],
          [
            36.298249,
            47.975702
          ],
          [
            36.299162,
            47.974904
          ],
          [
            36.300055,
            47.974141
          ],
          [
            36.300912,
            47.973436
          ],
          [
            36.301719,
            47.97281
          ],
          [
            36.302459,
            47.972285
          ],
          [
            36.30312,
            47.971881
          ],
          [
            36.303712,
            47.971647
          ],
          [
            36.30426,
            47.971587
          ],
          [
            36.304768,
            47.971662
          ],
          [
            36.305237,
            47.971835
          ],
          [
            36.30567,
            47.972064
          ],
          [
            36.30607,
            47.972312
          ],
          [
            36.30644,
            47.97254
          ],
          [
            36.306782,
            47.972707
          ],
          [
            36.307099,
            47.972776
          ],
          [
            36.307393,
            47.972706
          ],
          [
            36.307668,
            47.972459
          ],
          [
            36.307926,
            47.971996
          ],
          [
            36.308114,
            47.971319
          ],
          [
            36.308196,
            47.970471
          ],
          [
            36.308198,
            47.969478
          ],
          [
            36.308149,
            47.968361
          ],
          [
            36.308074,
            47.967145
          ],
          [
            36.308001,
            47.965854
          ],
          [
            36.307958,
            47.964512
          ],
          [
            36.307971,
            47.963142
          ],
          [
            36.308067,
            47.961768
          ],
          [
            36.308274,
            47.960413
          ],
          [
            36.308618,
            47.959102
          ],
          [
            36.309128,
            47.957858
          ],
          [
            36.309818,
            47.956631
          ],
          [
            36.310671,
            47.955362
          ],
          [
            36.31166,
            47.954064
          ],
          [
            36.312758,
            47.952749
          ],
          [
            36.31394,
            47.95143
          ],
          [
            36.315179,
            47.95012
          ],
          [
            36.316449,
            47.94883
          ],
          [
            36.317724,
            47.947575
          ],
          [
            36.318977,
            47.946366
          ],
          [
            36.320182,
            47.945215
          ],
          [
            36.321314,
            47.944137
          ],
          [
            36.322346,
            47.943142
          ],
          [
            36.323203,
            47.942232
          ],
          [
            36.323869,
            47.941393
          ],
          [
            36.324399,
            47.940617
          ],
          [
            36.324851,
            47.939896
          ],
          [
            36.325281,
            47.939222
          ],
          [
            36.325747,
            47.938585
          ],
          [
            36.326305,
            47.937978
          ],
          [
            36.327012,
            47.937392
          ],
          [
            36.327926,
            47.936819
          ],
          [
            36.329103,
            47.93625
          ],
          [
            36.3306,
            47.935677
          ],
          [
            36.332474,
            47.935092
          ],
          [
            36.334896,
            47.93445
          ],
          [
            36.337915,
            47.933733
          ],
          [
            36.3414,
            47.93297
          ],
          [
            36.345221,
            47.932191
          ],
          [
            36.349248,
            47.931424
          ],
          [
            36.353352,
            47.9307
          ],
          [
            36.357402,
            47.930047
          ],
          [
            36.361268,
            47.929494
          ],
          [
            36.364821,
            47.929072
          ],
          [
            36.367931,
            47.92881
          ],
          [
            36.370467,
            47.928736
          ],
          [
            36.372299,
            47.928881
          ],
          [
            36.373436,
            47.929219
          ],
          [
            36.374023,
            47.929703
          ],
          [
            36.374139,
            47.930328
          ],
          [
            36.373863,
            47.931088
          ],
          [
            36.373274,
            47.931978
          ],
          [
            36.372449,
            47.932993
          ],
          [
            36.371469,
            47.934128
          ],
          [
            36.370411,
            47.935378
          ],
          [
            36.369354,
            47.936736
          ],
          [
            36.368377,
            47.938199
          ],
          [
            36.367559,
            47.939761
          ],
          [
            36.366978,
            47.941417
          ],
          [
            36.366437,
            47.943331
          ],
          [
            36.365724,
            47.945613
          ],
          [
            36.364898,
            47.948178
          ],
          [
            36.364015,
            47.950938
          ],
          [
            36.363133,
            47.953807
          ],
          [
            36.362311,
            47.9567
          ],
          [
            36.361604,
            47.959529
          ],
          [
            36.361071,
            47.962208
          ],
          [
            36.36077,
            47.964651
          ],
          [
            36.360757,
            47.966771
          ],
          [
            36.36109,
            47.968482
          ],
          [
            36.361828,
            47.969698
          ],
          [
            36.363066,
            47.970434
          ],
          [
            36.364803,
            47.970794
          ],
          [
            36.366951,
            47.970826
          ],
          [
            36.369419,
            47.970575
          ],
          [
            36.372119,
            47.970088
          ],
          [
            36.37496,
            47.969411
          ],
          [
            36.377854,
            47.96859
          ],
          [
            36.380711,
            47.967672
          ],
          [
            36.383441,
            47.966702
          ],
          [
            36.385956,
            47.965728
          ],
          [
            36.388165,
            47.964796
          ],
          [
            36.38998,
            47.963951
          ],
          [
            36.391243,
            47.963048
          ],
          [
            36.391952,
            47.961945
          ],
          [
            36.392248,
            47.960691
          ],
          [
            36.392275,
            47.959336
          ],
          [
            36.392176,
            47.957929
          ],
          [
            36.392094,
            47.956522
          ],
          [
            36.39217,
            47.955163
          ],
          [
            36.392549,
            47.953903
          ],
          [
            36.393372,
            47.952791
          ],
          [
            36.394782,
            47.951877
          ],
          [
            36.396923,
            47.951212
          ],
          [
            36.399937,
            47.950846
          ],
          [
            36.404069,
            47.95081
          ],
          [
            36.409319,
            47.951073
          ],
          [
            36.415464,
            47.951584
          ],
          [
            36.422278,
            47.952293
          ],
          [
            36.429537,
            47.953151
          ],
          [
            36.437016,
            47.954108
          ],
          [
            36.444489,
            47.955113
          ],
          [
            36.451734,
            47.956117
          ],
          [
            36.458524,
            47.95707
          ],
          [
            36.464636,
            47.957922
          ],
          [
            36.469843,
            47.958623
          ],
          [
            36.473923,
            47.959123
          ],
          [
            36.476849,
            47.959432
          ],
          [
            36.478852,
            47.959612
          ],
          [
            36.480088,
            47.959687
          ],
          [
            36.480713,
            47.959685
          ],
          [
            36.480884,
            47.959632
          ],
          [
            36.480757,
            47.959554
          ],
          [
            36.480489,
            47.959478
          ],
          [
            36.480236,
            47.95943
          ],
          [
            36.480155,
            47.959436
          ],
          [
            36.480402,
            47.959522
          ],
          [
            36.481133,
            47.959716
          ],
          [
            36.482506,
            47.960043
          ],
          [
            36.48445,
            47.960489
          ],
          [
            36.486753,
            47.961017
          ],
          [
            36.489351,
            47.961618
          ],
          [
            36.492182,
            47.962282
          ],
          [
            36.495186,
            47.963
          ],
          [
            36.498299,
            47.963764
          ],
          [
            36.501459,
            47.964564
          ],
          [
            36.504606,
            47.96539
          ],
          [
            36.507676,
            47.966233
          ],
          [
            36.510607,
            47.967086
          ],
          [
            36.513339,
            47.967937
          ],
          [
            36.515808,
            47.968778
          ],
          [
            36.51815,
            47.969625
          ],
          [
            36.520519,
            47.970498
          ],
          [
            36.52288,
            47.971395
          ],
          [
            36.525199,
            47.972311
          ],
          [
            36.527441,
            47.973245
          ],
          [
            36.529573,
            47.974194
          ],
          [
            36.53156,
            47.975155
          ],
          [
            36.533368,
            47.976125
          ],
          [
            36.534963,
            47.977101
          ],
          [
            36.53631,
            47.978081
          ],
          [
            36.537375,
            47.979062
          ],
          [
            36.538124,
            47.98004
          ],
          [
            36.538436,
            47.981021
          ],
          [
            36.53827,
            47.982011
          ],
          [
            36.537715,
            47.983007
          ],
          [
            36.536859,
            47.984011
          ],
          [
            36.535789,
            47.985021
          ],
          [
            36.534594,
            47.986037
          ],
          [
            36.533362,
            47.987058
          ],
          [
            36.53218,
            47.988083
          ],
          [
            36.531136,
            47.989113
          ],
          [
            36.530318,
            47.990146
          ],
          [
            36.529814,
            47.991182
          ],
          [
            36.529713,
            47.992219
          ],
          [
            36.529877,
            47.993265
          ],
          [
            36.530124,
            47.994323
          ],
          [
            36.530472,
            47.995391
          ],
          [
            36.53094,
            47.996465
          ],
          [
            36.531546,
            47.997544
          ],
          [
            36.532309,
            47.998624
          ],
          [
            36.533247,
            47.999702
          ],
          [
            36.534379,
            48.000775
          ],
          [
            36.535724,
            48.001842
          ],
          [
            36.537298,
            48.002898
          ],
          [
            36.539122,
            48.003942
          ],
          [
            36.541214,
            48.00497
          ],
          [
            36.543766,
            48.005985
          ],
          [
            36.54688,
            48.006993
          ],
          [
            36.550441,
            48.007992
          ],
          [
            36.55433,
            48.008985
          ],
          [
            36.558432,
            48.00997
          ],
          [
            36.562629,
            48.010949
          ],
          [
            36.566804,
            48.01192
          ],
          [
            36.570841,
            48.012885
          ],
          [
            36.574624,
            48.013844
          ],
          [
            36.578034,
            48.014796
          ],
          [
            36.580955,
            48.015743
          ],
          [
            36.583271,
            48.016683
          ],
          [
            36.585057,
            48.017605
          ],
          [
            36.586488,
            48.018499
          ],
          [
            36.587599,
            48.019374
          ],
          [
            36.588421,
            48.020234
          ],
          [
            36.588988,
            48.021089
          ],
          [
            36.589333,
            48.021944
          ],
          [
            36.589489,
            48.022806
          ],
          [
            36.589489,
            48.023683
          ],
          [
            36.589366,
            48.024582
          ],
          [
            36.589154,
            48.025509
          ],
          [
            36.588885,
            48.026471
          ],
          [
            36.588593,
            48.027476
          ],
          [
            36.588115,
            48.028528
          ],
          [
            36.587315,
            48.029623
          ],
          [
            36.586259,
            48.030755
          ],
          [
            36.585013,
            48.031915
          ],
          [
            36.583644,
            48.033096
          ],
          [
            36.58222,
            48.034292
          ],
          [
            36.580806,
            48.035495
          ],
          [
            36.579469,
            48.036697
          ],
          [
            36.578277,
            48.037893
          ],
          [
            36.577295,
            48.039074
          ],
          [
            36.576592,
            48.040234
          ],
          [
            36.576233,
            48.041365
          ],
          [
            36.576259,
            48.04248
          ],
          [
            36.576624,
            48.043596
          ],
          [
            36.577262,
            48.04471
          ],
          [
            36.578108,
            48.04582
          ],
          [
            36.5791,
            48.046922
          ],
          [
            36.58017,
            48.048014
          ],
          [
            36.581256,
            48.049094
          ],
          [
            36.582292,
            48.050159
          ],
          [
            36.583213,
            48.051207
          ],
          [
            36.583956,
            48.052234
          ],
          [
            36.584454,
            48.053239
          ],
          [
            36.584644,
            48.054218
          ],
          [
            36.584495,
            48.055177
          ],
          [
            36.584059,
            48.056124
          ],
          [
            36.583392,
            48.057055
          ],
          [
            36.582553,
            48.05797
          ],
          [
            36.581599,
            48.058868
          ],
          [
            36.580589,
            48.059747
          ],
          [
            36.57958,
            48.060605
          ],
          [
            36.57863,
            48.061442
          ],
          [
            36.577797,
            48.062256
          ],
          [
            36.577138,
            48.063045
          ],
          [
            36.576712,
            48.063808
          ],
          [
            36.576576,
            48.064544
          ],
          [
            36.576752,
            48.065238
          ],
          [
            36.577191,
            48.065884
          ],
          [
            36.577844,
            48.06649
          ],
          [
            36.578662,
            48.067063
          ],
          [
            36.579596,
            48.067614
          ],
          [
            36.5806,
            48.06815
          ],
          [
            36.581622,
            48.06868
          ],
          [
            36.582616,
            48.069213
          ],
          [
            36.583533,
            48.069757
          ],
          [
            36.584323,
            48.070321
          ],
          [
            36.584939,
            48.070912
          ],
          [
            36.585331,
            48.071541
          ],
          [
            36.585441,
            48.072207
          ],
          [
            36.585284,
            48.072899
          ],
          [
            36.584923,
            48.073614
          ],
          [
            36.584422,
            48.074345
          ],
          [
            36.583843,
            48.075087
          ],
          [
            36.58325,
            48.075835
          ],
          [
            36.582705,
            48.076584
          ],
          [
            36.582273,
            48.077327
          ],
          [
            36.582016,
            48.07806
          ],
          [
            36.581997,
            48.078777
          ],
          [
            36.58228,
            48.079474
          ],
          [
            36.582928,
            48.080143
          ],
          [
            36.583979,
            48.080793
          ],
          [
            36.58539,
            48.081433
          ],
          [
            36.587099,
            48.082063
          ],
          [
            36.589044,
            48.082683
          ],
          [
            36.591165,
            48.083293
          ],
          [
            36.593399,
            48.083892
          ],
          [
            36.595686,
            48.08448
          ],
          [
            36.597964,
            48.085058
          ],
          [
            36.600172,
            48.085624
          ],
          [
            36.602248,
            48.086179
          ],
          [
            36.60413,
            48.086722
          ],
          [
            36.605759,
            48.087253
          ],
          [
            36.607195,
            48.087755
          ],
          [
            36.608545,
            48.088216
          ],
          [
            36.609816,
            48.088645
          ],
          [
            36.61101,
            48.089054
          ],
          [
            36.612135,
            48.089451
          ],
          [
            36.613194,
            48.089848
          ],
          [
            36.614193,
            48.090253
          ],
          [
            36.615136,
            48.090676
          ],
          [
            36.61603,
            48.091129
          ],
          [
            36.616879,
            48.09162
          ],
          [
            36.617688,
            48.092159
          ],
          [
            36.618462,
            48.092757
          ],
          [
            36.619148,
            48.093417
          ],
          [
            36.619709,
            48.094131
          ],
          [
            36.620169,
            48.094891
          ],
          [
            36.620553,
            48.095687
          ],
          [
            36.620888,
            48.096512
          ],
          [
            36.621197,
            48.097358
          ],
          [
            36.621508,
            48.098215
          ],
          [
            36.621844,
            48.099076
          ],
          [
            36.622231,
            48.099932
          ],
          [
            36.622696,
            48.100775
          ],
          [
            36.623262,
            48.101596
          ],
          [
            36.623955,
            48.102387
          ],
          [
            36.624685,
            48.103198
          ],
          [
            36.625367,
            48.104067
          ],
          [
            36.626035,
            48.104975
          ],
          [
            36.62672,
            48.105899
          ],
          [
            36.627457,
            48.106818
          ],
          [
            36.628278,
            48.10771
          ],
          [
            36.629217,
            48.108556
          ],
          [
            36.630306,
            48.109333
          ],
          [
            36.631579,
            48.11002
          ],
          [
            36.633068,
            48.110596
          ],
          [
            36.634807,
            48.111039
          ],
          [
            36.636829,
            48.111328
          ],
          [
            36.639256,
            48.111409
          ],
          [
            36.642127,
            48.111269
          ],
          [
            36.645357,
            48.110951
          ],
          [
            36.648858,
            48.110501
          ],
          [
            36.652543,
            48.10996
          ],
          [
            36.656324,
            48.109373
          ],
          [
            36.660113,
            48.108783
          ],
          [
            36.663825,
            48.108234
          ],
          [
            36.66737,
            48.107769
          ],
          [
            36.670663,
            48.107432
          ],
          [
            36.673615,
            48.107267
          ],
          [
            36.67614,
            48.107317
          ],
          [
            36.678273,
            48.107539
          ],
          [
            36.680131,
            48.107858
          ],
          [
            36.681752,
            48.108271
          ],
          [
            36.683172,
            48.108773
          ],
          [
            36.684425,
            48.109359
          ],
          [
            36.685549,
            48.110025
          ],
          [
            36.686579,
            48.110766
          ],
          [
            36.687552,
            48.111579
          ],
          [
            36.688503,
            48.112458
          ],
          [
            36.689469,
            48.1134
          ],
          [
            36.690486,
            48.114401
          ],
          [
            36.691589,
            48.115454
          ],
          [
            36.692744,
            48.116653
          ],
          [
            36.693888,
            48.118058
          ],
          [
            36.695017,
            48.119623
          ],
          [
            36.696129,
            48.121303
          ],
          [
            36.697219,
            48.123049
          ],
          [
            36.698284,
            48.124815
          ],
          [
            36.699321,
            48.126554
          ],
          [
            36.700325,
            48.12822
          ],
          [
            36.701294,
            48.129766
          ],
          [
            36.702223,
            48.131145
          ],
          [
            36.703109,
            48.13231
          ],
          [
            36.703949,
            48.133215
          ],
          [
            36.704739,
            48.133929
          ],
          [
            36.70548,
            48.134546
          ],
          [
            36.706178,
            48.135059
          ],
          [
            36.706835,
            48.13546
          ],
          [
            36.707457,
            48.135741
          ],
          [
            36.708047,
            48.135894
          ],
          [
            36.70861,
            48.13591
          ],
          [
            36.70915,
            48.135783
          ],
          [
            36.70967,
            48.135503
          ],
          [
            36.710176,
            48.135064
          ],
          [
            36.71067,
            48.134457
          ],
          [
            36.711159,
            48.133673
          ],
          [
            36.71159,
            48.132569
          ],
          [
            36.711926,
            48.131061
          ],
          [
            36.712194,
            48.129232
          ],
          [
            36.712418,
            48.127167
          ],
          [
            36.712622,
            48.12495
          ],
          [
            36.712832,
            48.122666
          ],
          [
            36.713074,
            48.120397
          ],
          [
            36.713371,
            48.118229
          ],
          [
            36.71375,
            48.116246
          ],
          [
            36.714234,
            48.114531
          ],
          [
            36.71485,
            48.11317
          ],
          [
            36.715622,
            48.112245
          ],
          [
            36.716508,
            48.111757
          ],
          [
            36.717455,
            48.111613
          ],
          [
            36.718469,
            48.111759
          ],
          [
            36.719557,
            48.112144
          ],
          [
            36.720727,
            48.112713
          ],
          [
            36.721984,
            48.113413
          ],
          [
            36.723336,
            48.114192
          ],
          [
            36.72479,
            48.114996
          ],
          [
            36.726352,
            48.115772
          ],
          [
            36.72803,
            48.116467
          ],
          [
            36.729829,
            48.117029
          ],
          [
            36.731758,
            48.117403
          ],
          [
            36.733936,
            48.117582
          ],
          [
            36.736433,
            48.117619
          ],
          [
            36.739178,
            48.117552
          ],
          [
            36.742102,
            48.11742
          ],
          [
            36.745135,
            48.117259
          ],
          [
            36.748205,
            48.117109
          ],
          [
            36.751245,
            48.117007
          ],
          [
            36.754182,
            48.116991
          ],
          [
            36.756948,
            48.117099
          ],
          [
            36.759472,
            48.11737
          ],
          [
            36.761685,
            48.11784
          ],
          [
            36.763515,
            48.118549
          ],
          [
            36.764996,
            48.119514
          ],
          [
            36.766224,
            48.120705
          ],
          [
            36.767226,
            48.12209
          ],
          [
            36.76803,
            48.123633
          ],
          [
            36.768661,
            48.1253
          ],
          [
            36.769148,
            48.127056
          ],
          [
            36.769518,
            48.128869
          ],
          [
            36.769797,
            48.130703
          ],
          [
            36.770013,
            48.132524
          ],
          [
            36.770193,
            48.134298
          ],
          [
            36.770364,
            48.135991
          ],
          [
            36.770554,
            48.137569
          ],
          [
            36.770598,
            48.139132
          ],
          [
            36.770363,
            48.140784
          ],
          [
            36.769922,
            48.14249
          ],
          [
            36.769346,
            48.144217
          ],
          [
            36.768706,
            48.145931
          ],
          [
            36.768075,
            48.147598
          ],
          [
            36.767525,
            48.149186
          ],
          [
            36.767127,
            48.15066
          ],
          [
            36.766953,
            48.151987
          ],
          [
            36.767075,
            48.153133
          ],
          [
            36.767564,
            48.154065
          ],
          [
            36.768494,
            48.154749
          ],
          [
            36.769849,
            48.155144
          ],
          [
            36.771544,
            48.155258
          ],
          [
            36.77354,
            48.155138
          ],
          [
            36.775799,
            48.154826
          ],
          [
            36.778281,
            48.154367
          ],
          [
            36.78095,
            48.153805
          ],
          [
            36.783765,
            48.153184
          ],
          [
            36.78669,
            48.152548
          ],
          [
            36.789684,
            48.151942
          ],
          [
            36.792711,
            48.151409
          ],
          [
            36.795731,
            48.150994
          ],
          [
            36.798706,
            48.150741
          ],
          [
            36.801752,
            48.150628
          ],
          [
            36.804986,
            48.150595
          ],
          [
            36.808369,
            48.150624
          ],
          [
            36.81186,
            48.150699
          ],
          [
            36.815422,
            48.150803
          ],
          [
            36.819016,
            48.15092
          ],
          [
            36.822601,
            48.151034
          ],
          [
            36.82614,
            48.151127
          ],
          [
            36.829593,
            48.151184
          ],
          [
            36.832921,
            48.151188
          ],
          [
            36.836085,
            48.151122
          ],
          [
            36.839046,
            48.15097
          ],
          [
            36.841824,
            48.15067
          ],
          [
            36.844473,
            48.1502
          ],
          [
            36.847007,
            48.149606
          ],
          [
            36.849442,
            48.14893
          ],
          [
            36.85179,
            48.148217
          ],
          [
            36.854067,
            48.147513
          ],
          [
            36.856287,
            48.14686
          ],
          [
            36.858463,
            48.146304
          ],
          [
            36.860611,
            48.145889
          ],
          [
            36.862745,
            48.145658
          ],
          [
            36.864879,
            48.145658
          ],
          [
            36.867027,
            48.145931
          ],
          [
            36.869239,
            48.146495
          ],
          [
            36.871531,
            48.147312
          ],
          [
            36.873866,
            48.148345
          ],
          [
            36.876208,
            48.149557
          ],
          [
            36.878522,
            48.15091
          ],
          [
            36.880771,
            48.152365
          ],
          [
            36.882919,
            48.153887
          ],
          [
            36.884931,
            48.155436
          ],
          [
            36.88677,
            48.156976
          ],
          [
            36.8884,
            48.158469
          ],
          [
            36.889784,
            48.159876
          ],
          [
            36.890888,
            48.161162
          ],
          [
            36.891703,
            48.162345
          ],
          [
            36.892262,
            48.163478
          ],
          [
            36.892594,
            48.164575
          ],
          [
            36.892726,
            48.165649
          ],
          [
            36.892684,
            48.166713
          ],
          [
            36.892498,
            48.167782
          ],
          [
            36.892193,
            48.168867
          ],
          [
            36.891797,
            48.169983
          ],
          [
            36.891339,
            48.171142
          ],
          [
            36.890845,
            48.172358
          ],
          [
            36.890342,
            48.173645
          ],
          [
            36.889858,
            48.175015
          ],
          [
            36.889291,
            48.176531
          ],
          [
            36.888544,
            48.178219
          ],
          [
            36.887656,
            48.180035
          ],
          [
            36.886667,
            48.181938
          ],
          [
            36.885614,
            48.183884
          ],
          [
            36.884537,
            48.185831
          ],
          [
            36.883474,
            48.187737
          ],
          [
            36.882464,
            48.189559
          ],
          [
            36.881546,
            48.191255
          ],
          [
            36.880759,
            48.192782
          ],
          [
            36.88014,
            48.194097
          ],
          [
            36.87973,
            48.195159
          ],
          [
            36.87949,
            48.19598
          ],
          [
            36.879353,
            48.196618
          ],
          [
            36.879316,
            48.197091
          ],
          [
            36.879374,
            48.197418
          ],
          [
            36.879524,
            48.197618
          ],
          [
            36.879762,
            48.197712
          ],
          [
            36.880085,
            48.197718
          ],
          [
            36.880487,
            48.197655
          ],
          [
            36.880965,
            48.197543
          ],
          [
            36.881516,
            48.197401
          ],
          [
            36.882136,
            48.197248
          ],
          [
            36.88282,
            48.197104
          ],
          [
            36.883629,
            48.19691
          ],
          [
            36.884606,
            48.19661
          ],
          [
            36.88572,
            48.196221
          ],
          [
            36.88694,
            48.195765
          ],
          [
            36.888237,
            48.195258
          ],
          [
            36.889579,
            48.194722
          ],
          [
            36.890937,
            48.194175
          ],
          [
            36.892281,
            48.193637
          ],
          [
            36.893578,
            48.193126
          ],
          [
            36.894801,
            48.192663
          ],
          [
            36.895917,
            48.192266
          ],
          [
            36.896896,
            48.191954
          ],
          [
            36.897643,
            48.191675
          ],
          [
            36.898129,
            48.191373
          ],
          [
            36.898427,
            48.191065
          ],
          [
            36.898607,
            48.190768
          ],
          [
            36.898741,
            48.190498
          ],
          [
            36.898903,
            48.190274
          ],
          [
            36.899162,
            48.190111
          ],
          [
            36.899592,
            48.190026
          ],
          [
            36.900264,
            48.190037
          ],
          [
            36.901249,
            48.19016
          ],
          [
            36.902621,
            48.190412
          ],
          [
            36.904449,
            48.19081
          ],
          [
            36.906906,
            48.191379
          ],
          [
            36.910022,
            48.192117
          ],
          [
            36.913657,
            48.192999
          ],
          [
            36.917674,
            48.194001
          ],
          [
            36.921932,
            48.195099
          ],
          [
            36.926293,
            48.196267
          ],
          [
            36.930619,
            48.197482
          ],
          [
            36.93477,
            48.198718
          ],
          [
            36.938607,
            48.199953
          ],
          [
            36.941992,
            48.20116
          ],
          [
            36.944786,
            48.202316
          ],
          [
            36.94685,
            48.203397
          ],
          [
            36.948314,
            48.204472
          ],
          [
            36.949414,
            48.205613
          ],
          [
            36.950166,
            48.206798
          ],
          [
            36.950588,
            48.208002
          ],
          [
            36.950697,
            48.209205
          ],
          [
            36.950508,
            48.210382
          ],
          [
            36.950041,
            48.211511
          ],
          [
            36.94931,
            48.21257
          ],
          [
            36.948334,
            48.213534
          ],
          [
            36.94713,
            48.214382
          ],
          [
            36.945714,
            48.215091
          ],
          [
            36.944103,
            48.215637
          ],
          [
            36.942089,
            48.215923
          ],
          [
            36.939518,
            48.215911
          ],
          [
            36.936495,
            48.215669
          ],
          [
            36.933123,
            48.215265
          ],
          [
            36.929506,
            48.214767
          ],
          [
            36.925746,
            48.214244
          ],
          [
            36.921948,
            48.213763
          ],
          [
            36.918214,
            48.213392
          ],
          [
            36.914649,
            48.213201
          ],
          [
            36.911354,
            48.213256
          ],
          [
            36.908435,
            48.213626
          ],
          [
            36.905994,
            48.214379
          ],
          [
            36.90398,
            48.215579
          ],
          [
            36.902246,
            48.217194
          ],
          [
            36.900756,
            48.219144
          ],
          [
            36.899471,
            48.221351
          ],
          [
            36.898355,
            48.223736
          ],
          [
            36.897368,
            48.226222
          ],
          [
            36.896475,
            48.22873
          ],
          [
            36.895638,
            48.231181
          ],
          [
            36.894818,
            48.233497
          ],
          [
            36.893978,
            48.2356
          ],
          [
            36.893081,
            48.237411
          ],
          [
            36.89209,
            48.238852
          ],
          [
            36.89101,
            48.239933
          ],
          [
            36.889886,
            48.240749
          ],
          [
            36.888738,
            48.241342
          ],
          [
            36.887589,
            48.241757
          ],
          [
            36.886456,
            48.242037
          ],
          [
            36.885363,
            48.242225
          ],
          [
            36.884328,
            48.242365
          ],
          [
            36.883373,
            48.242502
          ],
          [
            36.882518,
            48.242678
          ],
          [
            36.881784,
            48.242938
          ],
          [
            36.881191,
            48.243325
          ],
          [
            36.88076,
            48.243882
          ],
          [
            36.880423,
            48.244606
          ],
          [
            36.880115,
            48.245445
          ],
          [
            36.879859,
            48.246375
          ],
          [
            36.879679,
            48.247371
          ],
          [
            36.8796,
            48.248405
          ],
          [
            36.879644,
            48.249455
          ],
          [
            36.879837,
            48.250493
          ],
          [
            36.880201,
            48.251494
          ],
          [
            36.88076,
            48.252434
          ],
          [
            36.881539,
            48.253286
          ],
          [
            36.882561,
            48.254025
          ],
          [
            36.88385,
            48.254627
          ],
          [
            36.885562,
            48.255002
          ],
          [
            36.88777,
            48.255124
          ],
          [
            36.890373,
            48.255055
          ],
          [
            36.893272,
            48.25486
          ],
          [
            36.896367,
            48.254604
          ],
          [
            36.899557,
            48.254349
          ],
          [
            36.902742,
            48.254161
          ],
          [
            36.905823,
            48.254103
          ],
          [
            36.908698,
            48.254239
          ],
          [
            36.911268,
            48.254634
          ],
          [
            36.913433,
            48.255352
          ],
          [
            36.915092,
            48.256456
          ],
          [
            36.916152,
            48.258011
          ],
          [
            36.916662,
            48.25999
          ],
          [
            36.916737,
            48.262315
          ],
          [
            36.916491,
            48.264911
          ],
          [
            36.916041,
            48.267701
          ],
          [
            36.9155,
            48.27061
          ],
          [
            36.914985,
            48.27356
          ],
          [
            36.914609,
            48.276477
          ],
          [
            36.914489,
            48.279283
          ],
          [
            36.914739,
            48.281902
          ],
          [
            36.915474,
            48.284259
          ],
          [
            36.916809,
            48.286277
          ],
          [
            36.918717,
            48.288061
          ],
          [
            36.921054,
            48.289762
          ],
          [
            36.923763,
            48.29137
          ],
          [
            36.926785,
            48.292877
          ],
          [
            36.930061,
            48.294273
          ],
          [
            36.933535,
            48.29555
          ],
          [
            36.937148,
            48.296699
          ],
          [
            36.940842,
            48.297711
          ],
          [
            36.944558,
            48.298577
          ],
          [
            36.948239,
            48.299288
          ],
          [
            36.951826,
            48.299836
          ],
          [
            36.955261,
            48.300211
          ],
          [
            36.958756,
            48.300125
          ],
          [
            36.96251,
            48.299406
          ],
          [
            36.966442,
            48.298217
          ],
          [
            36.970476,
            48.296718
          ],
          [
            36.974532,
            48.295074
          ],
          [
            36.978532,
            48.293447
          ],
          [
            36.982398,
            48.291998
          ],
          [
            36.986052,
            48.290891
          ],
          [
            36.989415,
            48.290288
          ],
          [
            36.992409,
            48.290352
          ],
          [
            36.994955,
            48.291245
          ],
          [
            36.996975,
            48.29313
          ],
          [
            36.99844,
            48.296232
          ],
          [
            36.999416,
            48.300517
          ],
          [
            36.99997,
            48.305758
          ],
          [
            37.000167,
            48.31173
          ],
          [
            37.000073,
            48.318206
          ],
          [
            36.999754,
            48.32496
          ],
          [
            36.999276,
            48.331765
          ],
          [
            36.998704,
            48.338396
          ],
          [
            36.998105,
            48.344626
          ],
          [
            36.997545,
            48.350228
          ],
          [
            36.997089,
            48.354976
          ],
          [
            36.996803,
            48.358644
          ],
          [
            36.99653,
            48.361307
          ],
          [
            36.996099,
            48.36326
          ],
          [
            36.995552,
            48.364604
          ],
          [
            36.994934,
            48.365445
          ],
          [
            36.994289,
            48.365884
          ],
          [
            36.99366,
            48.366025
          ],
          [
            36.993091,
            48.365972
          ],
          [
            36.992626,
            48.365827
          ],
          [
            36.992309,
            48.365695
          ],
          [
            36.992184,
            48.365677
          ],
          [
            36.992294,
            48.365878
          ],
          [
            36.992683,
            48.3664
          ],
          [
            36.993354,
            48.367165
          ],
          [
            36.994261,
            48.368008
          ],
          [
            36.995374,
            48.368908
          ],
          [
            36.996663,
            48.369842
          ],
          [
            36.998101,
            48.370789
          ],
          [
            36.999657,
            48.371724
          ],
          [
            37.001303,
            48.372627
          ],
          [
            37.003009,
            48.373475
          ],
          [
            37.004745,
            48.374245
          ],
          [
            37.006484,
            48.374914
          ],
          [
            37.008195,
            48.375462
          ],
          [
            37.00985,
            48.375865
          ],
          [
            37.011533,
            48.376027
          ],
          [
            37.013333,
            48.375911
          ],
          [
            37.015221,
            48.375585
          ],
          [
            37.017167,
            48.375114
          ],
          [
            37.019145,
            48.374565
          ],
          [
            37.021126,
            48.374005
          ],
          [
            37.02308,
            48.373502
          ],
          [
            37.024981,
            48.37312
          ],
          [
            37.0268,
            48.372928
          ],
          [
            37.028508,
            48.372992
          ],
          [
            37.030077,
            48.373379
          ],
          [
            37.031479,
            48.374155
          ],
          [
            37.032832,
            48.375362
          ],
          [
            37.034244,
            48.376954
          ],
          [
            37.035667,
            48.378866
          ],
          [
            37.037055,
            48.381033
          ],
          [
            37.03836,
            48.383389
          ],
          [
            37.039536,
            48.385868
          ],
          [
            37.040537,
            48.388407
          ],
          [
            37.041314,
            48.390938
          ],
          [
            37.041823,
            48.393398
          ],
          [
            37.042015,
            48.39572
          ],
          [
            37.041844,
            48.397839
          ],
          [
            37.041264,
            48.399691
          ],
          [
            37.040094,
            48.401325
          ],
          [
            37.038272,
            48.402845
          ],
          [
            37.035926,
            48.404266
          ],
          [
            37.033183,
            48.4056
          ],
          [
            37.03017,
            48.406863
          ],
          [
            37.027016,
            48.408067
          ],
          [
            37.023847,
            48.409227
          ],
          [
            37.020791,
            48.410356
          ],
          [
            37.017977,
            48.411469
          ],
          [
            37.01553,
            48.412579
          ],
          [
            37.01358,
            48.4137
          ],
          [
            37.012253,
            48.414846
          ],
          [
            37.011407,
            48.415987
          ],
          [
            37.010813,
            48.417087
          ],
          [
            37.010466,
            48.418154
          ],
          [
            37.010365,
            48.419197
          ],
          [
            37.010503,
            48.420223
          ],
          [
            37.01088,
            48.421241
          ],
          [
            37.011489,
            48.422258
          ],
          [
            37.012329,
            48.423281
          ],
          [
            37.013395,
            48.42432
          ],
          [
            37.014685,
            48.425382
          ],
          [
            37.016193,
            48.426475
          ],
          [
            37.017918,
            48.427606
          ],
          [
            37.020133,
            48.428759
          ],
          [
            37.023018,
            48.429915
          ],
          [
            37.026426,
            48.431077
          ],
          [
            37.030207,
            48.432251
          ],
          [
            37.034216,
            48.433439
          ],
          [
            37.038302,
            48.434646
          ],
          [
            37.04232,
            48.435877
          ],
          [
            37.046121,
            48.437135
          ],
          [
            37.049557,
            48.438425
          ],
          [
            37.05248,
            48.439751
          ],
          [
            37.054743,
            48.441116
          ],
          [
            37.056198,
            48.442526
          ],
          [
            37.056753,
            48.444048
          ],
          [
            37.05651,
            48.445722
          ],
          [
            37.055613,
            48.447508
          ],
          [
            37.054208,
            48.449366
          ],
          [
            37.052438,
            48.451255
          ],
          [
            37.050447,
            48.453136
          ],
          [
            37.048381,
            48.454968
          ],
          [
            37.046382,
            48.456711
          ],
          [
            37.044595,
            48.458326
          ],
          [
            37.043165,
            48.459771
          ],
          [
            37.042235,
            48.461007
          ],
          [
            37.04195,
            48.461995
          ],
          [
            37.042275,
            48.462779
          ],
          [
            37.043031,
            48.463433
          ],
          [
            37.044144,
            48.463957
          ],
          [
            37.045542,
            48.464352
          ],
          [
            37.047153,
            48.464618
          ],
          [
            37.048903,
            48.464755
          ],
          [
            37.050719,
            48.464765
          ],
          [
            37.05253,
            48.464647
          ],
          [
            37.054262,
            48.464401
          ],
          [
            37.055842,
            48.464029
          ],
          [
            37.057198,
            48.46353
          ],
          [
            37.058258,
            48.462905
          ],
          [
            37.058917,
            48.462029
          ],
          [
            37.059189,
            48.460823
          ],
          [
            37.059177,
            48.459354
          ],
          [
            37.058983,
            48.457689
          ],
          [
            37.05871,
            48.455898
          ],
          [
            37.058462,
            48.454046
          ],
          [
            37.05834,
            48.452203
          ],
          [
            37.058449,
            48.450437
          ],
          [
            37.05889,
            48.448814
          ],
          [
            37.059766,
            48.447403
          ],
          [
            37.061181,
            48.446271
          ],
          [
            37.063236,
            48.445486
          ],
          [
            37.06616,
            48.444944
          ],
          [
            37.069986,
            48.444503
          ],
          [
            37.074523,
            48.444177
          ],
          [
            37.079582,
            48.443981
          ],
          [
            37.084974,
            48.443929
          ],
          [
            37.090509,
            48.444035
          ],
          [
            37.095997,
            48.444314
          ],
          [
            37.10125,
            48.444779
          ],
          [
            37.106076,
            48.445445
          ],
          [
            37.110288,
            48.446325
          ],
          [
            37.113695,
            48.447435
          ],
          [
            37.116108,
            48.448788
          ],
          [
            37.11767,
            48.450547
          ],
          [
            37.118678,
            48.452799
          ],
          [
            37.119175,
            48.455446
          ],
          [
            37.119204,
            48.458392
          ],
          [
            37.118808,
            48.461538
          ],
          [
            37.118028,
            48.464788
          ],
          [
            37.116909,
            48.468044
          ],
          [
            37.115491,
            48.471208
          ],
          [
            37.113819,
            48.474183
          ],
          [
            37.111934,
            48.476872
          ],
          [
            37.109879,
            48.479177
          ],
          [
            37.107697,
            48.481001
          ],
          [
            37.105054,
            48.482365
          ],
          [
            37.101692,
            48.483389
          ],
          [
            37.097766,
            48.484123
          ],
          [
            37.09343,
            48.484618
          ],
          [
            37.088838,
            48.484923
          ],
          [
            37.084147,
            48.485091
          ],
          [
            37.079509,
            48.48517
          ],
          [
            37.075081,
            48.485211
          ],
          [
            37.071016,
            48.485265
          ],
          [
            37.067469,
            48.485383
          ],
          [
            37.064596,
            48.485613
          ],
          [
            37.06255,
            48.486007
          ],
          [
            37.06115,
            48.486534
          ],
          [
            37.060111,
            48.487119
          ],
          [
            37.059436,
            48.487746
          ],
          [
            37.059123,
            48.488401
          ],
          [
            37.059173,
            48.489068
          ],
          [
            37.059588,
            48.489733
          ],
          [
            37.060368,
            48.490381
          ],
          [
            37.061513,
            48.490996
          ],
          [
            37.063024,
            48.491564
          ],
          [
            37.064902,
            48.49207
          ],
          [
            37.067147,
            48.492498
          ],
          [
            37.069759,
            48.492834
          ],
          [
            37.073102,
            48.493007
          ],
          [
            37.077406,
            48.492992
          ],
          [
            37.082472,
            48.492834
          ],
          [
            37.088102,
            48.492581
          ],
          [
            37.094098,
            48.492281
          ],
          [
            37.100261,
            48.491981
          ],
          [
            37.106395,
            48.491728
          ],
          [
            37.1123,
            48.49157
          ],
          [
            37.117778,
            48.491554
          ],
          [
            37.122631,
            48.491728
          ],
          [
            37.126661,
            48.492139
          ],
          [
            37.129669,
            48.492834
          ],
          [
            37.131584,
            48.493874
          ],
          [
            37.132577,
            48.495248
          ],
          [
            37.132811,
            48.496891
          ],
          [
            37.132454,
            48.49874
          ],
          [
            37.13167,
            48.500731
          ],
          [
            37.130624,
            48.5028
          ],
          [
            37.129482,
            48.504885
          ],
          [
            37.12841,
            48.506921
          ],
          [
            37.127573,
            48.508844
          ],
          [
            37.127136,
            48.510592
          ],
          [
            37.127265,
            48.512101
          ],
          [
            37.128124,
            48.513307
          ],
          [
            37.12967,
            48.514226
          ],
          [
            37.131693,
            48.514938
          ],
          [
            37.134112,
            48.515475
          ],
          [
            37.136847,
            48.515868
          ],
          [
            37.139817,
            48.516149
          ],
          [
            37.142941,
            48.516349
          ],
          [
            37.146138,
            48.5165
          ],
          [
            37.149328,
            48.516634
          ],
          [
            37.152429,
            48.516782
          ],
          [
            37.155362,
            48.516976
          ],
          [
            37.158044,
            48.517247
          ],
          [
            37.160397,
            48.517628
          ],
          [
            37.162426,
            48.518071
          ],
          [
            37.164224,
            48.518513
          ],
          [
            37.16584,
            48.518958
          ],
          [
            37.16732,
            48.519413
          ],
          [
            37.168712,
            48.519882
          ],
          [
            37.170063,
            48.520371
          ],
          [
            37.171421,
            48.520884
          ],
          [
            37.172832,
            48.521426
          ],
          [
            37.174345,
            48.522004
          ],
          [
            37.176007,
            48.522621
          ],
          [
            37.177865,
            48.523283
          ],
          [
            37.179966,
            48.523995
          ],
          [
            37.18236,
            48.524766
          ],
          [
            37.185028,
            48.525598
          ],
          [
            37.187911,
            48.52648
          ],
          [
            37.190952,
            48.527405
          ],
          [
            37.194095,
            48.528366
          ],
          [
            37.197282,
            48.529352
          ],
          [
            37.200456,
            48.530357
          ],
          [
            37.20356,
            48.531372
          ],
          [
            37.206536,
            48.532388
          ],
          [
            37.209327,
            48.533397
          ],
          [
            37.211877,
            48.534392
          ],
          [
            37.214127,
            48.535363
          ],
          [
            37.216056,
            48.536336
          ],
          [
            37.217712,
            48.537336
          ],
          [
            37.219145,
            48.538354
          ],
          [
            37.220402,
            48.539383
          ],
          [
            37.221531,
            48.540413
          ],
          [
            37.222581,
            48.541436
          ],
          [
            37.2236,
            48.542444
          ],
          [
            37.224636,
            48.543428
          ],
          [
            37.225738,
            48.54438
          ],
          [
            37.226954,
            48.545291
          ],
          [
            37.228331,
            48.546152
          ],
          [
            37.229919,
            48.546956
          ],
          [
            37.231727,
            48.547661
          ],
          [
            37.233706,
            48.548252
          ],
          [
            37.235822,
            48.548755
          ],
          [
            37.238038,
            48.549199
          ],
          [
            37.240321,
            48.54961
          ],
          [
            37.242633,
            48.550017
          ],
          [
            37.24494,
            48.550446
          ],
          [
            37.247206,
            48.550925
          ],
          [
            37.249396,
            48.551481
          ],
          [
            37.251474,
            48.552142
          ],
          [
            37.253405,
            48.552935
          ],
          [
            37.255154,
            48.553887
          ],
          [
            37.256811,
            48.554958
          ],
          [
            37.258476,
            48.556092
          ],
          [
            37.26012,
            48.557293
          ],
          [
            37.261715,
            48.558567
          ],
          [
            37.263234,
            48.559918
          ],
          [
            37.264649,
            48.561351
          ],
          [
            37.265932,
            48.562871
          ],
          [
            37.267056,
            48.564483
          ],
          [
            37.267992,
            48.566192
          ],
          [
            37.268714,
            48.568003
          ],
          [
            37.269193,
            48.569921
          ],
          [
            37.269402,
            48.57195
          ],
          [
            37.269282,
            48.574161
          ],
          [
            37.268828,
            48.576593
          ],
          [
            37.268089,
            48.579203
          ],
          [
            37.267113,
            48.581952
          ],
          [
            37.26595,
            48.584798
          ],
          [
            37.264649,
            48.587699
          ],
          [
            37.263259,
            48.590615
          ],
          [
            37.261829,
            48.593505
          ],
          [
            37.260409,
            48.596326
          ],
          [
            37.259048,
            48.599039
          ],
          [
            37.257795,
            48.601601
          ],
          [
            37.256699,
            48.603971
          ],
          [
            37.255634,
            48.606193
          ],
          [
            37.254469,
            48.608339
          ],
          [
            37.253239,
            48.610411
          ],
          [
            37.251981,
            48.612413
          ],
          [
            37.250733,
            48.614346
          ],
          [
            37.249532,
            48.616215
          ],
          [
            37.248414,
            48.618021
          ],
          [
            37.247416,
            48.619768
          ],
          [
            37.246576,
            48.621458
          ],
          [
            37.24593,
            48.623094
          ],
          [
            37.245515,
            48.624678
          ],
          [
            37.245369,
            48.626215
          ],
          [
            37.245439,
            48.627716
          ],
          [
            37.245654,
            48.629186
          ],
          [
            37.246017,
            48.630618
          ],
          [
            37.246532,
            48.632001
          ],
          [
            37.247206,
            48.633328
          ],
          [
            37.24804,
            48.634589
          ],
          [
            37.249042,
            48.635776
          ],
          [
            37.250214,
            48.636879
          ],
          [
            37.251561,
            48.63789
          ],
          [
            37.253088,
            48.6388
          ],
          [
            37.254799,
            48.639601
          ],
          [
            37.256699,
            48.640282
          ],
          [
            37.258853,
            48.640857
          ],
          [
            37.2613,
            48.641343
          ],
          [
            37.264001,
            48.641738
          ],
          [
            37.266916,
            48.642043
          ],
          [
            37.270006,
            48.642255
          ],
          [
            37.273232,
            48.642374
          ],
          [
            37.276555,
            48.642399
          ],
          [
            37.279936,
            48.642328
          ],
          [
            37.283337,
            48.642162
          ],
          [
            37.286717,
            48.641898
          ],
          [
            37.290039,
            48.641537
          ],
          [
            37.293262,
            48.641076
          ],
          [
            37.296548,
            48.640484
          ],
          [
            37.300041,
            48.639741
          ],
          [
            37.303677,
            48.638865
          ],
          [
            37.307396,
            48.637875
          ],
          [
            37.311133,
            48.636788
          ],
          [
            37.314827,
            48.635624
          ],
          [
            37.318415,
            48.6344
          ],
          [
            37.321835,
            48.633135
          ],
          [
            37.325023,
            48.631848
          ],
          [
            37.327917,
            48.630555
          ],
          [
            37.330454,
            48.629277
          ],
          [
            37.332573,
            48.62803
          ],
          [
            37.33419,
            48.62674
          ],
          [
            37.335323,
            48.625338
          ],
          [
            37.336054,
            48.623855
          ],
          [
            37.33647,
            48.622319
          ],
          [
            37.336655,
            48.62076
          ],
          [
            37.336693,
            48.619208
          ],
          [
            37.336669,
            48.617692
          ],
          [
            37.336667,
            48.616241
          ],
          [
            37.336773,
            48.614886
          ],
          [
            37.337071,
            48.613656
          ],
          [
            37.337645,
            48.612581
          ],
          [
            37.338581,
            48.611689
          ],
          [
            37.339852,
            48.610993
          ],
          [
            37.341349,
            48.610466
          ],
          [
            37.343032,
            48.610085
          ],
          [
            37.344863,
            48.609823
          ],
          [
            37.3468,
            48.609657
          ],
          [
            37.348806,
            48.609562
          ],
          [
            37.350839,
            48.609512
          ],
          [
            37.352861,
            48.609483
          ],
          [
            37.354831,
            48.60945
          ],
          [
            37.356711,
            48.609388
          ],
          [
            37.35846,
            48.609273
          ],
          [
            37.360039,
            48.609079
          ],
          [
            37.361557,
            48.608855
          ],
          [
            37.363128,
            48.608657
          ],
          [
            37.364717,
            48.608476
          ],
          [
            37.366289,
            48.608301
          ],
          [
            37.367809,
            48.608123
          ],
          [
            37.369244,
            48.60793
          ],
          [
            37.370559,
            48.607713
          ],
          [
            37.371718,
            48.607461
          ],
          [
            37.372688,
            48.607164
          ],
          [
            37.373434,
            48.606812
          ],
          [
            37.373921,
            48.606394
          ],
          [
            37.374115,
            48.605901
          ],
          [
            37.373883,
            48.605362
          ],
          [
            37.37318,
            48.604806
          ],
          [
            37.372098,
            48.604226
          ],
          [
            37.370733,
            48.60361
          ],
          [
            37.369178,
            48.602949
          ],
          [
            37.367527,
            48.602233
          ],
          [
            37.365876,
            48.601453
          ],
          [
            37.364318,
            48.6006
          ],
          [
            37.362946,
            48.599662
          ],
          [
            37.361856,
            48.598631
          ],
          [
            37.361142,
            48.597498
          ],
          [
            37.360897,
            48.596252
          ],
          [
            37.360971,
            48.59479
          ],
          [
            37.361165,
            48.593058
          ],
          [
            37.361502,
            48.591117
          ],
          [
            37.362003,
            48.589031
          ],
          [
            37.362692,
            48.586861
          ],
          [
            37.36359,
            48.584669
          ],
          [
            37.36472,
            48.582519
          ],
          [
            37.366104,
            48.580472
          ],
          [
            37.367765,
            48.57859
          ],
          [
            37.369725,
            48.576937
          ],
          [
            37.372005,
            48.575574
          ],
          [
            37.37463,
            48.574563
          ],
          [
            37.377753,
            48.573929
          ],
          [
            37.38145,
            48.57362
          ],
          [
            37.385622,
            48.573583
          ],
          [
            37.390169,
            48.573764
          ],
          [
            37.394992,
            48.574111
          ],
          [
            37.399993,
            48.57457
          ],
          [
            37.405073,
            48.575089
          ],
          [
            37.410132,
            48.575615
          ],
          [
            37.415072,
            48.576093
          ],
          [
            37.419794,
            48.576473
          ],
          [
            37.424199,
            48.5767
          ],
          [
            37.428188,
            48.576721
          ],
          [
            37.431885,
            48.576584
          ],
          [
            37.435476,
            48.576376
          ],
          [
            37.438956,
            48.576107
          ],
          [
            37.442322,
            48.575783
          ],
          [
            37.445568,
            48.575412
          ],
          [
            37.448691,
            48.575003
          ],
          [
            37.451686,
            48.574563
          ],
          [
            37.454548,
            48.5741
          ],
          [
            37.457273,
            48.573622
          ],
          [
            37.459856,
            48.573137
          ],
          [
            37.462294,
            48.572653
          ],
          [
            37.464581,
            48.572178
          ],
          [
            37.466688,
            48.571742
          ],
          [
            37.468601,
            48.571358
          ],
          [
            37.470341,
            48.571003
          ],
          [
            37.471924,
            48.570655
          ],
          [
            37.47337,
            48.570292
          ],
          [
            37.474698,
            48.569892
          ],
          [
            37.475926,
            48.569433
          ],
          [
            37.477074,
            48.568892
          ],
          [
            37.478159,
            48.568248
          ],
          [
            37.479202,
            48.567479
          ],
          [
            37.480219,
            48.566562
          ],
          [
            37.481232,
            48.565476
          ],
          [
            37.482243,
            48.564192
          ],
          [
            37.483234,
            48.562719
          ],
          [
            37.484193,
            48.561085
          ],
          [
            37.485104,
            48.559319
          ],
          [
            37.485952,
            48.55745
          ],
          [
            37.486725,
            48.555506
          ],
          [
            37.487407,
            48.553516
          ],
          [
            37.487984,
            48.551509
          ],
          [
            37.488441,
            48.549514
          ],
          [
            37.488766,
            48.547559
          ],
          [
            37.488942,
            48.545674
          ],
          [
            37.488956,
            48.543887
          ],
          [
            37.488668,
            48.542164
          ],
          [
            37.488003,
            48.540451
          ],
          [
            37.487047,
            48.53875
          ],
          [
            37.485886,
            48.537059
          ],
          [
            37.484605,
            48.535381
          ],
          [
            37.483292,
            48.533715
          ],
          [
            37.48203,
            48.532061
          ],
          [
            37.480907,
            48.53042
          ],
          [
            37.480009,
            48.528793
          ],
          [
            37.47942,
            48.527179
          ],
          [
            37.479227,
            48.52558
          ],
          [
            37.479515,
            48.523995
          ],
          [
            37.480227,
            48.522415
          ],
          [
            37.481232,
            48.520835
          ],
          [
            37.482507,
            48.519259
          ],
          [
            37.484029,
            48.517691
          ],
          [
            37.485775,
            48.516136
          ],
          [
            37.487723,
            48.5146
          ],
          [
            37.489848,
            48.513087
          ],
          [
            37.492129,
            48.511601
          ],
          [
            37.494542,
            48.510147
          ],
          [
            37.497065,
            48.508731
          ],
          [
            37.499674,
            48.507356
          ],
          [
            37.502346,
            48.506028
          ],
          [
            37.505176,
            48.50469
          ],
          [
            37.50825,
            48.503301
          ],
          [
            37.51153,
            48.501888
          ],
          [
            37.514979,
            48.50048
          ],
          [
            37.51856,
            48.499105
          ],
          [
            37.522237,
            48.497789
          ],
          [
            37.525973,
            48.496562
          ],
          [
            37.529729,
            48.49545
          ],
          [
            37.53347,
            48.494482
          ],
          [
            37.537159,
            48.493686
          ],
          [
            37.540758,
            48.493089
          ],
          [
            37.544231,
            48.49272
          ],
          [
            37.54783,
            48.492553
          ],
          [
            37.551754,
            48.492542
          ],
          [
            37.555891,
            48.492684
          ],
          [
            37.560126,
            48.492973
          ],
          [
            37.564345,
            48.493406
          ],
          [
            37.568436,
            48.493979
          ],
          [
            37.572283,
            48.494687
          ],
          [
            37.575773,
            48.495526
          ],
          [
            37.578792,
            48.496493
          ],
          [
            37.581226,
            48.497583
          ],
          [
            37.582962,
            48.498791
          ],
          [
            37.583885,
            48.500114
          ],
          [
            37.583811,
            48.501676
          ],
          [
            37.582746,
            48.503562
          ],
          [
            37.580862,
            48.505705
          ],
          [
            37.578335,
            48.508041
          ],
          [
            37.575336,
            48.510503
          ],
          [
            37.572041,
            48.513028
          ],
          [
            37.568621,
            48.515549
          ],
          [
            37.56525,
            48.518001
          ],
          [
            37.562103,
            48.520319
          ],
          [
            37.559352,
            48.522438
          ],
          [
            37.557171,
            48.524291
          ],
          [
            37.555733,
            48.525814
          ],
          [
            37.554858,
            48.527062
          ],
          [
            37.554241,
            48.528141
          ],
          [
            37.553871,
            48.529063
          ],
          [
            37.553736,
            48.52984
          ],
          [
            37.553824,
            48.530482
          ],
          [
            37.554123,
            48.531001
          ],
          [
            37.554621,
            48.531409
          ],
          [
            37.555307,
            48.531717
          ],
          [
            37.556167,
            48.531937
          ],
          [
            37.557191,
            48.53208
          ],
          [
            37.558366,
            48.532157
          ],
          [
            37.559681,
            48.53218
          ],
          [
            37.561278,
            48.532038
          ],
          [
            37.563263,
            48.531648
          ],
          [
            37.565564,
            48.531063
          ],
          [
            37.568111,
            48.530336
          ],
          [
            37.570834,
            48.529521
          ],
          [
            37.573661,
            48.52867
          ],
          [
            37.576521,
            48.527838
          ],
          [
            37.579346,
            48.527077
          ],
          [
            37.582063,
            48.526441
          ],
          [
            37.584602,
            48.525983
          ],
          [
            37.586892,
            48.525756
          ],
          [
            37.588863,
            48.525814
          ],
          [
            37.590565,
            48.526118
          ],
          [
            37.592106,
            48.526585
          ],
          [
            37.593504,
            48.527202
          ],
          [
            37.594776,
            48.527957
          ],
          [
            37.595941,
            48.528837
          ],
          [
            37.597017,
            48.529829
          ],
          [
            37.598022,
            48.530919
          ],
          [
            37.598972,
            48.532096
          ],
          [
            37.599887,
            48.533346
          ],
          [
            37.600784,
            48.534657
          ],
          [
            37.601681,
            48.536016
          ],
          [
            37.602596,
            48.537409
          ],
          [
            37.603477,
            48.538925
          ],
          [
            37.604271,
            48.540634
          ],
          [
            37.604996,
            48.542496
          ],
          [
            37.605667,
            48.544472
          ],
          [
            37.606303,
            48.54652
          ],
          [
            37.60692,
            48.548603
          ],
          [
            37.607535,
            48.550678
          ],
          [
            37.608166,
            48.552708
          ],
          [
            37.608828,
            48.554652
          ],
          [
            37.60954,
            48.55647
          ],
          [
            37.610318,
            48.558122
          ],
          [
            37.611179,
            48.559568
          ],
          [
            37.612096,
            48.560832
          ],
          [
            37.613031,
            48.561971
          ],
          [
            37.613989,
            48.562999
          ],
          [
            37.614975,
            48.563928
          ],
          [
            37.615993,
            48.56477
          ],
          [
            37.617048,
            48.56554
          ],
          [
            37.618144,
            48.566249
          ],
          [
            37.619286,
            48.56691
          ],
          [
            37.620477,
            48.567537
          ],
          [
            37.621723,
            48.568142
          ],
          [
            37.623029,
            48.568738
          ],
          [
            37.624397,
            48.569338
          ],
          [
            37.625895,
            48.569867
          ],
          [
            37.62756,
            48.570263
          ],
          [
            37.629351,
            48.57056
          ],
          [
            37.631232,
            48.570789
          ],
          [
            37.633163,
            48.570984
          ],
          [
            37.635105,
            48.571177
          ],
          [
            37.637019,
            48.5714
          ],
          [
            37.638868,
            48.571686
          ],
          [
            37.640611,
            48.572067
          ],
          [
            37.642211,
            48.572576
          ],
          [
            37.643629,
            48.573246
          ],
          [
            37.644825,
            48.574108
          ],
          [
            37.645948,
            48.575184
          ],
          [
            37.647132,
            48.576448
          ],
          [
            37.648324,
            48.577871
          ],
          [
            37.649466,
            48.579421
          ],
          [
            37.650504,
            48.581066
          ],
          [
            37.65138,
            48.582775
          ],
          [
            37.652041,
            48.584517
          ],
          [
            37.652429,
            48.58626
          ],
          [
            37.652489,
            48.587973
          ],
          [
            37.652166,
            48.589625
          ],
          [
            37.651404,
            48.591184
          ],
          [
            37.650146,
            48.592619
          ],
          [
            37.648156,
            48.593955
          ],
          [
            37.645341,
            48.595242
          ],
          [
            37.641868,
            48.596486
          ],
          [
            37.637901,
            48.597694
          ],
          [
            37.633607,
            48.598872
          ],
          [
            37.62915,
            48.600027
          ],
          [
            37.624696,
            48.601164
          ],
          [
            37.620411,
            48.602289
          ],
          [
            37.616459,
            48.603411
          ],
          [
            37.613007,
            48.604533
          ],
          [
            37.610219,
            48.605664
          ],
          [
            37.608261,
            48.606809
          ],
          [
            37.607023,
            48.60799
          ],
          [
            37.606255,
            48.609215
          ],
          [
            37.605911,
            48.610467
          ],
          [
            37.605947,
            48.611731
          ],
          [
            37.606316,
            48.61299
          ],
          [
            37.606974,
            48.614229
          ],
          [
            37.607874,
            48.61543
          ],
          [
            37.608973,
            48.616578
          ],
          [
            37.610224,
            48.617656
          ],
          [
            37.611583,
            48.618649
          ],
          [
            37.613004,
            48.619541
          ],
          [
            37.614441,
            48.620314
          ],
          [
            37.616084,
            48.620937
          ],
          [
            37.618104,
            48.621406
          ],
          [
            37.620425,
            48.62175
          ],
          [
            37.622973,
            48.621996
          ],
          [
            37.625674,
            48.622172
          ],
          [
            37.628453,
            48.622307
          ],
          [
            37.631235,
            48.62243
          ],
          [
            37.633947,
            48.622567
          ],
          [
            37.636513,
            48.622748
          ],
          [
            37.638859,
            48.623
          ],
          [
            37.640911,
            48.623352
          ],
          [
            37.642593,
            48.623832
          ],
          [
            37.643788,
            48.624409
          ],
          [
            37.644498,
            48.625031
          ],
          [
            37.644838,
            48.6257
          ],
          [
            37.64492,
            48.626412
          ],
          [
            37.644857,
            48.627168
          ],
          [
            37.644761,
            48.627966
          ],
          [
            37.644744,
            48.628806
          ],
          [
            37.64492,
            48.629686
          ],
          [
            37.645402,
            48.630605
          ],
          [
            37.646301,
            48.631563
          ],
          [
            37.64773,
            48.632558
          ],
          [
            37.649803,
            48.633589
          ],
          [
            37.652512,
            48.634699
          ],
          [
            37.65573,
            48.635914
          ],
          [
            37.659389,
            48.637212
          ],
          [
            37.663422,
            48.638572
          ],
          [
            37.667759,
            48.639971
          ],
          [
            37.672334,
            48.641388
          ],
          [
            37.677078,
            48.6428
          ],
          [
            37.681923,
            48.644185
          ],
          [
            37.686802,
            48.645521
          ],
          [
            37.691646,
            48.646786
          ],
          [
            37.696387,
            48.647958
          ],
          [
            37.700958,
            48.649016
          ],
          [
            37.70549,
            48.649963
          ],
          [
            37.71014,
            48.650829
          ],
          [
            37.71488,
            48.651624
          ],
          [
            37.719682,
            48.652359
          ],
          [
            37.724517,
            48.653045
          ],
          [
            37.729357,
            48.653694
          ],
          [
            37.734174,
            48.654315
          ],
          [
            37.73894,
            48.654921
          ],
          [
            37.743625,
            48.655522
          ],
          [
            37.748203,
            48.65613
          ],
          [
            37.752644,
            48.656754
          ],
          [
            37.75692,
            48.657407
          ],
          [
            37.761136,
            48.658069
          ],
          [
            37.765391,
            48.658713
          ],
          [
            37.769644,
            48.659346
          ],
          [
            37.773857,
            48.659969
          ],
          [
            37.77799,
            48.660588
          ],
          [
            37.782004,
            48.661206
          ],
          [
            37.785859,
            48.661827
          ],
          [
            37.789516,
            48.662455
          ],
          [
            37.792937,
            48.663094
          ],
          [
            37.79608,
            48.663749
          ],
          [
            37.798908,
            48.664422
          ],
          [
            37.80138,
            48.665117
          ],
          [
            37.80352,
            48.66582
          ],
          [
            37.805384,
            48.666515
          ],
          [
            37.806985,
            48.667208
          ],
          [
            37.808336,
            48.667906
          ],
          [
            37.809449,
            48.668614
          ],
          [
            37.810339,
            48.669341
          ],
          [
            37.811016,
            48.67009
          ],
          [
            37.811495,
            48.67087
          ],
          [
            37.811788,
            48.671686
          ],
          [
            37.811908,
            48.672544
          ],
          [
            37.811868,
            48.673451
          ],
          [
            37.81168,
            48.674413
          ],
          [
            37.811321,
            48.675457
          ],
          [
            37.810761,
            48.676593
          ],
          [
            37.810006,
            48.677801
          ],
          [
            37.80906,
            48.679065
          ],
          [
            37.807929,
            48.680364
          ],
          [
            37.806616,
            48.681681
          ],
          [
            37.805127,
            48.682998
          ],
          [
            37.803466,
            48.684295
          ],
          [
            37.801638,
            48.685554
          ],
          [
            37.799648,
            48.686757
          ],
          [
            37.7975,
            48.687886
          ],
          [
            37.7952,
            48.688921
          ],
          [
            37.792591,
            48.689859
          ],
          [
            37.789569,
            48.69072
          ],
          [
            37.786215,
            48.691516
          ],
          [
            37.782612,
            48.692262
          ],
          [
            37.778842,
            48.692969
          ],
          [
            37.774987,
            48.693652
          ],
          [
            37.77113,
            48.694324
          ],
          [
            37.767353,
            48.694998
          ],
          [
            37.763738,
            48.695688
          ],
          [
            37.760367,
            48.696407
          ],
          [
            37.757323,
            48.697168
          ],
          [
            37.754688,
            48.697986
          ],
          [
            37.752428,
            48.698881
          ],
          [
            37.750431,
            48.699853
          ],
          [
            37.748663,
            48.700882
          ],
          [
            37.747091,
            48.701947
          ],
          [
            37.745681,
            48.703027
          ],
          [
            37.744399,
            48.704103
          ],
          [
            37.743213,
            48.705154
          ],
          [
            37.742087,
            48.706159
          ],
          [
            37.740989,
            48.707098
          ],
          [
            37.739884,
            48.707951
          ],
          [
            37.73874,
            48.708696
          ],
          [
            37.737522,
            48.709314
          ],
          [
            37.736357,
            48.709693
          ],
          [
            37.735361,
            48.709783
          ],
          [
            37.734487,
            48.709659
          ],
          [
            37.733688,
            48.709395
          ],
          [
            37.732917,
            48.709064
          ],
          [
            37.732126,
            48.708742
          ],
          [
            37.731267,
            48.708502
          ],
          [
            37.730293,
            48.708418
          ],
          [
            37.729158,
            48.708564
          ],
          [
            37.727813,
            48.709015
          ],
          [
            37.726211,
            48.709845
          ],
          [
            37.724304,
            48.711127
          ],
          [
            37.721858,
            48.712988
          ],
          [
            37.718772,
            48.715428
          ],
          [
            37.715207,
            48.718329
          ],
          [
            37.711322,
            48.721578
          ],
          [
            37.707273,
            48.725056
          ],
          [
            37.703222,
            48.72865
          ],
          [
            37.699326,
            48.732241
          ],
          [
            37.695745,
            48.735715
          ],
          [
            37.692637,
            48.738955
          ],
          [
            37.690161,
            48.741846
          ],
          [
            37.688476,
            48.744272
          ],
          [
            37.68774,
            48.746116
          ],
          [
            37.687941,
            48.747386
          ],
          [
            37.688896,
            48.748216
          ],
          [
            37.690511,
            48.748674
          ],
          [
            37.692693,
            48.748829
          ],
          [
            37.695348,
            48.74875
          ],
          [
            37.698383,
            48.748508
          ],
          [
            37.701704,
            48.74817
          ],
          [
            37.705218,
            48.747806
          ],
          [
            37.708831,
            48.747485
          ],
          [
            37.712448,
            48.747277
          ],
          [
            37.715978,
            48.74725
          ],
          [
            37.719326,
            48.747474
          ],
          [
            37.722829,
            48.747879
          ],
          [
            37.726802,
            48.748345
          ],
          [
            37.731122,
            48.748866
          ],
          [
            37.735666,
            48.749436
          ],
          [
            37.740308,
            48.750049
          ],
          [
            37.744925,
            48.7507
          ],
          [
            37.749393,
            48.751382
          ],
          [
            37.753588,
            48.752089
          ],
          [
            37.757387,
            48.752817
          ],
          [
            37.760664,
            48.753558
          ],
          [
            37.763296,
            48.754306
          ],
          [
            37.76516,
            48.755057
          ],
          [
            37.766277,
            48.755848
          ],
          [
            37.7668,
            48.75671
          ],
          [
            37.766793,
            48.757625
          ],
          [
            37.766323,
            48.758578
          ],
          [
            37.765456,
            48.75955
          ],
          [
            37.764258,
            48.760524
          ],
          [
            37.762796,
            48.761484
          ],
          [
            37.761135,
            48.762413
          ],
          [
            37.759342,
            48.763292
          ],
          [
            37.757483,
            48.764106
          ],
          [
            37.755623,
            48.764837
          ],
          [
            37.75383,
            48.765468
          ],
          [
            37.751864,
            48.765977
          ],
          [
            37.749501,
            48.766369
          ],
          [
            37.746829,
            48.766667
          ],
          [
            37.743937,
            48.766893
          ],
          [
            37.740913,
            48.76707
          ],
          [
            37.737844,
            48.767222
          ],
          [
            37.734819,
            48.76737
          ],
          [
            37.731927,
            48.767538
          ],
          [
            37.729256,
            48.767749
          ],
          [
            37.726893,
            48.768024
          ],
          [
            37.724927,
            48.768388
          ],
          [
            37.723446,
            48.768862
          ],
          [
            37.722357,
            48.769457
          ],
          [
            37.721505,
            48.770154
          ],
          [
            37.720884,
            48.770933
          ],
          [
            37.72049,
            48.771774
          ],
          [
            37.720315,
            48.772658
          ],
          [
            37.720356,
            48.773564
          ],
          [
            37.720607,
            48.774473
          ],
          [
            37.721062,
            48.775365
          ],
          [
            37.721716,
            48.77622
          ],
          [
            37.722564,
            48.777018
          ],
          [
            37.7236,
            48.77774
          ],
          [
            37.724819,
            48.778365
          ],
          [
            37.72639,
            48.778883
          ],
          [
            37.728425,
            48.779309
          ],
          [
            37.730837,
            48.779661
          ],
          [
            37.733536,
            48.779957
          ],
          [
            37.736434,
            48.780217
          ],
          [
            37.739443,
            48.780458
          ],
          [
            37.742473,
            48.780699
          ],
          [
            37.745438,
            48.780959
          ],
          [
            37.748247,
            48.781255
          ],
          [
            37.750813,
            48.781607
          ],
          [
            37.753047,
            48.782033
          ],
          [
            37.75486,
            48.782551
          ],
          [
            37.756354,
            48.783136
          ],
          [
            37.757689,
            48.783753
          ],
          [
            37.758867,
            48.784404
          ],
          [
            37.759889,
            48.785089
          ],
          [
            37.760756,
            48.785812
          ],
          [
            37.761469,
            48.786573
          ],
          [
            37.762029,
            48.787375
          ],
          [
            37.762438,
            48.788218
          ],
          [
            37.762697,
            48.789106
          ],
          [
            37.762807,
            48.79004
          ],
          [
            37.762769,
            48.791021
          ],
          [
            37.762585,
            48.792051
          ],
          [
            37.762118,
            48.793178
          ],
          [
            37.761281,
            48.794432
          ],
          [
            37.760147,
            48.795783
          ],
          [
            37.758789,
            48.797206
          ],
          [
            37.757281,
            48.798673
          ],
          [
            37.755697,
            48.800157
          ],
          [
            37.754109,
            48.80163
          ],
          [
            37.75259,
            48.803065
          ],
          [
            37.751215,
            48.804435
          ],
          [
            37.750056,
            48.805713
          ],
          [
            37.749186,
            48.80687
          ],
          [
            37.74868,
            48.807881
          ],
          [
            37.748416,
            48.80877
          ],
          [
            37.748238,
            48.809584
          ],
          [
            37.748165,
            48.810327
          ],
          [
            37.748216,
            48.811
          ],
          [
            37.74841,
            48.811609
          ],
          [
            37.748766,
            48.812156
          ],
          [
            37.749303,
            48.812644
          ],
          [
            37.750041,
            48.813077
          ],
          [
            37.750998,
            48.813458
          ],
          [
            37.752193,
            48.813791
          ],
          [
            37.753646,
            48.814079
          ],
          [
            37.755375,
            48.814325
          ],
          [
            37.757595,
            48.814472
          ],
          [
            37.76042,
            48.81448
          ],
          [
            37.763722,
            48.814378
          ],
          [
            37.767372,
            48.814195
          ],
          [
            37.771242,
            48.81396
          ],
          [
            37.775202,
            48.813703
          ],
          [
            37.779124,
            48.813452
          ],
          [
            37.782879,
            48.813236
          ],
          [
            37.786338,
            48.813085
          ],
          [
            37.789373,
            48.813027
          ],
          [
            37.791855,
            48.813091
          ],
          [
            37.793655,
            48.813307
          ],
          [
            37.794723,
            48.813675
          ],
          [
            37.795165,
            48.814164
          ],
          [
            37.795093,
            48.814755
          ],
          [
            37.794615,
            48.81543
          ],
          [
            37.793842,
            48.816168
          ],
          [
            37.792883,
            48.816953
          ],
          [
            37.791847,
            48.817763
          ],
          [
            37.790845,
            48.818582
          ],
          [
            37.789986,
            48.81939
          ],
          [
            37.78938,
            48.820168
          ],
          [
            37.789136,
            48.820897
          ],
          [
            37.789364,
            48.821559
          ],
          [
            37.790115,
            48.822139
          ],
          [
            37.791301,
            48.822652
          ],
          [
            37.792825,
            48.823114
          ],
          [
            37.79459,
            48.823547
          ],
          [
            37.796498,
            48.823969
          ],
          [
            37.798451,
            48.824398
          ],
          [
            37.800353,
            48.824856
          ],
          [
            37.802105,
            48.82536
          ],
          [
            37.80361,
            48.825929
          ],
          [
            37.804772,
            48.826584
          ],
          [
            37.805491,
            48.827344
          ],
          [
            37.805672,
            48.828227
          ],
          [
            37.805225,
            48.829276
          ],
          [
            37.8042,
            48.830498
          ],
          [
            37.802708,
            48.831858
          ],
          [
            37.800859,
            48.83332
          ],
          [
            37.798763,
            48.834847
          ],
          [
            37.796531,
            48.836404
          ],
          [
            37.794272,
            48.837956
          ],
          [
            37.792098,
            48.839467
          ],
          [
            37.790118,
            48.840901
          ],
          [
            37.788442,
            48.842222
          ],
          [
            37.787181,
            48.843395
          ],
          [
            37.786446,
            48.844384
          ],
          [
            37.786171,
            48.845229
          ],
          [
            37.786198,
            48.845995
          ],
          [
            37.78649,
            48.846682
          ],
          [
            37.787011,
            48.847292
          ],
          [
            37.787727,
            48.847825
          ],
          [
            37.788602,
            48.848282
          ],
          [
            37.7896,
            48.848663
          ],
          [
            37.790686,
            48.84897
          ],
          [
            37.791825,
            48.849203
          ],
          [
            37.79298,
            48.849363
          ],
          [
            37.794117,
            48.849451
          ],
          [
            37.7952,
            48.849467
          ],
          [
            37.796295,
            48.849337
          ],
          [
            37.797483,
            48.849009
          ],
          [
            37.79875,
            48.848526
          ],
          [
            37.800083,
            48.847928
          ],
          [
            37.801469,
            48.847256
          ],
          [
            37.802893,
            48.846552
          ],
          [
            37.804343,
            48.845855
          ],
          [
            37.805805,
            48.845208
          ],
          [
            37.807266,
            48.844651
          ],
          [
            37.808713,
            48.844226
          ],
          [
            37.810131,
            48.843972
          ],
          [
            37.811508,
            48.843932
          ],
          [
            37.812917,
            48.844096
          ],
          [
            37.81442,
            48.844415
          ],
          [
            37.815985,
            48.844867
          ],
          [
            37.81758,
            48.84543
          ],
          [
            37.819174,
            48.846083
          ],
          [
            37.820735,
            48.846806
          ],
          [
            37.822232,
            48.847575
          ],
          [
            37.823633,
            48.848371
          ],
          [
            37.824906,
            48.849172
          ],
          [
            37.82602,
            48.849956
          ],
          [
            37.826943,
            48.850701
          ],
          [
            37.827644,
            48.851388
          ],
          [
            37.828142,
            48.852067
          ],
          [
            37.828484,
            48.852795
          ],
          [
            37.82868,
            48.853559
          ],
          [
            37.828738,
            48.854341
          ],
          [
            37.828669,
            48.855129
          ],
          [
            37.828481,
            48.855906
          ],
          [
            37.828185,
            48.856658
          ],
          [
            37.827791,
            48.85737
          ],
          [
            37.827306,
            48.858027
          ],
          [
            37.826742,
            48.858614
          ],
          [
            37.826108,
            48.859117
          ],
          [
            37.825413,
            48.85952
          ],
          [
            37.824594,
            48.859762
          ],
          [
            37.8236,
            48.859819
          ],
          [
            37.822461,
            48.859735
          ],
          [
            37.821204,
            48.859554
          ],
          [
            37.819857,
            48.859317
          ],
          [
            37.81845,
            48.859068
          ],
          [
            37.817009,
            48.858851
          ],
          [
            37.815564,
            48.858709
          ],
          [
            37.814143,
            48.858684
          ],
          [
            37.812775,
            48.858819
          ],
          [
            37.811486,
            48.859159
          ],
          [
            37.810307,
            48.859746
          ],
          [
            37.809182,
            48.860597
          ],
          [
            37.808047,
            48.861679
          ],
          [
            37.806914,
            48.862952
          ],
          [
            37.805792,
            48.86438
          ],
          [
            37.804695,
            48.865925
          ],
          [
            37.803633,
            48.867551
          ],
          [
            37.802618,
            48.869221
          ],
          [
            37.80166,
            48.870896
          ],
          [
            37.800771,
            48.872539
          ],
          [
            37.799963,
            48.874114
          ],
          [
            37.799247,
            48.875583
          ],
          [
            37.798634,
            48.876909
          ],
          [
            37.798089,
            48.878148
          ],
          [
            37.797579,
            48.879377
          ],
          [
            37.797114,
            48.880589
          ],
          [
            37.796707,
            48.881776
          ],
          [
            37.796369,
            48.882932
          ],
          [
            37.796112,
            48.88405
          ],
          [
            37.795948,
            48.885121
          ],
          [
            37.795887,
            48.886141
          ],
          [
            37.795942,
            48.887101
          ],
          [
            37.796124,
            48.887994
          ],
          [
            37.796445,
            48.888813
          ],
          [
            37.796917,
            48.889552
          ],
          [
            37.797634,
            48.890166
          ],
          [
            37.798645,
            48.890635
          ],
          [
            37.79989,
            48.890986
          ],
          [
            37.80131,
            48.89125
          ],
          [
            37.802846,
            48.891453
          ],
          [
            37.804438,
            48.891626
          ],
          [
            37.806027,
            48.891797
          ],
          [
            37.807554,
            48.891994
          ],
          [
            37.808959,
            48.892245
          ],
          [
            37.810183,
            48.89258
          ],
          [
            37.811167,
            48.893028
          ],
          [
            37.811852,
            48.893615
          ],
          [
            37.812376,
            48.894369
          ],
          [
            37.812895,
            48.895273
          ],
          [
            37.813368,
            48.896296
          ],
          [
            37.813759,
            48.897406
          ],
          [
            37.814028,
            48.898571
          ],
          [
            37.814137,
            48.899759
          ],
          [
            37.814047,
            48.900937
          ],
          [
            37.813721,
            48.902075
          ],
          [
            37.813119,
            48.903139
          ],
          [
            37.812203,
            48.904099
          ],
          [
            37.810935,
            48.904923
          ],
          [
            37.809277,
            48.905577
          ],
          [
            37.807013,
            48.906051
          ],
          [
            37.804048,
            48.90637
          ],
          [
            37.800526,
            48.906563
          ],
          [
            37.796586,
            48.906655
          ],
          [
            37.792371,
            48.906675
          ],
          [
            37.788023,
            48.906649
          ],
          [
            37.783682,
            48.906604
          ],
          [
            37.77949,
            48.906568
          ],
          [
            37.775589,
            48.906566
          ],
          [
            37.772121,
            48.906627
          ],
          [
            37.769227,
            48.906777
          ],
          [
            37.767048,
            48.907044
          ],
          [
            37.765473,
            48.907354
          ],
          [
            37.764277,
            48.907633
          ],
          [
            37.76343,
            48.907903
          ],
          [
            37.762903,
            48.908185
          ],
          [
            37.762666,
            48.908503
          ],
          [
            37.762692,
            48.908878
          ],
          [
            37.76295,
            48.909333
          ],
          [
            37.763411,
            48.90989
          ],
          [
            37.764046,
            48.910572
          ],
          [
            37.764827,
            48.911401
          ],
          [
            37.765722,
            48.912398
          ],
          [
            37.766705,
            48.913588
          ],
          [
            37.767933,
            48.914955
          ],
          [
            37.769541,
            48.916468
          ],
          [
            37.77146,
            48.918118
          ],
          [
            37.773622,
            48.919901
          ],
          [
            37.775958,
            48.921807
          ],
          [
            37.778399,
            48.923832
          ],
          [
            37.780877,
            48.925967
          ],
          [
            37.783324,
            48.928206
          ],
          [
            37.78567,
            48.930542
          ],
          [
            37.787848,
            48.932968
          ],
          [
            37.789789,
            48.935477
          ],
          [
            37.791424,
            48.938063
          ],
          [
            37.79292,
            48.940845
          ],
          [
            37.794458,
            48.943907
          ],
          [
            37.79599,
            48.94719
          ],
          [
            37.79747,
            48.95063
          ],
          [
            37.79885,
            48.954167
          ],
          [
            37.800082,
            48.95774
          ],
          [
            37.801119,
            48.961288
          ],
          [
            37.801914,
            48.964748
          ],
          [
            37.80242,
            48.968061
          ],
          [
            37.802588,
            48.971165
          ],
          [
            37.802372,
            48.973998
          ],
          [
            37.801723,
            48.976499
          ],
          [
            37.800457,
            48.978671
          ],
          [
            37.798504,
            48.980584
          ],
          [
            37.795998,
            48.982273
          ],
          [
            37.79307,
            48.983777
          ],
          [
            37.789853,
            48.985133
          ],
          [
            37.786478,
            48.986379
          ],
          [
            37.783077,
            48.987551
          ],
          [
            37.779783,
            48.988688
          ],
          [
            37.776727,
            48.989826
          ],
          [
            37.774041,
            48.991002
          ],
          [
            37.771858,
            48.992255
          ],
          [
            37.770309,
            48.993622
          ],
          [
            37.76944,
            48.995083
          ],
          [
            37.769133,
            48.996583
          ],
          [
            37.769281,
            48.998112
          ],
          [
            37.769775,
            48.999654
          ],
          [
            37.770508,
            49.001198
          ],
          [
            37.771372,
            49.002731
          ],
          [
            37.772257,
            49.004239
          ],
          [
            37.773056,
            49.00571
          ],
          [
            37.773661,
            49.007131
          ],
          [
            37.773963,
            49.008489
          ],
          [
            37.773855,
            49.009771
          ],
          [
            37.773228,
            49.010965
          ],
          [
            37.77209,
            49.012053
          ],
          [
            37.770565,
            49.013038
          ],
          [
            37.768716,
            49.013939
          ],
          [
            37.766609,
            49.014772
          ],
          [
            37.764308,
            49.015556
          ],
          [
            37.761877,
            49.016306
          ],
          [
            37.75938,
            49.017041
          ],
          [
            37.756882,
            49.017779
          ],
          [
            37.754447,
            49.018536
          ],
          [
            37.75214,
            49.019329
          ],
          [
            37.750024,
            49.020178
          ],
          [
            37.748165,
            49.021098
          ],
          [
            37.746517,
            49.022143
          ],
          [
            37.74498,
            49.023328
          ],
          [
            37.743538,
            49.024613
          ],
          [
            37.742176,
            49.025958
          ],
          [
            37.740877,
            49.027323
          ],
          [
            37.739625,
            49.028667
          ],
          [
            37.738404,
            49.02995
          ],
          [
            37.737198,
            49.031132
          ],
          [
            37.735991,
            49.032172
          ],
          [
            37.734766,
            49.033031
          ],
          [
            37.733508,
            49.033667
          ],
          [
            37.732201,
            49.034042
          ],
          [
            37.730857,
            49.034131
          ],
          [
            37.729503,
            49.033963
          ],
          [
            37.728142,
            49.033577
          ],
          [
            37.726777,
            49.033012
          ],
          [
            37.725411,
            49.032305
          ],
          [
            37.724047,
            49.031495
          ],
          [
            37.722687,
            49.03062
          ],
          [
            37.721335,
            49.029719
          ],
          [
            37.719994,
            49.028829
          ],
          [
            37.718666,
            49.027989
          ],
          [
            37.717356,
            49.027238
          ],
          [
            37.716064,
            49.026613
          ],
          [
            37.714875,
            49.026025
          ],
          [
            37.713835,
            49.025374
          ],
          [
            37.712899,
            49.024685
          ],
          [
            37.712021,
            49.023983
          ],
          [
            37.711153,
            49.023292
          ],
          [
            37.710249,
            49.022638
          ],
          [
            37.709264,
            49.022046
          ],
          [
            37.708149,
            49.021539
          ],
          [
            37.706859,
            49.021144
          ],
          [
            37.705348,
            49.020885
          ],
          [
            37.703568,
            49.020786
          ],
          [
            37.701473,
            49.020872
          ],
          [
            37.699026,
            49.021175
          ],
          [
            37.696252,
            49.021687
          ],
          [
            37.693203,
            49.022375
          ],
          [
            37.689927,
            49.023207
          ],
          [
            37.686477,
            49.02415
          ],
          [
            37.682902,
            49.025171
          ],
          [
            37.679252,
            49.026238
          ],
          [
            37.675578,
            49.027318
          ],
          [
            37.67193,
            49.028378
          ],
          [
            37.668359,
            49.029386
          ],
          [
            37.664915,
            49.03031
          ],
          [
            37.661648,
            49.031115
          ],
          [
            37.658483,
            49.031873
          ],
          [
            37.655316,
            49.032661
          ],
          [
            37.652157,
            49.033463
          ],
          [
            37.649015,
            49.034263
          ],
          [
            37.645899,
            49.035042
          ],
          [
            37.642819,
            49.035786
          ],
          [
            37.639783,
            49.036476
          ],
          [
            37.636801,
            49.037097
          ],
          [
            37.633883,
            49.037631
          ],
          [
            37.631037,
            49.038061
          ],
          [
            37.628272,
            49.03837
          ],
          [
            37.625599,
            49.038543
          ],
          [
            37.623105,
            49.038579
          ],
          [
            37.620839,
            49.038495
          ],
          [
            37.618745,
            49.038303
          ],
          [
            37.616768,
            49.038014
          ],
          [
            37.614854,
            49.037638
          ],
          [
            37.61295,
            49.037186
          ],
          [
            37.610999,
            49.036668
          ],
          [
            37.608948,
            49.036097
          ],
          [
            37.606742,
            49.035481
          ],
          [
            37.604326,
            49.034832
          ],
          [
            37.601646,
            49.034161
          ],
          [
            37.598648,
            49.033479
          ],
          [
            37.595215,
            49.032703
          ],
          [
            37.591331,
            49.031769
          ],
          [
            37.587096,
            49.030716
          ],
          [
            37.582607,
            49.029581
          ],
          [
            37.577964,
            49.028402
          ],
          [
            37.573264,
            49.027218
          ],
          [
            37.568605,
            49.026065
          ],
          [
            37.564087,
            49.024983
          ],
          [
            37.559807,
            49.024008
          ],
          [
            37.555864,
            49.023179
          ],
          [
            37.552356,
            49.022534
          ],
          [
            37.549381,
            49.022111
          ],
          [
            37.546884,
            49.021849
          ],
          [
            37.544721,
            49.02167
          ],
          [
            37.542859,
            49.021582
          ],
          [
            37.541269,
            49.021594
          ],
          [
            37.539916,
            49.021714
          ],
          [
            37.53877,
            49.021949
          ],
          [
            37.537799,
            49.02231
          ],
          [
            37.536971,
            49.022803
          ],
          [
            37.536253,
            49.023438
          ],
          [
            37.535615,
            49.024223
          ],
          [
            37.535023,
            49.025166
          ],
          [
            37.534447,
            49.026276
          ],
          [
            37.533936,
            49.027649
          ],
          [
            37.533559,
            49.029339
          ],
          [
            37.533308,
            49.031288
          ],
          [
            37.533175,
            49.033436
          ],
          [
            37.533153,
            49.035726
          ],
          [
            37.533234,
            49.038099
          ],
          [
            37.533412,
            49.040496
          ],
          [
            37.533677,
            49.04286
          ],
          [
            37.534024,
            49.045131
          ],
          [
            37.534445,
            49.047252
          ],
          [
            37.534931,
            49.049164
          ],
          [
            37.535477,
            49.050808
          ],
          [
            37.536222,
            49.052182
          ],
          [
            37.537266,
            49.053347
          ],
          [
            37.538536,
            49.054343
          ],
          [
            37.539959,
            49.055208
          ],
          [
            37.541463,
            49.055981
          ],
          [
            37.542976,
            49.0567
          ],
          [
            37.544425,
            49.057405
          ],
          [
            37.545738,
            49.058133
          ],
          [
            37.546843,
            49.058924
          ],
          [
            37.547666,
            49.059815
          ],
          [
            37.548136,
            49.060847
          ],
          [
            37.54818,
            49.062057
          ],
          [
            37.54758,
            49.063435
          ],
          [
            37.546277,
            49.064932
          ],
          [
            37.544437,
            49.06653
          ],
          [
            37.542222,
            49.068209
          ],
          [
            37.539799,
            49.069951
          ],
          [
            37.537333,
            49.071736
          ],
          [
            37.534987,
            49.073546
          ],
          [
            37.532927,
            49.075361
          ],
          [
            37.531318,
            49.077163
          ],
          [
            37.530324,
            49.078932
          ],
          [
            37.53011,
            49.080651
          ],
          [
            37.530842,
            49.082299
          ],
          [
            37.532683,
            49.083902
          ],
          [
            37.53556,
            49.085495
          ],
          [
            37.539277,
            49.087078
          ],
          [
            37.54364,
            49.088649
          ],
          [
            37.548454,
            49.090207
          ],
          [
            37.553523,
            49.09175
          ],
          [
            37.558652,
            49.093277
          ],
          [
            37.563648,
            49.094786
          ],
          [
            37.568315,
            49.096277
          ],
          [
            37.572458,
            49.097747
          ],
          [
            37.575882,
            49.099196
          ],
          [
            37.578392,
            49.100622
          ],
          [
            37.580025,
            49.10205
          ],
          [
            37.581017,
            49.103495
          ],
          [
            37.581473,
            49.104947
          ],
          [
            37.581495,
            49.106392
          ],
          [
            37.581188,
            49.107818
          ],
          [
            37.580656,
            49.109213
          ],
          [
            37.580003,
            49.110564
          ],
          [
            37.579333,
            49.11186
          ],
          [
            37.57875,
            49.113088
          ],
          [
            37.578358,
            49.114236
          ],
          [
            37.578261,
            49.115292
          ],
          [
            37.578564,
            49.116243
          ],
          [
            37.579179,
            49.117111
          ],
          [
            37.579938,
            49.117924
          ],
          [
            37.580822,
            49.118678
          ],
          [
            37.581813,
            49.119368
          ],
          [
            37.58289,
            49.11999
          ],
          [
            37.584035,
            49.12054
          ],
          [
            37.58523,
            49.121014
          ],
          [
            37.586454,
            49.121407
          ],
          [
            37.587689,
            49.121714
          ],
          [
            37.588915,
            49.121933
          ],
          [
            37.590114,
            49.122058
          ],
          [
            37.591267,
            49.122085
          ],
          [
            37.592371,
            49.121929
          ],
          [
            37.593449,
            49.121543
          ],
          [
            37.594511,
            49.120974
          ],
          [
            37.595571,
            49.120271
          ],
          [
            37.596642,
            49.119482
          ],
          [
            37.597736,
            49.118658
          ],
          [
            37.598867,
            49.117846
          ],
          [
            37.600047,
            49.117096
          ],
          [
            37.601289,
            49.116455
          ],
          [
            37.602605,
            49.115973
          ],
          [
            37.60401,
            49.115699
          ],
          [
            37.605515,
            49.115681
          ],
          [
            37.607144,
            49.115893
          ],
          [
            37.6089,
            49.116264
          ],
          [
            37.610761,
            49.116779
          ],
          [
            37.612705,
            49.11742
          ],
          [
            37.614712,
            49.118172
          ],
          [
            37.616758,
            49.119016
          ],
          [
            37.618824,
            49.119938
          ],
          [
            37.620888,
            49.12092
          ],
          [
            37.622927,
            49.121945
          ],
          [
            37.624922,
            49.122998
          ],
          [
            37.626849,
            49.124061
          ],
          [
            37.628689,
            49.125118
          ],
          [
            37.630539,
            49.126197
          ],
          [
            37.632486,
            49.127333
          ],
          [
            37.634489,
            49.128523
          ],
          [
            37.636509,
            49.129761
          ],
          [
            37.638505,
            49.131043
          ],
          [
            37.640437,
            49.132363
          ],
          [
            37.642265,
            49.133718
          ],
          [
            37.643948,
            49.135102
          ],
          [
            37.645446,
            49.136512
          ],
          [
            37.646719,
            49.137941
          ],
          [
            37.647727,
            49.139387
          ],
          [
            37.64843,
            49.140843
          ],
          [
            37.648693,
            49.142369
          ],
          [
            37.648476,
            49.14401
          ],
          [
            37.647876,
            49.145734
          ],
          [
            37.646993,
            49.147513
          ],
          [
            37.645925,
            49.149317
          ],
          [
            37.644771,
            49.151117
          ],
          [
            37.64363,
            49.152882
          ],
          [
            37.6426,
            49.154583
          ],
          [
            37.641779,
            49.15619
          ],
          [
            37.641267,
            49.157674
          ],
          [
            37.641163,
            49.159006
          ],
          [
            37.641563,
            49.160155
          ],
          [
            37.642481,
            49.161179
          ],
          [
            37.643815,
            49.162149
          ],
          [
            37.645497,
            49.163051
          ],
          [
            37.647457,
            49.163872
          ],
          [
            37.649627,
            49.164599
          ],
          [
            37.651938,
            49.16522
          ],
          [
            37.654321,
            49.165722
          ],
          [
            37.656708,
            49.166092
          ],
          [
            37.659029,
            49.166316
          ],
          [
            37.661215,
            49.166383
          ],
          [
            37.663198,
            49.166279
          ],
          [
            37.664909,
            49.165992
          ],
          [
            37.666375,
            49.165386
          ],
          [
            37.667688,
            49.16439
          ],
          [
            37.668876,
            49.163086
          ],
          [
            37.66997,
            49.161555
          ],
          [
            37.670998,
            49.159879
          ],
          [
            37.67199,
            49.15814
          ],
          [
            37.672975,
            49.15642
          ],
          [
            37.673982,
            49.154799
          ],
          [
            37.67504,
            49.15336
          ],
          [
            37.676179,
            49.152184
          ],
          [
            37.677427,
            49.151353
          ],
          [
            37.678814,
            49.150949
          ],
          [
            37.680449,
            49.150939
          ],
          [
            37.68237,
            49.151216
          ],
          [
            37.684498,
            49.151743
          ],
          [
            37.686755,
            49.152487
          ],
          [
            37.689063,
            49.153413
          ],
          [
            37.691345,
            49.154485
          ],
          [
            37.693522,
            49.15567
          ],
          [
            37.695516,
            49.156932
          ],
          [
            37.697249,
            49.158238
          ],
          [
            37.698642,
            49.159551
          ],
          [
            37.699619,
            49.160838
          ],
          [
            37.7001,
            49.162063
          ],
          [
            37.699798,
            49.163339
          ],
          [
            37.698616,
            49.164776
          ],
          [
            37.696759,
            49.166334
          ],
          [
            37.694435,
            49.167974
          ],
          [
            37.69185,
            49.169657
          ],
          [
            37.68921,
            49.171344
          ],
          [
            37.686722,
            49.172995
          ],
          [
            37.684593,
            49.174571
          ],
          [
            37.683029,
            49.176034
          ],
          [
            37.682236,
            49.177343
          ],
          [
            37.682422,
            49.178461
          ],
          [
            37.683792,
            49.179347
          ],
          [
            37.68649,
            49.179959
          ],
          [
            37.69038,
            49.180314
          ],
          [
            37.695253,
            49.180458
          ],
          [
            37.700901,
            49.18044
          ],
          [
            37.707114,
            49.180309
          ],
          [
            37.713683,
            49.180112
          ],
          [
            37.720398,
            49.179897
          ],
          [
            37.727051,
            49.179713
          ],
          [
            37.733432,
            49.179608
          ],
          [
            37.739332,
            49.179629
          ],
          [
            37.744541,
            49.179825
          ],
          [
            37.748852,
            49.180245
          ],
          [
            37.752418,
            49.180861
          ],
          [
            37.755566,
            49.181604
          ],
          [
            37.758345,
            49.182458
          ],
          [
            37.760804,
            49.183407
          ],
          [
            37.762992,
            49.184435
          ],
          [
            37.764956,
            49.185525
          ],
          [
            37.766745,
            49.186662
          ],
          [
            37.768408,
            49.187829
          ],
          [
            37.769994,
            49.18901
          ],
          [
            37.771551,
            49.190188
          ],
          [
            37.773128,
            49.191348
          ],
          [
            37.774773,
            49.192474
          ],
          [
            37.776488,
            49.19359
          ],
          [
            37.778221,
            49.194729
          ],
          [
            37.77994,
            49.195889
          ],
          [
            37.781614,
            49.197065
          ],
          [
            37.78321,
            49.198256
          ],
          [
            37.784697,
            49.199457
          ],
          [
            37.786042,
            49.200666
          ],
          [
            37.787215,
            49.20188
          ],
          [
            37.788182,
            49.203096
          ],
          [
            37.788913,
            49.204309
          ],
          [
            37.789375,
            49.205518
          ],
          [
            37.789536,
            49.20672
          ],
          [
            37.789232,
            49.207982
          ],
          [
            37.788396,
            49.209354
          ],
          [
            37.787136,
            49.210799
          ],
          [
            37.785562,
            49.212281
          ],
          [
            37.783782,
            49.213765
          ],
          [
            37.781907,
            49.215214
          ],
          [
            37.780046,
            49.216593
          ],
          [
            37.778308,
            49.217867
          ],
          [
            37.776802,
            49.218998
          ],
          [
            37.775638,
            49.219953
          ],
          [
            37.774925,
            49.220693
          ],
          [
            37.774773,
            49.221185
          ],
          [
            37.775153,
            49.221428
          ],
          [
            37.77593,
            49.221461
          ],
          [
            37.777048,
            49.221308
          ],
          [
            37.778454,
            49.22099
          ],
          [
            37.780092,
            49.220531
          ],
          [
            37.781907,
            49.219952
          ],
          [
            37.783846,
            49.219277
          ],
          [
            37.785854,
            49.218527
          ],
          [
            37.787877,
            49.217727
          ],
          [
            37.789859,
            49.216897
          ],
          [
            37.791746,
            49.216062
          ],
          [
            37.793484,
            49.215242
          ],
          [
            37.79515,
            49.214313
          ],
          [
            37.796854,
            49.213167
          ],
          [
            37.798588,
            49.211861
          ],
          [
            37.800344,
            49.210449
          ],
          [
            37.802114,
            49.208986
          ],
          [
            37.803891,
            49.207525
          ],
          [
            37.805666,
            49.206123
          ],
          [
            37.807433,
            49.204833
          ],
          [
            37.809183,
            49.203711
          ],
          [
            37.810908,
            49.202811
          ],
          [
            37.812601,
            49.202188
          ],
          [
            37.814255,
            49.201897
          ],
          [
            37.815859,
            49.201872
          ],
          [
            37.817417,
            49.202012
          ],
          [
            37.818939,
            49.202318
          ],
          [
            37.820435,
            49.20279
          ],
          [
            37.821913,
            49.203431
          ],
          [
            37.823385,
            49.204239
          ],
          [
            37.82486,
            49.205216
          ],
          [
            37.826347,
            49.206363
          ],
          [
            37.827858,
            49.207681
          ],
          [
            37.8294,
            49.209169
          ],
          [
            37.830985,
            49.21083
          ],
          [
            37.832623,
            49.212663
          ],
          [
            37.834429,
            49.214808
          ],
          [
            37.83647,
            49.21735
          ],
          [
            37.838674,
            49.220215
          ],
          [
            37.84097,
            49.223326
          ],
          [
            37.84329,
            49.226607
          ],
          [
            37.845562,
            49.229983
          ],
          [
            37.847715,
            49.233378
          ],
          [
            37.849681,
            49.236715
          ],
          [
            37.851387,
            49.23992
          ],
          [
            37.852765,
            49.242915
          ],
          [
            37.853743,
            49.245625
          ],
          [
            37.854252,
            49.247974
          ],
          [
            37.854176,
            49.250012
          ],
          [
            37.853518,
            49.251851
          ],
          [
            37.852386,
            49.253514
          ],
          [
            37.850889,
            49.255022
          ],
          [
            37.849132,
            49.256397
          ],
          [
            37.847224,
            49.25766
          ],
          [
            37.845273,
            49.258833
          ],
          [
            37.843386,
            49.259938
          ],
          [
            37.841671,
            49.260997
          ],
          [
            37.840235,
            49.26203
          ],
          [
            37.839186,
            49.26306
          ],
          [
            37.838631,
            49.264108
          ],
          [
            37.838436,
            49.265161
          ],
          [
            37.838399,
            49.266187
          ],
          [
            37.838523,
            49.26718
          ],
          [
            37.838815,
            49.268132
          ],
          [
            37.839278,
            49.269038
          ],
          [
            37.839918,
            49.269891
          ],
          [
            37.840739,
            49.270683
          ],
          [
            37.841746,
            49.27141
          ],
          [
            37.842944,
            49.272063
          ],
          [
            37.844337,
            49.272636
          ],
          [
            37.84593,
            49.273123
          ],
          [
            37.847729,
            49.273517
          ],
          [
            37.84991,
            49.273742
          ],
          [
            37.852583,
            49.273757
          ],
          [
            37.855647,
            49.273607
          ],
          [
            37.859001,
            49.273339
          ],
          [
            37.862546,
            49.272997
          ],
          [
            37.866182,
            49.272628
          ],
          [
            37.869809,
            49.272277
          ],
          [
            37.873325,
            49.271991
          ],
          [
            37.876632,
            49.271813
          ],
          [
            37.879629,
            49.271792
          ],
          [
            37.882216,
            49.271971
          ],
          [
            37.884293,
            49.272397
          ],
          [
            37.886038,
            49.273002
          ],
          [
            37.887674,
            49.273692
          ],
          [
            37.889168,
            49.274477
          ],
          [
            37.890485,
            49.275363
          ],
          [
            37.891593,
            49.276359
          ],
          [
            37.892457,
            49.277472
          ],
          [
            37.893044,
            49.278711
          ],
          [
            37.893321,
            49.280084
          ],
          [
            37.893253,
            49.281598
          ],
          [
            37.892806,
            49.283261
          ],
          [
            37.891948,
            49.285081
          ],
          [
            37.890644,
            49.287067
          ],
          [
            37.888843,
            49.289339
          ],
          [
            37.88655,
            49.291966
          ],
          [
            37.883812,
            49.294877
          ],
          [
            37.880681,
            49.298
          ],
          [
            37.877206,
            49.301264
          ],
          [
            37.873435,
            49.304599
          ],
          [
            37.869419,
            49.307933
          ],
          [
            37.865206,
            49.311195
          ],
          [
            37.860847,
            49.314314
          ],
          [
            37.856391,
            49.317219
          ],
          [
            37.851887,
            49.319838
          ],
          [
            37.847385,
            49.322101
          ],
          [
            37.842729,
            49.324023
          ],
          [
            37.837765,
            49.325692
          ],
          [
            37.832547,
            49.327145
          ],
          [
            37.827129,
            49.328417
          ],
          [
            37.821565,
            49.329547
          ],
          [
            37.815907,
            49.33057
          ],
          [
            37.81021,
            49.331523
          ],
          [
            37.804527,
            49.332444
          ],
          [
            37.798913,
            49.333369
          ],
          [
            37.793419,
            49.334334
          ],
          [
            37.788101,
            49.335376
          ],
          [
            37.783012,
            49.336533
          ],
          [
            37.778146,
            49.337786
          ],
          [
            37.773439,
            49.339084
          ],
          [
            37.768862,
            49.340413
          ],
          [
            37.764384,
            49.341761
          ],
          [
            37.759973,
            49.343112
          ],
          [
            37.7556,
            49.344453
          ],
          [
            37.751234,
            49.34577
          ],
          [
            37.746843,
            49.34705
          ],
          [
            37.742397,
            49.348279
          ],
          [
            37.737866,
            49.349442
          ],
          [
            37.733218,
            49.350527
          ],
          [
            37.728424,
            49.351519
          ],
          [
            37.723426,
            49.352439
          ],
          [
            37.718221,
            49.353315
          ],
          [
            37.712859,
            49.354144
          ],
          [
            37.707392,
            49.354924
          ],
          [
            37.701871,
            49.355652
          ],
          [
            37.696345,
            49.356328
          ],
          [
            37.690865,
            49.356947
          ],
          [
            37.685483,
            49.357508
          ],
          [
            37.680249,
            49.358008
          ],
          [
            37.675213,
            49.358446
          ],
          [
            37.670426,
            49.358818
          ],
          [
            37.665939,
            49.359123
          ],
          [
            37.661631,
            49.359391
          ],
          [
            37.657368,
            49.359646
          ],
          [
            37.653185,
            49.359871
          ],
          [
            37.649117,
            49.36005
          ],
          [
            37.645195,
            49.36017
          ],
          [
            37.641456,
            49.360213
          ],
          [
            37.637933,
            49.360165
          ],
          [
            37.634659,
            49.360009
          ],
          [
            37.631669,
            49.359731
          ],
          [
            37.628996,
            49.359314
          ],
          [
            37.626676,
            49.358744
          ],
          [
            37.624741,
            49.358005
          ],
          [
            37.623284,
            49.357056
          ],
          [
            37.622327,
            49.355888
          ],
          [
            37.621798,
            49.354535
          ],
          [
            37.621625,
            49.353026
          ],
          [
            37.621736,
            49.351396
          ],
          [
            37.622058,
            49.349674
          ],
          [
            37.62252,
            49.347893
          ],
          [
            37.623049,
            49.346085
          ],
          [
            37.623574,
            49.344282
          ],
          [
            37.624021,
            49.342515
          ],
          [
            37.62432,
            49.340816
          ],
          [
            37.624397,
            49.339217
          ],
          [
            37.624463,
            49.337631
          ],
          [
            37.62473,
            49.335967
          ],
          [
            37.62513,
            49.334252
          ],
          [
            37.625593,
            49.332514
          ],
          [
            37.626051,
            49.33078
          ],
          [
            37.626436,
            49.329079
          ],
          [
            37.626679,
            49.327438
          ],
          [
            37.626712,
            49.325884
          ],
          [
            37.626465,
            49.324445
          ],
          [
            37.625871,
            49.323149
          ],
          [
            37.624862,
            49.322023
          ],
          [
            37.623367,
            49.321094
          ],
          [
            37.621321,
            49.32033
          ],
          [
            37.618754,
            49.319678
          ],
          [
            37.615747,
            49.31914
          ],
          [
            37.612381,
            49.318716
          ],
          [
            37.608736,
            49.318406
          ],
          [
            37.604892,
            49.318213
          ],
          [
            37.600931,
            49.318136
          ],
          [
            37.596931,
            49.318177
          ],
          [
            37.592975,
            49.318335
          ],
          [
            37.589142,
            49.318613
          ],
          [
            37.585513,
            49.31901
          ],
          [
            37.582169,
            49.319528
          ],
          [
            37.578923,
            49.320143
          ],
          [
            37.575569,
            49.320842
          ],
          [
            37.572159,
            49.321636
          ],
          [
            37.568741,
            49.322537
          ],
          [
            37.565366,
            49.323555
          ],
          [
            37.562084,
            49.324703
          ],
          [
            37.558945,
            49.325993
          ],
          [
            37.556,
            49.327435
          ],
          [
            37.553297,
            49.329042
          ],
          [
            37.550888,
            49.330825
          ],
          [
            37.548822,
            49.332796
          ],
          [
            37.54715,
            49.334967
          ],
          [
            37.545898,
            49.337379
          ],
          [
            37.545032,
            49.340049
          ],
          [
            37.544502,
            49.342944
          ],
          [
            37.544263,
            49.346034
          ],
          [
            37.544267,
            49.34929
          ],
          [
            37.544467,
            49.352679
          ],
          [
            37.544817,
            49.356171
          ],
          [
            37.545268,
            49.359735
          ],
          [
            37.545774,
            49.363341
          ],
          [
            37.546287,
            49.366958
          ],
          [
            37.546762,
            49.370556
          ],
          [
            37.54715,
            49.374102
          ],
          [
            37.547371,
            49.377723
          ],
          [
            37.547425,
            49.381531
          ],
          [
            37.547386,
            49.385478
          ],
          [
            37.547328,
            49.389515
          ],
          [
            37.547324,
            49.393593
          ],
          [
            37.54745,
            49.397665
          ],
          [
            37.547778,
            49.401681
          ],
          [
            37.548383,
            49.405593
          ],
          [
            37.549338,
            49.409354
          ],
          [
            37.550718,
            49.412914
          ],
          [
            37.552596,
            49.416224
          ],
          [
            37.555046,
            49.419237
          ],
          [
            37.55827,
            49.42195
          ],
          [
            37.562314,
            49.424412
          ],
          [
            37.567022,
            49.426657
          ],
          [
            37.572238,
            49.428717
          ],
          [
            37.577804,
            49.430625
          ],
          [
            37.583563,
            49.432414
          ],
          [
            37.58936,
            49.434115
          ],
          [
            37.595037,
            49.435762
          ],
          [
            37.600437,
            49.437388
          ],
          [
            37.605404,
            49.439024
          ],
          [
            37.609781,
            49.440703
          ],
          [
            37.613411,
            49.442459
          ],
          [
            37.616321,
            49.444258
          ],
          [
            37.618698,
            49.446043
          ],
          [
            37.620629,
            49.447811
          ],
          [
            37.622197,
            49.449561
          ],
          [
            37.62349,
            49.451288
          ],
          [
            37.62459,
            49.452992
          ],
          [
            37.625585,
            49.454668
          ],
          [
            37.626559,
            49.456314
          ],
          [
            37.627597,
            49.457928
          ],
          [
            37.628785,
            49.459506
          ],
          [
            37.630208,
            49.461046
          ],
          [
            37.63195,
            49.462546
          ],
          [
            37.63393,
            49.46388
          ],
          [
            37.636001,
            49.46497
          ],
          [
            37.638154,
            49.465889
          ],
          [
            37.640381,
            49.466704
          ],
          [
            37.642672,
            49.467487
          ],
          [
            37.645018,
            49.468307
          ],
          [
            37.647411,
            49.469235
          ],
          [
            37.649841,
            49.470341
          ],
          [
            37.6523,
            49.471694
          ],
          [
            37.654779,
            49.473365
          ],
          [
            37.657268,
            49.475424
          ],
          [
            37.65976,
            49.47794
          ],
          [
            37.662397,
            49.481036
          ],
          [
            37.665284,
            49.484714
          ],
          [
            37.668345,
            49.488861
          ],
          [
            37.671509,
            49.493367
          ],
          [
            37.674701,
            49.49812
          ],
          [
            37.677848,
            49.50301
          ],
          [
            37.680878,
            49.507926
          ],
          [
            37.683716,
            49.512756
          ],
          [
            37.686289,
            49.517389
          ],
          [
            37.688525,
            49.521714
          ],
          [
            37.690349,
            49.52562
          ],
          [
            37.691689,
            49.528997
          ],
          [
            37.692532,
            49.531912
          ],
          [
            37.692951,
            49.534532
          ],
          [
            37.693,
            49.536889
          ],
          [
            37.692731,
            49.539017
          ],
          [
            37.692198,
            49.540948
          ],
          [
            37.691453,
            49.542715
          ],
          [
            37.690549,
            49.544351
          ],
          [
            37.68954,
            49.545889
          ],
          [
            37.688478,
            49.547362
          ],
          [
            37.687417,
            49.548803
          ],
          [
            37.686409,
            49.550245
          ],
          [
            37.685509,
            49.551721
          ],
          [
            37.684643,
            49.553159
          ],
          [
            37.683709,
            49.554477
          ],
          [
            37.682711,
            49.555694
          ],
          [
            37.681656,
            49.556827
          ],
          [
            37.680548,
            49.557896
          ],
          [
            37.679393,
            49.558918
          ],
          [
            37.678197,
            49.559911
          ],
          [
            37.676964,
            49.560894
          ],
          [
            37.6757,
            49.561884
          ],
          [
            37.67441,
            49.5629
          ],
          [
            37.673101,
            49.563961
          ],
          [
            37.671776,
            49.565083
          ],
          [
            37.670332,
            49.566242
          ],
          [
            37.668695,
            49.5674
          ],
          [
            37.666921,
            49.568561
          ],
          [
            37.665062,
            49.569726
          ],
          [
            37.663172,
            49.570899
          ],
          [
            37.661304,
            49.572083
          ],
          [
            37.659513,
            49.57328
          ],
          [
            37.657852,
            49.574492
          ],
          [
            37.656375,
            49.575723
          ],
          [
            37.655134,
            49.576976
          ],
          [
            37.654185,
            49.578252
          ],
          [
            37.65358,
            49.579555
          ],
          [
            37.653418,
            49.580885
          ],
          [
            37.653705,
            49.582239
          ],
          [
            37.654352,
            49.583615
          ],
          [
            37.655271,
            49.585012
          ],
          [
            37.656373,
            49.586428
          ],
          [
            37.657571,
            49.58786
          ],
          [
            37.658776,
            49.589307
          ],
          [
            37.659899,
            49.590766
          ],
          [
            37.660854,
            49.592237
          ],
          [
            37.661551,
            49.593716
          ],
          [
            37.661902,
            49.595202
          ],
          [
            37.661819,
            49.596693
          ],
          [
            37.661293,
            49.598205
          ],
          [
            37.660414,
            49.599751
          ],
          [
            37.659242,
            49.601324
          ],
          [
            37.657839,
            49.602915
          ],
          [
            37.656268,
            49.604516
          ],
          [
            37.654588,
            49.606121
          ],
          [
            37.652862,
            49.607721
          ],
          [
            37.651151,
            49.609309
          ],
          [
            37.649516,
            49.610877
          ],
          [
            37.648019,
            49.612416
          ],
          [
            37.646721,
            49.613921
          ],
          [
            37.645683,
            49.615381
          ],
          [
            37.644903,
            49.616782
          ],
          [
            37.644312,
            49.618119
          ],
          [
            37.643873,
            49.619408
          ],
          [
            37.643547,
            49.620662
          ],
          [
            37.643298,
            49.621897
          ],
          [
            37.643087,
            49.623125
          ],
          [
            37.642877,
            49.624362
          ],
          [
            37.642632,
            49.625621
          ],
          [
            37.642312,
            49.626918
          ],
          [
            37.641881,
            49.628266
          ],
          [
            37.6413,
            49.629679
          ],
          [
            37.640533,
            49.631172
          ],
          [
            37.639522,
            49.632724
          ],
          [
            37.638271,
            49.634305
          ],
          [
            37.636835,
            49.635917
          ],
          [
            37.635269,
            49.637563
          ],
          [
            37.63363,
            49.639247
          ],
          [
            37.631972,
            49.64097
          ],
          [
            37.630351,
            49.642735
          ],
          [
            37.628822,
            49.644546
          ],
          [
            37.627442,
            49.646405
          ],
          [
            37.626264,
            49.648313
          ],
          [
            37.625345,
            49.650275
          ],
          [
            37.624741,
            49.652293
          ],
          [
            37.624537,
            49.654453
          ],
          [
            37.62473,
            49.656806
          ],
          [
            37.625237,
            49.659304
          ],
          [
            37.625974,
            49.661899
          ],
          [
            37.626859,
            49.664541
          ],
          [
            37.627809,
            49.667182
          ],
          [
            37.628741,
            49.669774
          ],
          [
            37.629573,
            49.672268
          ],
          [
            37.63022,
            49.674616
          ],
          [
            37.630602,
            49.676768
          ],
          [
            37.630634,
            49.678676
          ],
          [
            37.630234,
            49.680292
          ],
          [
            37.629399,
            49.681599
          ],
          [
            37.628218,
            49.682641
          ],
          [
            37.626744,
            49.683456
          ],
          [
            37.625033,
            49.684085
          ],
          [
            37.623138,
            49.684568
          ],
          [
            37.621114,
            49.684943
          ],
          [
            37.619015,
            49.685252
          ],
          [
            37.616895,
            49.685533
          ],
          [
            37.614808,
            49.685826
          ],
          [
            37.612809,
            49.686172
          ],
          [
            37.610952,
            49.686609
          ],
          [
            37.609291,
            49.687178
          ],
          [
            37.607696,
            49.687835
          ],
          [
            37.606026,
            49.688509
          ],
          [
            37.604316,
            49.689198
          ],
          [
            37.602603,
            49.689901
          ],
          [
            37.600923,
            49.690616
          ],
          [
            37.599313,
            49.691342
          ],
          [
            37.59781,
            49.692078
          ],
          [
            37.596448,
            49.692821
          ],
          [
            37.595266,
            49.69357
          ],
          [
            37.594299,
            49.694324
          ],
          [
            37.593583,
            49.695081
          ],
          [
            37.593155,
            49.69584
          ],
          [
            37.593207,
            49.696575
          ],
          [
            37.593823,
            49.697272
          ],
          [
            37.594874,
            49.697946
          ],
          [
            37.596232,
            49.698612
          ],
          [
            37.597769,
            49.699283
          ],
          [
            37.599356,
            49.699976
          ],
          [
            37.600866,
            49.700704
          ],
          [
            37.60217,
            49.701482
          ],
          [
            37.603141,
            49.702325
          ],
          [
            37.603649,
            49.703247
          ],
          [
            37.603568,
            49.704263
          ],
          [
            37.602768,
            49.705388
          ],
          [
            37.601099,
            49.70665
          ],
          [
            37.598604,
            49.70805
          ],
          [
            37.595448,
            49.709565
          ],
          [
            37.591794,
            49.711168
          ],
          [
            37.587807,
            49.712837
          ],
          [
            37.583649,
            49.714546
          ],
          [
            37.579486,
            49.71627
          ],
          [
            37.57548,
            49.717984
          ],
          [
            37.571796,
            49.719665
          ],
          [
            37.568599,
            49.721287
          ],
          [
            37.56605,
            49.722826
          ],
          [
            37.564316,
            49.724257
          ],
          [
            37.563384,
            49.725608
          ],
          [
            37.563071,
            49.726923
          ],
          [
            37.563276,
            49.728203
          ],
          [
            37.563903,
            49.729448
          ],
          [
            37.56485,
            49.73066
          ],
          [
            37.566022,
            49.731838
          ],
          [
            37.567317,
            49.732983
          ],
          [
            37.568639,
            49.734096
          ],
          [
            37.569888,
            49.735177
          ],
          [
            37.570966,
            49.736228
          ],
          [
            37.571773,
            49.737248
          ],
          [
            37.572212,
            49.738238
          ],
          [
            37.572364,
            49.739135
          ],
          [
            37.572387,
            49.739897
          ],
          [
            37.572301,
            49.740559
          ],
          [
            37.572123,
            49.741156
          ],
          [
            37.571873,
            49.74172
          ],
          [
            37.571568,
            49.742288
          ],
          [
            37.571228,
            49.742892
          ],
          [
            37.570871,
            49.743567
          ],
          [
            37.570514,
            49.744348
          ],
          [
            37.570178,
            49.745269
          ],
          [
            37.569879,
            49.746364
          ],
          [
            37.569637,
            49.747667
          ],
          [
            37.569377,
            49.749198
          ],
          [
            37.56903,
            49.750931
          ],
          [
            37.568626,
            49.752834
          ],
          [
            37.568194,
            49.754876
          ],
          [
            37.567763,
            49.757022
          ],
          [
            37.567363,
            49.759242
          ],
          [
            37.567022,
            49.761503
          ],
          [
            37.56677,
            49.763772
          ],
          [
            37.566636,
            49.766017
          ],
          [
            37.566649,
            49.768206
          ],
          [
            37.566839,
            49.770306
          ],
          [
            37.567234,
            49.772285
          ],
          [
            37.567922,
            49.774192
          ],
          [
            37.568925,
            49.776095
          ],
          [
            37.570178,
            49.777986
          ],
          [
            37.571615,
            49.77986
          ],
          [
            37.573169,
            49.78171
          ],
          [
            37.574776,
            49.783529
          ],
          [
            37.57637,
            49.785312
          ],
          [
            37.577883,
            49.787052
          ],
          [
            37.579252,
            49.788743
          ],
          [
            37.580409,
            49.790378
          ],
          [
            37.581288,
            49.791951
          ],
          [
            37.581825,
            49.793455
          ],
          [
            37.58208,
            49.794849
          ],
          [
            37.582163,
            49.796113
          ],
          [
            37.582084,
            49.797273
          ],
          [
            37.581851,
            49.798356
          ],
          [
            37.581472,
            49.79939
          ],
          [
            37.580956,
            49.800402
          ],
          [
            37.580312,
            49.801419
          ],
          [
            37.579549,
            49.802468
          ],
          [
            37.578675,
            49.803576
          ],
          [
            37.577699,
            49.80477
          ],
          [
            37.576629,
            49.806078
          ],
          [
            37.575474,
            49.807527
          ],
          [
            37.574099,
            49.809163
          ],
          [
            37.572408,
            49.810988
          ],
          [
            37.57047,
            49.812958
          ],
          [
            37.568353,
            49.81503
          ],
          [
            37.566125,
            49.817161
          ],
          [
            37.563854,
            49.819309
          ],
          [
            37.561609,
            49.82143
          ],
          [
            37.559458,
            49.82348
          ],
          [
            37.557469,
            49.825418
          ],
          [
            37.555711,
            49.827199
          ],
          [
            37.554251,
            49.828781
          ],
          [
            37.553158,
            49.830121
          ],
          [
            37.552349,
            49.831226
          ],
          [
            37.551698,
            49.832147
          ],
          [
            37.551206,
            49.832909
          ],
          [
            37.550875,
            49.833534
          ],
          [
            37.550706,
            49.834045
          ],
          [
            37.550701,
            49.834468
          ],
          [
            37.550861,
            49.834824
          ],
          [
            37.551187,
            49.835137
          ],
          [
            37.551681,
            49.835431
          ],
          [
            37.552345,
            49.835729
          ],
          [
            37.55318,
            49.836055
          ],
          [
            37.554188,
            49.836432
          ],
          [
            37.555378,
            49.836848
          ],
          [
            37.556756,
            49.837268
          ],
          [
            37.558316,
            49.837684
          ],
          [
            37.56005,
            49.838089
          ],
          [
            37.561952,
            49.838475
          ],
          [
            37.564015,
            49.838834
          ],
          [
            37.566234,
            49.839157
          ],
          [
            37.568601,
            49.839438
          ],
          [
            37.57111,
            49.839668
          ],
          [
            37.573754,
            49.83984
          ],
          [
            37.576527,
            49.839945
          ],
          [
            37.579422,
            49.839975
          ],
          [
            37.582676,
            49.839885
          ],
          [
            37.586446,
            49.839653
          ],
          [
            37.590608,
            49.839309
          ],
          [
            37.595037,
            49.838885
          ],
          [
            37.599607,
            49.838409
          ],
          [
            37.604195,
            49.837913
          ],
          [
            37.608675,
            49.837427
          ],
          [
            37.612921,
            49.836982
          ],
          [
            37.616811,
            49.836607
          ],
          [
            37.620217,
            49.836334
          ],
          [
            37.623017,
            49.836191
          ],
          [
            37.625084,
            49.836211
          ],
          [
            37.626381,
            49.836353
          ],
          [
            37.627022,
            49.83656
          ],
          [
            37.627105,
            49.836833
          ],
          [
            37.626731,
            49.837175
          ],
          [
            37.625999,
            49.837587
          ],
          [
            37.625009,
            49.838073
          ],
          [
            37.623861,
            49.838633
          ],
          [
            37.622655,
            49.83927
          ],
          [
            37.621491,
            49.839987
          ],
          [
            37.620469,
            49.840784
          ],
          [
            37.619687,
            49.841666
          ],
          [
            37.619247,
            49.842632
          ],
          [
            37.619168,
            49.843749
          ],
          [
            37.619354,
            49.845055
          ],
          [
            37.619729,
            49.846514
          ],
          [
            37.62022,
            49.848089
          ],
          [
            37.620753,
            49.849742
          ],
          [
            37.621254,
            49.851439
          ],
          [
            37.621648,
            49.853141
          ],
          [
            37.621861,
            49.854812
          ],
          [
            37.621818,
            49.856415
          ],
          [
            37.621447,
            49.857914
          ],
          [
            37.620672,
            49.859272
          ],
          [
            37.619419,
            49.860452
          ],
          [
            37.617541,
            49.861454
          ],
          [
            37.615026,
            49.862319
          ],
          [
            37.612,
            49.863068
          ],
          [
            37.608592,
            49.863727
          ],
          [
            37.604928,
            49.864318
          ],
          [
            37.601137,
            49.864865
          ],
          [
            37.597346,
            49.865391
          ],
          [
            37.593683,
            49.865919
          ],
          [
            37.590274,
            49.866474
          ],
          [
            37.587248,
            49.867079
          ],
          [
            37.584733,
            49.867756
          ],
          [
            37.582855,
            49.86853
          ],
          [
            37.581506,
            49.869403
          ],
          [
            37.580478,
            49.870352
          ],
          [
            37.579748,
            49.871359
          ],
          [
            37.579295,
            49.87241
          ],
          [
            37.579097,
            49.873487
          ],
          [
            37.579132,
            49.874573
          ],
          [
            37.579379,
            49.875652
          ],
          [
            37.579816,
            49.876708
          ],
          [
            37.580421,
            49.877724
          ],
          [
            37.581172,
            49.878684
          ],
          [
            37.582048,
            49.87957
          ],
          [
            37.583027,
            49.880367
          ],
          [
            37.584026,
            49.881046
          ],
          [
            37.585017,
            49.881606
          ],
          [
            37.586059,
            49.882075
          ],
          [
            37.58721,
            49.882477
          ],
          [
            37.58853,
            49.882839
          ],
          [
            37.590076,
            49.883188
          ],
          [
            37.591907,
            49.883549
          ],
          [
            37.594083,
            49.883948
          ],
          [
            37.596662,
            49.884411
          ],
          [
            37.599702,
            49.884966
          ],
          [
            37.603263,
            49.885637
          ],
          [
            37.607403,
            49.886451
          ],
          [
            37.612407,
            49.887422
          ],
          [
            37.618394,
            49.888531
          ],
          [
            37.62517,
            49.889754
          ],
          [
            37.632542,
            49.891067
          ],
          [
            37.640316,
            49.892443
          ],
          [
            37.648301,
            49.89386
          ],
          [
            37.656302,
            49.895292
          ],
          [
            37.664127,
            49.896715
          ],
          [
            37.671583,
            49.898104
          ],
          [
            37.678475,
            49.899434
          ],
          [
            37.684612,
            49.900682
          ],
          [
            37.6898,
            49.901822
          ],
          [
            37.694346,
            49.902839
          ],
          [
            37.698654,
            49.903752
          ],
          [
            37.70268,
            49.904583
          ],
          [
            37.706381,
            49.905356
          ],
          [
            37.709713,
            49.906096
          ],
          [
            37.712631,
            49.906825
          ],
          [
            37.715092,
            49.907568
          ],
          [
            37.71705,
            49.908349
          ],
          [
            37.718462,
            49.909191
          ],
          [
            37.719285,
            49.910119
          ],
          [
            37.719473,
            49.911155
          ],
          [
            37.718983,
            49.912325
          ],
          [
            37.717394,
            49.913646
          ],
          [
            37.714488,
            49.915106
          ],
          [
            37.710522,
            49.916678
          ],
          [
            37.705752,
            49.918338
          ],
          [
            37.700436,
            49.920059
          ],
          [
            37.694832,
            49.921816
          ],
          [
            37.689196,
            49.923583
          ],
          [
            37.683786,
            49.925334
          ],
          [
            37.678858,
            49.927043
          ],
          [
            37.674671,
            49.928685
          ],
          [
            37.67148,
            49.930235
          ],
          [
            37.669544,
            49.931666
          ],
          [
            37.668851,
            49.932951
          ],
          [
            37.669113,
            49.934101
          ],
          [
            37.670172,
            49.935148
          ],
          [
            37.671871,
            49.936123
          ],
          [
            37.674053,
            49.937056
          ],
          [
            37.676561,
            49.937978
          ],
          [
            37.679237,
            49.938921
          ],
          [
            37.681923,
            49.939916
          ],
          [
            37.684463,
            49.940994
          ],
          [
            37.686698,
            49.942185
          ],
          [
            37.688473,
            49.943522
          ],
          [
            37.689629,
            49.945034
          ],
          [
            37.690185,
            49.946659
          ],
          [
            37.690325,
            49.948322
          ],
          [
            37.69014,
            49.950038
          ],
          [
            37.689718,
            49.951822
          ],
          [
            37.689149,
            49.953688
          ],
          [
            37.688524,
            49.955652
          ],
          [
            37.687931,
            49.957729
          ],
          [
            37.687461,
            49.959934
          ],
          [
            37.687203,
            49.962281
          ],
          [
            37.687246,
            49.964785
          ],
          [
            37.687682,
            49.967461
          ],
          [
            37.688599,
            49.970325
          ],
          [
            37.690048,
            49.973505
          ],
          [
            37.691966,
            49.977069
          ],
          [
            37.694266,
            49.980935
          ],
          [
            37.696864,
            49.985024
          ],
          [
            37.699674,
            49.989256
          ],
          [
            37.70261,
            49.99355
          ],
          [
            37.705589,
            49.997826
          ],
          [
            37.708524,
            50.002003
          ],
          [
            37.71133,
            50.006002
          ],
          [
            37.713923,
            50.009741
          ],
          [
            37.716216,
            50.013142
          ],
          [
            37.718124,
            50.016123
          ],
          [
            37.719779,
            50.018711
          ],
          [
            37.721354,
            50.021011
          ],
          [
            37.722834,
            50.023058
          ],
          [
            37.724202,
            50.024891
          ],
          [
            37.725442,
            50.026545
          ],
          [
            37.726536,
            50.028056
          ],
          [
            37.727468,
            50.029463
          ],
          [
            37.728221,
            50.0308
          ],
          [
            37.728778,
            50.032105
          ],
          [
            37.729123,
            50.033415
          ],
          [
            37.72924,
            50.034766
          ],
          [
            37.729111,
            50.036194
          ],
          [
            37.728764,
            50.037623
          ],
          [
            37.728235,
            50.038965
          ],
          [
            37.727519,
            50.040237
          ],
          [
            37.726612,
            50.041458
          ],
          [
            37.72551,
            50.042647
          ],
          [
            37.724208,
            50.043822
          ],
          [
            37.722701,
            50.045003
          ],
          [
            37.720985,
            50.046207
          ],
          [
            37.719056,
            50.047452
          ],
          [
            37.71691,
            50.048759
          ],
          [
            37.714541,
            50.050145
          ],
          [
            37.711945,
            50.051628
          ],
          [
            37.708923,
            50.053229
          ],
          [
            37.705355,
            50.054941
          ],
          [
            37.701351,
            50.05674
          ],
          [
            37.697023,
            50.058604
          ],
          [
            37.692481,
            50.06051
          ],
          [
            37.687837,
            50.062435
          ],
          [
            37.683202,
            50.064357
          ],
          [
            37.678687,
            50.066252
          ],
          [
            37.674403,
            50.068099
          ],
          [
            37.670462,
            50.069874
          ],
          [
            37.666974,
            50.071554
          ],
          [
            37.664051,
            50.073117
          ],
          [
            37.661617,
            50.074553
          ],
          [
            37.659503,
            50.075882
          ],
          [
            37.657679,
            50.077123
          ],
          [
            37.656116,
            50.078295
          ],
          [
            37.654785,
            50.079418
          ],
          [
            37.653655,
            50.080512
          ],
          [
            37.652697,
            50.081596
          ],
          [
            37.651882,
            50.082689
          ],
          [
            37.65118,
            50.083811
          ],
          [
            37.650563,
            50.084982
          ],
          [
            37.649999,
            50.086221
          ],
          [
            37.64946,
            50.087547
          ],
          [
            37.649052,
            50.088969
          ],
          [
            37.648874,
            50.09047
          ],
          [
            37.648887,
            50.092032
          ],
          [
            37.649053,
            50.093641
          ],
          [
            37.649332,
            50.095279
          ],
          [
            37.649685,
            50.096929
          ],
          [
            37.650074,
            50.098574
          ],
          [
            37.650458,
            50.100199
          ],
          [
            37.6508,
            50.101787
          ],
          [
            37.651059,
            50.10332
          ],
          [
            37.651198,
            50.104782
          ],
          [
            37.651176,
            50.106157
          ],
          [
            37.651062,
            50.107488
          ],
          [
            37.650941,
            50.108819
          ],
          [
            37.650801,
            50.110139
          ],
          [
            37.65063,
            50.111434
          ],
          [
            37.650416,
            50.112691
          ],
          [
            37.650146,
            50.113898
          ],
          [
            37.649811,
            50.115042
          ],
          [
            37.649396,
            50.11611
          ],
          [
            37.648891,
            50.117089
          ],
          [
            37.648284,
            50.117967
          ],
          [
            37.647562,
            50.118731
          ],
          [
            37.646713,
            50.119367
          ],
          [
            37.645687,
            50.119886
          ],
          [
            37.644463,
            50.120306
          ],
          [
            37.643076,
            50.120631
          ],
          [
            37.641563,
            50.120864
          ],
          [
            37.63996,
            50.121008
          ],
          [
            37.638302,
            50.121067
          ],
          [
            37.636625,
            50.121043
          ],
          [
            37.634964,
            50.120941
          ],
          [
            37.633356,
            50.120763
          ],
          [
            37.631836,
            50.120513
          ],
          [
            37.63044,
            50.120193
          ],
          [
            37.629204,
            50.119808
          ],
          [
            37.628134,
            50.119294
          ],
          [
            37.627195,
            50.11861
          ],
          [
            37.626361,
            50.117787
          ],
          [
            37.625605,
            50.116856
          ],
          [
            37.624902,
            50.115849
          ],
          [
            37.624226,
            50.114799
          ],
          [
            37.623549,
            50.113736
          ],
          [
            37.622846,
            50.112693
          ],
          [
            37.622091,
            50.111701
          ],
          [
            37.621257,
            50.110792
          ],
          [
            37.620318,
            50.109998
          ],
          [
            37.619247,
            50.10935
          ],
          [
            37.618059,
            50.108827
          ],
          [
            37.61679,
            50.10838
          ],
          [
            37.615449,
            50.108002
          ],
          [
            37.614047,
            50.107683
          ],
          [
            37.612592,
            50.107415
          ],
          [
            37.611094,
            50.10719
          ],
          [
            37.609562,
            50.106999
          ],
          [
            37.608007,
            50.106834
          ],
          [
            37.606437,
            50.106687
          ],
          [
            37.604863,
            50.106549
          ],
          [
            37.603293,
            50.106412
          ],
          [
            37.601738,
            50.106268
          ],
          [
            37.600146,
            50.106118
          ],
          [
            37.598474,
            50.105974
          ],
          [
            37.596745,
            50.105841
          ],
          [
            37.59498,
            50.105721
          ],
          [
            37.5932,
            50.105619
          ],
          [
            37.591428,
            50.105538
          ],
          [
            37.589684,
            50.105483
          ],
          [
            37.587992,
            50.105456
          ],
          [
            37.586373,
            50.105462
          ],
          [
            37.584848,
            50.105506
          ],
          [
            37.583439,
            50.105589
          ],
          [
            37.582169,
            50.105717
          ],
          [
            37.580973,
            50.105877
          ],
          [
            37.579788,
            50.106056
          ],
          [
            37.578635,
            50.10626
          ],
          [
            37.577534,
            50.106492
          ],
          [
            37.576505,
            50.106757
          ],
          [
            37.57557,
            50.107059
          ],
          [
            37.574749,
            50.107403
          ],
          [
            37.574062,
            50.107793
          ],
          [
            37.573531,
            50.108233
          ],
          [
            37.573174,
            50.108728
          ],
          [
            37.573014,
            50.109283
          ],
          [
            37.573071,
            50.109901
          ],
          [
            37.573493,
            50.110598
          ],
          [
            37.574354,
            50.111381
          ],
          [
            37.575558,
            50.112236
          ],
          [
            37.577012,
            50.113154
          ],
          [
            37.578621,
            50.114122
          ],
          [
            37.580291,
            50.115129
          ],
          [
            37.581927,
            50.116164
          ],
          [
            37.583434,
            50.117215
          ],
          [
            37.584718,
            50.11827
          ],
          [
            37.585685,
            50.119318
          ],
          [
            37.58624,
            50.120348
          ],
          [
            37.586288,
            50.121349
          ],
          [
            37.585838,
            50.122381
          ],
          [
            37.584995,
            50.123499
          ],
          [
            37.583817,
            50.124674
          ],
          [
            37.582359,
            50.125881
          ],
          [
            37.580679,
            50.127093
          ],
          [
            37.578832,
            50.128282
          ],
          [
            37.576875,
            50.129422
          ],
          [
            37.574863,
            50.130487
          ],
          [
            37.572855,
            50.131449
          ],
          [
            37.570904,
            50.132282
          ],
          [
            37.569069,
            50.132959
          ],
          [
            37.567406,
            50.133454
          ],
          [
            37.565836,
            50.133768
          ],
          [
            37.56425,
            50.133932
          ],
          [
            37.562654,
            50.133962
          ],
          [
            37.561054,
            50.133874
          ],
          [
            37.559457,
            50.133683
          ],
          [
            37.557868,
            50.133406
          ],
          [
            37.556294,
            50.133058
          ],
          [
            37.554741,
            50.132655
          ],
          [
            37.553215,
            50.132214
          ],
          [
            37.551724,
            50.131749
          ],
          [
            37.550272,
            50.131277
          ],
          [
            37.548866,
            50.130813
          ],
          [
            37.547521,
            50.130277
          ],
          [
            37.546238,
            50.129599
          ],
          [
            37.545005,
            50.128814
          ],
          [
            37.543812,
            50.127956
          ],
          [
            37.542646,
            50.127059
          ],
          [
            37.541496,
            50.126157
          ],
          [
            37.54035,
            50.125284
          ],
          [
            37.539196,
            50.124475
          ],
          [
            37.538023,
            50.123764
          ],
          [
            37.53682,
            50.123185
          ],
          [
            37.535575,
            50.122772
          ],
          [
            37.534275,
            50.122559
          ],
          [
            37.532899,
            50.122519
          ],
          [
            37.531443,
            50.122596
          ],
          [
            37.529929,
            50.122785
          ],
          [
            37.528375,
            50.123077
          ],
          [
            37.526802,
            50.123467
          ],
          [
            37.525231,
            50.123949
          ],
          [
            37.52368,
            50.124515
          ],
          [
            37.52217,
            50.12516
          ],
          [
            37.520721,
            50.125877
          ],
          [
            37.519352,
            50.126658
          ],
          [
            37.518084,
            50.127499
          ],
          [
            37.516937,
            50.128392
          ],
          [
            37.515967,
            50.129366
          ],
          [
            37.515187,
            50.130445
          ],
          [
            37.514554,
            50.131618
          ],
          [
            37.514025,
            50.132875
          ],
          [
            37.513557,
            50.134204
          ],
          [
            37.513107,
            50.135593
          ],
          [
            37.512631,
            50.137031
          ],
          [
            37.512086,
            50.138507
          ],
          [
            37.511429,
            50.14001
          ],
          [
            37.510617,
            50.141528
          ],
          [
            37.509607,
            50.143051
          ],
          [
            37.508354,
            50.144566
          ],
          [
            37.506879,
            50.146123
          ],
          [
            37.505242,
            50.147764
          ],
          [
            37.503458,
            50.149471
          ],
          [
            37.501545,
            50.151223
          ],
          [
            37.49952,
            50.153002
          ],
          [
            37.4974,
            50.154789
          ],
          [
            37.495202,
            50.156563
          ],
          [
            37.492943,
            50.158307
          ],
          [
            37.49064,
            50.16
          ],
          [
            37.488309,
            50.161623
          ],
          [
            37.485969,
            50.163158
          ],
          [
            37.483635,
            50.164584
          ],
          [
            37.481245,
            50.165985
          ],
          [
            37.478741,
            50.167434
          ],
          [
            37.476145,
            50.168899
          ],
          [
            37.473481,
            50.170346
          ],
          [
            37.470774,
            50.171744
          ],
          [
            37.468046,
            50.173057
          ],
          [
            37.465321,
            50.174254
          ],
          [
            37.462622,
            50.175302
          ],
          [
            37.459974,
            50.176167
          ],
          [
            37.457399,
            50.176817
          ],
          [
            37.454921,
            50.177218
          ],
          [
            37.452564,
            50.177338
          ],
          [
            37.450423,
            50.177092
          ],
          [
            37.448532,
            50.176465
          ],
          [
            37.446824,
            50.175521
          ],
          [
            37.445234,
            50.174328
          ],
          [
            37.443693,
            50.172953
          ],
          [
            37.442136,
            50.171462
          ],
          [
            37.440495,
            50.169922
          ],
          [
            37.438704,
            50.168399
          ],
          [
            37.436696,
            50.166961
          ],
          [
            37.434405,
            50.165672
          ],
          [
            37.431763,
            50.164601
          ],
          [
            37.428703,
            50.163814
          ],
          [
            37.42514,
            50.163252
          ],
          [
            37.421091,
            50.162805
          ],
          [
            37.416645,
            50.162462
          ],
          [
            37.411893,
            50.162214
          ],
          [
            37.406924,
            50.162049
          ],
          [
            37.401828,
            50.161958
          ],
          [
            37.396694,
            50.161931
          ],
          [
            37.391612,
            50.161957
          ],
          [
            37.386672,
            50.162025
          ],
          [
            37.381963,
            50.162126
          ],
          [
            37.377576,
            50.162249
          ],
          [
            37.3736,
            50.162384
          ],
          [
            37.370025,
            50.162534
          ],
          [
            37.366748,
            50.162711
          ],
          [
            37.363716,
            50.16292
          ],
          [
            37.360878,
            50.163167
          ],
          [
            37.358182,
            50.163456
          ],
          [
            37.355576,
            50.163794
          ],
          [
            37.353007,
            50.164184
          ],
          [
            37.350426,
            50.164633
          ],
          [
            37.347778,
            50.165145
          ],
          [
            37.345014,
            50.165726
          ],
          [
            37.34208,
            50.16638
          ],
          [
            37.338924,
            50.167113
          ],
          [
            37.33553,
            50.167994
          ],
          [
            37.331943,
            50.169062
          ],
          [
            37.328205,
            50.170275
          ],
          [
            37.324359,
            50.171592
          ],
          [
            37.320447,
            50.172973
          ],
          [
            37.316512,
            50.174376
          ],
          [
            37.312597,
            50.17576
          ],
          [
            37.308744,
            50.177085
          ],
          [
            37.304996,
            50.178309
          ],
          [
            37.301395,
            50.179391
          ],
          [
            37.297985,
            50.18029
          ],
          [
            37.294807,
            50.180966
          ],
          [
            37.291843,
            50.181445
          ],
          [
            37.289035,
            50.181791
          ],
          [
            37.286364,
            50.182014
          ],
          [
            37.283815,
            50.182126
          ],
          [
            37.281371,
            50.182137
          ],
          [
            37.279015,
            50.182058
          ],
          [
            37.27673,
            50.1819
          ],
          [
            37.274501,
            50.181674
          ],
          [
            37.272309,
            50.181391
          ],
          [
            37.270139,
            50.181061
          ],
          [
            37.267974,
            50.180696
          ],
          [
            37.265797,
            50.180306
          ],
          [
            37.26368,
            50.179827
          ],
          [
            37.261688,
            50.179205
          ],
          [
            37.259793,
            50.178469
          ],
          [
            37.257964,
            50.177647
          ],
          [
            37.256173,
            50.176768
          ],
          [
            37.254392,
            50.17586
          ],
          [
            37.252591,
            50.174952
          ],
          [
            37.250741,
            50.174072
          ],
          [
            37.248814,
            50.173249
          ],
          [
            37.246781,
            50.17251
          ],
          [
            37.244612,
            50.171885
          ],
          [
            37.242279,
            50.171401
          ],
          [
            37.239826,
            50.171003
          ],
          [
            37.237312,
            50.170625
          ],
          [
            37.234733,
            50.170278
          ],
          [
            37.232081,
            50.169976
          ],
          [
            37.229352,
            50.16973
          ],
          [
            37.22654,
            50.169553
          ],
          [
            37.223639,
            50.169457
          ],
          [
            37.220643,
            50.169455
          ],
          [
            37.217548,
            50.169559
          ],
          [
            37.214346,
            50.169781
          ],
          [
            37.211033,
            50.170135
          ],
          [
            37.207603,
            50.170631
          ],
          [
            37.203983,
            50.1714
          ],
          [
            37.200132,
            50.17251
          ],
          [
            37.196094,
            50.173883
          ],
          [
            37.191912,
            50.17544
          ],
          [
            37.18763,
            50.177103
          ],
          [
            37.183292,
            50.178794
          ],
          [
            37.17894,
            50.180434
          ],
          [
            37.174619,
            50.181946
          ],
          [
            37.170372,
            50.183251
          ],
          [
            37.166242,
            50.184271
          ],
          [
            37.162273,
            50.184928
          ],
          [
            37.158508,
            50.185143
          ],
          [
            37.154903,
            50.184867
          ],
          [
            37.15138,
            50.184157
          ],
          [
            37.147938,
            50.183087
          ],
          [
            37.144572,
            50.181735
          ],
          [
            37.14128,
            50.180175
          ],
          [
            37.138059,
            50.178485
          ],
          [
            37.134906,
            50.17674
          ],
          [
            37.131818,
            50.175016
          ],
          [
            37.128792,
            50.173391
          ],
          [
            37.125825,
            50.171939
          ],
          [
            37.122914,
            50.170737
          ],
          [
            37.120056,
            50.169862
          ],
          [
            37.117382,
            50.169261
          ],
          [
            37.114978,
            50.168818
          ],
          [
            37.112775,
            50.168513
          ],
          [
            37.110704,
            50.168327
          ],
          [
            37.108694,
            50.168238
          ],
          [
            37.106677,
            50.168226
          ],
          [
            37.104583,
            50.168272
          ],
          [
            37.102343,
            50.168355
          ],
          [
            37.099887,
            50.168455
          ],
          [
            37.097146,
            50.168551
          ],
          [
            37.09405,
            50.168624
          ],
          [
            37.09053,
            50.168652
          ],
          [
            37.0864,
            50.168718
          ],
          [
            37.081617,
            50.168896
          ],
          [
            37.076327,
            50.169153
          ],
          [
            37.070675,
            50.169459
          ],
          [
            37.064807,
            50.169781
          ],
          [
            37.05887,
            50.170089
          ],
          [
            37.053008,
            50.17035
          ],
          [
            37.047367,
            50.170534
          ],
          [
            37.042094,
            50.170608
          ],
          [
            37.037333,
            50.170542
          ],
          [
            37.033231,
            50.170304
          ],
          [
            37.029934,
            50.169862
          ],
          [
            37.027586,
            50.169138
          ],
          [
            37.026121,
            50.168118
          ],
          [
            37.025367,
            50.166864
          ],
          [
            37.025153,
            50.165439
          ],
          [
            37.025305,
            50.163904
          ],
          [
            37.025653,
            50.162322
          ],
          [
            37.026024,
            50.160756
          ],
          [
            37.026246,
            50.159268
          ],
          [
            37.026148,
            50.157921
          ],
          [
            37.025557,
            50.156776
          ],
          [
            37.024301,
            50.155897
          ],
          [
            37.022209,
            50.155346
          ],
          [
            37.019305,
            50.155138
          ],
          [
            37.015791,
            50.155216
          ],
          [
            37.011763,
            50.155531
          ],
          [
            37.007319,
            50.156034
          ],
          [
            37.002554,
            50.156679
          ],
          [
            36.997565,
            50.157415
          ],
          [
            36.992448,
            50.158195
          ],
          [
            36.987298,
            50.158971
          ],
          [
            36.982213,
            50.159694
          ],
          [
            36.977289,
            50.160317
          ],
          [
            36.972622,
            50.16079
          ],
          [
            36.968307,
            50.161065
          ],
          [
            36.964301,
            50.161158
          ],
          [
            36.960469,
            50.16113
          ],
          [
            36.956775,
            50.161005
          ],
          [
            36.953182,
            50.160804
          ],
          [
            36.949653,
            50.160551
          ],
          [
            36.946152,
            50.160268
          ],
          [
            36.942642,
            50.159976
          ],
          [
            36.939087,
            50.1597
          ],
          [
            36.935449,
            50.159462
          ],
          [
            36.931692,
            50.159283
          ],
          [
            36.92778,
            50.159187
          ],
          [
            36.923676,
            50.159195
          ],
          [
            36.919266,
            50.159294
          ],
          [
            36.914521,
            50.159448
          ],
          [
            36.909524,
            50.159652
          ],
          [
            36.90436,
            50.1599
          ],
          [
            36.899114,
            50.160185
          ],
          [
            36.893871,
            50.160501
          ],
          [
            36.888714,
            50.160843
          ],
          [
            36.883729,
            50.161203
          ],
          [
            36.879001,
            50.161577
          ],
          [
            36.874613,
            50.161957
          ],
          [
            36.870651,
            50.162339
          ],
          [
            36.867199,
            50.162714
          ],
          [
            36.86425,
            50.163065
          ],
          [
            36.861708,
            50.163383
          ],
          [
            36.859522,
            50.163685
          ],
          [
            36.857643,
            50.163985
          ],
          [
            36.85602,
            50.164298
          ],
          [
            36.854603,
            50.164639
          ],
          [
            36.853343,
            50.165022
          ],
          [
            36.852188,
            50.165464
          ],
          [
            36.85109,
            50.165977
          ],
          [
            36.849997,
            50.166579
          ],
          [
            36.84886,
            50.167282
          ],
          [
            36.84763,
            50.168102
          ],
          [
            36.846376,
            50.169059
          ],
          [
            36.8452,
            50.170147
          ],
          [
            36.844094,
            50.171347
          ],
          [
            36.843052,
            50.172639
          ],
          [
            36.842065,
            50.174003
          ],
          [
            36.841128,
            50.175421
          ],
          [
            36.840232,
            50.176871
          ],
          [
            36.839371,
            50.178335
          ],
          [
            36.838537,
            50.179793
          ],
          [
            36.837723,
            50.181225
          ],
          [
            36.836923,
            50.182612
          ],
          [
            36.836128,
            50.183933
          ],
          [
            36.835366,
            50.185162
          ],
          [
            36.834661,
            50.1863
          ],
          [
            36.834003,
            50.187377
          ],
          [
            36.833382,
            50.18842
          ],
          [
            36.832788,
            50.189457
          ],
          [
            36.832212,
            50.190515
          ],
          [
            36.831644,
            50.191623
          ],
          [
            36.831074,
            50.192808
          ],
          [
            36.830492,
            50.194099
          ],
          [
            36.829888,
            50.195522
          ],
          [
            36.829252,
            50.197107
          ],
          [
            36.828575,
            50.19888
          ],
          [
            36.827972,
            50.201011
          ],
          [
            36.827527,
            50.203577
          ],
          [
            36.827183,
            50.206467
          ],
          [
            36.826884,
            50.209573
          ],
          [
            36.826573,
            50.212783
          ],
          [
            36.826193,
            50.21599
          ],
          [
            36.825689,
            50.219081
          ],
          [
            36.825002,
            50.221949
          ],
          [
            36.824077,
            50.224482
          ],
          [
            36.822857,
            50.226571
          ],
          [
            36.821285,
            50.228107
          ],
          [
            36.819305,
            50.228979
          ],
          [
            36.816823,
            50.229123
          ],
          [
            36.813838,
            50.228619
          ],
          [
            36.810441,
            50.22757
          ],
          [
            36.806717,
            50.226083
          ],
          [
            36.802755,
            50.224261
          ],
          [
            36.798642,
            50.222211
          ],
          [
            36.794465,
            50.220036
          ],
          [
            36.790314,
            50.217841
          ],
          [
            36.786274,
            50.215732
          ],
          [
            36.782434,
            50.213813
          ],
          [
            36.778881,
            50.212189
          ],
          [
            36.775703,
            50.210966
          ],
          [
            36.772851,
            50.21003
          ],
          [
            36.770196,
            50.209195
          ],
          [
            36.76771,
            50.208457
          ],
          [
            36.765366,
            50.207809
          ],
          [
            36.763133,
            50.207246
          ],
          [
            36.760983,
            50.206764
          ],
          [
            36.758889,
            50.206356
          ],
          [
            36.756821,
            50.206018
          ],
          [
            36.75475,
            50.205744
          ],
          [
            36.752648,
            50.205529
          ],
          [
            36.750487,
            50.205367
          ],
          [
            36.748238,
            50.205253
          ],
          [
            36.746033,
            50.205169
          ],
          [
            36.743988,
            50.205109
          ],
          [
            36.74205,
            50.205087
          ],
          [
            36.740163,
            50.205115
          ],
          [
            36.738274,
            50.205207
          ],
          [
            36.736329,
            50.205377
          ],
          [
            36.734272,
            50.205637
          ],
          [
            36.732051,
            50.206002
          ],
          [
            36.72961,
            50.206484
          ],
          [
            36.726895,
            50.207097
          ],
          [
            36.723853,
            50.207854
          ],
          [
            36.720428,
            50.208769
          ],
          [
            36.716527,
            50.209966
          ],
          [
            36.712147,
            50.211511
          ],
          [
            36.707374,
            50.213328
          ],
          [
            36.702296,
            50.215339
          ],
          [
            36.696998,
            50.217467
          ],
          [
            36.691568,
            50.219636
          ],
          [
            36.686091,
            50.221768
          ],
          [
            36.680654,
            50.223788
          ],
          [
            36.675343,
            50.225618
          ],
          [
            36.670245,
            50.227181
          ],
          [
            36.665447,
            50.2284
          ],
          [
            36.661034,
            50.229199
          ],
          [
            36.656879,
            50.229557
          ],
          [
            36.652808,
            50.229547
          ],
          [
            36.648835,
            50.229227
          ],
          [
            36.644974,
            50.228658
          ],
          [
            36.641239,
            50.227899
          ],
          [
            36.637645,
            50.227009
          ],
          [
            36.634206,
            50.226049
          ],
          [
            36.630936,
            50.225078
          ],
          [
            36.627849,
            50.224156
          ],
          [
            36.624961,
            50.223343
          ],
          [
            36.622285,
            50.222697
          ],
          [
            36.619835,
            50.22228
          ],
          [
            36.617691,
            50.222126
          ],
          [
            36.615888,
            50.222195
          ],
          [
            36.614374,
            50.222428
          ],
          [
            36.613096,
            50.222768
          ],
          [
            36.612001,
            50.223157
          ],
          [
            36.611037,
            50.223536
          ],
          [
            36.610152,
            50.223849
          ],
          [
            36.609294,
            50.224038
          ],
          [
            36.608409,
            50.224044
          ],
          [
            36.607445,
            50.223809
          ],
          [
            36.60635,
            50.223277
          ],
          [
            36.605072,
            50.22239
          ],
          [
            36.603701,
            50.221039
          ],
          [
            36.602352,
            50.219219
          ],
          [
            36.601008,
            50.217027
          ],
          [
            36.599655,
            50.214557
          ],
          [
            36.598276,
            50.211905
          ],
          [
            36.596854,
            50.209165
          ],
          [
            36.595373,
            50.206434
          ],
          [
            36.593819,
            50.203807
          ],
          [
            36.592173,
            50.201379
          ],
          [
            36.590421,
            50.199245
          ],
          [
            36.588546,
            50.197501
          ],
          [
            36.586533,
            50.196243
          ],
          [
            36.584271,
            50.195398
          ],
          [
            36.581709,
            50.194819
          ],
          [
            36.578918,
            50.194483
          ],
          [
            36.575966,
            50.194367
          ],
          [
            36.572923,
            50.194451
          ],
          [
            36.56986,
            50.194712
          ],
          [
            36.566845,
            50.195128
          ],
          [
            36.56395,
            50.195678
          ],
          [
            36.561242,
            50.196339
          ],
          [
            36.558793,
            50.197089
          ],
          [
            36.556671,
            50.197907
          ],
          [
            36.554947,
            50.19877
          ],
          [
            36.553661,
            50.199787
          ],
          [
            36.552765,
            50.201048
          ],
          [
            36.55219,
            50.202511
          ],
          [
            36.55187,
            50.204129
          ],
          [
            36.551738,
            50.205859
          ],
          [
            36.551728,
            50.207656
          ],
          [
            36.551773,
            50.209474
          ],
          [
            36.551806,
            50.21127
          ],
          [
            36.55176,
            50.212999
          ],
          [
            36.551569,
            50.214617
          ],
          [
            36.551166,
            50.216077
          ],
          [
            36.550484,
            50.217337
          ],
          [
            36.549553,
            50.218472
          ],
          [
            36.548465,
            50.219579
          ],
          [
            36.547248,
            50.220645
          ],
          [
            36.545925,
            50.221658
          ],
          [
            36.544524,
            50.222603
          ],
          [
            36.54307,
            50.223468
          ],
          [
            36.541589,
            50.224239
          ],
          [
            36.540108,
            50.224904
          ],
          [
            36.538651,
            50.225449
          ],
          [
            36.537246,
            50.225861
          ],
          [
            36.535917,
            50.226127
          ],
          [
            36.534691,
            50.226234
          ],
          [
            36.533618,
            50.226111
          ],
          [
            36.532701,
            50.22573
          ],
          [
            36.531897,
            50.225135
          ],
          [
            36.531162,
            50.224375
          ],
          [
            36.530452,
            50.223494
          ],
          [
            36.529723,
            50.22254
          ],
          [
            36.528932,
            50.22156
          ],
          [
            36.528034,
            50.2206
          ],
          [
            36.526986,
            50.219705
          ],
          [
            36.525744,
            50.218924
          ],
          [
            36.524264,
            50.218302
          ],
          [
            36.522503,
            50.217886
          ],
          [
            36.520401,
            50.217634
          ],
          [
            36.517969,
            50.217467
          ],
          [
            36.515268,
            50.21738
          ],
          [
            36.512356,
            50.217366
          ],
          [
            36.509294,
            50.217418
          ],
          [
            36.506141,
            50.217529
          ],
          [
            36.502959,
            50.217695
          ],
          [
            36.499805,
            50.217907
          ],
          [
            36.496742,
            50.218159
          ],
          [
            36.493827,
            50.218446
          ],
          [
            36.491122,
            50.21876
          ],
          [
            36.488686,
            50.219095
          ],
          [
            36.486501,
            50.219421
          ],
          [
            36.48449,
            50.219729
          ],
          [
            36.482625,
            50.220036
          ],
          [
            36.480878,
            50.220364
          ],
          [
            36.479221,
            50.220732
          ],
          [
            36.477624,
            50.221161
          ],
          [
            36.47606,
            50.221671
          ],
          [
            36.474501,
            50.22228
          ],
          [
            36.472918,
            50.22301
          ],
          [
            36.471283,
            50.223881
          ],
          [
            36.469567,
            50.224912
          ],
          [
            36.467743,
            50.226124
          ],
          [
            36.465837,
            50.227615
          ],
          [
            36.463899,
            50.229429
          ],
          [
            36.461931,
            50.231497
          ],
          [
            36.459936,
            50.233753
          ],
          [
            36.457917,
            50.236129
          ],
          [
            36.455877,
            50.238558
          ],
          [
            36.453819,
            50.240974
          ],
          [
            36.451747,
            50.243309
          ],
          [
            36.449662,
            50.245496
          ],
          [
            36.447569,
            50.247468
          ],
          [
            36.445469,
            50.249157
          ],
          [
            36.443367,
            50.250498
          ],
          [
            36.441254,
            50.251477
          ],
          [
            36.439122,
            50.252159
          ],
          [
            36.436973,
            50.252594
          ],
          [
            36.434809,
            50.252832
          ],
          [
            36.432634,
            50.252922
          ],
          [
            36.430449,
            50.252913
          ],
          [
            36.428258,
            50.252856
          ],
          [
            36.426061,
            50.252799
          ],
          [
            36.423862,
            50.252793
          ],
          [
            36.421663,
            50.252887
          ],
          [
            36.419466,
            50.253129
          ],
          [
            36.417274,
            50.253571
          ],
          [
            36.415006,
            50.254182
          ],
          [
            36.412606,
            50.254889
          ],
          [
            36.410118,
            50.255677
          ],
          [
            36.407585,
            50.256531
          ],
          [
            36.40505,
            50.257434
          ],
          [
            36.402555,
            50.258373
          ],
          [
            36.400143,
            50.259331
          ],
          [
            36.397858,
            50.260294
          ],
          [
            36.395742,
            50.261247
          ],
          [
            36.393838,
            50.262173
          ],
          [
            36.392189,
            50.263059
          ],
          [
            36.390839,
            50.263888
          ],
          [
            36.38985,
            50.264637
          ],
          [
            36.389216,
            50.26531
          ],
          [
            36.388875,
            50.265928
          ],
          [
            36.388766,
            50.266513
          ],
          [
            36.388826,
            50.267088
          ],
          [
            36.388993,
            50.267674
          ],
          [
            36.389206,
            50.268293
          ],
          [
            36.389402,
            50.268968
          ],
          [
            36.389519,
            50.269721
          ],
          [
            36.389496,
            50.270573
          ],
          [
            36.389269,
            50.271547
          ],
          [
            36.388779,
            50.272666
          ],
          [
            36.388017,
            50.274001
          ],
          [
            36.387048,
            50.275577
          ],
          [
            36.385914,
            50.277338
          ],
          [
            36.384659,
            50.279231
          ],
          [
            36.383325,
            50.281202
          ],
          [
            36.381955,
            50.283196
          ],
          [
            36.380593,
            50.28516
          ],
          [
            36.37928,
            50.287039
          ],
          [
            36.378061,
            50.28878
          ],
          [
            36.376977,
            50.290328
          ],
          [
            36.376072,
            50.291629
          ],
          [
            36.375389,
            50.292629
          ]
        ]
      }
    },
    {
      "type": "Feature",
      "properties": {
        "Name": "New curved line 2",
        "_curve": true,
        "_controlPoints": [
          [
            50.3951686781757,
            37.261676788330085
          ],
          [
            50.3814876755621,
            37.27420806884766
          ],
          [
            50.36736474202764,
            37.28347778320313
          ],
          [
            50.348418083742,
            37.292404174804695
          ],
          [
            50.331326751431796,
            37.25961685180665
          ],
          [
            50.30666495925961,
            37.237472534179695
          ],
          [
            50.28714567601531,
            37.22064971923829
          ],
          [
            50.26257070203296,
            37.2927474975586
          ],
          [
            50.24457026654085,
            37.30819702148438
          ],
          [
            50.24336267689235,
            37.366046905517585
          ],
          [
            50.22425673435915,
            37.37737655639649
          ],
          [
            50.21744701968755,
            37.364330291748054
          ],
          [
            50.21206446065373,
            37.413768768310554
          ],
          [
            50.21338269452136,
            37.45702743530274
          ],
          [
            50.2300771713799,
            37.456684112548835
          ],
          [
            50.25192492460379,
            37.43986129760743
          ],
          [
            50.263887540074116,
            37.45960235595704
          ],
          [
            50.26103434497041,
            37.52929687500001
          ],
          [
            50.27902856088947,
            37.56671905517579
          ],
          [
            50.27732817899693,
            37.59933471679688
          ],
          [
            50.29964771210429,
            37.60465621948243
          ],
          [
            50.32091555536218,
            37.575302124023445
          ],
          [
            50.33877757543984,
            37.53753662109376
          ],
          [
            50.32464192971339,
            37.47196197509766
          ],
          [
            50.3423929953727,
            37.43316650390626
          ],
          [
            50.37086849748783,
            37.421493530273445
          ],
          [
            50.38969675078809,
            37.384757995605476
          ],
          [
            50.41551870402678,
            37.37583160400391
          ],
          [
            50.42361252105679,
            37.35076904296876
          ],
          [
            50.43236103776132,
            37.31815338134766
          ],
          [
            50.41923765656913,
            37.30133056640626
          ],
          [
            50.39713841743867,
            37.27180480957032
          ],
          [
            50.39517209793286,
            37.261687517166145
          ]
        ]
      },
      "geometry": {
        "type": "LineString",
        "coordinates": [
          [
            37.261677,
            50.395169
          ],
          [
            37.262293,
            50.394509
          ],
          [
            37.263078,
            50.393685
          ],
          [
            37.264005,
            50.392721
          ],
          [
            37.265046,
            50.391638
          ],
          [
            37.266175,
            50.390461
          ],
          [
            37.267363,
            50.389211
          ],
          [
            37.268583,
            50.387912
          ],
          [
            37.269808,
            50.386587
          ],
          [
            37.271011,
            50.38526
          ],
          [
            37.272163,
            50.383952
          ],
          [
            37.273238,
            50.382687
          ],
          [
            37.274208,
            50.381488
          ],
          [
            37.275096,
            50.380342
          ],
          [
            37.275946,
            50.379215
          ],
          [
            37.276763,
            50.378101
          ],
          [
            37.277552,
            50.376991
          ],
          [
            37.278319,
            50.375879
          ],
          [
            37.279068,
            50.374755
          ],
          [
            37.279805,
            50.373614
          ],
          [
            37.280534,
            50.372446
          ],
          [
            37.281261,
            50.371245
          ],
          [
            37.28199,
            50.370003
          ],
          [
            37.282728,
            50.368712
          ],
          [
            37.283478,
            50.367365
          ],
          [
            37.284366,
            50.365949
          ],
          [
            37.285468,
            50.364465
          ],
          [
            37.286711,
            50.362924
          ],
          [
            37.288024,
            50.361338
          ],
          [
            37.289334,
            50.359718
          ],
          [
            37.29057,
            50.358077
          ],
          [
            37.291659,
            50.356425
          ],
          [
            37.292531,
            50.354775
          ],
          [
            37.293114,
            50.353137
          ],
          [
            37.293334,
            50.351524
          ],
          [
            37.293122,
            50.349947
          ],
          [
            37.292404,
            50.348418
          ],
          [
            37.291098,
            50.346953
          ],
          [
            37.28923,
            50.34555
          ],
          [
            37.286891,
            50.344192
          ],
          [
            37.284171,
            50.342864
          ],
          [
            37.281161,
            50.341549
          ],
          [
            37.277952,
            50.34023
          ],
          [
            37.274636,
            50.338891
          ],
          [
            37.271303,
            50.337516
          ],
          [
            37.268043,
            50.336088
          ],
          [
            37.264948,
            50.334592
          ],
          [
            37.262109,
            50.33301
          ],
          [
            37.259617,
            50.331327
          ],
          [
            37.257382,
            50.32952
          ],
          [
            37.255249,
            50.327595
          ],
          [
            37.253208,
            50.325573
          ],
          [
            37.25125,
            50.323476
          ],
          [
            37.249366,
            50.321327
          ],
          [
            37.247547,
            50.319148
          ],
          [
            37.245783,
            50.316959
          ],
          [
            37.244066,
            50.314785
          ],
          [
            37.242385,
            50.312646
          ],
          [
            37.240732,
            50.310565
          ],
          [
            37.239098,
            50.308564
          ],
          [
            37.237473,
            50.306665
          ],
          [
            37.235601,
            50.304874
          ],
          [
            37.233332,
            50.303173
          ],
          [
            37.230809,
            50.301542
          ],
          [
            37.228177,
            50.299965
          ],
          [
            37.225583,
            50.298423
          ],
          [
            37.223171,
            50.2969
          ],
          [
            37.221086,
            50.295377
          ],
          [
            37.219474,
            50.293836
          ],
          [
            37.218478,
            50.29226
          ],
          [
            37.218246,
            50.290632
          ],
          [
            37.218921,
            50.288933
          ],
          [
            37.22065,
            50.287146
          ],
          [
            37.223725,
            50.285254
          ],
          [
            37.228176,
            50.283266
          ],
          [
            37.23375,
            50.281203
          ],
          [
            37.240194,
            50.279085
          ],
          [
            37.247255,
            50.276932
          ],
          [
            37.254682,
            50.274763
          ],
          [
            37.26222,
            50.2726
          ],
          [
            37.269618,
            50.270463
          ],
          [
            37.276622,
            50.268371
          ],
          [
            37.28298,
            50.266345
          ],
          [
            37.28844,
            50.264405
          ],
          [
            37.292747,
            50.262571
          ],
          [
            37.295883,
            50.260787
          ],
          [
            37.29811,
            50.258996
          ],
          [
            37.299599,
            50.257215
          ],
          [
            37.300523,
            50.255462
          ],
          [
            37.301054,
            50.253754
          ],
          [
            37.301363,
            50.25211
          ],
          [
            37.301622,
            50.250547
          ],
          [
            37.302004,
            50.249083
          ],
          [
            37.302681,
            50.247736
          ],
          [
            37.303824,
            50.246522
          ],
          [
            37.305605,
            50.245461
          ],
          [
            37.308197,
            50.24457
          ],
          [
            37.311681,
            50.243939
          ],
          [
            37.315923,
            50.243604
          ],
          [
            37.320769,
            50.243507
          ],
          [
            37.326063,
            50.243587
          ],
          [
            37.331651,
            50.243783
          ],
          [
            37.337379,
            50.244036
          ],
          [
            37.343094,
            50.244284
          ],
          [
            37.348639,
            50.244469
          ],
          [
            37.353862,
            50.244529
          ],
          [
            37.358607,
            50.244405
          ],
          [
            37.36272,
            50.244037
          ],
          [
            37.366047,
            50.243363
          ],
          [
            37.368697,
            50.242358
          ],
          [
            37.370909,
            50.241072
          ],
          [
            37.372722,
            50.239556
          ],
          [
            37.374172,
            50.237864
          ],
          [
            37.3753,
            50.236048
          ],
          [
            37.376143,
            50.23416
          ],
          [
            37.37674,
            50.232252
          ],
          [
            37.377129,
            50.230377
          ],
          [
            37.377348,
            50.228588
          ],
          [
            37.377437,
            50.226937
          ],
          [
            37.377434,
            50.225475
          ],
          [
            37.377377,
            50.224257
          ],
          [
            37.376944,
            50.223254
          ],
          [
            37.37589,
            50.222394
          ],
          [
            37.374364,
            50.221656
          ],
          [
            37.372519,
            50.221023
          ],
          [
            37.370505,
            50.220475
          ],
          [
            37.368472,
            50.219994
          ],
          [
            37.366571,
            50.219561
          ],
          [
            37.364953,
            50.219156
          ],
          [
            37.36377,
            50.218761
          ],
          [
            37.363171,
            50.218357
          ],
          [
            37.363307,
            50.217925
          ],
          [
            37.36433,
            50.217447
          ],
          [
            37.366282,
            50.216927
          ],
          [
            37.369026,
            50.21639
          ],
          [
            37.372441,
            50.215844
          ],
          [
            37.37641,
            50.215299
          ],
          [
            37.380813,
            50.214764
          ],
          [
            37.38553,
            50.214248
          ],
          [
            37.390443,
            50.21376
          ],
          [
            37.395433,
            50.213309
          ],
          [
            37.400379,
            50.212906
          ],
          [
            37.405163,
            50.212557
          ],
          [
            37.409666,
            50.212274
          ],
          [
            37.413769,
            50.212064
          ],
          [
            37.417729,
            50.211891
          ],
          [
            37.421841,
            50.211718
          ],
          [
            37.42604,
            50.211562
          ],
          [
            37.430261,
            50.211438
          ],
          [
            37.434439,
            50.21136
          ],
          [
            37.438509,
            50.211344
          ],
          [
            37.442407,
            50.211404
          ],
          [
            37.446067,
            50.211556
          ],
          [
            37.449423,
            50.211815
          ],
          [
            37.452412,
            50.212196
          ],
          [
            37.454969,
            50.212713
          ],
          [
            37.457027,
            50.213383
          ],
          [
            37.458578,
            50.214219
          ],
          [
            37.459684,
            50.215216
          ],
          [
            37.460394,
            50.216354
          ],
          [
            37.460753,
            50.217618
          ],
          [
            37.46081,
            50.218988
          ],
          [
            37.460611,
            50.220447
          ],
          [
            37.460203,
            50.221977
          ],
          [
            37.459634,
            50.223561
          ],
          [
            37.458951,
            50.225181
          ],
          [
            37.4582,
            50.226819
          ],
          [
            37.457428,
            50.228457
          ],
          [
            37.456684,
            50.230077
          ],
          [
            37.455743,
            50.231749
          ],
          [
            37.454411,
            50.233535
          ],
          [
            37.45278,
            50.235408
          ],
          [
            37.450943,
            50.237344
          ],
          [
            37.448991,
            50.239316
          ],
          [
            37.447017,
            50.241297
          ],
          [
            37.445113,
            50.243262
          ],
          [
            37.443371,
            50.245184
          ],
          [
            37.441882,
            50.247037
          ],
          [
            37.44074,
            50.248796
          ],
          [
            37.440035,
            50.250434
          ],
          [
            37.439861,
            50.251925
          ],
          [
            37.440067,
            50.253315
          ],
          [
            37.440457,
            50.254662
          ],
          [
            37.441055,
            50.255958
          ],
          [
            37.441883,
            50.257193
          ],
          [
            37.442965,
            50.25836
          ],
          [
            37.444324,
            50.25945
          ],
          [
            37.445984,
            50.260454
          ],
          [
            37.447968,
            50.261364
          ],
          [
            37.450298,
            50.26217
          ],
          [
            37.452998,
            50.262866
          ],
          [
            37.456092,
            50.263441
          ],
          [
            37.459602,
            50.263888
          ],
          [
            37.463764,
            50.264102
          ],
          [
            37.468701,
            50.264028
          ],
          [
            37.47427,
            50.263727
          ],
          [
            37.480329,
            50.263262
          ],
          [
            37.486735,
            50.262693
          ],
          [
            37.493345,
            50.262084
          ],
          [
            37.500016,
            50.261496
          ],
          [
            37.506606,
            50.26099
          ],
          [
            37.512972,
            50.260629
          ],
          [
            37.518971,
            50.260475
          ],
          [
            37.52446,
            50.260589
          ],
          [
            37.529297,
            50.261034
          ],
          [
            37.533561,
            50.261867
          ],
          [
            37.537457,
            50.263055
          ],
          [
            37.541034,
            50.264529
          ],
          [
            37.544339,
            50.266218
          ],
          [
            37.547421,
            50.268051
          ],
          [
            37.550325,
            50.269959
          ],
          [
            37.553101,
            50.271872
          ],
          [
            37.555796,
            50.273717
          ],
          [
            37.558458,
            50.275426
          ],
          [
            37.561134,
            50.276928
          ],
          [
            37.563872,
            50.278152
          ],
          [
            37.566719,
            50.279029
          ],
          [
            37.569692,
            50.2795
          ],
          [
            37.572749,
            50.279607
          ],
          [
            37.575851,
            50.279425
          ],
          [
            37.578958,
            50.279031
          ],
          [
            37.582032,
            50.2785
          ],
          [
            37.585033,
            50.277908
          ],
          [
            37.587923,
            50.277331
          ],
          [
            37.590663,
            50.276845
          ],
          [
            37.593213,
            50.276526
          ],
          [
            37.595534,
            50.276449
          ],
          [
            37.597588,
            50.276692
          ],
          [
            37.599335,
            50.277328
          ],
          [
            37.600844,
            50.278351
          ],
          [
            37.602202,
            50.27967
          ],
          [
            37.603397,
            50.281244
          ],
          [
            37.604415,
            50.283028
          ],
          [
            37.605243,
            50.284978
          ],
          [
            37.605869,
            50.287052
          ],
          [
            37.606279,
            50.289206
          ],
          [
            37.606462,
            50.291396
          ],
          [
            37.606404,
            50.293579
          ],
          [
            37.606092,
            50.295711
          ],
          [
            37.605514,
            50.297748
          ],
          [
            37.604656,
            50.299648
          ],
          [
            37.603451,
            50.301468
          ],
          [
            37.601868,
            50.303293
          ],
          [
            37.599953,
            50.305118
          ],
          [
            37.597752,
            50.306941
          ],
          [
            37.595309,
            50.308756
          ],
          [
            37.592672,
            50.31056
          ],
          [
            37.589885,
            50.312349
          ],
          [
            37.586994,
            50.314118
          ],
          [
            37.584045,
            50.315863
          ],
          [
            37.581083,
            50.31758
          ],
          [
            37.578153,
            50.319266
          ],
          [
            37.575302,
            50.320916
          ],
          [
            37.572538,
            50.322625
          ],
          [
            37.569817,
            50.32446
          ],
          [
            37.567104,
            50.32637
          ],
          [
            37.564367,
            50.328307
          ],
          [
            37.561571,
            50.33022
          ],
          [
            37.558683,
            50.332059
          ],
          [
            37.55567,
            50.333776
          ],
          [
            37.552497,
            50.33532
          ],
          [
            37.54913,
            50.336642
          ],
          [
            37.545538,
            50.337692
          ],
          [
            37.541684,
            50.33842
          ],
          [
            37.537537,
            50.338778
          ],
          [
            37.53296,
            50.338618
          ],
          [
            37.527907,
            50.337904
          ],
          [
            37.522471,
            50.336746
          ],
          [
            37.516747,
            50.335255
          ],
          [
            37.510829,
            50.333541
          ],
          [
            37.504814,
            50.331717
          ],
          [
            37.498794,
            50.329892
          ],
          [
            37.492867,
            50.328177
          ],
          [
            37.487125,
            50.326684
          ],
          [
            37.481663,
            50.325523
          ],
          [
            37.476577,
            50.324805
          ],
          [
            37.471962,
            50.324642
          ],
          [
            37.467705,
            50.324971
          ],
          [
            37.463632,
            50.325631
          ],
          [
            37.459745,
            50.326586
          ],
          [
            37.456042,
            50.3278
          ],
          [
            37.452525,
            50.329235
          ],
          [
            37.449195,
            50.330854
          ],
          [
            37.446053,
            50.332622
          ],
          [
            37.443097,
            50.334501
          ],
          [
            37.440331,
            50.336454
          ],
          [
            37.437753,
            50.338445
          ],
          [
            37.435365,
            50.340437
          ],
          [
            37.433167,
            50.342393
          ],
          [
            37.431324,
            50.344421
          ],
          [
            37.429941,
            50.34663
          ],
          [
            37.428929,
            50.348984
          ],
          [
            37.428195,
            50.351448
          ],
          [
            37.427649,
            50.353986
          ],
          [
            37.427201,
            50.356563
          ],
          [
            37.426761,
            50.359145
          ],
          [
            37.426236,
            50.361694
          ],
          [
            37.425538,
            50.364177
          ],
          [
            37.424575,
            50.366557
          ],
          [
            37.423257,
            50.368799
          ],
          [
            37.421494,
            50.370868
          ],
          [
            37.419221,
            50.372753
          ],
          [
            37.416499,
            50.374484
          ],
          [
            37.41342,
            50.37609
          ],
          [
            37.410075,
            50.3776
          ],
          [
            37.406556,
            50.379043
          ],
          [
            37.402954,
            50.380448
          ],
          [
            37.399362,
            50.381844
          ],
          [
            37.395871,
            50.38326
          ],
          [
            37.392574,
            50.384724
          ],
          [
            37.389561,
            50.386266
          ],
          [
            37.386925,
            50.387914
          ],
          [
            37.384758,
            50.389697
          ],
          [
            37.383092,
            50.39166
          ],
          [
            37.381848,
            50.393801
          ],
          [
            37.380949,
            50.396076
          ],
          [
            37.38032,
            50.398443
          ],
          [
            37.379884,
            50.400858
          ],
          [
            37.379565,
            50.403279
          ],
          [
            37.379287,
            50.405662
          ],
          [
            37.378972,
            50.407966
          ],
          [
            37.378546,
            50.410146
          ],
          [
            37.377931,
            50.41216
          ],
          [
            37.377052,
            50.413965
          ],
          [
            37.375832,
            50.415519
          ],
          [
            37.374332,
            50.416812
          ],
          [
            37.372676,
            50.417886
          ],
          [
            37.370878,
            50.418773
          ],
          [
            37.368952,
            50.419506
          ],
          [
            37.366915,
            50.420115
          ],
          [
            37.364781,
            50.420633
          ],
          [
            37.362564,
            50.421091
          ],
          [
            37.36028,
            50.421523
          ],
          [
            37.357944,
            50.421959
          ],
          [
            37.35557,
            50.422431
          ],
          [
            37.353173,
            50.422972
          ],
          [
            37.350769,
            50.423613
          ],
          [
            37.348265,
            50.424388
          ],
          [
            37.345587,
            50.425286
          ],
          [
            37.342776,
            50.426266
          ],
          [
            37.339872,
            50.42729
          ],
          [
            37.336915,
            50.428319
          ],
          [
            37.333946,
            50.429313
          ],
          [
            37.331006,
            50.430233
          ],
          [
            37.328135,
            50.431041
          ],
          [
            37.325374,
            50.431696
          ],
          [
            37.322763,
            50.432161
          ],
          [
            37.320342,
            50.432396
          ],
          [
            37.318153,
            50.432361
          ],
          [
            37.316239,
            50.432062
          ],
          [
            37.314583,
            50.431543
          ],
          [
            37.313135,
            50.430828
          ],
          [
            37.311846,
            50.429939
          ],
          [
            37.310668,
            50.428898
          ],
          [
            37.309549,
            50.427727
          ],
          [
            37.308441,
            50.42645
          ],
          [
            37.307294,
            50.425087
          ],
          [
            37.306059,
            50.423662
          ],
          [
            37.304687,
            50.422197
          ],
          [
            37.303127,
            50.420715
          ],
          [
            37.301331,
            50.419238
          ],
          [
            37.299253,
            50.417646
          ],
          [
            37.29692,
            50.415841
          ],
          [
            37.294387,
            50.413872
          ],
          [
            37.291711,
            50.41179
          ],
          [
            37.288946,
            50.409646
          ],
          [
            37.286149,
            50.407491
          ],
          [
            37.283375,
            50.405374
          ],
          [
            37.28068,
            50.403346
          ],
          [
            37.278119,
            50.401458
          ],
          [
            37.27575,
            50.39976
          ],
          [
            37.273626,
            50.398304
          ],
          [
            37.271805,
            50.397138
          ],
          [
            37.27025,
            50.396263
          ],
          [
            37.268878,
            50.395623
          ],
          [
            37.267674,
            50.395185
          ],
          [
            37.26662,
            50.394919
          ],
          [
            37.265701,
            50.394792
          ],
          [
            37.264901,
            50.394774
          ],
          [
            37.264203,
            50.394833
          ],
          [
            37.263592,
            50.394936
          ],
          [
            37.263051,
            50.395054
          ],
          [
            37.262564,
            50.395153
          ],
          [
            37.262115,
            50.395203
          ],
          [
            37.261688,
            50.395172
          ]
        ]
      }
    },
    {
      "type": "Feature",
      "properties": {
        "Name": "New curved line 3",
        "_curve": true,
        "_controlPoints": [
          [
            50.29131338638882,
            36.302604675292976
          ],
          [
            50.28308729148933,
            36.28784179687501
          ],
          [
            50.2783703557488,
            36.260204315185554
          ],
          [
            50.285390741391666,
            36.24715805053712
          ],
          [
            50.29526140688212,
            36.24166488647462
          ],
          [
            50.30326610945549,
            36.254711151123054
          ],
          [
            50.32135396750838,
            36.24166488647462
          ],
          [
            50.32354596758442,
            36.235485076904304
          ],
          [
            50.323874758876734,
            36.215744018554695
          ],
          [
            50.31861382525253,
            36.205272674560554
          ],
          [
            50.31236571026408,
            36.16733551025391
          ],
          [
            50.322449980182824,
            36.14519119262696
          ],
          [
            50.34250254925662,
            36.15772247314454
          ],
          [
            50.358494704737,
            36.18759155273438
          ],
          [
            50.38334852382369,
            36.18209838867188
          ],
          [
            50.408298727360425,
            36.1721420288086
          ],
          [
            50.41256521019116,
            36.176776885986335
          ]
        ]
      },
      "geometry": {
        "type": "LineString",
        "coordinates": [
          [
            36.302605,
            50.291313
          ],
          [
            36.301932,
            50.290905
          ],
          [
            36.301148,
            50.290378
          ],
          [
            36.300254,
            50.289753
          ],
          [
            36.299254,
            50.289051
          ],
          [
            36.298152,
            50.288291
          ],
          [
            36.296951,
            50.287495
          ],
          [
            36.295653,
            50.286683
          ],
          [
            36.294263,
            50.285874
          ],
          [
            36.292784,
            50.28509
          ],
          [
            36.291218,
            50.28435
          ],
          [
            36.28957,
            50.283676
          ],
          [
            36.287842,
            50.283087
          ],
          [
            36.285943,
            50.282534
          ],
          [
            36.283812,
            50.281962
          ],
          [
            36.281496,
            50.281386
          ],
          [
            36.279043,
            50.28082
          ],
          [
            36.2765,
            50.280279
          ],
          [
            36.273916,
            50.279776
          ],
          [
            36.271337,
            50.279326
          ],
          [
            36.268813,
            50.278943
          ],
          [
            36.266389,
            50.278642
          ],
          [
            36.264115,
            50.278437
          ],
          [
            36.262038,
            50.278341
          ],
          [
            36.260204,
            50.27837
          ],
          [
            36.258582,
            50.278535
          ],
          [
            36.257098,
            50.278828
          ],
          [
            36.25574,
            50.279233
          ],
          [
            36.254495,
            50.279735
          ],
          [
            36.253352,
            50.280319
          ],
          [
            36.252297,
            50.280969
          ],
          [
            36.25132,
            50.281669
          ],
          [
            36.250407,
            50.282405
          ],
          [
            36.249547,
            50.28316
          ],
          [
            36.248726,
            50.28392
          ],
          [
            36.247934,
            50.284669
          ],
          [
            36.247158,
            50.285391
          ],
          [
            36.246377,
            50.286119
          ],
          [
            36.245591,
            50.286893
          ],
          [
            36.244819,
            50.287702
          ],
          [
            36.244081,
            50.288539
          ],
          [
            36.243395,
            50.289396
          ],
          [
            36.242781,
            50.290265
          ],
          [
            36.242257,
            50.291137
          ],
          [
            36.241843,
            50.292004
          ],
          [
            36.241558,
            50.292858
          ],
          [
            36.24142,
            50.293691
          ],
          [
            36.24145,
            50.294495
          ],
          [
            36.241665,
            50.295261
          ],
          [
            36.242186,
            50.295962
          ],
          [
            36.243068,
            50.296587
          ],
          [
            36.244234,
            50.297157
          ],
          [
            36.245607,
            50.297694
          ],
          [
            36.247108,
            50.298218
          ],
          [
            36.24866,
            50.29875
          ],
          [
            36.250186,
            50.29931
          ],
          [
            36.251609,
            50.29992
          ],
          [
            36.25285,
            50.3006
          ],
          [
            36.253832,
            50.30137
          ],
          [
            36.254478,
            50.302252
          ],
          [
            36.254711,
            50.303266
          ],
          [
            36.254516,
            50.304471
          ],
          [
            36.253967,
            50.305881
          ],
          [
            36.253123,
            50.307452
          ],
          [
            36.252041,
            50.309137
          ],
          [
            36.250777,
            50.310893
          ],
          [
            36.24939,
            50.312673
          ],
          [
            36.247935,
            50.314434
          ],
          [
            36.246471,
            50.316129
          ],
          [
            36.245055,
            50.317713
          ],
          [
            36.243744,
            50.319143
          ],
          [
            36.242595,
            50.320371
          ],
          [
            36.241665,
            50.321354
          ],
          [
            36.240953,
            50.322099
          ],
          [
            36.240395,
            50.322661
          ],
          [
            36.239955,
            50.323063
          ],
          [
            36.239599,
            50.323331
          ],
          [
            36.23929,
            50.323489
          ],
          [
            36.238993,
            50.32356
          ],
          [
            36.238674,
            50.32357
          ],
          [
            36.238295,
            50.323542
          ],
          [
            36.237823,
            50.323502
          ],
          [
            36.23722,
            50.323472
          ],
          [
            36.236453,
            50.323479
          ],
          [
            36.235485,
            50.323546
          ],
          [
            36.234285,
            50.323656
          ],
          [
            36.232872,
            50.323773
          ],
          [
            36.231286,
            50.32389
          ],
          [
            36.229566,
            50.324001
          ],
          [
            36.227752,
            50.324098
          ],
          [
            36.225883,
            50.324176
          ],
          [
            36.223999,
            50.324228
          ],
          [
            36.22214,
            50.324248
          ],
          [
            36.220345,
            50.324229
          ],
          [
            36.218655,
            50.324165
          ],
          [
            36.217108,
            50.324049
          ],
          [
            36.215744,
            50.323875
          ],
          [
            36.214634,
            50.323635
          ],
          [
            36.21378,
            50.323333
          ],
          [
            36.213118,
            50.322976
          ],
          [
            36.212584,
            50.322572
          ],
          [
            36.212115,
            50.322129
          ],
          [
            36.211646,
            50.321655
          ],
          [
            36.211113,
            50.321159
          ],
          [
            36.210454,
            50.320648
          ],
          [
            36.209604,
            50.320129
          ],
          [
            36.2085,
            50.319612
          ],
          [
            36.207077,
            50.319105
          ],
          [
            36.205273,
            50.318614
          ],
          [
            36.203023,
            50.318076
          ],
          [
            36.200356,
            50.317441
          ],
          [
            36.197349,
            50.316738
          ],
          [
            36.194077,
            50.315999
          ],
          [
            36.190613,
            50.315253
          ],
          [
            36.187034,
            50.314531
          ],
          [
            36.183414,
            50.313861
          ],
          [
            36.179829,
            50.313275
          ],
          [
            36.176353,
            50.312803
          ],
          [
            36.173062,
            50.312473
          ],
          [
            36.170031,
            50.312318
          ],
          [
            36.167336,
            50.312366
          ],
          [
            36.164827,
            50.312603
          ],
          [
            36.16233,
            50.312986
          ],
          [
            36.159876,
            50.313505
          ],
          [
            36.1575,
            50.314148
          ],
          [
            36.155233,
            50.314905
          ],
          [
            36.153109,
            50.315764
          ],
          [
            36.15116,
            50.316715
          ],
          [
            36.149419,
            50.317745
          ],
          [
            36.147919,
            50.318845
          ],
          [
            36.146692,
            50.320003
          ],
          [
            36.145772,
            50.321209
          ],
          [
            36.145191,
            50.32245
          ],
          [
            36.144966,
            50.323785
          ],
          [
            36.145072,
            50.325262
          ],
          [
            36.14548,
            50.326857
          ],
          [
            36.146158,
            50.328546
          ],
          [
            36.147076,
            50.330304
          ],
          [
            36.148206,
            50.332107
          ],
          [
            36.149516,
            50.33393
          ],
          [
            36.150977,
            50.33575
          ],
          [
            36.152558,
            50.337541
          ],
          [
            36.154229,
            50.33928
          ],
          [
            36.155961,
            50.340942
          ],
          [
            36.157722,
            50.342503
          ],
          [
            36.159717,
            50.343949
          ],
          [
            36.162107,
            50.3453
          ],
          [
            36.164799,
            50.346578
          ],
          [
            36.167704,
            50.347806
          ],
          [
            36.170729,
            50.349005
          ],
          [
            36.173784,
            50.350199
          ],
          [
            36.176775,
            50.351409
          ],
          [
            36.179612,
            50.352658
          ],
          [
            36.182204,
            50.353969
          ],
          [
            36.184459,
            50.355364
          ],
          [
            36.186285,
            50.356865
          ],
          [
            36.187592,
            50.358495
          ],
          [
            36.188386,
            50.360255
          ],
          [
            36.188774,
            50.362123
          ],
          [
            36.188809,
            50.364083
          ],
          [
            36.188545,
            50.366119
          ],
          [
            36.188036,
            50.368217
          ],
          [
            36.187334,
            50.370362
          ],
          [
            36.186494,
            50.372537
          ],
          [
            36.18557,
            50.374729
          ],
          [
            36.184614,
            50.376921
          ],
          [
            36.183681,
            50.379098
          ],
          [
            36.182825,
            50.381246
          ],
          [
            36.182098,
            50.383349
          ],
          [
            36.181379,
            50.38549
          ],
          [
            36.180528,
            50.387741
          ],
          [
            36.179581,
            50.390064
          ],
          [
            36.17857,
            50.392424
          ],
          [
            36.177527,
            50.394785
          ],
          [
            36.176487,
            50.39711
          ],
          [
            36.175482,
            50.399364
          ],
          [
            36.174545,
            50.401511
          ],
          [
            36.17371,
            50.403513
          ],
          [
            36.173009,
            50.405336
          ],
          [
            36.172475,
            50.406943
          ],
          [
            36.172142,
            50.408299
          ],
          [
            36.172032,
            50.409392
          ],
          [
            36.172124,
            50.410256
          ],
          [
            36.172383,
            50.41092
          ],
          [
            36.172778,
            50.411411
          ],
          [
            36.173274,
            50.411759
          ],
          [
            36.173837,
            50.411991
          ],
          [
            36.174435,
            50.412137
          ],
          [
            36.175035,
            50.412225
          ],
          [
            36.175602,
            50.412283
          ],
          [
            36.176104,
            50.41234
          ],
          [
            36.176506,
            50.412425
          ],
          [
            36.176777,
            50.412565
          ]
        ]
      }
    },
    {
      "type": "Feature",
      "properties": {
        "Name": "New curved line 4",
        "_curve": true,
        "_controlPoints": [
          [
            50.656752476146806,
            35.40533065795899
          ],
          [
            50.66785154597947,
            35.39039611816407
          ],
          [
            50.68351635523253,
            35.3866195678711
          ],
          [
            50.69276049033586,
            35.379753112792976
          ],
          [
            50.707764736658866,
            35.37322998046876
          ],
          [
            50.712330293574844,
            35.41717529296876
          ],
          [
            50.72276418262858,
            35.40962219238282
          ],
          [
            50.72569829540556,
            35.36773681640626
          ],
          [
            50.73927975658648,
            35.36550521850587
          ],
          [
            50.75492071895524,
            35.36447525024415
          ],
          [
            50.75872155239645,
            35.34971237182618
          ],
          [
            50.77055645621864,
            35.36361694335938
          ],
          [
            50.77479023593762,
            35.372543334960945
          ],
          [
            50.79519384952096,
            35.360527038574226
          ],
          [
            50.80777887146253,
            35.356578826904304
          ],
          [
            50.81851685601869,
            35.36344528198243
          ],
          [
            50.82827651802007,
            35.37374496459962
          ],
          [
            50.817595004727096,
            35.416746139526374
          ]
        ]
      },
      "geometry": {
        "type": "LineString",
        "coordinates": [
          [
            35.405331,
            50.656752
          ],
          [
            35.404573,
            50.657274
          ],
          [
            35.403577,
            50.657907
          ],
          [
            35.402386,
            50.65864
          ],
          [
            35.401045,
            50.659461
          ],
          [
            35.399602,
            50.660359
          ],
          [
            35.398099,
            50.661323
          ],
          [
            35.396584,
            50.662341
          ],
          [
            35.395101,
            50.663403
          ],
          [
            35.393695,
            50.664496
          ],
          [
            35.392412,
            50.665609
          ],
          [
            35.391298,
            50.666731
          ],
          [
            35.390396,
            50.667852
          ],
          [
            35.389701,
            50.669018
          ],
          [
            35.389157,
            50.670272
          ],
          [
            35.38874,
            50.671597
          ],
          [
            35.388425,
            50.672973
          ],
          [
            35.388188,
            50.67438
          ],
          [
            35.388004,
            50.6758
          ],
          [
            35.387847,
            50.677213
          ],
          [
            35.387694,
            50.678601
          ],
          [
            35.387519,
            50.679945
          ],
          [
            35.387299,
            50.681224
          ],
          [
            35.387007,
            50.682421
          ],
          [
            35.38662,
            50.683516
          ],
          [
            35.386154,
            50.684493
          ],
          [
            35.38565,
            50.685362
          ],
          [
            35.385112,
            50.686144
          ],
          [
            35.384547,
            50.68686
          ],
          [
            35.38396,
            50.687532
          ],
          [
            35.383358,
            50.68818
          ],
          [
            35.382746,
            50.688826
          ],
          [
            35.382131,
            50.68949
          ],
          [
            35.381518,
            50.690195
          ],
          [
            35.380913,
            50.690961
          ],
          [
            35.380323,
            50.691809
          ],
          [
            35.379753,
            50.69276
          ],
          [
            35.379037,
            50.693842
          ],
          [
            35.378062,
            50.695049
          ],
          [
            35.376915,
            50.696351
          ],
          [
            35.375684,
            50.697722
          ],
          [
            35.374455,
            50.699132
          ],
          [
            35.373316,
            50.700555
          ],
          [
            35.372353,
            50.701961
          ],
          [
            35.371653,
            50.703323
          ],
          [
            35.371304,
            50.704613
          ],
          [
            35.371393,
            50.705801
          ],
          [
            35.372006,
            50.706862
          ],
          [
            35.37323,
            50.707765
          ],
          [
            35.375289,
            50.708492
          ],
          [
            35.37823,
            50.709062
          ],
          [
            35.381875,
            50.709503
          ],
          [
            35.386047,
            50.709842
          ],
          [
            35.39057,
            50.71011
          ],
          [
            35.395267,
            50.710333
          ],
          [
            35.39996,
            50.710541
          ],
          [
            35.404472,
            50.71076
          ],
          [
            35.408627,
            50.711021
          ],
          [
            35.412247,
            50.711351
          ],
          [
            35.415156,
            50.711778
          ],
          [
            35.417175,
            50.71233
          ],
          [
            35.418458,
            50.713018
          ],
          [
            35.419294,
            50.713816
          ],
          [
            35.419713,
            50.714702
          ],
          [
            35.419744,
            50.715651
          ],
          [
            35.419417,
            50.716641
          ],
          [
            35.418763,
            50.717649
          ],
          [
            35.417811,
            50.718651
          ],
          [
            35.41659,
            50.719624
          ],
          [
            35.415131,
            50.720545
          ],
          [
            35.413464,
            50.721391
          ],
          [
            35.411618,
            50.722139
          ],
          [
            35.409622,
            50.722764
          ],
          [
            35.407208,
            50.723237
          ],
          [
            35.404169,
            50.723564
          ],
          [
            35.400635,
            50.723775
          ],
          [
            35.396735,
            50.723903
          ],
          [
            35.392596,
            50.723979
          ],
          [
            35.388347,
            50.724035
          ],
          [
            35.384116,
            50.724101
          ],
          [
            35.380033,
            50.724209
          ],
          [
            35.376225,
            50.724392
          ],
          [
            35.37282,
            50.72468
          ],
          [
            35.369948,
            50.725105
          ],
          [
            35.367737,
            50.725698
          ],
          [
            35.366159,
            50.726451
          ],
          [
            35.365056,
            50.727322
          ],
          [
            35.364363,
            50.728297
          ],
          [
            35.364011,
            50.72936
          ],
          [
            35.363935,
            50.730498
          ],
          [
            35.364068,
            50.731695
          ],
          [
            35.364342,
            50.732936
          ],
          [
            35.364691,
            50.734206
          ],
          [
            35.365049,
            50.73549
          ],
          [
            35.365349,
            50.736774
          ],
          [
            35.365523,
            50.738042
          ],
          [
            35.365505,
            50.73928
          ],
          [
            35.365421,
            50.740549
          ],
          [
            35.365423,
            50.741904
          ],
          [
            35.365485,
            50.743323
          ],
          [
            35.365582,
            50.744779
          ],
          [
            35.365686,
            50.74625
          ],
          [
            35.365773,
            50.747712
          ],
          [
            35.365817,
            50.749139
          ],
          [
            35.365791,
            50.750508
          ],
          [
            35.36567,
            50.751795
          ],
          [
            35.365428,
            50.752975
          ],
          [
            35.365038,
            50.754025
          ],
          [
            35.364475,
            50.754921
          ],
          [
            35.363635,
            50.755626
          ],
          [
            35.362478,
            50.756146
          ],
          [
            35.361078,
            50.756515
          ],
          [
            35.35951,
            50.756767
          ],
          [
            35.357846,
            50.756937
          ],
          [
            35.35616,
            50.757059
          ],
          [
            35.354527,
            50.757168
          ],
          [
            35.353018,
            50.757298
          ],
          [
            35.351709,
            50.757484
          ],
          [
            35.350673,
            50.75776
          ],
          [
            35.349983,
            50.758161
          ],
          [
            35.349712,
            50.758722
          ],
          [
            35.349883,
            50.759451
          ],
          [
            35.350428,
            50.760317
          ],
          [
            35.35129,
            50.761294
          ],
          [
            35.352408,
            50.762353
          ],
          [
            35.353726,
            50.763468
          ],
          [
            35.355184,
            50.764612
          ],
          [
            35.356725,
            50.765757
          ],
          [
            35.358289,
            50.766877
          ],
          [
            35.359819,
            50.767944
          ],
          [
            35.361256,
            50.768931
          ],
          [
            35.362541,
            50.769811
          ],
          [
            35.363617,
            50.770556
          ],
          [
            35.364602,
            50.771124
          ],
          [
            35.365635,
            50.771515
          ],
          [
            35.366689,
            50.77177
          ],
          [
            35.367737,
            50.771932
          ],
          [
            35.36875,
            50.772041
          ],
          [
            35.3697,
            50.772138
          ],
          [
            35.370561,
            50.772265
          ],
          [
            35.371304,
            50.772463
          ],
          [
            35.371901,
            50.772773
          ],
          [
            35.372325,
            50.773237
          ],
          [
            35.372549,
            50.773895
          ],
          [
            35.372543,
            50.77479
          ],
          [
            35.37225,
            50.775949
          ],
          [
            35.371659,
            50.777346
          ],
          [
            35.370823,
            50.778937
          ],
          [
            35.36979,
            50.780683
          ],
          [
            35.368613,
            50.782541
          ],
          [
            35.36734,
            50.78447
          ],
          [
            35.366022,
            50.786428
          ],
          [
            35.36471,
            50.788373
          ],
          [
            35.363455,
            50.790264
          ],
          [
            35.362305,
            50.792059
          ],
          [
            35.361313,
            50.793716
          ],
          [
            35.360527,
            50.795194
          ],
          [
            35.359881,
            50.796522
          ],
          [
            35.359277,
            50.797765
          ],
          [
            35.358719,
            50.798933
          ],
          [
            35.358213,
            50.800036
          ],
          [
            35.357762,
            50.801085
          ],
          [
            35.357373,
            50.80209
          ],
          [
            35.357049,
            50.803062
          ],
          [
            35.356795,
            50.80401
          ],
          [
            35.356616,
            50.804946
          ],
          [
            35.356518,
            50.805879
          ],
          [
            35.356504,
            50.80682
          ],
          [
            35.356579,
            50.807779
          ],
          [
            35.356761,
            50.808741
          ],
          [
            35.357058,
            50.809687
          ],
          [
            35.357455,
            50.810616
          ],
          [
            35.357939,
            50.811531
          ],
          [
            35.358499,
            50.812434
          ],
          [
            35.359122,
            50.813324
          ],
          [
            35.359793,
            50.814206
          ],
          [
            35.360502,
            50.815078
          ],
          [
            35.361234,
            50.815944
          ],
          [
            35.361977,
            50.816805
          ],
          [
            35.362718,
            50.817662
          ],
          [
            35.363445,
            50.818517
          ],
          [
            35.364079,
            50.819429
          ],
          [
            35.364585,
            50.820437
          ],
          [
            35.365012,
            50.821505
          ],
          [
            35.365413,
            50.8226
          ],
          [
            35.365838,
            50.823688
          ],
          [
            35.366337,
            50.824735
          ],
          [
            35.366961,
            50.825709
          ],
          [
            35.367762,
            50.826574
          ],
          [
            35.36879,
            50.827297
          ],
          [
            35.370096,
            50.827844
          ],
          [
            35.371731,
            50.828182
          ],
          [
            35.373745,
            50.828277
          ],
          [
            35.37632,
            50.828068
          ],
          [
            35.379517,
            50.827556
          ],
          [
            35.383204,
            50.826793
          ],
          [
            35.387249,
            50.825835
          ],
          [
            35.391521,
            50.824734
          ],
          [
            35.395889,
            50.823546
          ],
          [
            35.400221,
            50.822323
          ],
          [
            35.404387,
            50.821121
          ],
          [
            35.408253,
            50.819993
          ],
          [
            35.411689,
            50.818994
          ],
          [
            35.414564,
            50.818176
          ],
          [
            35.416746,
            50.817595
          ]
        ]
      }
    },
    {
      "type": "Feature",
      "properties": {
        "Name": "New curved line 5",
        "_curve": true,
        "_controlPoints": [
          [
            50.90996067566234,
            35.39588928222657
          ],
          [
            50.90757934538685,
            35.32413482666016
          ],
          [
            50.91537233686655,
            35.29254913330079
          ],
          [
            50.918186152020425,
            35.264396667480476
          ],
          [
            50.93809444305038,
            35.23109436035157
          ],
          [
            50.952371229454116,
            35.261650085449226
          ],
          [
            50.9906373309996,
            35.26422500610352
          ],
          [
            51.00565410162246,
            35.24105072021485
          ],
          [
            51.00154928012,
            35.211009979248054
          ],
          [
            51.01893827029199,
            35.17358779907227
          ],
          [
            51.03405383220282,
            35.15899658203126
          ],
          [
            51.032002723592484,
            35.14371871948243
          ],
          [
            51.01591456640252,
            35.13977050781251
          ],
          [
            51.01170265025073,
            35.11831283569337
          ],
          [
            51.040962161729695,
            35.07831573486329
          ],
          [
            51.04711402556198,
            35.10457992553712
          ],
          [
            51.06286770508029,
            35.136852264404304
          ],
          [
            51.08185131796193,
            35.15436172485352
          ],
          [
            51.10319857490022,
            35.113334655761726
          ],
          [
            51.104384244689136,
            35.068187713623054
          ],
          [
            51.096946358530175,
            35.03814697265626
          ],
          [
            51.07947879221284,
            34.98441696166993
          ],
          [
            51.073978378201595,
            34.96398925781251
          ],
          [
            51.06793795473355,
            34.9306869506836
          ],
          [
            51.06200462855171,
            34.91781234741212
          ],
          [
            51.05801269030014,
            34.868888854980476
          ],
          [
            51.06567259267269,
            34.82133865356446
          ],
          [
            51.07117399392345,
            34.81464385986329
          ],
          [
            51.08702731546207,
            34.80279922485352
          ],
          [
            51.10384530764609,
            34.80588912963868
          ],
          [
            51.12098042861288,
            34.76091384887696
          ],
          [
            51.1356318430504,
            34.7494125366211
          ],
          [
            51.17310106663241,
            34.71748352050782
          ]
        ]
      },
      "geometry": {
        "type": "LineString",
        "coordinates": [
          [
            35.395889,
            50.909961
          ],
          [
            35.392294,
            50.909813
          ],
          [
            35.387618,
            50.909584
          ],
          [
            35.382054,
            50.909294
          ],
          [
            35.375799,
            50.908966
          ],
          [
            35.369044,
            50.908622
          ],
          [
            35.361986,
            50.908283
          ],
          [
            35.354818,
            50.907971
          ],
          [
            35.347735,
            50.907708
          ],
          [
            35.340931,
            50.907515
          ],
          [
            35.3346,
            50.907415
          ],
          [
            35.328936,
            50.907429
          ],
          [
            35.324135,
            50.907579
          ],
          [
            35.320085,
            50.907888
          ],
          [
            35.316506,
            50.908347
          ],
          [
            35.313334,
            50.908929
          ],
          [
            35.310504,
            50.909608
          ],
          [
            35.307953,
            50.910357
          ],
          [
            35.305617,
            50.911151
          ],
          [
            35.303432,
            50.911963
          ],
          [
            35.301336,
            50.912767
          ],
          [
            35.299263,
            50.913536
          ],
          [
            35.29715,
            50.914244
          ],
          [
            35.294933,
            50.914865
          ],
          [
            35.292549,
            50.915372
          ],
          [
            35.290099,
            50.915727
          ],
          [
            35.287718,
            50.915932
          ],
          [
            35.28539,
            50.916025
          ],
          [
            35.283101,
            50.916046
          ],
          [
            35.280836,
            50.916032
          ],
          [
            35.27858,
            50.916022
          ],
          [
            35.276318,
            50.916054
          ],
          [
            35.274035,
            50.916166
          ],
          [
            35.271716,
            50.916397
          ],
          [
            35.269347,
            50.916786
          ],
          [
            35.266912,
            50.917369
          ],
          [
            35.264397,
            50.918186
          ],
          [
            35.261599,
            50.919265
          ],
          [
            35.258405,
            50.92058
          ],
          [
            35.254937,
            50.922093
          ],
          [
            35.251312,
            50.923765
          ],
          [
            35.247652,
            50.925555
          ],
          [
            35.244076,
            50.927424
          ],
          [
            35.240704,
            50.929333
          ],
          [
            35.237656,
            50.931242
          ],
          [
            35.235051,
            50.933113
          ],
          [
            35.233009,
            50.934904
          ],
          [
            35.23165,
            50.936578
          ],
          [
            35.231094,
            50.938094
          ],
          [
            35.231494,
            50.939405
          ],
          [
            35.232815,
            50.940522
          ],
          [
            35.234899,
            50.941497
          ],
          [
            35.237586,
            50.942382
          ],
          [
            35.240716,
            50.943228
          ],
          [
            35.24413,
            50.944085
          ],
          [
            35.247669,
            50.945007
          ],
          [
            35.251172,
            50.946044
          ],
          [
            35.254482,
            50.947247
          ],
          [
            35.257438,
            50.948669
          ],
          [
            35.25988,
            50.95036
          ],
          [
            35.26165,
            50.952371
          ],
          [
            35.262926,
            50.954794
          ],
          [
            35.263997,
            50.95763
          ],
          [
            35.264865,
            50.960796
          ],
          [
            35.265535,
            50.964211
          ],
          [
            35.26601,
            50.967792
          ],
          [
            35.266296,
            50.971458
          ],
          [
            35.266394,
            50.975127
          ],
          [
            35.26631,
            50.978716
          ],
          [
            35.266048,
            50.982143
          ],
          [
            35.26561,
            50.985327
          ],
          [
            35.265001,
            50.988186
          ],
          [
            35.264225,
            50.990637
          ],
          [
            35.263217,
            50.992764
          ],
          [
            35.261932,
            50.994707
          ],
          [
            35.260403,
            50.996474
          ],
          [
            35.258662,
            50.998073
          ],
          [
            35.256742,
            50.999511
          ],
          [
            35.254676,
            51.000794
          ],
          [
            35.252497,
            51.00193
          ],
          [
            35.250238,
            51.002926
          ],
          [
            35.247931,
            51.003789
          ],
          [
            35.245608,
            51.004527
          ],
          [
            35.243304,
            51.005146
          ],
          [
            35.241051,
            51.005654
          ],
          [
            35.238811,
            51.005913
          ],
          [
            35.236527,
            51.005828
          ],
          [
            35.234196,
            51.005469
          ],
          [
            35.231819,
            51.004906
          ],
          [
            35.229394,
            51.004211
          ],
          [
            35.226921,
            51.003453
          ],
          [
            35.224398,
            51.002704
          ],
          [
            35.221825,
            51.002034
          ],
          [
            35.2192,
            51.001512
          ],
          [
            35.216523,
            51.001211
          ],
          [
            35.213794,
            51.0012
          ],
          [
            35.21101,
            51.001549
          ],
          [
            35.208077,
            51.002253
          ],
          [
            35.204936,
            51.00323
          ],
          [
            35.201638,
            51.004439
          ],
          [
            35.198237,
            51.005838
          ],
          [
            35.194785,
            51.007386
          ],
          [
            35.191333,
            51.009043
          ],
          [
            35.187936,
            51.010766
          ],
          [
            35.184644,
            51.012514
          ],
          [
            35.181511,
            51.014247
          ],
          [
            35.178589,
            51.015923
          ],
          [
            35.17593,
            51.0175
          ],
          [
            35.173588,
            51.018938
          ],
          [
            35.171575,
            51.020332
          ],
          [
            35.169843,
            51.021788
          ],
          [
            35.168351,
            51.023279
          ],
          [
            35.167058,
            51.024781
          ],
          [
            35.165924,
            51.026267
          ],
          [
            35.164908,
            51.027711
          ],
          [
            35.163969,
            51.029088
          ],
          [
            35.163066,
            51.030371
          ],
          [
            35.162158,
            51.031535
          ],
          [
            35.161204,
            51.032554
          ],
          [
            35.160164,
            51.033402
          ],
          [
            35.158997,
            51.034054
          ],
          [
            35.157711,
            51.034529
          ],
          [
            35.156359,
            51.034868
          ],
          [
            35.15496,
            51.035077
          ],
          [
            35.153535,
            51.035162
          ],
          [
            35.152106,
            51.035127
          ],
          [
            35.150692,
            51.034979
          ],
          [
            35.149316,
            51.034722
          ],
          [
            35.147998,
            51.034362
          ],
          [
            35.146758,
            51.033905
          ],
          [
            35.145617,
            51.033356
          ],
          [
            35.144597,
            51.03272
          ],
          [
            35.143719,
            51.032003
          ],
          [
            35.143049,
            51.031116
          ],
          [
            35.142608,
            51.029996
          ],
          [
            35.142345,
            51.028689
          ],
          [
            35.142212,
            51.02724
          ],
          [
            35.142157,
            51.025693
          ],
          [
            35.142131,
            51.024094
          ],
          [
            35.142083,
            51.022487
          ],
          [
            35.141964,
            51.020917
          ],
          [
            35.141723,
            51.019431
          ],
          [
            35.141311,
            51.018071
          ],
          [
            35.140676,
            51.016884
          ],
          [
            35.139771,
            51.015915
          ],
          [
            35.138654,
            51.015041
          ],
          [
            35.137422,
            51.014138
          ],
          [
            35.136072,
            51.013242
          ],
          [
            35.134602,
            51.012391
          ],
          [
            35.13301,
            51.011623
          ],
          [
            35.131295,
            51.010974
          ],
          [
            35.129454,
            51.010483
          ],
          [
            35.127487,
            51.010187
          ],
          [
            35.125391,
            51.010124
          ],
          [
            35.123165,
            51.01033
          ],
          [
            35.120806,
            51.010844
          ],
          [
            35.118313,
            51.011703
          ],
          [
            35.115418,
            51.013043
          ],
          [
            35.111953,
            51.01491
          ],
          [
            35.108064,
            51.017206
          ],
          [
            35.1039,
            51.019832
          ],
          [
            35.099606,
            51.022691
          ],
          [
            35.095332,
            51.025685
          ],
          [
            35.091223,
            51.028714
          ],
          [
            35.087427,
            51.031681
          ],
          [
            35.084091,
            51.034488
          ],
          [
            35.081362,
            51.037035
          ],
          [
            35.079388,
            51.039226
          ],
          [
            35.078316,
            51.040962
          ],
          [
            35.078165,
            51.042253
          ],
          [
            35.078789,
            51.043214
          ],
          [
            35.080082,
            51.0439
          ],
          [
            35.08194,
            51.044369
          ],
          [
            35.084258,
            51.044677
          ],
          [
            35.086931,
            51.044882
          ],
          [
            35.089855,
            51.04504
          ],
          [
            35.092926,
            51.045208
          ],
          [
            35.096038,
            51.045443
          ],
          [
            35.099088,
            51.045801
          ],
          [
            35.10197,
            51.046339
          ],
          [
            35.10458,
            51.047114
          ],
          [
            35.107106,
            51.04808
          ],
          [
            35.109782,
            51.049147
          ],
          [
            35.112572,
            51.050302
          ],
          [
            35.115439,
            51.051534
          ],
          [
            35.118348,
            51.052834
          ],
          [
            35.121263,
            51.054189
          ],
          [
            35.124148,
            51.055588
          ],
          [
            35.126966,
            51.057022
          ],
          [
            35.129681,
            51.058477
          ],
          [
            35.132258,
            51.059944
          ],
          [
            35.134661,
            51.061411
          ],
          [
            35.136852,
            51.062868
          ],
          [
            35.139015,
            51.064329
          ],
          [
            35.141302,
            51.065817
          ],
          [
            35.14364,
            51.067331
          ],
          [
            35.14595,
            51.068869
          ],
          [
            35.148159,
            51.070429
          ],
          [
            35.150188,
            51.07201
          ],
          [
            35.151963,
            51.07361
          ],
          [
            35.153408,
            51.075229
          ],
          [
            35.154446,
            51.076864
          ],
          [
            35.155002,
            51.078513
          ],
          [
            35.154999,
            51.080176
          ],
          [
            35.154362,
            51.081851
          ],
          [
            35.153005,
            51.083612
          ],
          [
            35.150959,
            51.085506
          ],
          [
            35.148317,
            51.087494
          ],
          [
            35.145175,
            51.089539
          ],
          [
            35.141625,
            51.091599
          ],
          [
            35.137764,
            51.093637
          ],
          [
            35.133685,
            51.095613
          ],
          [
            35.129484,
            51.097489
          ],
          [
            35.125253,
            51.099224
          ],
          [
            35.121088,
            51.10078
          ],
          [
            35.117084,
            51.102118
          ],
          [
            35.113335,
            51.103199
          ],
          [
            35.109669,
            51.104031
          ],
          [
            35.105874,
            51.104663
          ],
          [
            35.101984,
            51.105115
          ],
          [
            35.098031,
            51.105407
          ],
          [
            35.094051,
            51.105559
          ],
          [
            35.090075,
            51.10559
          ],
          [
            35.086137,
            51.105522
          ],
          [
            35.08227,
            51.105375
          ],
          [
            35.078509,
            51.105167
          ],
          [
            35.074886,
            51.104919
          ],
          [
            35.071434,
            51.104652
          ],
          [
            35.068188,
            51.104384
          ],
          [
            35.065231,
            51.104098
          ],
          [
            35.062581,
            51.10376
          ],
          [
            35.060171,
            51.103366
          ],
          [
            35.057933,
            51.102915
          ],
          [
            35.055799,
            51.102404
          ],
          [
            35.053704,
            51.101831
          ],
          [
            35.051578,
            51.101193
          ],
          [
            35.049356,
            51.100488
          ],
          [
            35.046969,
            51.099713
          ],
          [
            35.04435,
            51.098866
          ],
          [
            35.041432,
            51.097945
          ],
          [
            35.038147,
            51.096946
          ],
          [
            35.034393,
            51.095804
          ],
          [
            35.030177,
            51.094477
          ],
          [
            35.0256,
            51.093004
          ],
          [
            35.020758,
            51.091424
          ],
          [
            35.015753,
            51.089773
          ],
          [
            35.010681,
            51.088091
          ],
          [
            35.005643,
            51.086416
          ],
          [
            35.000738,
            51.084786
          ],
          [
            34.996063,
            51.083239
          ],
          [
            34.991719,
            51.081814
          ],
          [
            34.987804,
            51.080547
          ],
          [
            34.984417,
            51.079479
          ],
          [
            34.98159,
            51.078603
          ],
          [
            34.979234,
            51.077876
          ],
          [
            34.97727,
            51.077275
          ],
          [
            34.975618,
            51.076779
          ],
          [
            34.974197,
            51.076366
          ],
          [
            34.972926,
            51.076014
          ],
          [
            34.971727,
            51.075703
          ],
          [
            34.970519,
            51.075409
          ],
          [
            34.969221,
            51.075111
          ],
          [
            34.967753,
            51.074788
          ],
          [
            34.966036,
            51.074418
          ],
          [
            34.963989,
            51.073978
          ],
          [
            34.9616,
            51.073494
          ],
          [
            34.958947,
            51.073002
          ],
          [
            34.95609,
            51.072504
          ],
          [
            34.953086,
            51.072001
          ],
          [
            34.949992,
            51.071494
          ],
          [
            34.946866,
            51.070985
          ],
          [
            34.943767,
            51.070475
          ],
          [
            34.940751,
            51.069963
          ],
          [
            34.937878,
            51.069453
          ],
          [
            34.935204,
            51.068945
          ],
          [
            34.932788,
            51.068439
          ],
          [
            34.930687,
            51.067938
          ],
          [
            34.929014,
            51.067434
          ],
          [
            34.927776,
            51.06692
          ],
          [
            34.926877,
            51.066402
          ],
          [
            34.926217,
            51.06588
          ],
          [
            34.9257,
            51.06536
          ],
          [
            34.925226,
            51.064843
          ],
          [
            34.924698,
            51.064334
          ],
          [
            34.924018,
            51.063835
          ],
          [
            34.923087,
            51.063349
          ],
          [
            34.921808,
            51.06288
          ],
          [
            34.920082,
            51.062431
          ],
          [
            34.917812,
            51.062005
          ],
          [
            34.914993,
            51.061567
          ],
          [
            34.911729,
            51.061092
          ],
          [
            34.908084,
            51.060597
          ],
          [
            34.904124,
            51.060099
          ],
          [
            34.899914,
            51.059614
          ],
          [
            34.895518,
            51.059159
          ],
          [
            34.891002,
            51.058752
          ],
          [
            34.88643,
            51.058408
          ],
          [
            34.881868,
            51.058146
          ],
          [
            34.877381,
            51.057981
          ],
          [
            34.873032,
            51.057931
          ],
          [
            34.868889,
            51.058013
          ],
          [
            34.864748,
            51.05825
          ],
          [
            34.860411,
            51.05864
          ],
          [
            34.855947,
            51.059159
          ],
          [
            34.851424,
            51.059783
          ],
          [
            34.84691,
            51.060488
          ],
          [
            34.842474,
            51.061249
          ],
          [
            34.838185,
            51.062044
          ],
          [
            34.834112,
            51.062848
          ],
          [
            34.830321,
            51.063636
          ],
          [
            34.826883,
            51.064386
          ],
          [
            34.823866,
            51.065073
          ],
          [
            34.821339,
            51.065673
          ],
          [
            34.819367,
            51.066174
          ],
          [
            34.817918,
            51.066595
          ],
          [
            34.816913,
            51.066957
          ],
          [
            34.816271,
            51.067283
          ],
          [
            34.815914,
            51.067594
          ],
          [
            34.81576,
            51.067911
          ],
          [
            34.81573,
            51.068257
          ],
          [
            34.815744,
            51.068653
          ],
          [
            34.815722,
            51.069121
          ],
          [
            34.815585,
            51.069683
          ],
          [
            34.815252,
            51.07036
          ],
          [
            34.814644,
            51.071174
          ],
          [
            34.81379,
            51.07213
          ],
          [
            34.812795,
            51.073206
          ],
          [
            34.811695,
            51.074387
          ],
          [
            34.810524,
            51.075656
          ],
          [
            34.809317,
            51.076997
          ],
          [
            34.80811,
            51.078393
          ],
          [
            34.806937,
            51.079829
          ],
          [
            34.805832,
            51.081288
          ],
          [
            34.804831,
            51.082754
          ],
          [
            34.803969,
            51.084209
          ],
          [
            34.80328,
            51.085639
          ],
          [
            34.802799,
            51.087027
          ],
          [
            34.802687,
            51.088394
          ],
          [
            34.803006,
            51.089771
          ],
          [
            34.803648,
            51.091157
          ],
          [
            34.804503,
            51.09255
          ],
          [
            34.805462,
            51.09395
          ],
          [
            34.806415,
            51.095356
          ],
          [
            34.807253,
            51.096766
          ],
          [
            34.807866,
            51.09818
          ],
          [
            34.808146,
            51.099596
          ],
          [
            34.807983,
            51.101013
          ],
          [
            34.807267,
            51.10243
          ],
          [
            34.805889,
            51.103845
          ],
          [
            34.803717,
            51.10527
          ],
          [
            34.800787,
            51.106712
          ],
          [
            34.79724,
            51.108165
          ],
          [
            34.793218,
            51.109626
          ],
          [
            34.788862,
            51.111088
          ],
          [
            34.784313,
            51.112548
          ],
          [
            34.779714,
            51.114001
          ],
          [
            34.775206,
            51.115441
          ],
          [
            34.770931,
            51.116864
          ],
          [
            34.767029,
            51.118265
          ],
          [
            34.763643,
            51.119638
          ],
          [
            34.760914,
            51.12098
          ],
          [
            34.758848,
            51.122216
          ],
          [
            34.757296,
            51.123302
          ],
          [
            34.756164,
            51.124283
          ],
          [
            34.755357,
            51.125203
          ],
          [
            34.754783,
            51.126106
          ],
          [
            34.754348,
            51.127035
          ],
          [
            34.753958,
            51.128035
          ],
          [
            34.75352,
            51.12915
          ],
          [
            34.75294,
            51.130423
          ],
          [
            34.752124,
            51.131898
          ],
          [
            34.75098,
            51.13362
          ],
          [
            34.749413,
            51.135632
          ],
          [
            34.747365,
            51.138075
          ],
          [
            34.744904,
            51.14099
          ],
          [
            34.742118,
            51.144273
          ],
          [
            34.7391,
            51.147819
          ],
          [
            34.73594,
            51.151524
          ],
          [
            34.732729,
            51.155282
          ],
          [
            34.729558,
            51.15899
          ],
          [
            34.726518,
            51.162542
          ],
          [
            34.7237,
            51.165834
          ],
          [
            34.721194,
            51.16876
          ],
          [
            34.719091,
            51.171218
          ],
          [
            34.717484,
            51.173101
          ]
        ]
      }
    },
    {
      "type": "Feature",
      "properties": {
        "Name": "New curved line 6",
        "_curve": true,
        "_controlPoints": [
          [
            51.704055353325906,
            34.268417358398445
          ],
          [
            51.73723454645786,
            34.29107666015626
          ],
          [
            51.76529023435832,
            34.326095581054695
          ],
          [
            51.79035556791182,
            34.381027221679695
          ],
          [
            51.80606740275158,
            34.41467285156251
          ],
          [
            51.82432022466465,
            34.40986633300782
          ],
          [
            51.82007604211561,
            34.345321655273445
          ],
          [
            51.81455800703693,
            34.254684448242195
          ],
          [
            51.80606740275158,
            34.19631958007813
          ],
          [
            51.84935276370608,
            34.20181274414063
          ],
          [
            51.89937609970991,
            34.26429748535157
          ]
        ]
      },
      "geometry": {
        "type": "LineString",
        "coordinates": [
          [
            34.268417,
            51.704055
          ],
          [
            34.269473,
            51.705675
          ],
          [
            34.27074,
            51.707724
          ],
          [
            34.272199,
            51.710137
          ],
          [
            34.273834,
            51.712847
          ],
          [
            34.275627,
            51.715787
          ],
          [
            34.277558,
            51.718891
          ],
          [
            34.279612,
            51.722093
          ],
          [
            34.281769,
            51.725325
          ],
          [
            34.284012,
            51.728522
          ],
          [
            34.286323,
            51.731617
          ],
          [
            34.288684,
            51.734543
          ],
          [
            34.291077,
            51.737235
          ],
          [
            34.293499,
            51.739761
          ],
          [
            34.295967,
            51.742242
          ],
          [
            34.298496,
            51.744679
          ],
          [
            34.301097,
            51.747077
          ],
          [
            34.303783,
            51.749439
          ],
          [
            34.306569,
            51.75177
          ],
          [
            34.309467,
            51.754072
          ],
          [
            34.31249,
            51.75635
          ],
          [
            34.315651,
            51.758607
          ],
          [
            34.318964,
            51.760847
          ],
          [
            34.322441,
            51.763073
          ],
          [
            34.326096,
            51.76529
          ],
          [
            34.330044,
            51.767513
          ],
          [
            34.334345,
            51.769749
          ],
          [
            34.338927,
            51.771986
          ],
          [
            34.343719,
            51.774213
          ],
          [
            34.34865,
            51.77642
          ],
          [
            34.353647,
            51.778594
          ],
          [
            34.35864,
            51.780726
          ],
          [
            34.363556,
            51.782804
          ],
          [
            34.368324,
            51.784817
          ],
          [
            34.372873,
            51.786754
          ],
          [
            34.377131,
            51.788604
          ],
          [
            34.381027,
            51.790356
          ],
          [
            34.384699,
            51.791984
          ],
          [
            34.388312,
            51.793486
          ],
          [
            34.391837,
            51.794882
          ],
          [
            34.395243,
            51.796192
          ],
          [
            34.398502,
            51.797437
          ],
          [
            34.401584,
            51.798637
          ],
          [
            34.404458,
            51.799814
          ],
          [
            34.407094,
            51.800988
          ],
          [
            34.409464,
            51.80218
          ],
          [
            34.411537,
            51.80341
          ],
          [
            34.413283,
            51.804699
          ],
          [
            34.414673,
            51.806067
          ],
          [
            34.415809,
            51.807571
          ],
          [
            34.416788,
            51.809223
          ],
          [
            34.417575,
            51.810979
          ],
          [
            34.418132,
            51.812797
          ],
          [
            34.418421,
            51.814632
          ],
          [
            34.418406,
            51.816441
          ],
          [
            34.418051,
            51.818181
          ],
          [
            34.417318,
            51.819808
          ],
          [
            34.41617,
            51.821279
          ],
          [
            34.41457,
            51.822551
          ],
          [
            34.412481,
            51.823579
          ],
          [
            34.409866,
            51.82432
          ],
          [
            34.406662,
            51.824758
          ],
          [
            34.402868,
            51.82493
          ],
          [
            34.398542,
            51.824871
          ],
          [
            34.393743,
            51.824619
          ],
          [
            34.388529,
            51.824211
          ],
          [
            34.382958,
            51.823684
          ],
          [
            34.37709,
            51.823074
          ],
          [
            34.370982,
            51.822418
          ],
          [
            34.364693,
            51.821754
          ],
          [
            34.35828,
            51.821118
          ],
          [
            34.351804,
            51.820546
          ],
          [
            34.345322,
            51.820076
          ],
          [
            34.338579,
            51.81967
          ],
          [
            34.331352,
            51.819264
          ],
          [
            34.323741,
            51.818856
          ],
          [
            34.315847,
            51.818441
          ],
          [
            34.307772,
            51.818018
          ],
          [
            34.299617,
            51.817582
          ],
          [
            34.291483,
            51.817132
          ],
          [
            34.283473,
            51.816665
          ],
          [
            34.275686,
            51.816176
          ],
          [
            34.268225,
            51.815664
          ],
          [
            34.261191,
            51.815126
          ],
          [
            34.254684,
            51.814558
          ],
          [
            34.248488,
            51.81379
          ],
          [
            34.24235,
            51.812716
          ],
          [
            34.236327,
            51.811431
          ],
          [
            34.230474,
            51.81003
          ],
          [
            34.224844,
            51.808609
          ],
          [
            34.219494,
            51.807262
          ],
          [
            34.214477,
            51.806085
          ],
          [
            34.209849,
            51.805172
          ],
          [
            34.205664,
            51.804619
          ],
          [
            34.201978,
            51.804521
          ],
          [
            34.198845,
            51.804972
          ],
          [
            34.19632,
            51.806067
          ],
          [
            34.19436,
            51.80784
          ],
          [
            34.19288,
            51.810207
          ],
          [
            34.191867,
            51.81309
          ],
          [
            34.19131,
            51.816411
          ],
          [
            34.191196,
            51.820091
          ],
          [
            34.191513,
            51.824053
          ],
          [
            34.19225,
            51.828218
          ],
          [
            34.193395,
            51.832508
          ],
          [
            34.194936,
            51.836844
          ],
          [
            34.19686,
            51.841149
          ],
          [
            34.199156,
            51.845345
          ],
          [
            34.201813,
            51.849353
          ],
          [
            34.205223,
            51.853445
          ],
          [
            34.209652,
            51.857879
          ],
          [
            34.214891,
            51.862557
          ],
          [
            34.220734,
            51.867381
          ],
          [
            34.226972,
            51.872251
          ],
          [
            34.233398,
            51.87707
          ],
          [
            34.239806,
            51.881738
          ],
          [
            34.245987,
            51.886158
          ],
          [
            34.251734,
            51.89023
          ],
          [
            34.25684,
            51.893856
          ],
          [
            34.261097,
            51.896937
          ],
          [
            34.264297,
            51.899376
          ]
        ]
      }
    }
  ]
}