{
"type": "FeatureCollection",
"name": "Russian-controlled territory",
"crs": { "type": "name", "properties": { "name": "urn:ogc:def:crs:OGC:1.3:CRS84" } },
"features": [
{ "type": "Feature", "properties": { "Name": "", "description": "<br><br>описание: <br>name: ", "tessellate": -1, "extrude": 0, "visibility": -1, "________________": "" }, "geometry": { "type": "Polygon", "coordinates": [ [ [ 31.780361, 52.111398, 0.0 ], [ 31.816066, 52.107603, 0.0 ], [ 31.837696, 52.112242, 0.0 ], [ 31.869282, 52.113928, 0.0 ], [ 31.889881, 52.111187, 0.0 ], [ 31.927646, 52.096637, 0.0 ], [ 31.947559, 52.099378, 0.0 ], [ 31.956486, 52.085457, 0.0 ], [ 31.965755, 52.073641, 0.0 ], [ 31.958889, 52.064355, 0.0 ], [ 31.950992, 52.057178, 0.0 ], [ 31.939663, 52.052323, 0.0 ], [ 31.949962, 52.050845, 0.0 ], [ 31.961979, 52.054012, 0.0 ], [ 31.970047, 52.056862, 0.0 ], [ 32.003692, 52.0557, 0.0 ], [ 32.019829, 52.053589, 0.0 ], [ 32.037338, 52.049156, 0.0 ], [ 32.062401, 52.042821, 0.0 ], [ 32.083343, 52.044722, 0.0 ], [ 32.09948, 52.051478, 0.0 ], [ 32.115959, 52.057178, 0.0 ], [ 32.128319, 52.062244, 0.0 ], [ 32.141022, 52.071531, 0.0 ], [ 32.166084, 52.080393, 0.0 ], [ 32.1987, 52.086512, 0.0 ], [ 32.234062, 52.093473, 0.0 ], [ 32.256721, 52.104018, 0.0 ], [ 32.277321, 52.113717, 0.0 ], [ 32.300667, 52.128052, 0.0 ], [ 32.317489, 52.135849, 0.0 ], [ 32.319549, 52.144067, 0.0 ], [ 32.320579, 52.156917, 0.0 ], [ 32.318519, 52.17229, 0.0 ], [ 32.328132, 52.191447, 0.0 ], [ 32.318519, 52.203652, 0.0 ], [ 32.317833, 52.221533, 0.0 ], [ 32.328476, 52.24235, 0.0 ], [ 32.352852, 52.247606, 0.0 ], [ 32.379287, 52.245924, 0.0 ], [ 32.382721, 52.255382, 0.0 ], [ 32.379287, 52.264208, 0.0 ], [ 32.362465, 52.269671, 0.0 ], [ 32.359375, 52.284795, 0.0 ], [ 32.355598, 52.296975, 0.0 ], [ 32.347358, 52.315028, 0.0 ], [ 32.347015, 52.325731, 0.0 ], [ 32.348045, 52.340417, 0.0 ], [ 32.366241, 52.343773, 0.0 ], [ 32.397827, 52.341885, 0.0 ], [ 32.426666, 52.334962, 0.0 ], [ 32.439026, 52.329927, 0.0 ], [ 32.472328, 52.333704, 0.0 ], [ 32.486404, 52.331186, 0.0 ], [ 32.515587, 52.331186, 0.0 ], [ 32.555412, 52.329718, 0.0 ], [ 32.571548, 52.321324, 0.0 ], [ 32.585624, 52.309571, 0.0 ], [ 32.616524, 52.306632, 0.0 ], [ 32.63369, 52.298445, 0.0 ], [ 32.676605, 52.280175, 0.0 ], [ 32.706474, 52.2682, 0.0 ], [ 32.743553, 52.270512, 0.0 ], [ 32.765869, 52.270302, 0.0 ], [ 32.788185, 52.274713, 0.0 ], [ 32.827324, 52.283115, 0.0 ], [ 32.852386, 52.284795, 0.0 ], [ 32.899765, 52.276604, 0.0 ], [ 32.899422, 52.263998, 0.0 ], [ 32.899422, 52.258325, 0.0 ], [ 32.898048, 52.25265, 0.0 ], [ 32.909378, 52.258535, 0.0 ], [ 32.932037, 52.272402, 0.0 ], [ 32.967743, 52.283745, 0.0 ], [ 32.999328, 52.289416, 0.0 ], [ 33.016838, 52.304743, 0.0 ], [ 33.037437, 52.323003, 0.0 ], [ 33.059067, 52.335382, 0.0 ], [ 33.076919, 52.328878, 0.0 ], [ 33.080009, 52.316288, 0.0 ], [ 33.071426, 52.308942, 0.0 ], [ 33.081039, 52.309991, 0.0 ], [ 33.090309, 52.322584, 0.0 ], [ 33.104385, 52.336221, 0.0 ], [ 33.126701, 52.347758, 0.0 ], [ 33.144211, 52.349016, 0.0 ], [ 33.16172, 52.344402, 0.0 ], [ 33.162063, 52.361597, 0.0 ], [ 33.162063, 52.374385, 0.0 ], [ 33.193306, 52.386749, 0.0 ], [ 33.227981, 52.377109, 0.0 ], [ 33.243774, 52.373127, 0.0 ], [ 33.2836, 52.365371, 0.0 ], [ 33.311752, 52.35971, 0.0 ], [ 33.336815, 52.360549, 0.0 ], [ 33.360847, 52.372289, 0.0 ], [ 33.391746, 52.3769, 0.0 ], [ 33.415779, 52.366, 0.0 ], [ 33.432602, 52.356775, 0.0 ], [ 33.45422, 52.371208, 0.0 ], [ 33.487179, 52.372046, 0.0 ], [ 33.528378, 52.359048, 0.0 ], [ 33.528258, 52.338919, 0.0 ], [ 33.521789, 52.332629, 0.0 ], [ 33.511318, 52.327594, 0.0 ], [ 33.51561, 52.321299, 0.0 ], [ 33.525566, 52.320879, 0.0 ], [ 33.541359, 52.328223, 0.0 ], [ 33.564362, 52.331475, 0.0 ], [ 33.586678, 52.338084, 0.0 ], [ 33.601955, 52.341964, 0.0 ], [ 33.64442, 52.355982, 0.0 ], [ 33.691112, 52.365207, 0.0 ], [ 33.738491, 52.372335, 0.0 ], [ 33.820202, 52.375269, 0.0 ], [ 33.846294, 52.366465, 0.0 ], [ 33.851101, 52.353885, 0.0 ], [ 33.864147, 52.337106, 0.0 ], [ 33.872387, 52.323469, 0.0 ], [ 33.882686, 52.315074, 0.0 ], [ 33.917705, 52.314655, 0.0 ], [ 33.918048, 52.30185, 0.0 ], [ 33.932125, 52.293032, 0.0 ], [ 33.946888, 52.283371, 0.0 ], [ 33.947574, 52.271398, 0.0 ], [ 33.955814, 52.255218, 0.0 ], [ 33.966457, 52.251225, 0.0 ], [ 33.96989, 52.241766, 0.0 ], [ 33.98225, 52.235459, 0.0 ], [ 34.000103, 52.230833, 0.0 ], [ 34.004566, 52.218425, 0.0 ], [ 34.003536, 52.209169, 0.0 ], [ 34.018299, 52.203067, 0.0 ], [ 34.048168, 52.20433, 0.0 ], [ 34.057438, 52.201384, 0.0 ], [ 34.0722, 52.183916, 0.0 ], [ 34.065677, 52.175074, 0.0 ], [ 34.07426, 52.163703, 0.0 ], [ 34.097263, 52.1557, 0.0 ], [ 34.121982, 52.148538, 0.0 ], [ 34.121296, 52.139267, 0.0 ], [ 34.121296, 52.129363, 0.0 ], [ 34.119236, 52.119456, 0.0 ], [ 34.105846, 52.108071, 0.0 ], [ 34.105159, 52.095206, 0.0 ], [ 34.102756, 52.081073, 0.0 ], [ 34.092113, 52.07432, 0.0 ], [ 34.097606, 52.065457, 0.0 ], [ 34.104473, 52.045613, 0.0 ], [ 34.103786, 52.031885, 0.0 ], [ 34.100253, 52.019025, 0.0 ], [ 34.115459, 52.014139, 0.0 ], [ 34.135372, 52.008856, 0.0 ], [ 34.143612, 51.99998, 0.0 ], [ 34.149448, 51.985393, 0.0 ], [ 34.154941, 51.974397, 0.0 ], [ 34.18996, 51.973339, 0.0 ], [ 34.204723, 51.960436, 0.0 ], [ 34.222232, 51.948587, 0.0 ], [ 34.243862, 51.925092, 0.0 ], [ 34.263774, 51.91641, 0.0 ], [ 34.272014, 51.896712, 0.0 ], [ 34.273044, 51.888449, 0.0 ], [ 34.303257, 51.888131, 0.0 ], [ 34.318068, 51.880814, 0.0 ], [ 34.32236, 51.878377, 0.0 ], [ 34.328003, 51.871281, 0.0 ], [ 34.334891, 51.868096, 0.0 ], [ 34.36274, 51.858771, 0.0 ], [ 34.364971, 51.853894, 0.0 ], [ 34.370808, 51.84679, 0.0 ], [ 34.384026, 51.844244, 0.0 ], [ 34.388832, 51.837244, 0.0 ], [ 34.39113, 51.83556, 0.0 ], [ 34.401773, 51.835932, 0.0 ], [ 34.404348, 51.832325, 0.0 ], [ 34.411558, 51.829673, 0.0 ], [ 34.416879, 51.819806, 0.0 ], [ 34.413789, 51.812059, 0.0 ], [ 34.412244, 51.796243, 0.0 ], [ 34.408468, 51.788386, 0.0 ], [ 34.423574, 51.775536, 0.0 ], [ 34.436107, 51.762378, 0.0 ], [ 34.436368, 51.751067, 0.0 ], [ 34.441346, 51.742457, 0.0 ], [ 34.437054, 51.732359, 0.0 ], [ 34.410962, 51.718324, 0.0 ], [ 34.39941, 51.715494, 0.0 ], [ 34.392795, 51.7181, 0.0 ], [ 34.369449, 51.713527, 0.0 ], [ 34.366703, 51.71257, 0.0 ], [ 34.356575, 51.712995, 0.0 ], [ 34.350634, 51.713938, 0.0 ], [ 34.347477, 51.71491, 0.0 ], [ 34.336662, 51.714378, 0.0 ], [ 34.330826, 51.715548, 0.0 ], [ 34.322414, 51.715761, 0.0 ], [ 34.314861, 51.716505, 0.0 ], [ 34.310226, 51.719696, 0.0 ], [ 34.305935, 51.718738, 0.0 ], [ 34.298553, 51.7114, 0.0 ], [ 34.298382, 51.708953, 0.0 ], [ 34.291343, 51.704911, 0.0 ], [ 34.284649, 51.704379, 0.0 ], [ 34.280872, 51.705869, 0.0 ], [ 34.265747, 51.698886, 0.0 ], [ 34.256134, 51.695906, 0.0 ], [ 34.223518, 51.692501, 0.0 ], [ 34.204636, 51.687819, 0.0 ], [ 34.165154, 51.683775, 0.0 ], [ 34.132538, 51.676111, 0.0 ], [ 34.117775, 51.671002, 0.0 ], [ 34.118462, 51.661845, 0.0 ], [ 34.130478, 51.651622, 0.0 ], [ 34.151421, 51.649278, 0.0 ], [ 34.17408, 51.644379, 0.0 ], [ 34.185235, 51.623631, 0.0 ], [ 34.190041, 51.605937, 0.0 ], [ 34.20755, 51.604444, 0.0 ], [ 34.224373, 51.598687, 0.0 ], [ 34.247376, 51.585036, 0.0 ], [ 34.265229, 51.552172, 0.0 ], [ 34.272782, 51.541497, 0.0 ], [ 34.2812295, 51.5334915, 0.0 ], [ 34.2884393, 51.5227051, 0.0 ], [ 34.2771097, 51.5149074, 0.0 ], [ 34.2801996, 51.5018727, 0.0 ], [ 34.2860361, 51.4888342, 0.0 ], [ 34.2958208, 51.4897962, 0.0 ], [ 34.2929025, 51.4827412, 0.0 ], [ 34.308487, 51.482311, 0.0 ], [ 34.298531, 51.473758, 0.0 ], [ 34.271065, 51.461353, 0.0 ], [ 34.260766, 51.443596, 0.0 ], [ 34.254586, 51.428186, 0.0 ], [ 34.235703, 51.420479, 0.0 ], [ 34.24051, 51.411914, 0.0 ], [ 34.253899, 51.404847, 0.0 ], [ 34.288918, 51.39221, 0.0 ], [ 34.306084, 51.387925, 0.0 ], [ 34.31707, 51.378926, 0.0 ], [ 34.3387, 51.367567, 0.0 ], [ 34.34694, 51.354704, 0.0 ], [ 34.328057, 51.331865, 0.0 ], [ 34.320324, 51.332558, 0.0 ], [ 34.31371, 51.330002, 0.0 ], [ 34.314226, 51.324048, 0.0 ], [ 34.31311, 51.320937, 0.0 ], [ 34.308475, 51.321742, 0.0 ], [ 34.304698, 51.320991, 0.0 ], [ 34.305385, 51.319811, 0.0 ], [ 34.308217, 51.318738, 0.0 ], [ 34.310277, 51.317182, 0.0 ], [ 34.311393, 51.314983, 0.0 ], [ 34.308904, 51.312944, 0.0 ], [ 34.30487, 51.312032, 0.0 ], [ 34.303153, 51.310744, 0.0 ], [ 34.303767, 51.304667, 0.0 ], [ 34.306758, 51.302857, 0.0 ], [ 34.307616, 51.301301, 0.0 ], [ 34.304784, 51.29792, 0.0 ], [ 34.303582, 51.295988, 0.0 ], [ 34.299892, 51.294163, 0.0 ], [ 34.294828, 51.293572, 0.0 ], [ 34.29251, 51.292231, 0.0 ], [ 34.290021, 51.289869, 0.0 ], [ 34.285043, 51.288205, 0.0 ], [ 34.279722, 51.287883, 0.0 ], [ 34.274486, 51.28638, 0.0 ], [ 34.269937, 51.278058, 0.0 ], [ 34.263242, 51.276126, 0.0 ], [ 34.253715, 51.274515, 0.0 ], [ 34.2515, 51.274472, 0.0 ], [ 34.253547, 51.265765, 0.0 ], [ 34.26625, 51.258675, 0.0 ], [ 34.291313, 51.253089, 0.0 ], [ 34.329765, 51.25008, 0.0 ], [ 34.361007, 51.264046, 0.0 ], [ 34.36829, 51.264725, 0.0 ], [ 34.384426, 51.273864, 0.0 ], [ 34.40142, 51.270803, 0.0 ], [ 34.410347, 51.267473, 0.0 ], [ 34.414295, 51.265594, 0.0 ], [ 34.413952, 51.264466, 0.0 ], [ 34.427928, 51.259636, 0.0 ], [ 34.449703, 51.263127, 0.0 ], [ 34.468532, 51.254911, 0.0 ], [ 34.485777, 51.251845, 0.0 ], [ 34.490136, 51.246933, 0.0 ], [ 34.501878, 51.245405, 0.0 ], [ 34.514376, 51.252548, 0.0 ], [ 34.526058, 51.256482, 0.0 ], [ 34.545651, 51.254989, 0.0 ], [ 34.573828, 51.245333, 0.0 ], [ 34.600936, 51.258082, 0.0 ], [ 34.660756, 51.252878, 0.0 ], [ 34.67427, 51.241172, 0.0 ], [ 34.66912, 51.218813, 0.0 ], [ 34.684913, 51.198595, 0.0 ], [ 34.704482, 51.186331, 0.0 ], [ 34.717559, 51.174453, 0.0 ], [ 34.742278, 51.185214, 0.0 ], [ 34.809569, 51.18091, 0.0 ], [ 34.819218, 51.18668, 0.0 ], [ 34.848057, 51.199589, 0.0 ], [ 34.879642, 51.205612, 0.0 ], [ 34.904362, 51.209484, 0.0 ], [ 34.916035, 51.214216, 0.0 ], [ 34.93938, 51.224107, 0.0 ], [ 34.95586, 51.231847, 0.0 ], [ 34.97028, 51.236146, 0.0 ], [ 34.981266, 51.243025, 0.0 ], [ 35.003925, 51.235286, 0.0 ], [ 35.027272, 51.230988, 0.0 ], [ 35.040696, 51.218561, 0.0 ], [ 35.043443, 51.211464, 0.0 ], [ 35.05546, 51.222001, 0.0 ], [ 35.063012, 51.235761, 0.0 ], [ 35.076059, 51.237696, 0.0 ], [ 35.084985, 51.237911, 0.0 ], [ 35.101121, 51.23877, 0.0 ], [ 35.123781, 51.234901, 0.0 ], [ 35.133737, 51.239846, 0.0 ], [ 35.152548, 51.224363, 0.0 ], [ 35.148393, 51.19181, 0.0 ], [ 35.144273, 51.161677, 0.0 ], [ 35.17316, 51.124483, 0.0 ], [ 35.185164, 51.09884, 0.0 ], [ 35.157698, 51.088921, 0.0 ], [ 35.187432, 51.071674, 0.0 ], [ 35.198075, 51.053982, 0.0 ], [ 35.214554, 51.054196, 0.0 ], [ 35.23863, 51.065706, 0.0 ], [ 35.25747, 51.065633, 0.0 ], [ 35.282532, 51.071674, 0.0 ], [ 35.293862, 51.079224, 0.0 ], [ 35.310707, 51.08278, 0.0 ], [ 35.324761, 51.081165, 0.0 ], [ 35.337464, 51.080734, 0.0 ], [ 35.340897, 51.069516, 0.0 ], [ 35.375009, 51.067121, 0.0 ], [ 35.386755, 51.053437, 0.0 ], [ 35.395481, 51.05489, 0.0 ], [ 35.406195, 51.048386, 0.0 ], [ 35.405371, 51.042329, 0.0 ], [ 35.407714, 51.042354, 0.0 ], [ 35.409027, 51.039141, 0.0 ], [ 35.403757, 51.038544, 0.0 ], [ 35.403869, 51.034441, 0.0 ], [ 35.400118, 51.033576, 0.0 ], [ 35.399741, 51.031738, 0.0 ], [ 35.40282, 51.031469, 0.0 ], [ 35.403409, 51.028826, 0.0 ], [ 35.40756, 51.029368, 0.0 ], [ 35.409994, 51.026454, 0.0 ], [ 35.40411, 51.024626, 0.0 ], [ 35.404063, 51.022851, 0.0 ], [ 35.394747, 51.02248, 0.0 ], [ 35.393881, 51.019794, 0.0 ], [ 35.384261, 51.019916, 0.0 ], [ 35.382875, 51.012817, 0.0 ], [ 35.377163, 51.009283, 0.0 ], [ 35.373215, 51.009499, 0.0 ], [ 35.369953, 51.007015, 0.0 ], [ 35.359825, 51.005935, 0.0 ], [ 35.342659, 51.006367, 0.0 ], [ 35.335106, 51.008851, 0.0 ], [ 35.323948, 51.014467, 0.0 ], [ 35.322853, 51.012829, 0.0 ], [ 35.328863, 51.008686, 0.0 ], [ 35.330885, 51.002743, 0.0 ], [ 35.33806, 50.998685, 0.0 ], [ 35.330128, 50.995708, 0.0 ], [ 35.332122, 50.992077, 0.0 ], [ 35.34291, 50.987068, 0.0 ], [ 35.348541, 50.977281, 0.0 ], [ 35.350669, 50.976225, 0.0 ], [ 35.351562, 50.974345, 0.0 ], [ 35.350737, 50.972898, 0.0 ], [ 35.343665, 50.967866, 0.0 ], [ 35.342086, 50.963482, 0.0 ], [ 35.336184, 50.96293, 0.0 ], [ 35.337468, 50.957367, 0.0 ], [ 35.333606, 50.953149, 0.0 ], [ 35.331803, 50.950121, 0.0 ], [ 35.331031, 50.947093, 0.0 ], [ 35.330087, 50.943903, 0.0 ], [ 35.333176, 50.937521, 0.0 ], [ 35.339699, 50.93725, 0.0 ], [ 35.343819, 50.93671, 0.0 ], [ 35.351887, 50.933735, 0.0 ], [ 35.375074, 50.93315, 0.0 ], [ 35.367693, 50.926227, 0.0 ], [ 35.3937, 50.926334, 0.0 ], [ 35.396017, 50.922547, 0.0 ], [ 35.402712, 50.917082, 0.0 ], [ 35.402956, 50.910984, 0.0 ], [ 35.397237, 50.908904, 0.0 ], [ 35.40284, 50.903465, 0.0 ], [ 35.378464, 50.89567, 0.0 ], [ 35.386645, 50.884842, 0.0 ], [ 35.401752, 50.880076, 0.0 ], [ 35.394456, 50.877909, 0.0 ], [ 35.38716, 50.874876, 0.0 ], [ 35.382182, 50.870164, 0.0 ], [ 35.386832, 50.867077, 0.0 ], [ 35.395508, 50.863799, 0.0 ], [ 35.402124, 50.864205, 0.0 ], [ 35.405586, 50.863935, 0.0 ], [ 35.407303, 50.859492, 0.0 ], [ 35.417602, 50.847246, 0.0 ], [ 35.417883, 50.842298, 0.0 ], [ 35.423719, 50.830156, 0.0 ], [ 35.411016, 50.803259, 0.0 ], [ 35.457708, 50.781122, 0.0 ], [ 35.484144, 50.779602, 0.0 ], [ 35.48895, 50.76853, 0.0 ], [ 35.475561, 50.752676, 0.0 ], [ 35.472128, 50.740511, 0.0 ], [ 35.474531, 50.723996, 0.0 ], [ 35.466978, 50.708127, 0.0 ], [ 35.458395, 50.700734, 0.0 ], [ 35.465261, 50.685075, 0.0 ], [ 35.475561, 50.679637, 0.0 ], [ 35.496847, 50.678549, 0.0 ], [ 35.488264, 50.656136, 0.0 ], [ 35.461828, 50.666147, 0.0 ], [ 35.427496, 50.655918, 0.0 ], [ 35.413442, 50.654882, 0.0 ], [ 35.405889, 50.655644, 0.0 ], [ 35.404213, 50.652071, 0.0 ], [ 35.400608, 50.645432, 0.0 ], [ 35.402839, 50.638464, 0.0 ], [ 35.409706, 50.632367, 0.0 ], [ 35.419147, 50.620606, 0.0 ], [ 35.423267, 50.617448, 0.0 ], [ 35.42567, 50.609823, 0.0 ], [ 35.428932, 50.602851, 0.0 ], [ 35.422924, 50.595877, 0.0 ], [ 35.420692, 50.588358, 0.0 ], [ 35.424126, 50.57942, 0.0 ], [ 35.433052, 50.567319, 0.0 ], [ 35.441807, 50.554015, 0.0 ], [ 35.447471, 50.544634, 0.0 ], [ 35.448673, 50.533288, 0.0 ], [ 35.453651, 50.526195, 0.0 ], [ 35.462406, 50.51801, 0.0 ], [ 35.467384, 50.510478, 0.0 ], [ 35.47528, 50.501307, 0.0 ], [ 35.484207, 50.494209, 0.0 ], [ 35.496395, 50.487875, 0.0 ], [ 35.509613, 50.485581, 0.0 ], [ 35.521458, 50.476406, 0.0 ], [ 35.540168, 50.46701, 0.0 ], [ 35.553558, 50.46089, 0.0 ], [ 35.568149, 50.4669, 0.0 ], [ 35.574737, 50.46456, 0.0 ], [ 35.5769, 50.461902, 0.0 ], [ 35.579989, 50.460045, 0.0 ], [ 35.580161, 50.457531, 0.0 ], [ 35.583423, 50.455126, 0.0 ], [ 35.583938, 50.451628, 0.0 ], [ 35.588744, 50.449443, 0.0 ], [ 35.588572, 50.444523, 0.0 ], [ 35.590976, 50.438948, 0.0 ], [ 35.594066, 50.432826, 0.0 ], [ 35.589774, 50.425061, 0.0 ], [ 35.593457, 50.407801, 0.0 ], [ 35.59998, 50.395327, 0.0 ], [ 35.610966, 50.383945, 0.0 ], [ 35.620922, 50.364019, 0.0 ], [ 35.642895, 50.35942, 0.0 ], [ 35.672421, 50.358763, 0.0 ], [ 35.701947, 50.361172, 0.0 ], [ 35.723576, 50.365333, 0.0 ], [ 35.747609, 50.376939, 0.0 ], [ 35.773701, 50.394889, 0.0 ], [ 35.786061, 50.41152, 0.0 ], [ 35.785374, 50.421802, 0.0 ], [ 35.793957, 50.42902, 0.0 ], [ 35.818676, 50.433831, 0.0 ], [ 35.850605, 50.435581, 0.0 ], [ 35.866398, 50.434269, 0.0 ], [ 35.889096, 50.438753, 0.0 ], [ 35.894096, 50.437632, 0.0 ], [ 35.894375, 50.438097, 0.0 ], [ 35.895791, 50.438698, 0.0 ], [ 35.898495, 50.438917, 0.0 ], [ 35.900555, 50.438889, 0.0 ], [ 35.901241, 50.438179, 0.0 ], [ 35.9027, 50.438042, 0.0 ], [ 35.904331, 50.43878, 0.0 ], [ 35.907378, 50.437714, 0.0 ], [ 35.908593, 50.436935, 0.0 ], [ 35.90914, 50.436245, 0.0 ], [ 35.909816, 50.435602, 0.0 ], [ 35.911501, 50.434953, 0.0 ], [ 35.912584, 50.43468, 0.0 ], [ 35.913142, 50.434933, 0.0 ], [ 35.913861, 50.435329, 0.0 ], [ 35.91502, 50.43548, 0.0 ], [ 35.916393, 50.435486, 0.0 ], [ 35.91827, 50.435828, 0.0 ], [ 35.919676, 50.436429, 0.0 ], [ 35.919987, 50.436805, 0.0 ], [ 35.920373, 50.437263, 0.0 ], [ 35.921993, 50.437263, 0.0 ], [ 35.92283, 50.436614, 0.0 ], [ 35.923249, 50.436211, 0.0 ], [ 35.924193, 50.435835, 0.0 ], [ 35.925485, 50.435656, 0.0 ], [ 35.926622, 50.435464, 0.0 ], [ 35.927459, 50.435054, 0.0 ], [ 35.927995, 50.434767, 0.0 ], [ 35.928231, 50.434384, 0.0 ], [ 35.929004, 50.433865, 0.0 ], [ 35.930076, 50.433045, 0.0 ], [ 35.932227, 50.432198, 0.0 ], [ 35.932742, 50.431637, 0.0 ], [ 35.93315, 50.430858, 0.0 ], [ 35.934179, 50.430366, 0.0 ], [ 35.935789, 50.430653, 0.0 ], [ 35.937119, 50.431801, 0.0 ], [ 35.937033, 50.432786, 0.0 ], [ 35.937119, 50.433688, 0.0 ], [ 35.937849, 50.433906, 0.0 ], [ 35.939222, 50.434152, 0.0 ], [ 35.941239, 50.434084, 0.0 ], [ 35.945638, 50.435205, 0.0 ], [ 35.951732, 50.435888, 0.0 ], [ 35.958684, 50.436571, 0.0 ], [ 35.966409, 50.43772, 0.0 ], [ 35.972031, 50.440207, 0.0 ], [ 35.976451, 50.441874, 0.0 ], [ 35.982502, 50.442257, 0.0 ], [ 35.98791, 50.443678, 0.0 ], [ 35.998123, 50.446083, 0.0 ], [ 36.00602, 50.447722, 0.0 ], [ 36.017264, 50.447504, 0.0 ], [ 36.029022, 50.449581, 0.0 ], [ 36.041468, 50.450783, 0.0 ], [ 36.059664, 50.452587, 0.0 ], [ 36.071852, 50.452696, 0.0 ], [ 36.081637, 50.450674, 0.0 ], [ 36.096148, 50.448011, 0.0 ], [ 36.125846, 50.447246, 0.0 ], [ 36.146102, 50.441561, 0.0 ], [ 36.149191, 50.43861, 0.0 ], [ 36.158118, 50.43697, 0.0 ], [ 36.165499, 50.434564, 0.0 ], [ 36.1667, 50.429096, 0.0 ], [ 36.168418, 50.41991, 0.0 ], [ 36.177687, 50.411159, 0.0 ], [ 36.185349, 50.406311, 0.0 ], [ 36.195735, 50.40095, 0.0 ], [ 36.19934, 50.399637, 0.0 ], [ 36.207963, 50.391629, 0.0 ], [ 36.210382, 50.386176, 0.0 ], [ 36.220002, 50.378603, 0.0 ], [ 36.230378, 50.371953, 0.0 ], [ 36.232826, 50.364343, 0.0 ], [ 36.242368, 50.358227, 0.0 ], [ 36.252765, 50.358905, 0.0 ], [ 36.266498, 50.354086, 0.0 ], [ 36.277484, 50.344666, 0.0 ], [ 36.288127, 50.334696, 0.0 ], [ 36.280917, 50.323409, 0.0 ], [ 36.286067, 50.316284, 0.0 ], [ 36.2832155, 50.3119102, 0.0 ], [ 36.2850181, 50.3078542, 0.0 ], [ 36.285876, 50.298241, 0.0 ], [ 36.298647, 50.299162, 0.0 ], [ 36.298028, 50.291969, 0.0 ], [ 36.323636, 50.290031, 0.0 ], [ 36.364373, 50.287976, 0.0 ], [ 36.377504, 50.293419, 0.0 ], [ 36.374758, 50.299999, 0.0 ], [ 36.398619, 50.307016, 0.0 ], [ 36.408575, 50.311511, 0.0 ], [ 36.425569, 50.327623, 0.0 ], [ 36.433294, 50.330363, 0.0 ], [ 36.439646, 50.310743, 0.0 ], [ 36.471918, 50.313374, 0.0 ], [ 36.488741, 50.311401, 0.0 ], [ 36.491316, 50.306358, 0.0 ], [ 36.496972, 50.302908, 0.0 ], [ 36.500446, 50.299305, 0.0 ], [ 36.511215, 50.295426, 0.0 ], [ 36.51284, 50.295839, 0.0 ], [ 36.514664, 50.295764, 0.0 ], [ 36.515693, 50.295805, 0.0 ], [ 36.516893, 50.295119, 0.0 ], [ 36.526294, 50.293639, 0.0 ], [ 36.524979, 50.291056, 0.0 ], [ 36.522913, 50.289152, 0.0 ], [ 36.522864, 50.288427, 0.0 ], [ 36.523873, 50.287481, 0.0 ], [ 36.524312, 50.2861, 0.0 ], [ 36.533085, 50.284517, 0.0 ], [ 36.536537, 50.283482, 0.0 ], [ 36.538443, 50.284037, 0.0 ], [ 36.548237, 50.281902, 0.0 ], [ 36.558546, 50.281739, 0.0 ], [ 36.558448, 50.282863, 0.0 ], [ 36.559723, 50.284316, 0.0 ], [ 36.564143, 50.285112, 0.0 ], [ 36.572254, 50.285797, 0.0 ], [ 36.585376, 50.285975, 0.0 ], [ 36.588627, 50.283466, 0.0 ], [ 36.588434, 50.281628, 0.0 ], [ 36.589764, 50.278941, 0.0 ], [ 36.592768, 50.278283, 0.0 ], [ 36.592297, 50.275252, 0.0 ], [ 36.573631, 50.274854, 0.0 ], [ 36.579904, 50.262208, 0.0 ], [ 36.575285, 50.260836, 0.0 ], [ 36.578407, 50.25875, 0.0 ], [ 36.574694, 50.255677, 0.0 ], [ 36.569674, 50.25809, 0.0 ], [ 36.560667, 50.250844, 0.0 ], [ 36.584617, 50.237015, 0.0 ], [ 36.599634, 50.233284, 0.0 ], [ 36.609247, 50.225157, 0.0 ], [ 36.611844, 50.22833, 0.0 ], [ 36.619569, 50.23415, 0.0 ], [ 36.614248, 50.242055, 0.0 ], [ 36.619741, 50.248422, 0.0 ], [ 36.63725, 50.245787, 0.0 ], [ 36.655961, 50.242164, 0.0 ], [ 36.664373, 50.237004, 0.0 ], [ 36.675531, 50.23909, 0.0 ], [ 36.678792, 50.248861, 0.0 ], [ 36.682396, 50.25614, 0.0 ], [ 36.688392, 50.26717, 0.0 ], [ 36.694999, 50.269832, 0.0 ], [ 36.700118, 50.264483, 0.0 ], [ 36.704401, 50.264626, 0.0 ], [ 36.705252, 50.26872, 0.0 ], [ 36.719658, 50.277346, 0.0 ], [ 36.729947, 50.281451, 0.0 ], [ 36.73956, 50.286277, 0.0 ], [ 36.752263, 50.294723, 0.0 ], [ 36.758958, 50.293736, 0.0 ], [ 36.764279, 50.304482, 0.0 ], [ 36.788312, 50.308429, 0.0 ], [ 36.827623, 50.316979, 0.0 ], [ 36.850425, 50.327817, 0.0 ], [ 36.891136, 50.345505, 0.0 ], [ 36.952934, 50.352734, 0.0 ], [ 37.037753, 50.348719, 0.0 ], [ 37.044995, 50.345029, 0.0 ], [ 37.059908, 50.347151, 0.0 ], [ 37.06994, 50.346652, 0.0 ], [ 37.105767, 50.351636, 0.0 ], [ 37.101782, 50.35712, 0.0 ], [ 37.139265, 50.361294, 0.0 ], [ 37.14945, 50.356044, 0.0 ], [ 37.162728, 50.359384, 0.0 ], [ 37.180806, 50.36308, 0.0 ], [ 37.211619, 50.373811, 0.0 ], [ 37.216507, 50.379033, 0.0 ], [ 37.226463, 50.383412, 0.0 ], [ 37.252041, 50.392496, 0.0 ], [ 37.26028, 50.396107, 0.0 ], [ 37.281223, 50.403001, 0.0 ], [ 37.299762, 50.416894, 0.0 ], [ 37.301651, 50.430128, 0.0 ], [ 37.32091, 50.438298, 0.0 ], [ 37.330567, 50.436284, 0.0 ], [ 37.341944, 50.437374, 0.0 ], [ 37.354476, 50.437756, 0.0 ], [ 37.366664, 50.435023, 0.0 ], [ 37.396425, 50.431116, 0.0 ], [ 37.419078, 50.434716, 0.0 ], [ 37.432121, 50.443401, 0.0 ], [ 37.477097, 50.458742, 0.0 ], [ 37.491002, 50.457106, 0.0 ], [ 37.484993, 50.445632, 0.0 ], [ 37.483617, 50.430992, 0.0 ], [ 37.466108, 50.430794, 0.0 ], [ 37.46335, 50.415561, 0.0 ], [ 37.466442, 50.406186, 0.0 ], [ 37.465842, 50.395189, 0.0 ], [ 37.471286, 50.39564, 0.0 ], [ 37.472316, 50.379222, 0.0 ], [ 37.478152, 50.366741, 0.0 ], [ 37.489482, 50.360171, 0.0 ], [ 37.511454, 50.354037, 0.0 ], [ 37.522784, 50.344617, 0.0 ], [ 37.54716, 50.334757, 0.0 ], [ 37.559863, 50.33125, 0.0 ], [ 37.577372, 50.321168, 0.0 ], [ 37.602092, 50.323798, 0.0 ], [ 37.644664, 50.318976, 0.0 ], [ 37.651554, 50.300911, 0.0 ], [ 37.633581, 50.279864, 0.0 ], [ 37.627634, 50.256621, 0.0 ], [ 38.796147, 50.380202, 0.0 ], [ 41.134836, 51.428992, 0.0 ], [ 39.820925, 52.698419, 0.0 ], [ 37.304876, 53.308825, 0.0 ], [ 35.077024, 53.701821, 0.0 ], [ 32.752268, 53.47724, 0.0 ], [ 32.757305, 53.435761, 0.0 ], [ 32.751812, 53.386646, 0.0 ], [ 32.738079, 53.330915, 0.0 ], [ 32.655681, 53.330915, 0.0 ], [ 32.598003, 53.317791, 0.0 ], [ 32.532085, 53.288247, 0.0 ], [ 32.455181, 53.215944, 0.0 ], [ 32.339824, 53.14846, 0.0 ], [ 32.15031, 53.084169, 0.0 ], [ 31.999248, 53.085819, 0.0 ], [ 31.859173, 53.103961, 0.0 ], [ 31.752056, 53.168222, 0.0 ], [ 31.683391, 53.212654, 0.0 ], [ 31.614727, 53.214299, 0.0 ], [ 31.546062, 53.189621, 0.0 ], [ 31.449932, 53.215944, 0.0 ], [ 31.397747, 53.199494, 0.0 ], [ 31.362041, 53.128688, 0.0 ], [ 31.342815, 53.07592, 0.0 ], [ 31.243938, 53.028042, 0.0 ], [ 31.296123, 52.991686, 0.0 ], [ 31.381267, 52.933784, 0.0 ], [ 31.444439, 52.872488, 0.0 ], [ 31.554302, 52.849272, 0.0 ], [ 31.532329, 52.817746, 0.0 ], [ 31.581768, 52.787857, 0.0 ], [ 31.584514, 52.71471, 0.0 ], [ 31.49937, 52.68808, 0.0 ], [ 31.576275, 52.583068, 0.0 ], [ 31.592754, 52.461073, 0.0 ], [ 31.61198, 52.358871, 0.0 ], [ 31.600994, 52.274923, 0.0 ], [ 31.71635, 52.209333, 0.0 ], [ 31.780361, 52.111398, 0.0 ] ] ] } },
{ "type": "Feature", "properties": { "Name": "", "description": "<br><br>описание: <br>name: ", "tessellate": -1, "extrude": 0, "visibility": -1, "________________": "" }, "geometry": { "type": "Polygon", "coordinates": [ [ [ 38.0307361, 49.8968916, 0.0 ], [ 38.1007739, 49.8446704, 0.0 ], [ 38.0513355, 49.8313849, 0.0 ], [ 38.0073901, 49.8313849, 0.0 ], [ 38.0087634, 49.8065754, 0.0 ], [ 38.054082, 49.7968253, 0.0 ], [ 38.0508486, 49.7827804, 0.0 ], [ 38.0288759, 49.7747993, 0.0 ], [ 38.0060168, 49.7542565, 0.0 ], [ 37.978551, 49.7666763, 0.0 ], [ 37.9538318, 49.7373961, 0.0 ], [ 37.9730579, 49.7116504, 0.0 ], [ 38.0032703, 49.7152023, 0.0 ], [ 38.0197498, 49.7098743, 0.0 ], [ 38.0060168, 49.700993, 0.0 ], [ 38.0238696, 49.6743393, 0.0 ], [ 38.0430957, 49.6574511, 0.0 ], [ 38.0060168, 49.6512277, 0.0 ], [ 37.9675647, 49.6120906, 0.0 ], [ 37.945592, 49.6120906, 0.0 ], [ 37.9400989, 49.5871688, 0.0 ], [ 37.9565784, 49.5764841, 0.0 ], [ 37.9153796, 49.5693597, 0.0 ], [ 37.8892871, 49.5551078, 0.0 ], [ 37.9208728, 49.5470892, 0.0 ], [ 37.9196993, 49.5369826, 0.0 ], [ 37.8769275, 49.5203512, 0.0 ], [ 37.8453418, 49.5176766, 0.0 ], [ 37.8522083, 49.4418354, 0.0 ], [ 37.8741809, 49.4427283, 0.0 ], [ 37.8810474, 49.411466, 0.0 ], [ 37.9002734, 49.3944867, 0.0 ], [ 37.890317, 49.3625229, 0.0 ], [ 37.9036364, 49.3599455, 0.0 ], [ 37.9191745, 49.3650189, 0.0 ], [ 37.9451813, 49.3563411, 0.0 ], [ 37.9416501, 49.3456917, 0.0 ], [ 37.935829, 49.3377142, 0.0 ], [ 37.9358291, 49.3329601, 0.0 ], [ 37.9396271, 49.3292754, 0.0 ], [ 37.9448413, 49.3293803, 0.0 ], [ 37.9520511, 49.3292684, 0.0 ], [ 37.9566179, 49.3287661, 0.0 ], [ 37.9504169, 49.3113729, 0.0 ], [ 37.9729044, 49.2861863, 0.0 ], [ 37.9824739, 49.2789353, 0.0 ], [ 37.97728, 49.2719082, 0.0 ], [ 37.9610582, 49.2706204, 0.0 ], [ 37.9328166, 49.2675135, 0.0 ], [ 37.9141953, 49.2574583, 0.0 ], [ 37.9130363, 49.2509799, 0.0 ], [ 37.9052689, 49.2463782, 0.0 ], [ 37.8954614, 49.2437699, 0.0 ], [ 37.8710539, 49.2366907, 0.0 ], [ 37.8720544, 49.2352149, 0.0 ], [ 37.938208, 49.1897607, 0.0 ], [ 37.9066223, 49.1816823, 0.0 ], [ 37.8928894, 49.1520504, 0.0 ], [ 38.013739, 49.1250968, 0.0 ], [ 38.0508179, 49.1502539, 0.0 ], [ 38.079657, 49.1421691, 0.0 ], [ 38.0659241, 49.0693465, 0.0 ], [ 38.1016296, 48.9919116, 0.0 ], [ 38.0659241, 48.9874058, 0.0 ], [ 38.0480713, 48.9639695, 0.0 ], [ 38.0206055, 48.9702803, 0.0 ], [ 38.0109924, 48.9369138, 0.0 ], [ 38.1016296, 48.9278919, 0.0 ], [ 38.173089, 48.9285549, 0.0 ], [ 38.2362122, 48.9242828, 0.0 ], [ 38.2252258, 48.8692104, 0.0 ], [ 38.2224793, 48.8402957, 0.0 ], [ 38.2554382, 48.8411995, 0.0 ], [ 38.2774109, 48.8213113, 0.0 ], [ 38.3144898, 48.8294483, 0.0 ], [ 38.3131165, 48.8140773, 0.0 ], [ 38.2778225, 48.8028259, 0.0 ], [ 38.2654629, 48.7494307, 0.0 ], [ 38.2815308, 48.7353398, 0.0 ], [ 38.3268494, 48.7371513, 0.0 ], [ 38.3309692, 48.7145036, 0.0 ], [ 38.30625, 48.7090666, 0.0 ], [ 38.3076233, 48.6927521, 0.0 ], [ 38.2862945, 48.6825858, 0.0 ], [ 38.2856078, 48.6721578, 0.0 ], [ 38.2588287, 48.6698906, 0.0 ], [ 38.260202, 48.6567386, 0.0 ], [ 38.230719, 48.6537573, 0.0 ], [ 38.2293457, 48.6410549, 0.0 ], [ 38.263678, 48.6437771, 0.0 ], [ 38.2760376, 48.544775, 0.0 ], [ 38.3186096, 48.5138539, 0.0 ], [ 38.2870239, 48.4856447, 0.0 ], [ 38.3021301, 48.4683474, 0.0 ], [ 38.3268494, 48.4474007, 0.0 ], [ 38.3584351, 48.4419349, 0.0 ], [ 38.3903457, 48.4293357, 0.0 ], [ 38.3968444, 48.4431067, 0.0 ], [ 38.43255, 48.4431067, 0.0 ], [ 38.442163, 48.3792973, 0.0 ], [ 38.4641357, 48.377473, 0.0 ], [ 38.4902282, 48.3619638, 0.0 ], [ 38.4586425, 48.3427989, 0.0 ], [ 38.4215636, 48.3144946, 0.0 ], [ 38.43255, 48.2943981, 0.0 ], [ 38.4352966, 48.2788636, 0.0 ], [ 38.4888549, 48.2761217, 0.0 ], [ 38.5355468, 48.2706375, 0.0 ], [ 38.5671325, 48.2742937, 0.0 ], [ 38.5808654, 48.2605817, 0.0 ], [ 38.5877319, 48.240464, 0.0 ], [ 38.5904784, 48.213018, 0.0 ], [ 38.616571, 48.1983742, 0.0 ], [ 38.6014648, 48.1764005, 0.0 ], [ 38.6426635, 48.158998, 0.0 ], [ 38.7181945, 48.1360911, 0.0 ], [ 38.7703796, 48.127842, 0.0 ], [ 38.8143249, 48.1168413, 0.0 ], [ 38.8129516, 48.0774025, 0.0 ], [ 38.8253112, 48.0471151, 0.0 ], [ 38.8170715, 48.0232397, 0.0 ], [ 38.8472839, 48.0112979, 0.0 ], [ 39.0422912, 48.0030288, 0.0 ], [ 39.036798, 47.9543064, 0.0 ], [ 39.0766235, 47.9524669, 0.0 ], [ 39.0972228, 47.9349886, 0.0 ], [ 39.0642638, 47.8917273, 0.0 ], [ 39.0820819, 47.8676765, 0.0 ], [ 39.0766581, 47.854331, 0.0 ], [ 39.1076891, 47.8433744, 0.0 ], [ 39.1442752, 47.8410883, 0.0 ], [ 39.1588918, 47.8498567, 0.0 ], [ 39.2315358, 47.8527665, 0.0 ], [ 39.2355304, 47.8704069, 0.0 ], [ 39.3891193, 47.8705732, 0.0 ], [ 39.4050803, 47.8358705, 0.0 ], [ 39.7472166, 47.8265421, 0.0 ], [ 39.7937465, 47.8753903, 0.0 ], [ 39.817816, 47.979325, 0.0 ], [ 39.7814356, 48.0402876, 0.0 ], [ 39.8749325, 48.0390864, 0.0 ], [ 39.8886966, 48.0515423, 0.0 ], [ 39.8392813, 48.0621595, 0.0 ], [ 39.8695075, 48.082889, 0.0 ], [ 39.8710375, 48.1098617, 0.0 ], [ 39.8997521, 48.1372652, 0.0 ], [ 39.9149011, 48.1772695, 0.0 ], [ 39.943803, 48.1842975, 0.0 ], [ 39.9413819, 48.2232314, 0.0 ], [ 40.0077092, 48.2219073, 0.0 ], [ 40.024621, 48.2516718, 0.0 ], [ 39.9928558, 48.3127607, 0.0 ], [ 39.9500659, 48.3000771, 0.0 ], [ 39.9128048, 48.2672793, 0.0 ], [ 39.9117674, 48.2846483, 0.0 ], [ 39.8887441, 48.3221183, 0.0 ], [ 39.8371838, 48.3130037, 0.0 ], [ 39.8494124, 48.3331434, 0.0 ], [ 39.9453474, 48.3478666, 0.0 ], [ 39.8117606, 48.5816207, 0.0 ], [ 39.6758046, 48.5934298, 0.0 ], [ 39.7153506, 48.6614471, 0.0 ], [ 39.7192484, 48.7267391, 0.0 ], [ 39.7518386, 48.7694058, 0.0 ], [ 39.7868924, 48.7913659, 0.0 ], [ 39.7966541, 48.8407853, 0.0 ], [ 39.980675, 48.7933115, 0.0 ], [ 40.075432, 48.8715064, 0.0 ], [ 40.0630724, 48.9031113, 0.0 ], [ 40.0383531, 48.9175525, 0.0 ], [ 39.9864863, 48.8708659, 0.0 ], [ 39.9468403, 48.8764057, 0.0 ], [ 39.9209093, 48.8981921, 0.0 ], [ 39.8282396, 48.8913745, 0.0 ], [ 39.7856677, 48.9184549, 0.0 ], [ 39.7720148, 48.9527183, 0.0 ], [ 39.746634, 48.9833714, 0.0 ], [ 39.7229437, 48.984274, 0.0 ], [ 39.6964997, 48.9977879, 0.0 ], [ 39.6648778, 49.0013782, 0.0 ], [ 39.6922836, 49.0464362, 0.0 ], [ 39.7560832, 49.039344, 0.0 ], [ 39.8154512, 49.0564588, 0.0 ], [ 39.9367294, 49.0536367, 0.0 ], [ 40.039726, 49.1848616, 0.0 ], [ 40.0801841, 49.1837575, 0.0 ], [ 40.1399203, 49.2364748, 0.0 ], [ 40.1976163, 49.2380391, 0.0 ], [ 40.2361066, 49.2575148, 0.0 ], [ 40.188743, 49.287058, 0.0 ], [ 40.1949078, 49.3470627, 0.0 ], [ 40.1077864, 49.3931164, 0.0 ], [ 40.0369793, 49.4498416, 0.0 ], [ 40.0410991, 49.5212131, 0.0 ], [ 40.172935, 49.5684397, 0.0 ], [ 40.1331095, 49.6111712, 0.0 ], [ 39.9504617, 49.6022719, 0.0 ], [ 39.9254631, 49.5744964, 0.0 ], [ 39.8951878, 49.5622116, 0.0 ], [ 39.8429485, 49.5641631, 0.0 ], [ 39.8071465, 49.5573623, 0.0 ], [ 39.7397664, 49.5984175, 0.0 ], [ 39.6585666, 49.6144994, 0.0 ], [ 39.5896225, 49.7203518, 0.0 ], [ 39.6112588, 49.7320408, 0.0 ], [ 39.431594, 49.7601529, 0.0 ], [ 39.3831818, 49.7367565, 0.0 ], [ 39.2903224, 49.7543224, 0.0 ], [ 39.2550877, 49.7771763, 0.0 ], [ 39.2294837, 49.8366698, 0.0 ], [ 39.1814184, 49.8915538, 0.0 ], [ 39.1325488, 49.8659257, 0.0 ], [ 39.1141487, 49.8369313, 0.0 ], [ 39.0600811, 49.8150113, 0.0 ], [ 39.0206226, 49.8225365, 0.0 ], [ 38.9369728, 49.795909, 0.0 ], [ 38.9194437, 49.8107191, 0.0 ], [ 38.9168499, 49.8597538, 0.0 ], [ 38.8922658, 49.8733682, 0.0 ], [ 38.8445239, 49.8706999, 0.0 ], [ 38.7878268, 49.8843756, 0.0 ], [ 38.7434472, 49.8984709, 0.0 ], [ 38.7226157, 49.9249675, 0.0 ], [ 38.6921522, 49.9337745, 0.0 ], [ 38.6847557, 49.9609315, 0.0 ], [ 38.7205695, 49.9836817, 0.0 ], [ 38.6877202, 50.0037828, 0.0 ], [ 38.6747572, 49.9970025, 0.0 ], [ 38.6823952, 49.9760966, 0.0 ], [ 38.6630083, 49.9714451, 0.0 ], [ 38.6450027, 49.9553076, 0.0 ], [ 38.6165976, 49.9760816, 0.0 ], [ 38.5795169, 49.9777005, 0.0 ], [ 38.5301107, 49.9582185, 0.0 ], [ 38.4875566, 49.9630411, 0.0 ], [ 38.4793193, 49.9821301, 0.0 ], [ 38.4642108, 49.983555, 0.0 ], [ 38.4683245, 49.9952374, 0.0 ], [ 38.4422414, 50.0021394, 0.0 ], [ 38.4128888, 49.9870791, 0.0 ], [ 38.3505773, 50.0020172, 0.0 ], [ 38.3258579, 50.084038, 0.0 ], [ 38.2668017, 50.0721631, 0.0 ], [ 38.1802891, 50.0778693, 0.0 ], [ 38.1926682, 50.0240547, 0.0 ], [ 38.217368, 49.9772953, 0.0 ], [ 38.1940007, 49.9678088, 0.0 ], [ 38.195356, 49.9618545, 0.0 ], [ 38.1610133, 49.9523634, 0.0 ], [ 38.1685665, 49.9436373, 0.0 ], [ 38.1311458, 49.9260148, 0.0 ], [ 38.1266844, 49.9428621, 0.0 ], [ 38.0511999, 49.9233928, 0.0 ], [ 38.0339789, 49.902059, 0.0 ], [ 38.0307361, 49.8968916, 0.0 ] ] ] } },
{ "type": "Feature", "properties": { "Name": "", "description": "<br><br>описание: <br>name: ", "tessellate": -1, "extrude": 0, "visibility": -1, "________________": "" }, "geometry": { "type": "Polygon", "coordinates": [ [ [ 34.3768404, 47.5110717, 0.0 ], [ 34.3443726, 47.4760424, 0.0 ], [ 34.3388053, 47.4681513, 0.0 ], [ 34.3428514, 47.4519047, 0.0 ], [ 34.3219876, 47.4368728, 0.0 ], [ 34.291435, 47.4266531, 0.0 ], [ 34.2801056, 47.4357699, 0.0 ], [ 34.2704054, 47.4384407, 0.0 ], [ 34.2364214, 47.4326321, 0.0 ], [ 34.248781, 47.4010376, 0.0 ], [ 34.2556475, 47.3675639, 0.0 ], [ 34.2762469, 47.3433752, 0.0 ], [ 34.2913531, 47.2949646, 0.0 ], [ 34.3037127, 47.2716745, 0.0 ], [ 34.3421648, 47.295896, 0.0 ], [ 34.380617, 47.2800602, 0.0 ], [ 34.4080828, 47.2865814, 0.0 ], [ 34.4094561, 47.2986901, 0.0 ], [ 34.4190691, 47.3228992, 0.0 ], [ 34.4836138, 47.3275536, 0.0 ], [ 34.4904802, 47.2828551, 0.0 ], [ 34.5220659, 47.2819235, 0.0 ], [ 34.5357989, 47.2521029, 0.0 ], [ 34.4973467, 47.2455774, 0.0 ], [ 34.5206927, 47.1083566, 0.0 ], [ 34.5522783, 47.1074219, 0.0 ], [ 34.5687578, 47.0222965, 0.0 ], [ 34.5866106, 47.025105, 0.0 ], [ 34.6003435, 46.9960767, 0.0 ], [ 34.6195696, 46.9820251, 0.0 ], [ 34.6662615, 46.9764034, 0.0 ], [ 34.6978472, 46.9539108, 0.0 ], [ 34.7335528, 46.9576602, 0.0 ], [ 34.7541521, 46.8807444, 0.0 ], [ 34.8063372, 46.8807444, 0.0 ], [ 34.8132036, 46.8309718, 0.0 ], [ 34.7651385, 46.8196962, 0.0 ], [ 34.7720049, 46.7914966, 0.0 ], [ 34.7514061, 46.7837381, 0.0 ], [ 34.7527794, 46.7630462, 0.0 ], [ 34.7321802, 46.7602239, 0.0 ], [ 34.7321802, 46.7470515, 0.0 ], [ 34.6648892, 46.7423463, 0.0 ], [ 34.6648892, 46.7291695, 0.0 ], [ 34.6278105, 46.7263455, 0.0 ], [ 34.6333036, 46.6896198, 0.0 ], [ 34.6772487, 46.6915037, 0.0 ], [ 34.678622, 46.6792567, 0.0 ], [ 34.7500329, 46.6811411, 0.0 ], [ 34.7582726, 46.6283547, 0.0 ], [ 34.7129542, 46.6151501, 0.0 ], [ 34.7184473, 46.5868436, 0.0 ], [ 34.7445397, 46.5821244, 0.0 ], [ 34.7623925, 46.5566337, 0.0 ], [ 34.8889603, 46.562749, 0.0 ], [ 34.8978867, 46.5374852, 0.0 ], [ 34.8841537, 46.5363044, 0.0 ], [ 34.8906769, 46.5046484, 0.0 ], [ 34.9462952, 46.512446, 0.0 ], [ 34.9480118, 46.500631, 0.0 ], [ 35.0164501, 46.4800897, 0.0 ], [ 35.0530685, 46.4821946, 0.0 ], [ 35.0702347, 46.3787874, 0.0 ], [ 35.0576487, 46.375021, 0.0 ], [ 35.0727548, 46.3039139, 0.0 ], [ 35.100956, 46.2996399, 0.0 ], [ 35.1080994, 46.3061232, 0.0 ], [ 35.1335832, 46.3475111, 0.0 ], [ 35.1921642, 46.3714727, 0.0 ], [ 35.2077362, 46.3907645, 0.0 ], [ 35.2130174, 46.4171592, 0.0 ], [ 35.2108484, 46.4291507, 0.0 ], [ 35.2018656, 46.442008, 0.0 ], [ 35.1846386, 46.4487126, 0.0 ], [ 35.1804697, 46.464991, 0.0 ], [ 35.1598097, 46.4997119, 0.0 ], [ 35.1752118, 46.5012733, 0.0 ], [ 35.1864972, 46.5127582, 0.0 ], [ 35.1909127, 46.5079379, 0.0 ], [ 35.1859104, 46.4963115, 0.0 ], [ 35.1781639, 46.4879936, 0.0 ], [ 35.1904276, 46.4849702, 0.0 ], [ 35.2084251, 46.4608331, 0.0 ], [ 35.2175914, 46.4543788, 0.0 ], [ 35.2531174, 46.4494108, 0.0 ], [ 35.2634483, 46.4455266, 0.0 ], [ 35.268284, 46.4378569, 0.0 ], [ 35.268999, 46.4282943, 0.0 ], [ 35.2707425, 46.4222803, 0.0 ], [ 35.2580688, 46.4053789, 0.0 ], [ 35.2498896, 46.4037671, 0.0 ], [ 35.2661321, 46.3553248, 0.0 ], [ 35.291888, 46.3583147, 0.0 ], [ 35.3111137, 46.3431421, 0.0 ], [ 35.3137419, 46.3295996, 0.0 ], [ 35.2906171, 46.3100367, 0.0 ], [ 35.2951734, 46.2965205, 0.0 ], [ 35.2699889, 46.2698704, 0.0 ], [ 35.2798717, 46.2632179, 0.0 ], [ 35.3980055, 46.3895847, 0.0 ], [ 35.4572826, 46.4366945, 0.0 ], [ 35.520541, 46.4482788, 0.0 ], [ 35.6002104, 46.4861012, 0.0 ], [ 35.7672387, 46.5969489, 0.0 ], [ 35.9203969, 46.6579613, 0.0 ], [ 35.9857929, 46.6604152, 0.0 ], [ 36.0486402, 46.6663233, 0.0 ], [ 36.1059908, 46.6571202, 0.0 ], [ 36.1845423, 46.6710152, 0.0 ], [ 36.215518, 46.6606381, 0.0 ], [ 36.2368684, 46.6455422, 0.0 ], [ 36.2609951, 46.5997824, 0.0 ], [ 36.220587, 46.5535492, 0.0 ], [ 36.179123, 46.5275847, 0.0 ], [ 36.155523, 46.5346752, 0.0 ], [ 36.1245372, 46.4998292, 0.0 ], [ 36.0859679, 46.5028859, 0.0 ], [ 36.1186935, 46.4860375, 0.0 ], [ 36.1552268, 46.4995531, 0.0 ], [ 36.1780348, 46.4998257, 0.0 ], [ 36.2606013, 46.5830691, 0.0 ], [ 36.3365399, 46.6769391, 0.0 ], [ 36.3732323, 46.7050965, 0.0 ], [ 36.4131802, 46.7215179, 0.0 ], [ 36.5363894, 46.7566479, 0.0 ], [ 36.5703213, 46.7594025, 0.0 ], [ 36.6296071, 46.7793139, 0.0 ], [ 36.7081404, 46.7761405, 0.0 ], [ 36.7492144, 46.7683585, 0.0 ], [ 36.7676159, 46.7521028, 0.0 ], [ 36.7966464, 46.7414874, 0.0 ], [ 36.8167378, 46.7212223, 0.0 ], [ 36.8237942, 46.7017438, 0.0 ], [ 36.8144344, 46.6843378, 0.0 ], [ 36.8064785, 46.6953685, 0.0 ], [ 36.7998944, 46.6946243, 0.0 ], [ 36.7963416, 46.689603, 0.0 ], [ 36.7938043, 46.6751723, 0.0 ], [ 36.7674629, 46.6533775, 0.0 ], [ 36.7607854, 46.6616178, 0.0 ], [ 36.7495044, 46.6469987, 0.0 ], [ 36.7441279, 46.6299834, 0.0 ], [ 36.7683755, 46.6288208, 0.0 ], [ 36.7909686, 46.6461173, 0.0 ], [ 36.8291726, 46.691442, 0.0 ], [ 36.8592032, 46.7508852, 0.0 ], [ 36.8883448, 46.7986379, 0.0 ], [ 36.9421146, 46.8370555, 0.0 ], [ 37.0014507, 46.8679296, 0.0 ], [ 37.0373952, 46.8691922, 0.0 ], [ 37.0590017, 46.8869539, 0.0 ], [ 37.017803, 46.9301103, 0.0 ], [ 37.1468924, 46.9769801, 0.0 ], [ 37.0892142, 47.010701, 0.0 ], [ 37.1194266, 47.0350417, 0.0 ], [ 37.0892142, 47.0593713, 0.0 ], [ 37.050762, 47.0462721, 0.0 ], [ 36.9958304, 47.0874302, 0.0 ], [ 37.0013235, 47.1061278, 0.0 ], [ 36.9491385, 47.1472396, 0.0 ], [ 36.8887137, 47.1677836, 0.0 ], [ 36.8612478, 47.193919, 0.0 ], [ 36.9546316, 47.205116, 0.0 ], [ 36.9381521, 47.3188175, 0.0 ], [ 37.0308263, 47.3107198, 0.0 ], [ 37.0397757, 47.3020572, 0.0 ], [ 37.0788915, 47.3107198, 0.0 ], [ 37.1214635, 47.3386461, 0.0 ], [ 37.1221731, 47.3746467, 0.0 ], [ 37.1461827, 47.3814377, 0.0 ], [ 37.1461827, 47.3442296, 0.0 ], [ 37.2183035, 47.3523221, 0.0 ], [ 37.1942479, 47.3860869, 0.0 ], [ 37.2478063, 47.4511322, 0.0 ], [ 37.1942479, 47.4743432, 0.0 ], [ 37.1736485, 47.4836248, 0.0 ], [ 37.1599156, 47.4594894, 0.0 ], [ 37.1324498, 47.4604178, 0.0 ], [ 37.0885045, 47.4947604, 0.0 ], [ 37.0253331, 47.553184, 0.0 ], [ 37.0006139, 47.5374253, 0.0 ], [ 36.9772679, 47.5605982, 0.0 ], [ 36.9580419, 47.553184, 0.0 ], [ 36.9346959, 47.5698645, 0.0 ], [ 36.8962438, 47.5513303, 0.0 ], [ 36.8248326, 47.6272789, 0.0 ], [ 36.7740209, 47.6013576, 0.0 ], [ 36.7294119, 47.6455062, 0.0 ], [ 36.7726476, 47.6652119, 0.0 ], [ 36.7877538, 47.6809321, 0.0 ], [ 36.7163426, 47.676309, 0.0 ], [ 36.7026097, 47.7262168, 0.0 ], [ 36.6655309, 47.7917637, 0.0 ], [ 36.5899999, 47.7806912, 0.0 ], [ 36.6030461, 47.8480127, 0.0 ], [ 36.522045, 47.8302201, 0.0 ], [ 36.4498605, 47.8242954, 0.0 ], [ 36.4229964, 47.8282609, 0.0 ], [ 36.37708, 47.8302212, 0.0 ], [ 36.3435171, 47.8366732, 0.0 ], [ 36.338481, 47.8217907, 0.0 ], [ 36.3441022, 47.8173239, 0.0 ], [ 36.3503206, 47.8117633, 0.0 ], [ 36.3420374, 47.7999753, 0.0 ], [ 36.3337158, 47.7856174, 0.0 ], [ 36.3245902, 47.7845207, 0.0 ], [ 36.3175244, 47.7875758, 0.0 ], [ 36.3015381, 47.7906294, 0.0 ], [ 36.2901141, 47.789539, 0.0 ], [ 36.2714028, 47.7867711, 0.0 ], [ 36.2623169, 47.7741889, 0.0 ], [ 36.2264687, 47.7575212, 0.0 ], [ 36.2029993, 47.7660045, 0.0 ], [ 36.213038, 47.791961, 0.0 ], [ 36.2097013, 47.7971937, 0.0 ], [ 36.1939125, 47.7983454, 0.0 ], [ 36.1760598, 47.8027269, 0.0 ], [ 36.1702233, 47.7974228, 0.0 ], [ 36.1680208, 47.7982936, 0.0 ], [ 36.1649309, 47.7959873, 0.0 ], [ 36.1594377, 47.7946035, 0.0 ], [ 36.150168, 47.7961026, 0.0 ], [ 36.1453615, 47.7924124, 0.0 ], [ 36.142615, 47.7892985, 0.0 ], [ 36.1323153, 47.7896445, 0.0 ], [ 36.127337, 47.7931043, 0.0 ], [ 36.1254446, 47.7896461, 0.0 ], [ 36.126027, 47.787659, 0.0 ], [ 36.1267995, 47.7778545, 0.0 ], [ 36.0904073, 47.7747975, 0.0 ], [ 36.0747003, 47.7729516, 0.0 ], [ 36.078654, 47.761876, 0.0 ], [ 36.08191, 47.7615865, 0.0 ], [ 36.0825109, 47.7576053, 0.0 ], [ 36.077708, 47.744722, 0.0 ], [ 36.0817464, 47.7261125, 0.0 ], [ 36.0522207, 47.7230524, 0.0 ], [ 36.0544028, 47.7115057, 0.0 ], [ 36.0607554, 47.6838516, 0.0 ], [ 36.0765428, 47.6859627, 0.0 ], [ 36.0789461, 47.6754456, 0.0 ], [ 36.0816018, 47.66841, 0.0 ], [ 36.0738771, 47.668988, 0.0 ], [ 36.0718172, 47.6667916, 0.0 ], [ 36.076967, 47.6437814, 0.0 ], [ 36.0690706, 47.6433188, 0.0 ], [ 36.0697216, 47.6407366, 0.0 ], [ 36.0573191, 47.6396667, 0.0 ], [ 36.0568041, 47.6406787, 0.0 ], [ 36.0494227, 47.6425582, 0.0 ], [ 36.0465473, 47.6417197, 0.0 ], [ 36.0443157, 47.6396088, 0.0 ], [ 36.0429424, 47.6378449, 0.0 ], [ 36.0385222, 47.6364858, 0.0 ], [ 36.036076, 47.6353291, 0.0 ], [ 36.032286, 47.6509253, 0.0 ], [ 36.0193819, 47.6499308, 0.0 ], [ 36.021356, 47.6407366, 0.0 ], [ 36.0209269, 47.6326396, 0.0 ], [ 36.0224718, 47.6267975, 0.0 ], [ 36.0119574, 47.6267692, 0.0 ], [ 35.9981817, 47.6256984, 0.0 ], [ 35.9981817, 47.6265661, 0.0 ], [ 35.985393, 47.6250042, 0.0 ], [ 35.985865, 47.6190744, 0.0 ], [ 35.9763378, 47.6191612, 0.0 ], [ 35.9761662, 47.6178595, 0.0 ], [ 35.9682268, 47.6185248, 0.0 ], [ 35.9681839, 47.6167891, 0.0 ], [ 35.9704584, 47.6148219, 0.0 ], [ 35.9689993, 47.6136647, 0.0 ], [ 35.9647078, 47.6132019, 0.0 ], [ 35.9664244, 47.6119289, 0.0 ], [ 35.9651798, 47.6104534, 0.0 ], [ 36.0119576, 47.6104534, 0.0 ], [ 36.0124154, 47.6000876, 0.0 ], [ 36.0112137, 47.5871797, 0.0 ], [ 36.0065789, 47.5868902, 0.0 ], [ 36.0073513, 47.5731105, 0.0 ], [ 36.0043511, 47.5729856, 0.0 ], [ 36.0043511, 47.5663839, 0.0 ], [ 36.008986, 47.562214, 0.0 ], [ 36.0197231, 47.559893, 0.0 ], [ 36.0207531, 47.5427458, 0.0 ], [ 36.019809, 47.5420505, 0.0 ], [ 36.0198948, 47.5377628, 0.0 ], [ 36.0085651, 47.5368356, 0.0 ], [ 36.0029637, 47.5333572, 0.0 ], [ 35.9972518, 47.5283857, 0.0 ], [ 35.9961753, 47.5276447, 0.0 ], [ 35.9961599, 47.5232359, 0.0 ], [ 35.9894074, 47.5219273, 0.0 ], [ 35.9795369, 47.5210579, 0.0 ], [ 35.9641215, 47.5256741, 0.0 ], [ 35.9554845, 47.5197972, 0.0 ], [ 35.953127, 47.5230754, 0.0 ], [ 35.9525875, 47.5247382, 0.0 ], [ 35.9522441, 47.5270855, 0.0 ], [ 35.9502271, 47.5270565, 0.0 ], [ 35.9488109, 47.5254627, 0.0 ], [ 35.9466651, 47.5254917, 0.0 ], [ 35.9462789, 47.52639, 0.0 ], [ 35.9450344, 47.5273173, 0.0 ], [ 35.9405927, 47.5276941, 0.0 ], [ 35.93864, 47.5280128, 0.0 ], [ 35.9399274, 47.5287083, 0.0 ], [ 35.9389404, 47.5298963, 0.0 ], [ 35.9383819, 47.5306915, 0.0 ], [ 35.9370515, 47.5309813, 0.0 ], [ 35.9361503, 47.5322562, 0.0 ], [ 35.9315154, 47.5314159, 0.0 ], [ 35.9279534, 47.533647, 0.0 ], [ 35.9270951, 47.5332993, 0.0 ], [ 35.9274814, 47.5326329, 0.0 ], [ 35.9244773, 47.5325749, 0.0 ], [ 35.9225461, 47.5313579, 0.0 ], [ 35.9225461, 47.5301699, 0.0 ], [ 35.9198424, 47.5307494, 0.0 ], [ 35.918555, 47.5278228, 0.0 ], [ 35.9249494, 47.5265188, 0.0 ], [ 35.92429, 47.524761, 0.0 ], [ 35.923957, 47.523478, 0.0 ], [ 35.9238121, 47.5188244, 0.0 ], [ 35.9314081, 47.5189693, 0.0 ], [ 35.9353992, 47.5189693, 0.0 ], [ 35.93757, 47.5115793, 0.0 ], [ 35.930427, 47.5006064, 0.0 ], [ 35.8943786, 47.502346, 0.0 ], [ 35.8412733, 47.5138827, 0.0 ], [ 35.839704, 47.5159408, 0.0 ], [ 35.8354124, 47.533908, 0.0 ], [ 35.8336958, 47.537211, 0.0 ], [ 35.827001, 47.5370951, 0.0 ], [ 35.8251986, 47.5386017, 0.0 ], [ 35.8175596, 47.5386017, 0.0 ], [ 35.818221, 47.535172, 0.0 ], [ 35.8120665, 47.5330968, 0.0 ], [ 35.8132609, 47.5291647, 0.0 ], [ 35.809989, 47.529006, 0.0 ], [ 35.8103855, 47.5258902, 0.0 ], [ 35.8092268, 47.5239196, 0.0 ], [ 35.809141, 47.5216881, 0.0 ], [ 35.8123167, 47.5207897, 0.0 ], [ 35.8136471, 47.5200941, 0.0 ], [ 35.8146771, 47.5183262, 0.0 ], [ 35.8108457, 47.5155959, 0.0 ], [ 35.8095582, 47.5151901, 0.0 ], [ 35.8057817, 47.5145234, 0.0 ], [ 35.7961257, 47.5144944, 0.0 ], [ 35.7950528, 47.5141756, 0.0 ], [ 35.7941945, 47.5122046, 0.0 ], [ 35.7812035, 47.5117914, 0.0 ], [ 35.7584238, 47.5166083, 0.0 ], [ 35.7387703, 47.5077982, 0.0 ], [ 35.7255972, 47.517189, 0.0 ], [ 35.7179833, 47.5162519, 0.0 ], [ 35.7165671, 47.5249175, 0.0 ], [ 35.7047225, 47.5280471, 0.0 ], [ 35.6884146, 47.5244538, 0.0 ], [ 35.6731368, 47.5198168, 0.0 ], [ 35.6703902, 47.5225991, 0.0 ], [ 35.6181824, 47.511042, 0.0 ], [ 35.6072232, 47.5173487, 0.0 ], [ 35.6004302, 47.5192681, 0.0 ], [ 35.614244, 47.5229322, 0.0 ], [ 35.6083217, 47.5322051, 0.0 ], [ 35.6314101, 47.538985, 0.0 ], [ 35.6364973, 47.5406489, 0.0 ], [ 35.6332357, 47.547949, 0.0 ], [ 35.6303175, 47.553742, 0.0 ], [ 35.6268842, 47.572507, 0.0 ], [ 35.6191595, 47.5740125, 0.0 ], [ 35.6109197, 47.5722754, 0.0 ], [ 35.6134946, 47.5625462, 0.0 ], [ 35.611263, 47.5613878, 0.0 ], [ 35.611778, 47.558376, 0.0 ], [ 35.6044593, 47.5581028, 0.0 ], [ 35.603409, 47.5603269, 0.0 ], [ 35.591736, 47.5590527, 0.0 ], [ 35.5852987, 47.5593423, 0.0 ], [ 35.5806047, 47.5792458, 0.0 ], [ 35.5717125, 47.5772802, 0.0 ], [ 35.564331, 47.5764696, 0.0 ], [ 35.5553188, 47.5798278, 0.0 ], [ 35.5520572, 47.5900168, 0.0 ], [ 35.5350628, 47.5896695, 0.0 ], [ 35.5360927, 47.5816805, 0.0 ], [ 35.5242481, 47.5801752, 0.0 ], [ 35.5206432, 47.5772802, 0.0 ], [ 35.506052, 47.5716056, 0.0 ], [ 35.5007305, 47.5702158, 0.0 ], [ 35.496439, 47.5682469, 0.0 ], [ 35.5067386, 47.5615288, 0.0 ], [ 35.5047645, 47.56066, 0.0 ], [ 35.5049362, 47.5552732, 0.0 ], [ 35.513514, 47.5541393, 0.0 ], [ 35.5166356, 47.553313, 0.0 ], [ 35.51907, 47.54484, 0.0 ], [ 35.5062988, 47.5438527, 0.0 ], [ 35.4837185, 47.5491172, 0.0 ], [ 35.45584, 47.5473767, 0.0 ], [ 35.4283075, 47.5440073, 0.0 ], [ 35.4006029, 47.5464826, 0.0 ], [ 35.379418, 47.5515019, 0.0 ], [ 35.3763636, 47.5574535, 0.0 ], [ 35.3757628, 47.5641142, 0.0 ], [ 35.3773936, 47.5646933, 0.0 ], [ 35.3761061, 47.576275, 0.0 ], [ 35.3677805, 47.5766225, 0.0 ], [ 35.3672417, 47.5804239, 0.0 ], [ 35.3605684, 47.5803132, 0.0 ], [ 35.3546038, 47.577022, 0.0 ], [ 35.3610348, 47.5584448, 0.0 ], [ 35.3572788, 47.5520442, 0.0 ], [ 35.3458847, 47.5501616, 0.0 ], [ 35.3364872, 47.5473227, 0.0 ], [ 35.3317393, 47.5451708, 0.0 ], [ 35.3376976, 47.5422113, 0.0 ], [ 35.3511609, 47.5407765, 0.0 ], [ 35.3558322, 47.5394214, 0.0 ], [ 35.3639953, 47.5390537, 0.0 ], [ 35.3647767, 47.5368316, 0.0 ], [ 35.3584433, 47.537139, 0.0 ], [ 35.3407368, 47.5360069, 0.0 ], [ 35.3361724, 47.5304356, 0.0 ], [ 35.3234416, 47.5166274, 0.0 ], [ 35.3141468, 47.5135995, 0.0 ], [ 35.3048525, 47.5131215, 0.0 ], [ 35.2771713, 47.5038988, 0.0 ], [ 35.2734643, 47.4937199, 0.0 ], [ 35.281568, 47.4716924, 0.0 ], [ 35.274153, 47.4599758, 0.0 ], [ 35.2675272, 47.4589909, 0.0 ], [ 35.273261, 47.4728611, 0.0 ], [ 35.2673569, 47.4740294, 0.0 ], [ 35.2625839, 47.4734655, 0.0 ], [ 35.2457783, 47.4642479, 0.0 ], [ 35.2289783, 47.4561885, 0.0 ], [ 35.1978284, 47.4453009, 0.0 ], [ 35.1650631, 47.4455691, 0.0 ], [ 35.0624666, 47.451171, 0.0 ], [ 35.0095505, 47.4129875, 0.0 ], [ 34.9781607, 47.3934439, 0.0 ], [ 34.9420002, 47.3920471, 0.0 ], [ 34.9019443, 47.4013355, 0.0 ], [ 34.8783555, 47.4089896, 0.0 ], [ 34.8695289, 47.4143243, 0.0 ], [ 34.8631037, 47.4217495, 0.0 ], [ 34.8716498, 47.4353319, 0.0 ], [ 34.8757339, 47.4435726, 0.0 ], [ 34.8722287, 47.4493727, 0.0 ], [ 34.8261389, 47.4657164, 0.0 ], [ 34.7491941, 47.4936196, 0.0 ], [ 34.7024382, 47.4920104, 0.0 ], [ 34.6930314, 47.4915748, 0.0 ], [ 34.6869542, 47.4953003, 0.0 ], [ 34.686026, 47.5038969, 0.0 ], [ 34.6744139, 47.5160136, 0.0 ], [ 34.6581594, 47.5283612, 0.0 ], [ 34.6439561, 47.5438375, 0.0 ], [ 34.6209643, 47.5458512, 0.0 ], [ 34.5973627, 47.5350247, 0.0 ], [ 34.5943646, 47.5295278, 0.0 ], [ 34.5779809, 47.5225198, 0.0 ], [ 34.5605204, 47.5292145, 0.0 ], [ 34.5382495, 47.5326602, 0.0 ], [ 34.5170234, 47.5285174, 0.0 ], [ 34.5188033, 47.5159152, 0.0 ], [ 34.5034204, 47.5023851, 0.0 ], [ 34.4620885, 47.4996831, 0.0 ], [ 34.4207591, 47.4992856, 0.0 ], [ 34.4048305, 47.5037542, 0.0 ], [ 34.3950785, 47.5128597, 0.0 ], [ 34.3768404, 47.5110717, 0.0 ] ] ] } },
{ "type": "Feature", "properties": { "Name": "", "description": "<br><br>описание: <br>name: ", "tessellate": -1, "extrude": 0, "visibility": -1, "________________": "" }, "geometry": { "type": "Polygon", "coordinates": [ [ [ 31.809203, 46.4768046, 0.0 ], [ 31.8728733, 46.4639885, 0.0 ], [ 31.9500807, 46.4386096, 0.0 ], [ 31.9762262, 46.4388857, 0.0 ], [ 32.0016924, 46.4538236, 0.0 ], [ 32.0224917, 46.4474488, 0.0 ], [ 32.0384713, 46.4145736, 0.0 ], [ 32.0622508, 46.3945788, 0.0 ], [ 32.0590963, 46.3860282, 0.0 ], [ 32.0442715, 46.3784241, 0.0 ], [ 32.0262962, 46.3821605, 0.0 ], [ 32.0175612, 46.3781634, 0.0 ], [ 32.0088827, 46.3627595, 0.0 ], [ 31.9818196, 46.3489627, 0.0 ], [ 31.9156379, 46.3394126, 0.0 ], [ 31.8677866, 46.333686, 0.0 ], [ 31.8316106, 46.3364774, 0.0 ], [ 31.7928947, 46.3297285, 0.0 ], [ 31.7627223, 46.3022269, 0.0 ], [ 31.680589, 46.2510333, 0.0 ], [ 31.6440622, 46.2448817, 0.0 ], [ 31.5894042, 46.2560404, 0.0 ], [ 31.5456989, 46.2823695, 0.0 ], [ 31.5329519, 46.3098619, 0.0 ], [ 31.5397352, 46.3486767, 0.0 ], [ 31.5326741, 46.3703278, 0.0 ], [ 31.5171957, 46.3652862, 0.0 ], [ 31.5014212, 46.3286706, 0.0 ], [ 31.5339952, 46.2762267, 0.0 ], [ 31.5814766, 46.2441231, 0.0 ], [ 31.9096923, 46.1783895, 0.0 ], [ 32.0728467, 46.1642426, 0.0 ], [ 32.3398747, 46.103501, 0.0 ], [ 32.5245246, 46.0679212, 0.0 ], [ 32.8899764, 46.0088123, 0.0 ], [ 33.0270395, 46.002288, 0.0 ], [ 33.0817075, 46.0099915, 0.0 ], [ 33.0407967, 46.0266385, 0.0 ], [ 32.9770695, 46.0316151, 0.0 ], [ 32.9476596, 46.0441999, 0.0 ], [ 32.9299228, 46.0388375, 0.0 ], [ 32.8897701, 46.0399034, 0.0 ], [ 32.8643457, 46.0598979, 0.0 ], [ 32.7907674, 46.0322764, 0.0 ], [ 32.5408204, 46.0710034, 0.0 ], [ 32.5475684, 46.0819685, 0.0 ], [ 32.5981392, 46.0972826, 0.0 ], [ 32.6716476, 46.0964757, 0.0 ], [ 32.7331285, 46.1089071, 0.0 ], [ 32.7575502, 46.1213225, 0.0 ], [ 32.7837211, 46.1156405, 0.0 ], [ 32.8709579, 46.1137423, 0.0 ], [ 32.9334588, 46.103227, 0.0 ], [ 32.9627731, 46.1098851, 0.0 ], [ 33.0346672, 46.1117605, 0.0 ], [ 33.0275871, 46.1421602, 0.0 ], [ 33.0163798, 46.1554306, 0.0 ], [ 33.0647468, 46.1543688, 0.0 ], [ 33.0828887, 46.1342697, 0.0 ], [ 33.2127188, 46.1037253, 0.0 ], [ 33.2118757, 46.1309135, 0.0 ], [ 33.2557462, 46.1385601, 0.0 ], [ 33.2927496, 46.1300147, 0.0 ], [ 33.308587, 46.1190776, 0.0 ], [ 33.3103429, 46.0974303, 0.0 ], [ 33.2956237, 46.0914925, 0.0 ], [ 33.2802184, 46.0957905, 0.0 ], [ 33.2777208, 46.0757893, 0.0 ], [ 33.3194099, 46.0738486, 0.0 ], [ 33.3300853, 46.1118644, 0.0 ], [ 33.3484548, 46.0951509, 0.0 ], [ 33.3736817, 46.0889083, 0.0 ], [ 33.3664535, 46.0726162, 0.0 ], [ 33.4143535, 46.0306, 0.0 ], [ 33.5097499, 46.0224608, 0.0 ], [ 33.589141, 46.0678081, 0.0 ], [ 33.5966703, 46.1195839, 0.0 ], [ 33.6095466, 46.1327726, 0.0 ], [ 33.6361634, 46.1411994, 0.0 ], [ 33.615419, 46.2242618, 0.0 ], [ 33.6469466, 46.2291976, 0.0 ], [ 33.6729768, 46.2160747, 0.0 ], [ 33.6830887, 46.205297, 0.0 ], [ 33.7004998, 46.2022836, 0.0 ], [ 33.741245, 46.1831036, 0.0 ], [ 33.7836011, 46.2022452, 0.0 ], [ 33.8342149, 46.2042582, 0.0 ], [ 33.8827712, 46.1780883, 0.0 ], [ 34.4436012, 45.9612655, 0.0 ], [ 34.6485274, 45.975273, 0.0 ], [ 34.7542656, 45.909477, 0.0 ], [ 34.8008505, 45.9009469, 0.0 ], [ 34.8019553, 45.8063044, 0.0 ], [ 34.8595124, 45.7944968, 0.0 ], [ 34.9620575, 45.7603664, 0.0 ], [ 34.9746826, 45.7644301, 0.0 ], [ 34.8800563, 46.1621245, 0.0 ], [ 34.9753215, 46.2504648, 0.0 ], [ 35.0363486, 46.2593833, 0.0 ], [ 35.079552, 46.2810953, 0.0 ], [ 35.2655535, 46.2696399, 0.0 ], [ 35.2243507, 46.2246682, 0.0 ], [ 35.219101, 46.2037403, 0.0 ], [ 35.2056183, 46.1853065, 0.0 ], [ 35.0348598, 46.1467586, 0.0 ], [ 35.0202156, 46.1243155, 0.0 ], [ 34.9891087, 46.1066268, 0.0 ], [ 34.9854673, 46.0739534, 0.0 ], [ 35.1361009, 46.1173322, 0.0 ], [ 35.1957694, 46.1513341, 0.0 ], [ 35.2390751, 46.2195258, 0.0 ], [ 35.2875261, 46.258247, 0.0 ], [ 35.2699889, 46.2698704, 0.0 ], [ 35.2554017, 46.2754453, 0.0 ], [ 35.0727548, 46.3039139, 0.0 ], [ 35.0576487, 46.375021, 0.0 ], [ 35.0702347, 46.3787874, 0.0 ], [ 35.0530685, 46.4821946, 0.0 ], [ 35.0164501, 46.4800897, 0.0 ], [ 34.9480118, 46.500631, 0.0 ], [ 34.9462952, 46.512446, 0.0 ], [ 34.8906769, 46.5046484, 0.0 ], [ 34.8841537, 46.5363044, 0.0 ], [ 34.8978867, 46.5374852, 0.0 ], [ 34.8889603, 46.562749, 0.0 ], [ 34.7623925, 46.5566337, 0.0 ], [ 34.7445397, 46.5821244, 0.0 ], [ 34.7184473, 46.5868436, 0.0 ], [ 34.7129542, 46.6151501, 0.0 ], [ 34.7582726, 46.6283547, 0.0 ], [ 34.7500329, 46.6811411, 0.0 ], [ 34.678622, 46.6792567, 0.0 ], [ 34.6772487, 46.6915037, 0.0 ], [ 34.6333036, 46.6896198, 0.0 ], [ 34.6278105, 46.7263455, 0.0 ], [ 34.6648892, 46.7291695, 0.0 ], [ 34.6648892, 46.7423463, 0.0 ], [ 34.7321802, 46.7470515, 0.0 ], [ 34.7321802, 46.7602239, 0.0 ], [ 34.7527794, 46.7630462, 0.0 ], [ 34.7514061, 46.7837381, 0.0 ], [ 34.7720054, 46.7912605, 0.0 ], [ 34.765139, 46.8194601, 0.0 ], [ 34.8132039, 46.8307357, 0.0 ], [ 34.8063376, 46.8805083, 0.0 ], [ 34.7541527, 46.8805083, 0.0 ], [ 34.7335535, 46.9574241, 0.0 ], [ 34.697848, 46.9536747, 0.0 ], [ 34.6662625, 46.9761673, 0.0 ], [ 34.6195708, 46.981789, 0.0 ], [ 34.6003448, 46.9958406, 0.0 ], [ 34.5866106, 47.025105, 0.0 ], [ 34.5687578, 47.0222965, 0.0 ], [ 34.5522798, 47.1071858, 0.0 ], [ 34.5206943, 47.1081206, 0.0 ], [ 34.4973484, 47.2453414, 0.0 ], [ 34.5358005, 47.2518669, 0.0 ], [ 34.5220675, 47.2816875, 0.0 ], [ 34.490482, 47.2826191, 0.0 ], [ 34.4836156, 47.3273176, 0.0 ], [ 34.4190712, 47.3226632, 0.0 ], [ 34.4094582, 47.2984541, 0.0 ], [ 34.4080849, 47.2863454, 0.0 ], [ 34.3806193, 47.2798242, 0.0 ], [ 34.3421672, 47.29566, 0.0 ], [ 34.3037153, 47.2714385, 0.0 ], [ 34.2913558, 47.2947286, 0.0 ], [ 34.2762496, 47.3431392, 0.0 ], [ 34.2556503, 47.3673279, 0.0 ], [ 34.2487839, 47.4008016, 0.0 ], [ 34.2364243, 47.4323961, 0.0 ], [ 34.2228591, 47.4222946, 0.0 ], [ 34.2040631, 47.4130606, 0.0 ], [ 34.1859559, 47.4159041, 0.0 ], [ 34.1442392, 47.4241601, 0.0 ], [ 34.1117974, 47.4198633, 0.0 ], [ 34.0805563, 47.426125, 0.0 ], [ 34.0469112, 47.4254282, 0.0 ], [ 34.0125965, 47.3435675, 0.0 ], [ 34.0273809, 47.3328711, 0.0 ], [ 34.0016588, 47.2891283, 0.0 ], [ 33.978388, 47.2616966, 0.0 ], [ 33.9754795, 47.2274207, 0.0 ], [ 33.9417672, 47.1962919, 0.0 ], [ 33.9194348, 47.1755892, 0.0 ], [ 33.8957434, 47.163283, 0.0 ], [ 33.8503285, 47.1367055, 0.0 ], [ 33.8464097, 47.1169075, 0.0 ], [ 33.8397482, 47.0973428, 0.0 ], [ 33.8250612, 47.0813479, 0.0 ], [ 33.7819121, 47.0475839, 0.0 ], [ 33.7257792, 47.0142664, 0.0 ], [ 33.6982455, 46.9975301, 0.0 ], [ 33.6954984, 46.9427118, 0.0 ], [ 33.6872568, 46.9194975, 0.0 ], [ 33.6817673, 46.8990968, 0.0 ], [ 33.6635634, 46.9038963, 0.0 ], [ 33.6448482, 46.9013683, 0.0 ], [ 33.6350622, 46.8936777, 0.0 ], [ 33.5966237, 46.8265636, 0.0 ], [ 33.4469397, 46.8209261, 0.0 ], [ 33.3792596, 46.7827491, 0.0 ], [ 33.3468287, 46.7629377, 0.0 ], [ 33.3020616, 46.7501686, 0.0 ], [ 33.1738351, 46.7766257, 0.0 ], [ 33.1522931, 46.7838576, 0.0 ], [ 33.1264579, 46.778977, 0.0 ], [ 33.0404583, 46.7419353, 0.0 ], [ 32.9402069, 46.7318123, 0.0 ], [ 32.907249, 46.7223991, 0.0 ], [ 32.8789382, 46.6973553, 0.0 ], [ 32.7567019, 46.6645459, 0.0 ], [ 32.7185074, 46.6591855, 0.0 ], [ 32.6861546, 46.6328913, 0.0 ], [ 32.6738252, 46.6297172, 0.0 ], [ 32.6642439, 46.6250095, 0.0 ], [ 32.6545241, 46.6226664, 0.0 ], [ 32.6443567, 46.6189218, 0.0 ], [ 32.6400952, 46.616056, 0.0 ], [ 32.640017, 46.6142488, 0.0 ], [ 32.642583, 46.6124335, 0.0 ], [ 32.6424199, 46.6111174, 0.0 ], [ 32.6405401, 46.6102435, 0.0 ], [ 32.6385831, 46.6103824, 0.0 ], [ 32.636334, 46.6120878, 0.0 ], [ 32.6324013, 46.6126003, 0.0 ], [ 32.627292, 46.6114811, 0.0 ], [ 32.6270022, 46.6076849, 0.0 ], [ 32.6224001, 46.5957659, 0.0 ], [ 32.6045825, 46.5935766, 0.0 ], [ 32.5872802, 46.5951593, 0.0 ], [ 32.5741292, 46.5930359, 0.0 ], [ 32.5659582, 46.5822419, 0.0 ], [ 32.5451179, 46.5700052, 0.0 ], [ 32.5211583, 46.5672676, 0.0 ], [ 32.4973319, 46.5638217, 0.0 ], [ 32.4779772, 46.5601596, 0.0 ], [ 32.4581942, 46.564011, 0.0 ], [ 32.4336835, 46.5591653, 0.0 ], [ 32.4086544, 46.5571408, 0.0 ], [ 32.384036, 46.5464629, 0.0 ], [ 32.3626758, 46.5453901, 0.0 ], [ 32.3600838, 46.5435319, 0.0 ], [ 32.3524101, 46.5378063, 0.0 ], [ 32.3427379, 46.5342935, 0.0 ], [ 32.3414214, 46.5328908, 0.0 ], [ 32.3227675, 46.5323138, 0.0 ], [ 32.3168208, 46.5305478, 0.0 ], [ 32.308538, 46.5278967, 0.0 ], [ 32.2988332, 46.5280622, 0.0 ], [ 32.2903006, 46.5268695, 0.0 ], [ 32.2834545, 46.5257666, 0.0 ], [ 32.2737354, 46.5070595, 0.0 ], [ 32.2551312, 46.4994785, 0.0 ], [ 32.2152879, 46.4785553, 0.0 ], [ 32.1728853, 46.4940638, 0.0 ], [ 32.152138, 46.5097019, 0.0 ], [ 32.1189306, 46.517781, 0.0 ], [ 32.0964782, 46.5062094, 0.0 ], [ 32.0660357, 46.494975, 0.0 ], [ 31.9897094, 46.4914696, 0.0 ], [ 31.9120987, 46.5132719, 0.0 ], [ 31.9099929, 46.5256091, 0.0 ], [ 31.8865409, 46.5332661, 0.0 ], [ 31.8537619, 46.5049616, 0.0 ], [ 31.8518932, 46.4979201, 0.0 ], [ 31.8253142, 46.4998569, 0.0 ], [ 31.8062925, 46.4880814, 0.0 ], [ 31.809203, 46.4768046, 0.0 ] ] ] } },
{ "type": "Feature", "properties": { "Name": "", "description": "<br><br>описание: <br>name: ", "tessellate": -1, "extrude": 0, "visibility": -1, "________________": "" }, "geometry": { "type": "Polygon", "coordinates": [ [ [ 38.0511999, 49.9233928, 0.0 ], [ 38.009002, 49.9658897, 0.0 ], [ 37.9823866, 49.9747617, 0.0 ], [ 37.9585114, 49.9783291, 0.0 ], [ 37.9192198, 50.0411759, 0.0 ], [ 37.8632068, 50.0540121, 0.0 ], [ 37.8304731, 50.0656595, 0.0 ], [ 37.7977205, 50.0817054, 0.0 ], [ 37.7583161, 50.0782498, 0.0 ], [ 37.7078782, 50.132044, 0.0 ], [ 37.673042, 50.1509413, 0.0 ], [ 37.6358075, 50.1970665, 0.0 ], [ 37.6315437, 50.2012832, 0.0 ], [ 37.6253639, 50.2057881, 0.0 ], [ 37.621759, 50.2128192, 0.0 ], [ 37.6186691, 50.2138078, 0.0 ], [ 37.6154934, 50.2161691, 0.0 ], [ 37.6148923, 50.2198485, 0.0 ], [ 37.6154071, 50.2227042, 0.0 ], [ 37.621244, 50.2302825, 0.0 ], [ 37.6255742, 50.2374657, 0.0 ], [ 37.6270334, 50.2419398, 0.0 ], [ 37.6257459, 50.246523, 0.0 ], [ 37.6276342, 50.2566213, 0.0 ], [ 37.6238149, 50.2559078, 0.0 ], [ 37.6193944, 50.2539323, 0.0 ], [ 37.6139012, 50.2555237, 0.0 ], [ 37.6094809, 50.2545771, 0.0 ], [ 37.6089231, 50.2514627, 0.0 ], [ 37.6083477, 50.2508263, 0.0 ], [ 37.601095, 50.2388604, 0.0 ], [ 37.596031, 50.2361155, 0.0 ], [ 37.5847014, 50.2357312, 0.0 ], [ 37.5784363, 50.2430599, 0.0 ], [ 37.5683935, 50.2429225, 0.0 ], [ 37.5639303, 50.2435812, 0.0 ], [ 37.5647886, 50.2408366, 0.0 ], [ 37.5604971, 50.2419894, 0.0 ], [ 37.557493, 50.2435263, 0.0 ], [ 37.5548323, 50.2500579, 0.0 ], [ 37.5456484, 50.2510732, 0.0 ], [ 37.5364289, 50.2556814, 0.0 ], [ 37.5330301, 50.2531628, 0.0 ], [ 37.529318, 50.2534577, 0.0 ], [ 37.5292835, 50.2542683, 0.0 ], [ 37.5227174, 50.2538155, 0.0 ], [ 37.5228247, 50.2534314, 0.0 ], [ 37.5194559, 50.2531844, 0.0 ], [ 37.5193401, 50.249815, 0.0 ], [ 37.5170431, 50.2492031, 0.0 ], [ 37.5108632, 50.2499714, 0.0 ], [ 37.5043401, 50.2511789, 0.0 ], [ 37.498332, 50.2524411, 0.0 ], [ 37.4814233, 50.2510142, 0.0 ], [ 37.4710378, 50.2514533, 0.0 ], [ 37.4701795, 50.2548009, 0.0 ], [ 37.4658021, 50.2558985, 0.0 ], [ 37.4624547, 50.2548558, 0.0 ], [ 37.459279, 50.2517826, 0.0 ], [ 37.4639997, 50.2500263, 0.0 ], [ 37.4695787, 50.2493677, 0.0 ], [ 37.4711236, 50.2468979, 0.0 ], [ 37.4792776, 50.245855, 0.0 ], [ 37.4783334, 50.2343271, 0.0 ], [ 37.4751565, 50.2331621, 0.0 ], [ 37.4735257, 50.2303071, 0.0 ], [ 37.4701783, 50.2301973, 0.0 ], [ 37.4695775, 50.229154, 0.0 ], [ 37.4668309, 50.2285501, 0.0 ], [ 37.4694058, 50.2250907, 0.0 ], [ 37.473869, 50.2252005, 0.0 ], [ 37.4747488, 50.2246789, 0.0 ], [ 37.4751565, 50.2260791, 0.0 ], [ 37.4795942, 50.2269235, 0.0 ], [ 37.4885206, 50.2292297, 0.0 ], [ 37.4927723, 50.2263619, 0.0 ], [ 37.4900257, 50.2141701, 0.0 ], [ 37.5049602, 50.2088421, 0.0 ], [ 37.5119983, 50.2054363, 0.0 ], [ 37.5097095, 50.2027162, 0.0 ], [ 37.5063621, 50.1996945, 0.0 ], [ 37.5091087, 50.1976616, 0.0 ], [ 37.516061, 50.1937055, 0.0 ], [ 37.5241291, 50.1918372, 0.0 ], [ 37.5255024, 50.1940901, 0.0 ], [ 37.5283348, 50.1976616, 0.0 ], [ 37.5342142, 50.1986506, 0.0 ], [ 37.5379907, 50.1979363, 0.0 ], [ 37.537347, 50.2042544, 0.0 ], [ 37.5349008, 50.2060123, 0.0 ], [ 37.5317394, 50.2062603, 0.0 ], [ 37.5360309, 50.2112041, 0.0 ], [ 37.5414379, 50.2139504, 0.0 ], [ 37.545129, 50.2184541, 0.0 ], [ 37.5495494, 50.2174657, 0.0 ], [ 37.5580894, 50.2169163, 0.0 ], [ 37.558462, 50.2221948, 0.0 ], [ 37.5619231, 50.2222013, 0.0 ], [ 37.563468, 50.2202242, 0.0 ], [ 37.566043, 50.2160503, 0.0 ], [ 37.5627814, 50.2136336, 0.0 ], [ 37.5658713, 50.2131942, 0.0 ], [ 37.5638114, 50.2107774, 0.0 ], [ 37.5799475, 50.2119309, 0.0 ], [ 37.5833069, 50.2093037, 0.0 ], [ 37.5917183, 50.2078755, 0.0 ], [ 37.6032196, 50.208315, 0.0 ], [ 37.6008307, 50.2047702, 0.0 ], [ 37.6109166, 50.1967368, 0.0 ], [ 37.6025046, 50.1935838, 0.0 ], [ 37.568838, 50.1849768, 0.0 ], [ 37.5688312, 50.1562068, 0.0 ], [ 37.6230598, 50.1347825, 0.0 ], [ 37.6370379, 50.1329454, 0.0 ], [ 37.6510164, 50.1363883, 0.0 ], [ 37.6651632, 50.1302577, 0.0 ], [ 37.6569573, 50.1201492, 0.0 ], [ 37.6552763, 50.1124619, 0.0 ], [ 37.6559185, 50.0818223, 0.0 ], [ 37.689536, 50.0776299, 0.0 ], [ 37.6950882, 50.072928, 0.0 ], [ 37.6956032, 50.0696777, 0.0 ], [ 37.699448, 50.0655936, 0.0 ], [ 37.7027954, 50.0630041, 0.0 ], [ 37.7048008, 50.0596464, 0.0 ], [ 37.716185, 50.059147, 0.0 ], [ 37.7153267, 50.0568326, 0.0 ], [ 37.7182449, 50.0481251, 0.0 ], [ 37.7251114, 50.0469126, 0.0 ], [ 37.7327678, 50.0468096, 0.0 ], [ 37.7355848, 50.041032, 0.0 ], [ 37.742484, 50.0322078, 0.0 ], [ 37.7101321, 50.030057, 0.0 ], [ 37.7043433, 50.024515, 0.0 ], [ 37.7116005, 50.0200758, 0.0 ], [ 37.7442315, 50.0194138, 0.0 ], [ 37.7649465, 50.0191556, 0.0 ], [ 37.7833143, 50.0119857, 0.0 ], [ 37.7865775, 50.0053656, 0.0 ], [ 37.7989355, 50.001946, 0.0 ], [ 37.8070036, 49.9965392, 0.0 ], [ 37.7984204, 49.9765618, 0.0 ], [ 37.7736077, 49.9742191, 0.0 ], [ 37.7647934, 49.9746937, 0.0 ], [ 37.7559821, 49.9580541, 0.0 ], [ 37.7502314, 49.9583854, 0.0 ], [ 37.7487723, 49.9630236, 0.0 ], [ 37.7368418, 49.9640174, 0.0 ], [ 37.7293746, 49.9628027, 0.0 ], [ 37.7282588, 49.9657841, 0.0 ], [ 37.7038829, 49.9668883, 0.0 ], [ 37.6995055, 49.9659498, 0.0 ], [ 37.6893775, 49.9657289, 0.0 ], [ 37.6872317, 49.9600419, 0.0 ], [ 37.6914374, 49.9589376, 0.0 ], [ 37.6988188, 49.9563423, 0.0 ], [ 37.7292887, 49.9562871, 0.0 ], [ 37.7314345, 49.9494392, 0.0 ], [ 37.7392451, 49.9490526, 0.0 ], [ 37.7431075, 49.9492182, 0.0 ], [ 37.7509018, 49.9486866, 0.0 ], [ 37.7525752, 49.941644, 0.0 ], [ 37.7493052, 49.9318949, 0.0 ], [ 37.732887, 49.937468, 0.0 ], [ 37.719243, 49.933312, 0.0 ], [ 37.719587, 49.930854, 0.0 ], [ 37.727526, 49.926738, 0.0 ], [ 37.726475, 49.923284, 0.0 ], [ 37.741775, 49.917688, 0.0 ], [ 37.7447561, 49.9075714, 0.0 ], [ 37.7379758, 49.9058579, 0.0 ], [ 37.721852, 49.9074167, 0.0 ], [ 37.6986894, 49.9085346, 0.0 ], [ 37.688828, 49.907341, 0.0 ], [ 37.6883068, 49.9052174, 0.0 ], [ 37.6596563, 49.8844906, 0.0 ], [ 37.6454504, 49.8835769, 0.0 ], [ 37.6364503, 49.8786827, 0.0 ], [ 37.6240063, 49.8783268, 0.0 ], [ 37.6245994, 49.86651, 0.0 ], [ 37.6148244, 49.8614568, 0.0 ], [ 37.601044, 49.8514226, 0.0 ], [ 37.5942972, 49.8401996, 0.0 ], [ 37.6128142, 49.8376146, 0.0 ], [ 37.6227475, 49.8318151, 0.0 ], [ 37.6100005, 49.8295153, 0.0 ], [ 37.5994469, 49.8222596, 0.0 ], [ 37.5993639, 49.8154504, 0.0 ], [ 37.6164025, 49.8120002, 0.0 ], [ 37.6059742, 49.7994662, 0.0 ], [ 37.592089, 49.8005928, 0.0 ], [ 37.5831811, 49.8003879, 0.0 ], [ 37.5893293, 49.7874271, 0.0 ], [ 37.5928685, 49.7784448, 0.0 ], [ 37.5848654, 49.7790801, 0.0 ], [ 37.5752524, 49.7778607, 0.0 ], [ 37.5693301, 49.7723733, 0.0 ], [ 37.568892, 49.767144, 0.0 ], [ 37.570875, 49.7592342, 0.0 ], [ 37.5782565, 49.7579589, 0.0 ], [ 37.583841, 49.755726, 0.0 ], [ 37.5898435, 49.7517485, 0.0 ], [ 37.5873648, 49.7507402, 0.0 ], [ 37.5859915, 49.7481337, 0.0 ], [ 37.5944029, 49.7473018, 0.0 ], [ 37.6020419, 49.7507957, 0.0 ], [ 37.6111504, 49.7462322, 0.0 ], [ 37.6181439, 49.7434306, 0.0 ], [ 37.6131669, 49.7361167, 0.0 ], [ 37.6100707, 49.7318281, 0.0 ], [ 37.6091695, 49.7317726, 0.0 ], [ 37.6075387, 49.7307463, 0.0 ], [ 37.6029039, 49.7305521, 0.0 ], [ 37.5986552, 49.7292205, 0.0 ], [ 37.5965953, 49.7291651, 0.0 ], [ 37.5903312, 49.7254635, 0.0 ], [ 37.587649, 49.7236047, 0.0 ], [ 37.5891295, 49.7229527, 0.0 ], [ 37.5885073, 49.7224256, 0.0 ], [ 37.58943, 49.7219123, 0.0 ], [ 37.5893012, 49.7214407, 0.0 ], [ 37.5896874, 49.7207609, 0.0 ], [ 37.5911251, 49.7201921, 0.0 ], [ 37.5909258, 49.7197465, 0.0 ], [ 37.592578, 49.7185812, 0.0 ], [ 37.5951744, 49.7176239, 0.0 ], [ 37.5956036, 49.7177349, 0.0 ], [ 37.5990368, 49.7170135, 0.0 ], [ 37.6003993, 49.7172493, 0.0 ], [ 37.6015724, 49.7172764, 0.0 ], [ 37.6017011, 49.7167214, 0.0 ], [ 37.6020659, 49.715334, 0.0 ], [ 37.6027096, 49.715223, 0.0 ], [ 37.6030529, 49.7133638, 0.0 ], [ 37.6073444, 49.7114213, 0.0 ], [ 37.6089752, 49.7091735, 0.0 ], [ 37.6111782, 49.7075178, 0.0 ], [ 37.6103843, 49.7066714, 0.0 ], [ 37.6090539, 49.7057555, 0.0 ], [ 37.6085174, 49.705242, 0.0 ], [ 37.6088393, 49.7049229, 0.0 ], [ 37.6061786, 49.7035768, 0.0 ], [ 37.6074124, 49.7029869, 0.0 ], [ 37.6081848, 49.7019323, 0.0 ], [ 37.6085282, 49.7008775, 0.0 ], [ 37.6100302, 49.7011412, 0.0 ], [ 37.6128412, 49.7014187, 0.0 ], [ 37.6122618, 49.7039029, 0.0 ], [ 37.6124764, 49.706373, 0.0 ], [ 37.6126873, 49.707083, 0.0 ], [ 37.6141464, 49.7066667, 0.0 ], [ 37.6169359, 49.7047795, 0.0 ], [ 37.6218712, 49.7036138, 0.0 ], [ 37.6255619, 49.7030587, 0.0 ], [ 37.6254945, 49.7010642, 0.0 ], [ 37.6264387, 49.6967895, 0.0 ], [ 37.6348501, 49.6888497, 0.0 ], [ 37.6333051, 49.6840742, 0.0 ], [ 37.6333359, 49.6796509, 0.0 ], [ 37.63634, 49.6715973, 0.0 ], [ 37.6335934, 49.6683755, 0.0 ], [ 37.6308468, 49.6674311, 0.0 ], [ 37.6306751, 49.6658201, 0.0 ], [ 37.6353958, 49.665209, 0.0 ], [ 37.6371983, 49.6640424, 0.0 ], [ 37.6354817, 49.6605422, 0.0 ], [ 37.6353253, 49.6590488, 0.0 ], [ 37.6395525, 49.6576737, 0.0 ], [ 37.6444663, 49.6578265, 0.0 ], [ 37.64614, 49.6576042, 0.0 ], [ 37.6466396, 49.6582087, 0.0 ], [ 37.6502445, 49.6581531, 0.0 ], [ 37.6501779, 49.6567316, 0.0 ], [ 37.6522378, 49.6564538, 0.0 ], [ 37.6521949, 49.6551619, 0.0 ], [ 37.6553921, 49.6564121, 0.0 ], [ 37.6555208, 49.6573428, 0.0 ], [ 37.655317, 49.6580304, 0.0 ], [ 37.6578168, 49.6581901, 0.0 ], [ 37.6585765, 49.658822, 0.0 ], [ 37.6622457, 49.6583359, 0.0 ], [ 37.6646061, 49.6590582, 0.0 ], [ 37.6686344, 49.6582334, 0.0 ], [ 37.6712951, 49.657275, 0.0 ], [ 37.6747498, 49.6566777, 0.0 ], [ 37.6769385, 49.6565526, 0.0 ], [ 37.6806077, 49.6560109, 0.0 ], [ 37.6797923, 49.654594, 0.0 ], [ 37.6779822, 49.6539675, 0.0 ], [ 37.6776818, 49.6489107, 0.0 ], [ 37.6785401, 49.6470211, 0.0 ], [ 37.6866511, 49.6442701, 0.0 ], [ 37.6888894, 49.6425124, 0.0 ], [ 37.6888894, 49.6410395, 0.0 ], [ 37.6880429, 49.6376945, 0.0 ], [ 37.688987, 49.6354154, 0.0 ], [ 37.6908753, 49.6312461, 0.0 ], [ 37.6929352, 49.6275768, 0.0 ], [ 37.6906261, 49.6271645, 0.0 ], [ 37.6886305, 49.6273452, 0.0 ], [ 37.6851759, 49.6269838, 0.0 ], [ 37.6849398, 49.6261221, 0.0 ], [ 37.6867745, 49.6241969, 0.0 ], [ 37.6888452, 49.6235089, 0.0 ], [ 37.6918921, 49.6235089, 0.0 ], [ 37.6930294, 49.6233282, 0.0 ], [ 37.6938662, 49.6234811, 0.0 ], [ 37.6982393, 49.6198811, 0.0 ], [ 37.70296, 49.6212434, 0.0 ], [ 37.7087535, 49.6223833, 0.0 ], [ 37.7089681, 49.6239957, 0.0 ], [ 37.7153196, 49.6265811, 0.0 ], [ 37.7278938, 49.6253301, 0.0 ], [ 37.7296708, 49.6270765, 0.0 ], [ 37.730705, 49.6285488, 0.0 ], [ 37.7353399, 49.6275203, 0.0 ], [ 37.735497, 49.6243861, 0.0 ], [ 37.7497449, 49.6243861, 0.0 ], [ 37.7457967, 49.6166014, 0.0 ], [ 37.768456, 49.6117075, 0.0 ], [ 37.7636494, 49.6062569, 0.0 ], [ 37.765881, 49.6052557, 0.0 ], [ 37.7650227, 49.5891225, 0.0 ], [ 37.7506032, 49.5894564, 0.0 ], [ 37.7492299, 49.5856726, 0.0 ], [ 37.7495213, 49.5824339, 0.0 ], [ 37.7387927, 49.5737527, 0.0 ], [ 37.7290103, 49.5748093, 0.0 ], [ 37.712572, 49.5748592, 0.0 ], [ 37.6953402, 49.5676581, 0.0 ], [ 37.683605, 49.5581657, 0.0 ], [ 37.6920697, 49.5313157, 0.0 ], [ 37.6961468, 49.5284048, 0.0 ], [ 37.6933529, 49.5249306, 0.0 ], [ 37.690741, 49.518321, 0.0 ], [ 37.6976021, 49.5138076, 0.0 ], [ 37.6927001, 49.5003553, 0.0 ], [ 37.6915843, 49.4955055, 0.0 ], [ 37.6962071, 49.4938033, 0.0 ], [ 37.7103692, 49.4893988, 0.0 ], [ 37.7290548, 49.4850926, 0.0 ], [ 37.7410278, 49.4773685, 0.0 ], [ 37.765143, 49.4659362, 0.0 ], [ 37.7811873, 49.4469954, 0.0 ], [ 37.7227419, 49.4398802, 0.0 ], [ 37.6980219, 49.4379826, 0.0 ], [ 37.67944, 49.4335863, 0.0 ], [ 37.67237, 49.4266527, 0.0 ], [ 37.6732284, 49.4191714, 0.0 ], [ 37.690738, 49.4125826, 0.0 ], [ 37.7046424, 49.4179429, 0.0 ], [ 37.7368503, 49.4168589, 0.0 ], [ 37.7693801, 49.4140761, 0.0 ], [ 37.8060243, 49.3934702, 0.0 ], [ 37.8233445, 49.3668585, 0.0 ], [ 37.8462874, 49.3630995, 0.0 ], [ 37.890317, 49.3625229, 0.0 ], [ 37.9002734, 49.3944867, 0.0 ], [ 37.8810474, 49.411466, 0.0 ], [ 37.8741809, 49.4427283, 0.0 ], [ 37.8522083, 49.4418354, 0.0 ], [ 37.8453418, 49.5176766, 0.0 ], [ 37.8769275, 49.5203512, 0.0 ], [ 37.9196993, 49.5369826, 0.0 ], [ 37.9208728, 49.5470892, 0.0 ], [ 37.8892871, 49.5551078, 0.0 ], [ 37.9153796, 49.5693597, 0.0 ], [ 37.9565784, 49.5764841, 0.0 ], [ 37.9400989, 49.5871688, 0.0 ], [ 37.945592, 49.6120906, 0.0 ], [ 37.9675647, 49.6120906, 0.0 ], [ 38.0060168, 49.6512277, 0.0 ], [ 38.0430957, 49.6574511, 0.0 ], [ 38.0238696, 49.6743393, 0.0 ], [ 38.0060168, 49.700993, 0.0 ], [ 38.0197498, 49.7098743, 0.0 ], [ 38.0032703, 49.7152023, 0.0 ], [ 37.9730579, 49.7116504, 0.0 ], [ 37.9538318, 49.7373961, 0.0 ], [ 37.978551, 49.7666763, 0.0 ], [ 38.0060168, 49.7542565, 0.0 ], [ 38.0288759, 49.7747993, 0.0 ], [ 38.0508486, 49.7827804, 0.0 ], [ 38.054082, 49.7968253, 0.0 ], [ 38.0087634, 49.8065754, 0.0 ], [ 38.0073901, 49.8313849, 0.0 ], [ 38.0513355, 49.8313849, 0.0 ], [ 38.1007739, 49.8446704, 0.0 ], [ 38.0307361, 49.8968916, 0.0 ], [ 38.0511999, 49.9233928, 0.0 ] ] ] } },
{ "type": "Feature", "properties": { "Name": "", "description": "<br><br>описание: <br>name: ", "tessellate": -1, "extrude": 0, "visibility": -1, "________________": "" }, "geometry": { "type": "Polygon", "coordinates": [ [ [ 36.3775043, 50.2934192, 0.0 ], [ 36.364373, 50.2879765, 0.0 ], [ 36.323636, 50.290031, 0.0 ], [ 36.298028, 50.291969, 0.0 ], [ 36.298647, 50.299162, 0.0 ], [ 36.285876, 50.298241, 0.0 ], [ 36.2817, 50.2977327, 0.0 ], [ 36.2791251, 50.3008579, 0.0 ], [ 36.2716578, 50.2997614, 0.0 ], [ 36.274608, 50.295368, 0.0 ], [ 36.2661647, 50.2957589, 0.0 ], [ 36.2615403, 50.2923248, 0.0 ], [ 36.2615298, 50.2892336, 0.0 ], [ 36.2536438, 50.2899943, 0.0 ], [ 36.251026, 50.2915434, 0.0 ], [ 36.2505435, 50.2944978, 0.0 ], [ 36.2478827, 50.2944429, 0.0 ], [ 36.2461661, 50.2918109, 0.0 ], [ 36.2480544, 50.2884658, 0.0 ], [ 36.2534617, 50.2869851, 0.0 ], [ 36.2817859, 50.2868206, 0.0 ], [ 36.2853127, 50.283999, 0.0 ], [ 36.3041955, 50.2855346, 0.0 ], [ 36.3235932, 50.2848765, 0.0 ], [ 36.3407594, 50.2792821, 0.0 ], [ 36.3645538, 50.2767119, 0.0 ], [ 36.3814533, 50.2744291, 0.0 ], [ 36.3902072, 50.2717002, 0.0 ], [ 36.3952711, 50.2575445, 0.0 ], [ 36.4122658, 50.2531006, 0.0 ], [ 36.4307193, 50.2510689, 0.0 ], [ 36.4633349, 50.2468977, 0.0 ], [ 36.4787845, 50.2392129, 0.0 ], [ 36.4810555, 50.2368625, 0.0 ], [ 36.4783948, 50.2348861, 0.0 ], [ 36.4799397, 50.2332939, 0.0 ], [ 36.4775365, 50.2302193, 0.0 ], [ 36.4688676, 50.2286819, 0.0 ], [ 36.4685243, 50.2240145, 0.0 ], [ 36.4822572, 50.2179187, 0.0 ], [ 36.4992516, 50.2191819, 0.0 ], [ 36.5044873, 50.2251127, 0.0 ], [ 36.5319995, 50.2170298, 0.0 ], [ 36.5380509, 50.2212182, 0.0 ], [ 36.5463892, 50.2324067, 0.0 ], [ 36.5503454, 50.239538, 0.0 ], [ 36.5580796, 50.2441439, 0.0 ], [ 36.5642684, 50.243397, 0.0 ], [ 36.5704568, 50.2412225, 0.0 ], [ 36.5661823, 50.2362151, 0.0 ], [ 36.5593467, 50.2268568, 0.0 ], [ 36.5492525, 50.2191452, 0.0 ], [ 36.5428153, 50.2084084, 0.0 ], [ 36.5572793, 50.2002116, 0.0 ], [ 36.5909651, 50.1999209, 0.0 ], [ 36.5815676, 50.2065532, 0.0 ], [ 36.5843562, 50.2116471, 0.0 ], [ 36.5956858, 50.2219725, 0.0 ], [ 36.6023807, 50.2251574, 0.0 ], [ 36.6092471, 50.2251574, 0.0 ], [ 36.5996341, 50.2332837, 0.0 ], [ 36.5846174, 50.2370151, 0.0 ], [ 36.5606671, 50.250844, 0.0 ], [ 36.5696736, 50.2580902, 0.0 ], [ 36.5746943, 50.2556771, 0.0 ], [ 36.5784066, 50.2587502, 0.0 ], [ 36.5752853, 50.2608356, 0.0 ], [ 36.5799044, 50.2622078, 0.0 ], [ 36.5736314, 50.2748537, 0.0 ], [ 36.5922971, 50.2752524, 0.0 ], [ 36.5927677, 50.2782827, 0.0 ], [ 36.5897639, 50.2789408, 0.0 ], [ 36.5884336, 50.2816284, 0.0 ], [ 36.5886266, 50.2834657, 0.0 ], [ 36.5853756, 50.2859749, 0.0 ], [ 36.5836695, 50.2860709, 0.0 ], [ 36.5722537, 50.2857973, 0.0 ], [ 36.5641428, 50.2851116, 0.0 ], [ 36.5597228, 50.284316, 0.0 ], [ 36.5584475, 50.2828632, 0.0 ], [ 36.5585455, 50.2817394, 0.0 ], [ 36.5482372, 50.2819016, 0.0 ], [ 36.5384434, 50.2840373, 0.0 ], [ 36.536537, 50.2834822, 0.0 ], [ 36.5330852, 50.284517, 0.0 ], [ 36.5243116, 50.2860999, 0.0 ], [ 36.5238727, 50.2874809, 0.0 ], [ 36.5228618, 50.2883198, 0.0 ], [ 36.5228808, 50.2892683, 0.0 ], [ 36.5249789, 50.2910556, 0.0 ], [ 36.5254745, 50.2917339, 0.0 ], [ 36.5262942, 50.293639, 0.0 ], [ 36.5168932, 50.295119, 0.0 ], [ 36.5156931, 50.2958047, 0.0 ], [ 36.5146638, 50.2957638, 0.0 ], [ 36.5128401, 50.2958392, 0.0 ], [ 36.5112153, 50.2954263, 0.0 ], [ 36.5004465, 50.2993046, 0.0 ], [ 36.4969722, 50.3029083, 0.0 ], [ 36.4913157, 50.3063581, 0.0 ], [ 36.4887408, 50.3114012, 0.0 ], [ 36.4813594, 50.3122781, 0.0 ], [ 36.471918, 50.3133744, 0.0 ], [ 36.4396457, 50.3107434, 0.0 ], [ 36.4332942, 50.3303626, 0.0 ], [ 36.4255694, 50.327623, 0.0 ], [ 36.408575, 50.3115108, 0.0 ], [ 36.3986186, 50.3070159, 0.0 ], [ 36.3747577, 50.2999987, 0.0 ], [ 36.3775043, 50.2934192, 0.0 ] ] ] } },
{ "type": "Feature", "properties": { "Name": "", "description": "<br><br>описание: <br>name: ", "tessellate": -1, "extrude": 0, "visibility": -1, "________________": "" }, "geometry": { "type": "Polygon", "coordinates": [ [ [ 35.8943748, 50.4380968, 0.0 ], [ 35.8940958, 50.4376321, 0.0 ], [ 35.8921164, 50.437967, 0.0 ], [ 35.8907377, 50.4379738, 0.0 ], [ 35.8890961, 50.4387528, 0.0 ], [ 35.8864999, 50.4364021, 0.0 ], [ 35.8873475, 50.4344067, 0.0 ], [ 35.888667, 50.4337506, 0.0 ], [ 35.8961986, 50.4340105, 0.0 ], [ 35.8984195, 50.4320627, 0.0 ], [ 35.9024429, 50.4316457, 0.0 ], [ 35.9054471, 50.4299918, 0.0 ], [ 35.9086657, 50.4290555, 0.0 ], [ 35.9117125, 50.4289939, 0.0 ], [ 35.9171199, 50.4289666, 0.0 ], [ 35.9229563, 50.4286659, 0.0 ], [ 35.9281063, 50.4285838, 0.0 ], [ 35.9337067, 50.42816, 0.0 ], [ 35.9319257, 50.4318917, 0.0 ], [ 35.929737, 50.4331218, 0.0 ], [ 35.9278058, 50.434352, 0.0 ], [ 35.9274625, 50.434926, 0.0 ], [ 35.926218, 50.4353907, 0.0 ], [ 35.9253597, 50.435418, 0.0 ], [ 35.9239005, 50.4357461, 0.0 ], [ 35.9229564, 50.4361287, 0.0 ], [ 35.9218835, 50.4370034, 0.0 ], [ 35.9204673, 50.4370581, 0.0 ], [ 35.9199523, 50.4364841, 0.0 ], [ 35.918579, 50.4356367, 0.0 ], [ 35.9161758, 50.435418, 0.0 ], [ 35.9136867, 50.4352267, 0.0 ], [ 35.913, 50.4346253, 0.0 ], [ 35.9112834, 50.4346527, 0.0 ], [ 35.9107255, 50.435172, 0.0 ], [ 35.9095239, 50.4353634, 0.0 ], [ 35.908966, 50.4357461, 0.0 ], [ 35.9089231, 50.4364021, 0.0 ], [ 35.9085368, 50.4369761, 0.0 ], [ 35.9073781, 50.4377141, 0.0 ], [ 35.9058761, 50.4381788, 0.0 ], [ 35.9043311, 50.4387801, 0.0 ], [ 35.9027004, 50.4380421, 0.0 ], [ 35.9012412, 50.4381788, 0.0 ], [ 35.9005546, 50.4388894, 0.0 ], [ 35.8984946, 50.4389168, 0.0 ], [ 35.895791, 50.4386981, 0.0 ], [ 35.8943748, 50.4380968, 0.0 ] ] ] } },
{ "type": "Feature", "properties": { "Name": "", "description": "<br><br>описание: <br>name: ", "tessellate": -1, "extrude": 0, "visibility": -1, "________________": "" }, "geometry": { "type": "Polygon", "coordinates": [ [ [ 36.2005813, 50.3986328, 0.0 ], [ 36.1993396, 50.3996372, 0.0 ], [ 36.1957347, 50.4009502, 0.0 ], [ 36.1898124, 50.4045062, 0.0 ], [ 36.1853492, 50.4063114, 0.0 ], [ 36.1761653, 50.4014973, 0.0 ], [ 36.181916, 50.3911015, 0.0 ], [ 36.1856925, 50.3891862, 0.0 ], [ 36.1909683, 50.3823257, 0.0 ], [ 36.2082502, 50.3841163, 0.0 ], [ 36.210382, 50.386176, 0.0 ], [ 36.2079627, 50.3916291, 0.0 ], [ 36.2005813, 50.3986328, 0.0 ] ] ] } },
{ "type": "Feature", "properties": { "Name": "", "description": "<br><br>описание: <br>name: ", "tessellate": -1, "extrude": 0, "visibility": -1, "________________": "" }, "geometry": { "type": "Polygon", "coordinates": [ [ [ 37.3305673, 50.4362843, 0.0 ], [ 37.3426694, 50.4321839, 0.0 ], [ 37.3653287, 50.4267163, 0.0 ], [ 37.3879022, 50.4274271, 0.0 ], [ 37.4095782, 50.4175627, 0.0 ], [ 37.4081122, 50.4139415, 0.0 ], [ 37.4280249, 50.4136134, 0.0 ], [ 37.4250721, 50.4042713, 0.0 ], [ 37.4291061, 50.4032866, 0.0 ], [ 37.4374317, 50.4021378, 0.0 ], [ 37.4356293, 50.3958459, 0.0 ], [ 37.4396633, 50.3934931, 0.0 ], [ 37.4463581, 50.3915232, 0.0 ], [ 37.448933, 50.3979251, 0.0 ], [ 37.4536537, 50.4005512, 0.0 ], [ 37.4570011, 50.4001135, 0.0 ], [ 37.4570011, 50.3968855, 0.0 ], [ 37.4618076, 50.3948063, 0.0 ], [ 37.4658417, 50.3951893, 0.0 ], [ 37.4666142, 50.4008795, 0.0 ], [ 37.4664425, 50.406186, 0.0 ], [ 37.4654125, 50.4117107, 0.0 ], [ 37.4633502, 50.4155611, 0.0 ], [ 37.4661078, 50.4307942, 0.0 ], [ 37.4836172, 50.4309923, 0.0 ], [ 37.4849931, 50.4456325, 0.0 ], [ 37.4910021, 50.4571057, 0.0 ], [ 37.4770973, 50.4587422, 0.0 ], [ 37.4321207, 50.4434008, 0.0 ], [ 37.4190783, 50.4347161, 0.0 ], [ 37.3964247, 50.4311158, 0.0 ], [ 37.3666635, 50.4350228, 0.0 ], [ 37.3544755, 50.4377562, 0.0 ], [ 37.3419442, 50.4373735, 0.0 ], [ 37.3305673, 50.4362843, 0.0 ] ] ] } },
{ "type": "Feature", "properties": { "Name": "", "description": "<br><br>описание: <br>name: ", "tessellate": -1, "extrude": 0, "visibility": -1, "________________": "" }, "geometry": { "type": "Polygon", "coordinates": [ [ [ 36.1960904, 50.3450273, 0.0 ], [ 36.19089, 50.33879, 0.0 ], [ 36.1959417, 50.3370039, 0.0 ], [ 36.1859853, 50.3265939, 0.0 ], [ 36.1831958, 50.3242103, 0.0 ], [ 36.1819084, 50.3210319, 0.0 ], [ 36.1855562, 50.319881, 0.0 ], [ 36.1886031, 50.3233061, 0.0 ], [ 36.1908777, 50.3266487, 0.0 ], [ 36.1946971, 50.3300185, 0.0 ], [ 36.2007053, 50.3292514, 0.0 ], [ 36.2031085, 50.3325388, 0.0 ], [ 36.2059839, 50.3323745, 0.0 ], [ 36.2109632, 50.3335147, 0.0 ], [ 36.2424631, 50.3257342, 0.0 ], [ 36.2398023, 50.3282, 0.0 ], [ 36.2401457, 50.33083, 0.0 ], [ 36.2448664, 50.3319806, 0.0 ], [ 36.2470121, 50.3343913, 0.0 ], [ 36.247098, 50.3370209, 0.0 ], [ 36.2443514, 50.3397052, 0.0 ], [ 36.2459822, 50.3434301, 0.0 ], [ 36.252677, 50.3554793, 0.0 ], [ 36.2552519, 50.3552602, 0.0 ], [ 36.2527646, 50.3589052, 0.0 ], [ 36.2423676, 50.3582272, 0.0 ], [ 36.2328255, 50.3643434, 0.0 ], [ 36.230378, 50.3719534, 0.0 ], [ 36.229134, 50.3720902, 0.0 ], [ 36.2230127, 50.3684112, 0.0 ], [ 36.219837, 50.3680554, 0.0 ], [ 36.2143438, 50.3670973, 0.0 ], [ 36.2153095, 50.3652084, 0.0 ], [ 36.2129062, 50.3646883, 0.0 ], [ 36.2116187, 50.3635659, 0.0 ], [ 36.2128453, 50.3615099, 0.0 ], [ 36.2076525, 50.3579781, 0.0 ], [ 36.2054606, 50.3539322, 0.0 ], [ 36.2050168, 50.3507782, 0.0 ], [ 36.1960904, 50.3450273, 0.0 ] ] ] } },
{ "type": "Feature", "properties": { "Name": "", "description": "<br><br>описание: <br>name: ", "tessellate": -1, "extrude": 0, "visibility": -1, "________________": "" }, "geometry": { "type": "Polygon", "coordinates": [ [ [ 36.6840339, 50.2470601, 0.0 ], [ 36.6902751, 50.2424479, 0.0 ], [ 36.7203158, 50.2431066, 0.0 ], [ 36.7318171, 50.2410207, 0.0 ], [ 36.7400569, 50.2392641, 0.0 ], [ 36.7519015, 50.2386053, 0.0 ], [ 36.7622012, 50.2368487, 0.0 ], [ 36.7779941, 50.2328957, 0.0 ], [ 36.7861724, 50.2355325, 0.0 ], [ 36.7976737, 50.239046, 0.0 ], [ 36.8126082, 50.2421201, 0.0 ], [ 36.8244069, 50.2411061, 0.0 ], [ 36.8291276, 50.2402279, 0.0 ], [ 36.8295081, 50.2377858, 0.0 ], [ 36.8341429, 50.2308682, 0.0 ], [ 36.8492491, 50.2168103, 0.0 ], [ 36.853884, 50.2109883, 0.0 ], [ 36.8641563, 50.2112936, 0.0 ], [ 36.8668171, 50.2150835, 0.0 ], [ 36.8741985, 50.2140949, 0.0 ], [ 36.8798634, 50.2250786, 0.0 ], [ 36.8907022, 50.2211759, 0.0 ], [ 36.8998743, 50.2200775, 0.0 ], [ 36.9011232, 50.2235361, 0.0 ], [ 36.9061872, 50.223591, 0.0 ], [ 36.907818, 50.2252933, 0.0 ], [ 36.9175169, 50.2238655, 0.0 ], [ 36.9455836, 50.220296, 0.0 ], [ 36.9743241, 50.2170096, 0.0 ], [ 36.9852246, 50.2182179, 0.0 ], [ 36.9930301, 50.2202713, 0.0 ], [ 37.0023907, 50.2207441, 0.0 ], [ 37.0078839, 50.2264003, 0.0 ], [ 36.9963973, 50.2278952, 0.0 ], [ 36.9998158, 50.2377654, 0.0 ], [ 36.9930062, 50.2387386, 0.0 ], [ 36.9968117, 50.2466031, 0.0 ], [ 37.0100329, 50.242401, 0.0 ], [ 37.018101, 50.2505244, 0.0 ], [ 37.0165561, 50.251622, 0.0 ], [ 37.0253108, 50.2627068, 0.0 ], [ 37.0637336, 50.2493327, 0.0 ], [ 37.0620463, 50.2464629, 0.0 ], [ 37.0761226, 50.2421815, 0.0 ], [ 37.0773242, 50.2363625, 0.0 ], [ 37.082474, 50.2362527, 0.0 ], [ 37.0855639, 50.2391074, 0.0 ], [ 37.0927737, 50.2410836, 0.0 ], [ 37.1022151, 50.2410836, 0.0 ], [ 37.1107982, 50.2352645, 0.0 ], [ 37.1173213, 50.2368017, 0.0 ], [ 37.1181796, 50.2382291, 0.0 ], [ 37.1235011, 50.239327, 0.0 ], [ 37.1327708, 50.2415228, 0.0 ], [ 37.1363757, 50.2427304, 0.0 ], [ 37.1435855, 50.24295, 0.0 ], [ 37.1530269, 50.2471215, 0.0 ], [ 37.1592067, 50.253488, 0.0 ], [ 37.1623985, 50.256713, 0.0 ], [ 37.1666901, 50.2542984, 0.0 ], [ 37.1869461, 50.2617613, 0.0 ], [ 37.2120087, 50.2628586, 0.0 ], [ 37.2114937, 50.2673577, 0.0 ], [ 37.2044556, 50.268016, 0.0 ], [ 37.2046272, 50.271966, 0.0 ], [ 37.1886627, 50.2737214, 0.0 ], [ 37.1751015, 50.2824976, 0.0 ], [ 37.1730416, 50.2924785, 0.0 ], [ 37.1611369, 50.3120227, 0.0 ], [ 37.1693673, 50.3125388, 0.0 ], [ 37.1846451, 50.3207598, 0.0 ], [ 37.1833577, 50.3281027, 0.0 ], [ 37.1831002, 50.3302943, 0.0 ], [ 37.1784718, 50.3318956, 0.0 ], [ 37.1749462, 50.332979, 0.0 ], [ 37.1787458, 50.3359984, 0.0 ], [ 37.1815782, 50.3389019, 0.0 ], [ 37.1842389, 50.3412026, 0.0 ], [ 37.1976285, 50.3453656, 0.0 ], [ 37.1967702, 50.3516094, 0.0 ], [ 37.2009759, 50.3535809, 0.0 ], [ 37.2081857, 50.3536904, 0.0 ], [ 37.214623, 50.3522666, 0.0 ], [ 37.2231202, 50.3539643, 0.0 ], [ 37.2251802, 50.3516094, 0.0 ], [ 37.2265534, 50.3545667, 0.0 ], [ 37.2266393, 50.3571405, 0.0 ], [ 37.2250943, 50.3587285, 0.0 ], [ 37.2235494, 50.3629994, 0.0 ], [ 37.2299867, 50.366613, 0.0 ], [ 37.2341924, 50.3667772, 0.0 ], [ 37.234879, 50.3682554, 0.0 ], [ 37.2295575, 50.370719, 0.0 ], [ 37.2259526, 50.3715401, 0.0 ], [ 37.2210603, 50.3705548, 0.0 ], [ 37.2180562, 50.3704453, 0.0 ], [ 37.218142, 50.3722518, 0.0 ], [ 37.2156529, 50.3737846, 0.0 ], [ 37.2116193, 50.3738108, 0.0 ], [ 37.1808061, 50.3630804, 0.0 ], [ 37.1666711, 50.3600023, 0.0 ], [ 37.1494504, 50.3560437, 0.0 ], [ 37.1392654, 50.361294, 0.0 ], [ 37.1017823, 50.3571203, 0.0 ], [ 37.1057672, 50.3516365, 0.0 ], [ 37.0834896, 50.3481236, 0.0 ], [ 37.0784256, 50.3473568, 0.0 ], [ 37.0699395, 50.3466519, 0.0 ], [ 37.0599076, 50.3471513, 0.0 ], [ 37.0449946, 50.3450289, 0.0 ], [ 37.0377526, 50.3487192, 0.0 ], [ 37.0264122, 50.3489999, 0.0 ], [ 36.9961928, 50.3498866, 0.0 ], [ 36.9529342, 50.3527345, 0.0 ], [ 36.8911361, 50.3455049, 0.0 ], [ 36.854887, 50.32944, 0.0 ], [ 36.850425, 50.327817, 0.0 ], [ 36.83273, 50.312551, 0.0 ], [ 36.820986, 50.313685, 0.0 ], [ 36.803208, 50.309619, 0.0 ], [ 36.799504, 50.305992, 0.0 ], [ 36.785362, 50.304611, 0.0 ], [ 36.779681, 50.302908, 0.0 ], [ 36.773534, 50.303169, 0.0 ], [ 36.767619, 50.301463, 0.0 ], [ 36.764232, 50.291883, 0.0 ], [ 36.766463, 50.291808, 0.0 ], [ 36.768091, 50.291019, 0.0 ], [ 36.772141, 50.289718, 0.0 ], [ 36.771586, 50.289135, 0.0 ], [ 36.763438, 50.290937, 0.0 ], [ 36.760147, 50.289649, 0.0 ], [ 36.754182, 50.290533, 0.0 ], [ 36.746553, 50.287731, 0.0 ], [ 36.749467, 50.284409, 0.0 ], [ 36.747775, 50.280677, 0.0 ], [ 36.738632, 50.282955, 0.0 ], [ 36.728524, 50.277509, 0.0 ], [ 36.719658, 50.277346, 0.0 ], [ 36.7052516, 50.2687204, 0.0 ], [ 36.7044011, 50.2646265, 0.0 ], [ 36.7001176, 50.2644828, 0.0 ], [ 36.6949988, 50.2698323, 0.0 ], [ 36.6883915, 50.26717, 0.0 ], [ 36.6823958, 50.2561403, 0.0 ], [ 36.6840339, 50.2470601, 0.0 ] ] ] } },
{ "type": "Feature", "properties": { "Name": "", "description": "<br><br>описание: <br>name: ", "tessellate": -1, "extrude": 0, "visibility": -1, "________________": "" }, "geometry": { "type": "Polygon", "coordinates": [ [ [ 35.2899618, 51.0693244, 0.0 ], [ 35.2884597, 51.0692974, 0.0 ], [ 35.2871294, 51.0677602, 0.0 ], [ 35.2832239, 51.0673018, 0.0 ], [ 35.2743828, 51.066733, 0.0 ], [ 35.2709925, 51.0588964, 0.0 ], [ 35.2655424, 51.0633587, 0.0 ], [ 35.2587623, 51.0608467, 0.0 ], [ 35.2499219, 51.0643757, 0.0 ], [ 35.2452015, 51.0637753, 0.0 ], [ 35.2425806, 51.0637953, 0.0 ], [ 35.2429239, 51.060343, 0.0 ], [ 35.2254892, 51.0541463, 0.0 ], [ 35.2265192, 51.0524198, 0.0 ], [ 35.2244593, 51.0523119, 0.0 ], [ 35.2222276, 51.0511789, 0.0 ], [ 35.221614, 51.050286, 0.0 ], [ 35.221142, 51.050711, 0.0 ], [ 35.217272, 51.048436, 0.0 ], [ 35.213471, 51.046553, 0.0 ], [ 35.2120789, 51.0445437, 0.0 ], [ 35.2161129, 51.0458927, 0.0 ], [ 35.2180012, 51.045515, 0.0 ], [ 35.2152546, 51.0430327, 0.0 ], [ 35.2168854, 51.0417915, 0.0 ], [ 35.2187737, 51.0421153, 0.0 ], [ 35.219632, 51.0413058, 0.0 ], [ 35.2177437, 51.0401185, 0.0 ], [ 35.2216919, 51.0385534, 0.0 ], [ 35.2190312, 51.0379597, 0.0 ], [ 35.218087, 51.037366, 0.0 ], [ 35.2199753, 51.0364485, 0.0 ], [ 35.22106, 51.0363317, 0.0 ], [ 35.2221329, 51.0372627, 0.0 ], [ 35.2214248, 51.0347395, 0.0 ], [ 35.2224594, 51.0342494, 0.0 ], [ 35.2245193, 51.0348431, 0.0 ], [ 35.224176, 51.0341414, 0.0 ], [ 35.2222877, 51.0332238, 0.0 ], [ 35.2188545, 51.0325221, 0.0 ], [ 35.2113872, 51.032927, 0.0 ], [ 35.204392, 51.0319823, 0.0 ], [ 35.2022892, 51.0294183, 0.0 ], [ 35.2037483, 51.0256395, 0.0 ], [ 35.2043062, 51.0221033, 0.0 ], [ 35.2227169, 51.0164881, 0.0 ], [ 35.22821, 51.008118, 0.0 ], [ 35.2343898, 51.0084961, 0.0 ], [ 35.2395397, 51.0070919, 0.0 ], [ 35.2487058, 51.0061413, 0.0 ], [ 35.2583188, 51.0019285, 0.0 ], [ 35.2639836, 50.9927454, 0.0 ], [ 35.2713651, 50.9923133, 0.0 ], [ 35.2777166, 50.9969591, 0.0 ], [ 35.2871579, 50.996743, 0.0 ], [ 35.295226, 50.9871267, 0.0 ], [ 35.3214071, 50.9899599, 0.0 ], [ 35.325733, 50.9757833, 0.0 ], [ 35.3237239, 50.9652348, 0.0 ], [ 35.3162236, 50.9557672, 0.0 ], [ 35.3082104, 50.9483534, 0.0 ], [ 35.3019154, 50.9452651, 0.0 ], [ 35.2993405, 50.9400733, 0.0 ], [ 35.3207982, 50.9289846, 0.0 ], [ 35.3380065, 50.9139171, 0.0 ], [ 35.3664216, 50.9124965, 0.0 ], [ 35.3972368, 50.9089038, 0.0 ], [ 35.4016858, 50.910749, 0.0 ], [ 35.3989323, 50.9153515, 0.0 ], [ 35.3930881, 50.9184387, 0.0 ], [ 35.3923718, 50.9251599, 0.0 ], [ 35.3868629, 50.9235965, 0.0 ], [ 35.3727401, 50.9236675, 0.0 ], [ 35.3664338, 50.9258763, 0.0 ], [ 35.3720166, 50.9326759, 0.0 ], [ 35.3521573, 50.9318397, 0.0 ], [ 35.3435433, 50.9356382, 0.0 ], [ 35.3333294, 50.9350431, 0.0 ], [ 35.3260235, 50.9470182, 0.0 ], [ 35.3296387, 50.9476986, 0.0 ], [ 35.3300354, 50.9519622, 0.0 ], [ 35.3318082, 50.952947, 0.0 ], [ 35.3344112, 50.9561427, 0.0 ], [ 35.335577, 50.956428, 0.0 ], [ 35.3357129, 50.9584434, 0.0 ], [ 35.3346112, 50.9587978, 0.0 ], [ 35.3361837, 50.9629303, 0.0 ], [ 35.3420865, 50.9634819, 0.0 ], [ 35.3436649, 50.9678657, 0.0 ], [ 35.3507374, 50.972898, 0.0 ], [ 35.3515616, 50.9743451, 0.0 ], [ 35.3506691, 50.9762246, 0.0 ], [ 35.3485407, 50.9772814, 0.0 ], [ 35.3429095, 50.9870685, 0.0 ], [ 35.3321218, 50.9920767, 0.0 ], [ 35.3301285, 50.9957079, 0.0 ], [ 35.3380598, 50.9986851, 0.0 ], [ 35.330885, 51.0027426, 0.0 ], [ 35.3288634, 51.0086856, 0.0 ], [ 35.3228534, 51.0128294, 0.0 ], [ 35.3239481, 51.0144673, 0.0 ], [ 35.335106, 51.0088511, 0.0 ], [ 35.3426592, 51.0063668, 0.0 ], [ 35.3598254, 51.0059348, 0.0 ], [ 35.3699533, 51.0070149, 0.0 ], [ 35.373215, 51.0094992, 0.0 ], [ 35.3771631, 51.0092832, 0.0 ], [ 35.3828752, 51.0128169, 0.0 ], [ 35.3842614, 51.0199163, 0.0 ], [ 35.3938814, 51.0197945, 0.0 ], [ 35.3947469, 51.02248, 0.0 ], [ 35.4040633, 51.022851, 0.0 ], [ 35.4041103, 51.0246255, 0.0 ], [ 35.409994, 51.0264541, 0.0 ], [ 35.4075598, 51.0293676, 0.0 ], [ 35.4034089, 51.0288261, 0.0 ], [ 35.4028196, 51.0314694, 0.0 ], [ 35.3997413, 51.0317376, 0.0 ], [ 35.4001183, 51.0335757, 0.0 ], [ 35.4038689, 51.0344408, 0.0 ], [ 35.4037573, 51.0385443, 0.0 ], [ 35.4090272, 51.0391412, 0.0 ], [ 35.4077141, 51.0423539, 0.0 ], [ 35.4053708, 51.0423286, 0.0 ], [ 35.406195, 51.0483862, 0.0 ], [ 35.3954814, 51.0548901, 0.0 ], [ 35.3867552, 51.0534372, 0.0 ], [ 35.3750094, 51.0671209, 0.0 ], [ 35.3602078, 51.0659785, 0.0 ], [ 35.3505574, 51.0620299, 0.0 ], [ 35.3464811, 51.064001, 0.0 ], [ 35.3283717, 51.0709646, 0.0 ], [ 35.3259714, 51.0735757, 0.0 ], [ 35.3280383, 51.0770722, 0.0 ], [ 35.3131095, 51.0771721, 0.0 ], [ 35.3117416, 51.0784578, 0.0 ], [ 35.303866, 51.0787484, 0.0 ], [ 35.3040165, 51.0770161, 0.0 ], [ 35.3048533, 51.0745288, 0.0 ], [ 35.2991027, 51.0739625, 0.0 ], [ 35.2973861, 51.0705109, 0.0 ], [ 35.295487, 51.069675, 0.0 ], [ 35.2939796, 51.0693918, 0.0 ], [ 35.2929872, 51.0695402, 0.0 ], [ 35.2899618, 51.0693244, 0.0 ] ] ] } },
{ "type": "Feature", "properties": { "Name": "", "description": "<br><br>описание: <br>name: ", "tessellate": -1, "extrude": 0, "visibility": -1, "________________": "" }, "geometry": { "type": "Polygon", "coordinates": [ [ [ 34.3557017, 51.8611038, 0.0 ], [ 34.334891, 51.8680962, 0.0 ], [ 34.3280031, 51.8712811, 0.0 ], [ 34.3242265, 51.8765803, 0.0 ], [ 34.3223597, 51.8783766, 0.0 ], [ 34.3180682, 51.8808139, 0.0 ], [ 34.3039705, 51.8730829, 0.0 ], [ 34.2959632, 51.8718285, 0.0 ], [ 34.2923583, 51.8693907, 0.0 ], [ 34.2923583, 51.8630836, 0.0 ], [ 34.2721023, 51.8555034, 0.0 ], [ 34.2727031, 51.8504139, 0.0 ], [ 34.2669006, 51.8484049, 0.0 ], [ 34.2596908, 51.8448259, 0.0 ], [ 34.2588754, 51.842148, 0.0 ], [ 34.2588146, 51.8410213, 0.0 ], [ 34.2552526, 51.8394835, 0.0 ], [ 34.2521627, 51.8394039, 0.0 ], [ 34.2495019, 51.8383698, 0.0 ], [ 34.2446096, 51.8375212, 0.0 ], [ 34.2452962, 51.8307323, 0.0 ], [ 34.2444379, 51.8263296, 0.0 ], [ 34.2412622, 51.8188493, 0.0 ], [ 34.24388, 51.8173106, 0.0 ], [ 34.2491586, 51.8159576, 0.0 ], [ 34.2555101, 51.8174698, 0.0 ], [ 34.2573554, 51.8194594, 0.0 ], [ 34.2547805, 51.8204144, 0.0 ], [ 34.2509181, 51.8221121, 0.0 ], [ 34.2493732, 51.8237567, 0.0 ], [ 34.2682559, 51.8342595, 0.0 ], [ 34.2716033, 51.8374947, 0.0 ], [ 34.2739816, 51.8390722, 0.0 ], [ 34.2860837, 51.8440039, 0.0 ], [ 34.2964693, 51.8436328, 0.0 ], [ 34.2978513, 51.8440954, 0.0 ], [ 34.3150175, 51.8439893, 0.0 ], [ 34.3155325, 51.8300942, 0.0 ], [ 34.3223989, 51.8327463, 0.0 ], [ 34.329952, 51.829776, 0.0 ], [ 34.329952, 51.8240469, 0.0 ], [ 34.329437, 51.8216066, 0.0 ], [ 34.3339002, 51.818211, 0.0 ], [ 34.3460882, 51.8147091, 0.0 ], [ 34.3488348, 51.8199088, 0.0 ], [ 34.3562162, 51.831049, 0.0 ], [ 34.3583391, 51.8380047, 0.0 ], [ 34.3677805, 51.8371032, 0.0 ], [ 34.3678896, 51.8401083, 0.0 ], [ 34.3787043, 51.8371385, 0.0 ], [ 34.3888323, 51.8372445, 0.0 ], [ 34.3862574, 51.8416992, 0.0 ], [ 34.3840258, 51.8442445, 0.0 ], [ 34.3708079, 51.8467897, 0.0 ], [ 34.3649714, 51.8538943, 0.0 ], [ 34.3627398, 51.8587714, 0.0 ], [ 34.3557017, 51.8611038, 0.0 ] ] ] } },
{ "type": "Feature", "properties": { "Name": "", "description": "<br><br>описание: <br>name: ", "tessellate": -1, "extrude": 0, "visibility": -1, "________________": "" }, "geometry": { "type": "Polygon", "coordinates": [ [ [ 34.7175586, 51.1744529, 0.0 ], [ 34.7316348, 51.1716547, 0.0 ], [ 34.7295749, 51.1658423, 0.0 ], [ 34.7312915, 51.1617517, 0.0 ], [ 34.7515476, 51.1546461, 0.0 ], [ 34.7584702, 51.1337847, 0.0 ], [ 34.7770364, 51.1343965, 0.0 ], [ 34.7875222, 51.1230128, 0.0 ], [ 34.8077265, 51.1178542, 0.0 ], [ 34.8148808, 51.1102156, 0.0 ], [ 34.8203475, 51.1074462, 0.0 ], [ 34.8294179, 51.1021974, 0.0 ], [ 34.8547695, 51.0996743, 0.0 ], [ 34.8570011, 51.093745, 0.0 ], [ 34.8559576, 51.0870433, 0.0 ], [ 34.8494345, 51.0828917, 0.0 ], [ 34.8384481, 51.0807889, 0.0 ], [ 34.8414522, 51.0785781, 0.0 ], [ 34.8534685, 51.074264, 0.0 ], [ 34.8521811, 51.0725382, 0.0 ], [ 34.8605066, 51.0698956, 0.0 ], [ 34.8586689, 51.0685859, 0.0 ], [ 34.8582826, 51.0629223, 0.0 ], [ 34.8705134, 51.0627069, 0.0 ], [ 34.8703525, 51.0619956, 0.0 ], [ 34.8722516, 51.0616349, 0.0 ], [ 34.8737, 51.0602492, 0.0 ], [ 34.8774228, 51.0605897, 0.0 ], [ 34.8794398, 51.061547, 0.0 ], [ 34.8784958, 51.0639472, 0.0 ], [ 34.8805986, 51.065916, 0.0 ], [ 34.8815428, 51.0706623, 0.0 ], [ 34.875363, 51.0706623, 0.0 ], [ 34.8741613, 51.0726038, 0.0 ], [ 34.8720938, 51.0753425, 0.0 ], [ 34.8775869, 51.0823526, 0.0 ], [ 34.8817926, 51.0847249, 0.0 ], [ 34.8991577, 51.083986, 0.0 ], [ 34.9087866, 51.0795985, 0.0 ], [ 34.9195155, 51.0801377, 0.0 ], [ 34.9239787, 51.0837503, 0.0 ], [ 34.9294718, 51.0876322, 0.0 ], [ 34.9441489, 51.085853, 0.0 ], [ 34.9460372, 51.0872548, 0.0 ], [ 34.9558219, 51.0890878, 0.0 ], [ 34.9642333, 51.0895191, 0.0 ], [ 34.9640431, 51.0989489, 0.0 ], [ 34.9923672, 51.0984099, 0.0 ], [ 34.9873891, 51.0952836, 0.0 ], [ 35.0007786, 51.0905398, 0.0 ], [ 35.0033536, 51.0945289, 0.0 ], [ 35.0160981, 51.0902891, 0.0 ], [ 35.0243378, 51.1011237, 0.0 ], [ 35.0312901, 51.1089381, 0.0 ], [ 35.0397015, 51.1052197, 0.0 ], [ 35.0500012, 51.1048424, 0.0 ], [ 35.0510312, 51.1124946, 0.0 ], [ 35.0679398, 51.1123329, 0.0 ], [ 35.0797641, 51.112528, 0.0 ], [ 35.0897204, 51.1177006, 0.0 ], [ 35.1146154, 51.1173239, 0.0 ], [ 35.117873, 51.1062771, 0.0 ], [ 35.155771, 51.090983, 0.0 ], [ 35.1597583, 51.1016422, 0.0 ], [ 35.1590839, 51.1242672, 0.0 ], [ 35.1383113, 51.1338569, 0.0 ], [ 35.1432788, 51.1527079, 0.0 ], [ 35.1273107, 51.162276, 0.0 ], [ 35.1309947, 51.1946112, 0.0 ], [ 35.1525485, 51.2243631, 0.0 ], [ 35.1135848, 51.2329696, 0.0 ], [ 35.0718677, 51.232103, 0.0 ], [ 35.0588165, 51.2144708, 0.0 ], [ 35.0375354, 51.205438, 0.0 ], [ 35.0299823, 51.2239331, 0.0 ], [ 34.9798572, 51.2359724, 0.0 ], [ 34.9551379, 51.2273732, 0.0 ], [ 34.9441477, 51.2127508, 0.0 ], [ 34.9221789, 51.2058682, 0.0 ], [ 34.9022662, 51.2058682, 0.0 ], [ 34.8816669, 51.2002753, 0.0 ], [ 34.8631274, 51.198124, 0.0 ], [ 34.8438975, 51.1901627, 0.0 ], [ 34.832915, 51.1744529, 0.0 ], [ 34.8095691, 51.1809099, 0.0 ], [ 34.7422778, 51.185214, 0.0 ], [ 34.7175586, 51.1744529, 0.0 ] ] ] } },
{ "type": "Feature", "properties": { "Name": "", "description": "<br><br>описание: According to DeepStateMap<br>name: ", "tessellate": -1, "extrude": 0, "visibility": -1, "________________": "According to DeepStateMap" }, "geometry": { "type": "Polygon", "coordinates": [ [ [ 35.4618279, 50.666147, 0.0 ], [ 35.4882638, 50.6561358, 0.0 ], [ 35.4968468, 50.6785491, 0.0 ], [ 35.4755608, 50.6796369, 0.0 ], [ 35.4652611, 50.6850753, 0.0 ], [ 35.4583947, 50.7007344, 0.0 ], [ 35.4669777, 50.7081271, 0.0 ], [ 35.4745308, 50.7239958, 0.0 ], [ 35.4721276, 50.7405109, 0.0 ], [ 35.4755608, 50.7526763, 0.0 ], [ 35.4889504, 50.7685299, 0.0 ], [ 35.4841439, 50.7796025, 0.0 ], [ 35.457708, 50.7811221, 0.0 ], [ 35.4110161, 50.8032588, 0.0 ], [ 35.4237191, 50.8301559, 0.0 ], [ 35.4178826, 50.8422979, 0.0 ], [ 35.4176024, 50.8472464, 0.0 ], [ 35.4073026, 50.8594924, 0.0 ], [ 35.4055861, 50.8639347, 0.0 ], [ 35.4021243, 50.8642049, 0.0 ], [ 35.3955085, 50.8637992, 0.0 ], [ 35.3868324, 50.8670767, 0.0 ], [ 35.3906796, 50.8633389, 0.0 ], [ 35.3887913, 50.8578128, 0.0 ], [ 35.3946278, 50.8497934, 0.0 ], [ 35.3932545, 50.8400924, 0.0 ], [ 35.4010598, 50.8375282, 0.0 ], [ 35.3955666, 50.8208304, 0.0 ], [ 35.3797738, 50.8086828, 0.0 ], [ 35.3763405, 50.800438, 0.0 ], [ 35.3717056, 50.796098, 0.0 ], [ 35.3686158, 50.7902385, 0.0 ], [ 35.3789154, 50.780905, 0.0 ], [ 35.3724593, 50.7648096, 0.0 ], [ 35.3737018, 50.7609658, 0.0 ], [ 35.3824565, 50.7566221, 0.0 ], [ 35.3761051, 50.7442406, 0.0 ], [ 35.3743885, 50.7395695, 0.0 ], [ 35.3764484, 50.7353325, 0.0 ], [ 35.3721569, 50.7331596, 0.0 ], [ 35.3714702, 50.7296827, 0.0 ], [ 35.3738735, 50.7258795, 0.0 ], [ 35.3811297, 50.7286972, 0.0 ], [ 35.3891857, 50.726343, 0.0 ], [ 35.4142534, 50.7209893, 0.0 ], [ 35.4213158, 50.7135622, 0.0 ], [ 35.4189184, 50.7128777, 0.0 ], [ 35.4116228, 50.7141821, 0.0 ], [ 35.3992632, 50.7124973, 0.0 ], [ 35.3931692, 50.7082579, 0.0 ], [ 35.3862976, 50.7085151, 0.0 ], [ 35.3830789, 50.7079172, 0.0 ], [ 35.3831218, 50.7039763, 0.0 ], [ 35.3856538, 50.7037317, 0.0 ], [ 35.3862546, 50.7020737, 0.0 ], [ 35.3880142, 50.7021824, 0.0 ], [ 35.3897523, 50.7019967, 0.0 ], [ 35.3902673, 50.6967233, 0.0 ], [ 35.3908681, 50.6931893, 0.0 ], [ 35.3912972, 50.6878606, 0.0 ], [ 35.3937005, 50.6841628, 0.0 ], [ 35.3993535, 50.6816014, 0.0 ], [ 35.4007268, 50.6793172, 0.0 ], [ 35.4031301, 50.6763258, 0.0 ], [ 35.4030443, 50.6744764, 0.0 ], [ 35.4058889, 50.6734886, 0.0 ], [ 35.4034856, 50.6642407, 0.0 ], [ 35.4074338, 50.660541, 0.0 ], [ 35.4058889, 50.6556439, 0.0 ], [ 35.413442, 50.6548821, 0.0 ], [ 35.4274956, 50.6559181, 0.0 ], [ 35.4618279, 50.666147, 0.0 ] ] ] } },
{ "type": "Feature", "properties": { "Name": "", "description": "<br><br>описание: <br>name: ", "tessellate": -1, "extrude": 0, "visibility": -1, "________________": "" }, "geometry": { "type": "Polygon", "coordinates": [ [ [ 34.3787043, 51.8371385, 0.0 ], [ 34.3678896, 51.8401083, 0.0 ], [ 34.3677805, 51.8371032, 0.0 ], [ 34.3919881, 51.8221401, 0.0 ], [ 34.3973096, 51.8144999, 0.0 ], [ 34.4005712, 51.7957123, 0.0 ], [ 34.3890699, 51.7905098, 0.0 ], [ 34.395593, 51.7735179, 0.0 ], [ 34.3993629, 51.7663491, 0.0 ], [ 34.4071575, 51.7667704, 0.0 ], [ 34.4269177, 51.7715634, 0.0 ], [ 34.4235738, 51.7755361, 0.0 ], [ 34.4084676, 51.7883862, 0.0 ], [ 34.4122442, 51.7962431, 0.0 ], [ 34.4137891, 51.812059, 0.0 ], [ 34.416879, 51.8198057, 0.0 ], [ 34.4144957, 51.8249919, 0.0 ], [ 34.4115575, 51.8296729, 0.0 ], [ 34.4043477, 51.832325, 0.0 ], [ 34.4017728, 51.8359316, 0.0 ], [ 34.3911298, 51.8355604, 0.0 ], [ 34.3888323, 51.8372445, 0.0 ], [ 34.3787043, 51.8371385, 0.0 ] ] ] } },
{ "type": "Feature", "properties": { "Name": "", "description": "<br><br>описание: <br>name: ", "tessellate": -1, "extrude": 0, "visibility": -1, "________________": "" }, "geometry": { "type": "Polygon", "coordinates": [ [ [ 34.280872, 51.7058686, 0.0 ], [ 34.2846486, 51.7043792, 0.0 ], [ 34.2913433, 51.7049112, 0.0 ], [ 34.2954632, 51.7071451, 0.0 ], [ 34.2983815, 51.7089534, 0.0 ], [ 34.2985531, 51.7113999, 0.0 ], [ 34.3025013, 51.7150162, 0.0 ], [ 34.3059346, 51.7187385, 0.0 ], [ 34.3102261, 51.7196956, 0.0 ], [ 34.314861, 51.7165052, 0.0 ], [ 34.3224141, 51.7157607, 0.0 ], [ 34.3308255, 51.715548, 0.0 ], [ 34.336662, 51.714378, 0.0 ], [ 34.3474766, 51.7149098, 0.0 ], [ 34.3512532, 51.7138462, 0.0 ], [ 34.3565747, 51.7129954, 0.0 ], [ 34.3667027, 51.7125699, 0.0 ], [ 34.3694493, 51.7135272, 0.0 ], [ 34.378204, 51.7150162, 0.0 ], [ 34.3859288, 51.7168242, 0.0 ], [ 34.3902203, 51.7177814, 0.0 ], [ 34.3927952, 51.7181004, 0.0 ], [ 34.3994096, 51.7154941, 0.0 ], [ 34.4109616, 51.7183235, 0.0 ], [ 34.4370542, 51.7323594, 0.0 ], [ 34.4413458, 51.7424573, 0.0 ], [ 34.4363675, 51.7510671, 0.0 ], [ 34.4361069, 51.7623778, 0.0 ], [ 34.4269177, 51.7715634, 0.0 ], [ 34.4071575, 51.7667704, 0.0 ], [ 34.3993629, 51.7663491, 0.0 ], [ 34.4072593, 51.7512611, 0.0 ], [ 34.3807958, 51.7513475, 0.0 ], [ 34.38071, 51.7504973, 0.0 ], [ 34.3712687, 51.7490095, 0.0 ], [ 34.3666338, 51.7452896, 0.0 ], [ 34.3625752, 51.7334367, 0.0 ], [ 34.3497864, 51.7385395, 0.0 ], [ 34.3372551, 51.7379016, 0.0 ], [ 34.3322221, 51.7401715, 0.0 ], [ 34.3226091, 51.7394274, 0.0 ], [ 34.3097345, 51.7371951, 0.0 ], [ 34.3011514, 51.7358131, 0.0 ], [ 34.2976948, 51.7272455, 0.0 ], [ 34.2961499, 51.724162, 0.0 ], [ 34.29203, 51.7226732, 0.0 ], [ 34.2872235, 51.717675, 0.0 ], [ 34.2794987, 51.714059, 0.0 ], [ 34.2831036, 51.7111872, 0.0 ], [ 34.2779538, 51.7089534, 0.0 ], [ 34.280872, 51.7058686, 0.0 ] ] ] } },
{ "type": "Feature", "properties": { "Name": "", "description": "<br><br>описание: <br>name: ", "tessellate": -1, "extrude": 0, "visibility": -1, "________________": "" }, "geometry": { "type": "Polygon", "coordinates": [ [ [ 34.3682896, 51.2647254, 0.0 ], [ 34.3956695, 51.2550573, 0.0 ], [ 34.4099174, 51.2653162, 0.0 ], [ 34.4115216, 51.2653323, 0.0 ], [ 34.4139517, 51.2644659, 0.0 ], [ 34.414295, 51.2655937, 0.0 ], [ 34.4103468, 51.2674733, 0.0 ], [ 34.4014204, 51.2708028, 0.0 ], [ 34.3844259, 51.2738635, 0.0 ], [ 34.3682896, 51.2647254, 0.0 ] ] ] } },
{ "type": "Feature", "properties": { "Name": "", "description": "<br><br>описание: <br>name: ", "tessellate": -1, "extrude": 0, "visibility": -1, "________________": "" }, "geometry": { "type": "Polygon", "coordinates": [ [ [ 35.213471, 51.046553, 0.0 ], [ 35.209792, 51.046786, 0.0 ], [ 35.209128, 51.0479, 0.0 ], [ 35.205287, 51.04825, 0.0 ], [ 35.203849, 51.051135, 0.0 ], [ 35.200319, 51.052664, 0.0 ], [ 35.197425, 51.049835, 0.0 ], [ 35.196284, 51.050413, 0.0 ], [ 35.196945, 51.05116, 0.0 ], [ 35.190277, 51.053573, 0.0 ], [ 35.190312, 51.05646, 0.0 ], [ 35.188596, 51.056865, 0.0 ], [ 35.18245, 51.062045, 0.0 ], [ 35.1613515, 51.0620077, 0.0 ], [ 35.1528543, 51.0616301, 0.0 ], [ 35.1445287, 51.0611446, 0.0 ], [ 35.1329416, 51.0614683, 0.0 ], [ 35.1344007, 51.0589329, 0.0 ], [ 35.1358598, 51.0515956, 0.0 ], [ 35.1337401, 51.046588, 0.0 ], [ 35.1006094, 51.0436201, 0.0 ], [ 35.0976054, 51.0429725, 0.0 ], [ 35.0952021, 51.0417852, 0.0 ], [ 35.0945155, 51.0408138, 0.0 ], [ 35.1002232, 51.0374138, 0.0 ], [ 35.1052014, 51.0356597, 0.0 ], [ 35.1085488, 51.0333387, 0.0 ], [ 35.112969, 51.0313686, 0.0 ], [ 35.1147715, 51.0297762, 0.0 ], [ 35.1172177, 51.0269961, 0.0 ], [ 35.1194063, 51.0261864, 0.0 ], [ 35.1255432, 51.023622, 0.0 ], [ 35.1321522, 51.0211385, 0.0 ], [ 35.1369212, 51.0199958, 0.0 ], [ 35.1388363, 51.0305229, 0.0 ], [ 35.1435537, 51.0287962, 0.0 ], [ 35.1500539, 51.0337086, 0.0 ], [ 35.1620482, 51.0327907, 0.0 ], [ 35.1661412, 51.0301271, 0.0 ], [ 35.1678578, 51.0300731, 0.0 ], [ 35.1721493, 51.0294253, 0.0 ], [ 35.1711193, 51.0270501, 0.0 ], [ 35.1760117, 51.0285076, 0.0 ], [ 35.1780716, 51.0278598, 0.0 ], [ 35.1748101, 51.0254845, 0.0 ], [ 35.1776425, 51.0251066, 0.0 ], [ 35.180904, 51.0259704, 0.0 ], [ 35.1826207, 51.0233791, 0.0 ], [ 35.1852814, 51.0215974, 0.0 ], [ 35.1898304, 51.0215974, 0.0 ], [ 35.1940361, 51.0218134, 0.0 ], [ 35.1966969, 51.0205716, 0.0 ], [ 35.197641, 51.0190598, 0.0 ], [ 35.1968685, 51.017656, 0.0 ], [ 35.1933495, 51.0172241, 0.0 ], [ 35.1930062, 51.0153342, 0.0 ], [ 35.1991001, 51.0106902, 0.0 ], [ 35.2025334, 51.0098262, 0.0 ], [ 35.2087132, 51.0089621, 0.0 ], [ 35.2140841, 51.0093222, 0.0 ], [ 35.2132011, 51.0048858, 0.0 ], [ 35.2167076, 51.005476, 0.0 ], [ 35.2195274, 51.0030416, 0.0 ], [ 35.2249703, 51.0054022, 0.0 ], [ 35.2249352, 51.0067479, 0.0 ], [ 35.225021, 51.00826, 0.0 ], [ 35.22821, 51.008118, 0.0 ], [ 35.2227169, 51.0164881, 0.0 ], [ 35.2043062, 51.0221033, 0.0 ], [ 35.2035633, 51.0259704, 0.0 ], [ 35.2022892, 51.0294183, 0.0 ], [ 35.204392, 51.0319823, 0.0 ], [ 35.2113872, 51.032927, 0.0 ], [ 35.2185924, 51.0324576, 0.0 ], [ 35.2222877, 51.0332238, 0.0 ], [ 35.224176, 51.0341414, 0.0 ], [ 35.2245193, 51.0348431, 0.0 ], [ 35.2224594, 51.0342494, 0.0 ], [ 35.2214248, 51.0347395, 0.0 ], [ 35.2221064, 51.0371525, 0.0 ], [ 35.22106, 51.0363317, 0.0 ], [ 35.2199753, 51.0364485, 0.0 ], [ 35.218087, 51.037366, 0.0 ], [ 35.2190312, 51.0379597, 0.0 ], [ 35.2216919, 51.0385534, 0.0 ], [ 35.2177437, 51.0401185, 0.0 ], [ 35.219632, 51.0413058, 0.0 ], [ 35.2187737, 51.0421153, 0.0 ], [ 35.2168854, 51.0417915, 0.0 ], [ 35.2152546, 51.0430327, 0.0 ], [ 35.2180012, 51.045515, 0.0 ], [ 35.2161129, 51.0458927, 0.0 ], [ 35.2120789, 51.0445437, 0.0 ], [ 35.213471, 51.046553, 0.0 ] ] ] } },
{ "type": "Feature", "properties": { "Name": "", "description": "<br><br>описание: <br>name: ", "tessellate": -1, "extrude": 0, "visibility": -1, "________________": "" }, "geometry": { "type": "MultiPolygon", "coordinates": [ [ [ [ 36.8859132, 48.2485119, 0.0 ], [ 36.8864282, 48.2402809, 0.0 ], [ 36.891578, 48.2388518, 0.0 ], [ 36.8929513, 48.2365651, 0.0 ], [ 36.8884881, 48.2323917, 0.0 ], [ 36.8982728, 48.230848, 0.0 ], [ 36.9023069, 48.2125488, 0.0 ], [ 36.9105739, 48.2021742, 0.0 ], [ 36.9160787, 48.194011, 0.0 ], [ 36.9278083, 48.1909756, 0.0 ], [ 36.9363445, 48.1947717, 0.0 ], [ 36.9309937, 48.2181593, 0.0 ], [ 36.9287284, 48.2412039, 0.0 ], [ 36.926435, 48.2534206, 0.0 ], [ 36.9247945, 48.254227, 0.0 ], [ 36.909345, 48.2524554, 0.0 ], [ 36.9099458, 48.2510266, 0.0 ], [ 36.9071134, 48.2503408, 0.0 ], [ 36.8901189, 48.2487405, 0.0 ], [ 36.8859132, 48.2485119, 0.0 ] ] ], [ [ [ 36.5428796, 47.8815614, 0.0 ], [ 36.542491, 47.8758748, 0.0 ], [ 36.5326647, 47.8742942, 0.0 ], [ 36.5352116, 47.8633098, 0.0 ], [ 36.5356551, 47.859686, 0.0 ], [ 36.5374825, 47.8489313, 0.0 ], [ 36.5305861, 47.8486224, 0.0 ], [ 36.5260926, 47.8533818, 0.0 ], [ 36.5137838, 47.8579039, 0.0 ], [ 36.5122691, 47.8612501, 0.0 ], [ 36.5105525, 47.8725933, 0.0 ], [ 36.5011112, 47.869657, 0.0 ], [ 36.4923564, 47.8693691, 0.0 ], [ 36.4890948, 47.8721903, 0.0 ], [ 36.475641, 47.8685918, 0.0 ], [ 36.482111, 47.8611662, 0.0 ], [ 36.4804803, 47.8499935, 0.0 ], [ 36.4601399, 47.8497644, 0.0 ], [ 36.4265756, 47.8564462, 0.0 ], [ 36.4064947, 47.8540838, 0.0 ], [ 36.3978224, 47.8651994, 0.0 ], [ 36.3848664, 47.868711, 0.0 ], [ 36.3762403, 47.8635833, 0.0 ], [ 36.3629596, 47.8667442, 0.0 ], [ 36.3519733, 47.8719261, 0.0 ], [ 36.3346983, 47.8748685, 0.0 ], [ 36.3312651, 47.8718747, 0.0 ], [ 36.3211911, 47.8672363, 0.0 ], [ 36.3169544, 47.8612163, 0.0 ], [ 36.3285408, 47.8506707, 0.0 ], [ 36.3483045, 47.8459621, 0.0 ], [ 36.3435171, 47.8366732, 0.0 ], [ 36.37708, 47.8302212, 0.0 ], [ 36.4229964, 47.8282609, 0.0 ], [ 36.4498605, 47.8242954, 0.0 ], [ 36.522045, 47.8302201, 0.0 ], [ 36.6030461, 47.8480127, 0.0 ], [ 36.5917173, 47.848567, 0.0 ], [ 36.5907095, 47.8569492, 0.0 ], [ 36.5791172, 47.8820019, 0.0 ], [ 36.5516514, 47.8815414, 0.0 ], [ 36.5477705, 47.8871309, 0.0 ], [ 36.5428796, 47.8815614, 0.0 ] ] ], [ [ [ 33.0594995, -83.9249528, 0.0 ], [ 33.0594983, -83.9249533, 0.0 ], [ 33.0594977, -83.924954, 0.0 ], [ 33.0594995, -83.9249528, 0.0 ] ] ], [ [ [ 36.5398708, 47.915094, 0.0 ], [ 36.5422766, 47.90428, 0.0 ], [ 36.5859836, 47.9091646, 0.0 ], [ 36.5398708, 47.915094, 0.0 ] ] ], [ [ [ 36.7457145, 48.0809025, 0.0 ], [ 36.7446845, 48.0771751, 0.0 ], [ 36.7411209, 48.0679428, 0.0 ], [ 36.7478603, 48.0634676, 0.0 ], [ 36.7588466, 48.0553217, 0.0 ], [ 36.7686313, 48.0493548, 0.0 ], [ 36.7912906, 48.0507318, 0.0 ], [ 36.8318027, 48.0332867, 0.0 ], [ 36.8572086, 48.0328276, 0.0 ], [ 36.8582386, 48.0525678, 0.0 ], [ 36.8769908, 48.0521101, 0.0 ], [ 36.8795658, 48.0620922, 0.0 ], [ 36.8955303, 48.0772337, 0.0 ], [ 36.894672, 48.0958104, 0.0 ], [ 36.8917537, 48.0984473, 0.0 ], [ 36.8830761, 48.132676, 0.0 ], [ 36.8429252, 48.1197278, 0.0 ], [ 36.850602, 48.091442, 0.0 ], [ 36.8095371, 48.088376, 0.0 ], [ 36.7934096, 48.0962923, 0.0 ], [ 36.765823, 48.1010065, 0.0 ], [ 36.7534649, 48.10055, 0.0 ], [ 36.7538067, 48.097338, 0.0 ], [ 36.7513708, 48.092159, 0.0 ], [ 36.7485011, 48.089209, 0.0 ], [ 36.7453695, 48.0839427, 0.0 ], [ 36.7457145, 48.0809025, 0.0 ] ] ] ] } },
{ "type": "Feature", "properties": { "Name": "", "description": "<br><br>описание: <br>name: ", "tessellate": -1, "extrude": 0, "visibility": -1, "________________": "" }, "geometry": { "type": "Polygon", "coordinates": [ [ [ 31.8865409, 46.5332661, 0.0 ], [ 31.8768708, 46.535556, 0.0 ], [ 31.8531815, 46.5204388, 0.0 ], [ 31.8195359, 46.5282341, 0.0 ], [ 31.7910401, 46.5353198, 0.0 ], [ 31.771814, 46.5459466, 0.0 ], [ 31.7440049, 46.5506689, 0.0 ], [ 31.7141358, 46.5497245, 0.0 ], [ 31.6901032, 46.5442937, 0.0 ], [ 31.6719071, 46.5419323, 0.0 ], [ 31.6509644, 46.5421684, 0.0 ], [ 31.6125123, 46.5419323, 0.0 ], [ 31.5843598, 46.5388623, 0.0 ], [ 31.5617005, 46.5435853, 0.0 ], [ 31.5338914, 46.5560991, 0.0 ], [ 31.5225617, 46.5671939, 0.0 ], [ 31.514322, 46.5787585, 0.0 ], [ 31.5091721, 46.5745106, 0.0 ], [ 31.5270249, 46.550905, 0.0 ], [ 31.546251, 46.5362645, 0.0 ], [ 31.57818, 46.5204388, 0.0 ], [ 31.5991227, 46.5105158, 0.0 ], [ 31.6204087, 46.4972825, 0.0 ], [ 31.6416947, 46.4816818, 0.0 ], [ 31.6564576, 46.4656037, 0.0 ], [ 31.6822068, 46.4466822, 0.0 ], [ 31.697313, 46.4339065, 0.0 ], [ 31.7234055, 46.4189977, 0.0 ], [ 31.7381684, 46.4024276, 0.0 ], [ 31.7443482, 46.3884575, 0.0 ], [ 31.7591111, 46.3732994, 0.0 ], [ 31.7762772, 46.3690355, 0.0 ], [ 31.7752473, 46.3780368, 0.0 ], [ 31.7694108, 46.3896416, 0.0 ], [ 31.7573945, 46.4002968, 0.0 ], [ 31.738855, 46.4189977, 0.0 ], [ 31.7347352, 46.4268076, 0.0 ], [ 31.7113892, 46.4369824, 0.0 ], [ 31.7014329, 46.4447897, 0.0 ], [ 31.6990296, 46.4507036, 0.0 ], [ 31.6997162, 46.4644213, 0.0 ], [ 31.7076127, 46.470333, 0.0 ], [ 31.7151658, 46.4771898, 0.0 ], [ 31.7240922, 46.4821546, 0.0 ], [ 31.7378251, 46.484755, 0.0 ], [ 31.7525879, 46.4864097, 0.0 ], [ 31.7670075, 46.4857005, 0.0 ], [ 31.7858903, 46.4831002, 0.0 ], [ 31.809203, 46.4768046, 0.0 ], [ 31.8062925, 46.4880814, 0.0 ], [ 31.8253142, 46.4998569, 0.0 ], [ 31.8518932, 46.4979201, 0.0 ], [ 31.8537619, 46.5049616, 0.0 ], [ 31.8865409, 46.5332661, 0.0 ] ] ] } },
{ "type": "Feature", "properties": { "Name": "", "description": "<br><br>описание: <br>name: ", "tessellate": 1, "extrude": 0, "visibility": -1, "________________": "" }, "geometry": { "type": "LineString", "coordinates": [ [ 37.8413456, 47.1017267, 0.0 ], [ 37.830016, 47.1199521, 0.0 ], [ 37.8197163, 47.1337339, 0.0 ], [ 37.8080433, 47.1573181, 0.0 ], [ 37.8004902, 47.1776248, 0.0 ], [ 37.80667, 47.1881252, 0.0 ], [ 37.8145665, 47.2046884, 0.0 ], [ 37.8351658, 47.2233449, 0.0 ], [ 37.839629, 47.2361674, 0.0 ], [ 37.8307026, 47.2662299, 0.0 ], [ 37.8255528, 47.3004663, 0.0 ], [ 37.8324193, 47.3023289, 0.0 ], [ 37.8382557, 47.3053554, 0.0 ], [ 37.8389424, 47.3097785, 0.0 ], [ 37.8375691, 47.3125718, 0.0 ], [ 37.8337925, 47.3146667, 0.0 ], [ 37.8269261, 47.3183908, 0.0 ], [ 37.8303593, 47.326769, 0.0 ], [ 37.8307026, 47.3311903, 0.0 ], [ 37.8327626, 47.3393339, 0.0 ], [ 37.8334492, 47.3432888, 0.0 ], [ 37.8468388, 47.341893, 0.0 ], [ 37.8595418, 47.3423583, 0.0 ], [ 37.8643483, 47.3486392, 0.0 ], [ 37.8622883, 47.3532913, 0.0 ], [ 37.8567952, 47.3539891, 0.0 ], [ 37.8543919, 47.3493371, 0.0 ], [ 37.8454655, 47.3486392, 0.0 ], [ 37.839629, 47.3537565, 0.0 ], [ 37.8399724, 47.3572452, 0.0 ], [ 37.8495854, 47.3611989, 0.0 ], [ 37.8540486, 47.3649197, 0.0 ], [ 37.8495854, 47.3663149, 0.0 ], [ 37.8430623, 47.3705004, 0.0 ], [ 37.8423756, 47.3737555, 0.0 ], [ 37.8410023, 47.3795677, 0.0 ], [ 37.850272, 47.3818925, 0.0 ], [ 37.8595418, 47.386774, 0.0 ], [ 37.8743046, 47.424649, 0.0 ], [ 37.8962773, 47.4267395, 0.0 ], [ 37.9117268, 47.4448533, 0.0 ], [ 37.8880375, 47.4731727, 0.0 ], [ 37.8801371, 47.49212, 0.0 ], [ 37.8403116, 47.5222688, 0.0 ], [ 37.8238322, 47.5459119, 0.0 ], [ 37.8325869, 47.5786932, 0.0 ], [ 37.8404833, 47.589114, 0.0 ], [ 37.8641726, 47.6106439, 0.0 ], [ 37.8676058, 47.6326276, 0.0 ], [ 37.8627993, 47.6504392, 0.0 ], [ 37.8367068, 47.6559896, 0.0 ], [ 37.7913882, 47.6737933, 0.0 ], [ 37.7295901, 47.6943639, 0.0 ], [ 37.677405, 47.7091513, 0.0 ], [ 37.6413561, 47.7384826, 0.0 ], [ 37.6324297, 47.7504875, 0.0 ], [ 37.6255633, 47.7719509, 0.0 ], [ 37.6289965, 47.7869469, 0.0 ], [ 37.6276232, 47.8302957, 0.0 ], [ 37.6509691, 47.8673901, 0.0 ], [ 37.6605822, 47.8853518, 0.0 ], [ 37.6080538, 47.90768, 0.0 ], [ 37.559302, 47.9099814, 0.0 ], [ 37.5417925, 47.9182653, 0.0 ], [ 37.546599, 47.9302287, 0.0 ], [ 37.5417925, 47.9382794, 0.0 ], [ 37.5284029, 47.9488584, 0.0 ], [ 37.5314928, 47.9619642, 0.0 ], [ 37.5387026, 47.9748369, 0.0 ], [ 37.5613619, 47.9877063, 0.0 ], [ 37.5520922, 47.9962075, 0.0 ], [ 37.5617052, 48.0090716, 0.0 ], [ 37.5864245, 48.0136652, 0.0 ], [ 37.6413561, 48.0086123, 0.0 ], [ 37.6798083, 48.0161914, 0.0 ], [ 37.6798083, 48.0510873, 0.0 ], [ 37.688048, 48.0643966, 0.0 ], [ 37.6993777, 48.0728852, 0.0 ], [ 37.7302767, 48.0682969, 0.0 ], [ 37.7680422, 48.0974255, 0.0 ], [ 37.7779986, 48.1059086, 0.0 ], [ 37.7951647, 48.1120982, 0.0 ], [ 37.8047777, 48.1187453, 0.0 ], [ 37.817824, 48.1386817, 0.0 ], [ 37.8332735, 48.1448673, 0.0 ], [ 37.8377367, 48.1558621, 0.0 ], [ 37.84117, 48.176242, 0.0 ], [ 37.8470064, 48.1936386, 0.0 ], [ 37.8803087, 48.2055381, 0.0 ], [ 37.9105211, 48.2126308, 0.0 ], [ 37.9139544, 48.2233823, 0.0 ], [ 37.9005648, 48.2592805, 0.0 ], [ 37.8906084, 48.2974376, 0.0 ], [ 37.8916384, 48.3314579, 0.0 ], [ 37.9094912, 48.3410434, 0.0 ], [ 37.935927, 48.3510834, 0.0 ], [ 37.9414202, 48.3672802, 0.0 ], [ 37.9441668, 48.3754907, 0.0 ], [ 37.9548098, 48.3957832, 0.0 ], [ 37.9616762, 48.4058124, 0.0 ], [ 37.9740359, 48.4078636, 0.0 ], [ 37.9997851, 48.4124215, 0.0 ], [ 38.0317141, 48.416979, 0.0 ], [ 38.0502535, 48.4176626, 0.0 ], [ 38.0729128, 48.4108263, 0.0 ], [ 38.1072451, 48.4117379, 0.0 ], [ 38.1237246, 48.4229032, 0.0 ], [ 38.1254412, 48.4370272, 0.0 ], [ 38.1587435, 48.4436322, 0.0 ], [ 38.1632067, 48.4110542, 0.0 ], [ 38.1824328, 48.4140167, 0.0 ], [ 38.1906725, 48.4165233, 0.0 ], [ 38.2147051, 48.4003422, 0.0 ], [ 38.2342745, 48.3887159, 0.0 ], [ 38.2449175, 48.3836999, 0.0 ], [ 38.2778765, 48.3722979, 0.0 ], [ 38.3194185, 48.3759468, 0.0 ], [ 38.3352114, 48.3900839, 0.0 ], [ 38.3403612, 48.4080915, 0.0 ], [ 38.3643938, 48.4149282, 0.0 ], [ 38.3853365, 48.4288266, 0.0 ], [ 38.3952929, 48.4684504, 0.0 ], [ 38.4131457, 48.5137294, 0.0 ], [ 38.4327151, 48.5357854, 0.0 ], [ 38.4371783, 48.5566956, 0.0 ], [ 38.4663607, 48.5719182, 0.0 ], [ 38.4598376, 48.603939, 0.0 ], [ 38.4584643, 48.6259557, 0.0 ], [ 38.4536577, 48.6461481, 0.0 ], [ 38.4756304, 48.6570351, 0.0 ], [ 38.5264422, 48.6613439, 0.0 ], [ 38.5405184, 48.6738145, 0.0 ], [ 38.5566546, 48.694441, 0.0 ], [ 38.5703875, 48.7055441, 0.0 ], [ 38.6119295, 48.7041847, 0.0 ], [ 38.6490084, 48.7155122, 0.0 ], [ 38.6757876, 48.7214014, 0.0 ], [ 38.6895205, 48.7297811, 0.0 ], [ 38.7276293, 48.7214014, 0.0 ], [ 38.781531, 48.7114346, 0.0 ], [ 38.8223864, 48.7123407, 0.0 ], [ 38.8515688, 48.727743, 0.0 ], [ 38.8522555, 48.7506111, 0.0 ], [ 38.887961, 48.7517429, 0.0 ], [ 38.9082171, 48.749932, 0.0 ], [ 38.9171435, 48.7444989, 0.0 ], [ 38.930533, 48.7469891, 0.0 ], [ 38.9401461, 48.7469891, 0.0 ], [ 38.933623, 48.7381594, 0.0 ], [ 38.9586855, 48.7361216, 0.0 ], [ 38.9607455, 48.7472155, 0.0 ], [ 38.9758517, 48.7456308, 0.0 ], [ 38.9844347, 48.7413292, 0.0 ], [ 38.9937044, 48.7311399, 0.0 ], [ 39.0012575, 48.7238928, 0.0 ], [ 38.9937044, 48.7148326, 0.0 ], [ 38.9864947, 48.711208, 0.0 ], [ 38.9991976, 48.7118877, 0.0 ], [ 39.0046908, 48.7012391, 0.0 ], [ 39.0160204, 48.6951209, 0.0 ], [ 39.0191103, 48.6803887, 0.0 ], [ 39.0290667, 48.665879, 0.0 ], [ 39.0194536, 48.6624777, 0.0 ], [ 39.0108706, 48.6606635, 0.0 ], [ 39.0170504, 48.6574887, 0.0 ], [ 39.0331866, 48.6536332, 0.0 ], [ 39.0376497, 48.6472823, 0.0 ], [ 39.0585924, 48.6488701, 0.0 ], [ 39.0795351, 48.6513651, 0.0 ], [ 39.0987612, 48.6511383, 0.0 ], [ 39.1224505, 48.6606635, 0.0 ], [ 39.1399599, 48.6615706, 0.0 ], [ 39.149573, 48.6776685, 0.0 ], [ 39.1629626, 48.6756282, 0.0 ], [ 39.1773821, 48.6833355, 0.0 ], [ 39.1893984, 48.6991998, 0.0 ], [ 39.1952349, 48.7044113, 0.0 ], [ 39.2106844, 48.6989732, 0.0 ], [ 39.2271639, 48.7089425, 0.0 ], [ 39.2491366, 48.7116611, 0.0 ], [ 39.2549731, 48.7309134, 0.0 ], [ 39.258063, 48.7413292, 0.0 ], [ 39.2728258, 48.74631, 0.0 ], [ 39.2875887, 48.7510638, 0.0 ], [ 39.3037249, 48.7712062, 0.0 ], [ 39.3164278, 48.7768627, 0.0 ], [ 39.3284441, 48.7770889, 0.0 ], [ 39.3270708, 48.7680382, 0.0 ], [ 39.3473269, 48.7684908, 0.0 ], [ 39.3648363, 48.7662279, 0.0 ], [ 39.3511034, 48.7601176, 0.0 ], [ 39.3435503, 48.7510638, 0.0 ], [ 39.3572832, 48.7417821, 0.0 ], [ 39.3603731, 48.7365745, 0.0 ], [ 39.3552233, 48.727743, 0.0 ], [ 39.3710161, 48.7220809, 0.0 ], [ 39.365523, 48.7166448, 0.0 ], [ 39.3456103, 48.7136999, 0.0 ], [ 39.3586565, 48.7019189, 0.0 ], [ 39.3730761, 48.6901351, 0.0 ], [ 39.3902422, 48.6851488, 0.0 ], [ 39.3957354, 48.6767617, 0.0 ], [ 39.409125, 48.6738145, 0.0 ], [ 39.4142748, 48.6704137, 0.0 ], [ 39.4118716, 48.6615706, 0.0 ], [ 39.4149615, 48.6572619, 0.0 ], [ 39.4431139, 48.6579422, 0.0 ], [ 39.4534136, 48.6570351, 0.0 ], [ 39.451697, 48.646375, 0.0 ], [ 39.46234, 48.6397963, 0.0 ], [ 39.4671465, 48.6352588, 0.0 ], [ 39.4674898, 48.6298133, 0.0 ], [ 39.4997622, 48.6334437, 0.0 ], [ 39.5169283, 48.6345782, 0.0 ], [ 39.5179583, 48.6266365, 0.0 ], [ 39.5131518, 48.6218709, 0.0 ], [ 39.5241381, 48.615743, 0.0 ], [ 39.5299746, 48.6116573, 0.0 ], [ 39.5244814, 48.6046201, 0.0 ], [ 39.5292879, 48.5973548, 0.0 ], [ 39.5361544, 48.5950842, 0.0 ], [ 39.5292879, 48.5896344, 0.0 ], [ 39.536841, 48.584411, 0.0 ], [ 39.5502306, 48.5880447, 0.0 ], [ 39.5505739, 48.5966737, 0.0 ], [ 39.5595003, 48.598036, 0.0 ], [ 39.5680834, 48.5937218, 0.0 ], [ 39.5663668, 48.586455, 0.0 ], [ 39.5759798, 48.5819127, 0.0 ], [ 39.592116, 48.5919052, 0.0 ], [ 39.6041323, 48.591224, 0.0 ], [ 39.6089388, 48.5853195, 0.0 ], [ 39.6000124, 48.582367, 0.0 ], [ 39.5976092, 48.5766886, 0.0 ], [ 39.6113421, 48.5750985, 0.0 ], [ 39.6212984, 48.5866821, 0.0 ], [ 39.6443011, 48.5848653, 0.0 ], [ 39.6669604, 48.5880447, 0.0 ], [ 39.6920229, 48.586455, 0.0 ], [ 39.6761447, 48.5934296, 0.0 ], [ 39.8121006, 48.5816205, 0.0 ] ] } },
{ "type": "Feature", "properties": { "Name": "", "description": "<br><br>описание: <br>name: ", "tessellate": 1, "extrude": 0, "visibility": -1, "________________": "" }, "geometry": { "type": "LineString", "coordinates": [ [ 33.6095466, 46.1327726, 0.0 ], [ 33.6302465, 46.0994695, 0.0 ], [ 33.6274999, 46.0680363, 0.0 ], [ 33.6069006, 46.0546955, 0.0 ], [ 33.6151403, 46.005116, 0.0 ], [ 33.6247533, 45.9574015, 0.0 ], [ 33.6741918, 45.9402141, 0.0 ], [ 33.755216, 45.9497633, 0.0 ], [ 33.7387365, 45.9316185, 0.0 ], [ 33.656339, 45.9144232, 0.0 ], [ 33.6645788, 45.8790606, 0.0 ], [ 33.613767, 45.8924437, 0.0 ], [ 33.5698217, 45.8895761, 0.0 ], [ 33.5162634, 45.8647179, 0.0 ], [ 33.3830541, 45.8226249, 0.0 ], [ 33.3487219, 45.7891191, 0.0 ], [ 33.3075231, 45.7709218, 0.0 ], [ 33.2416052, 45.7546349, 0.0 ], [ 33.1907934, 45.765174, 0.0 ], [ 33.1660741, 45.7843309, 0.0 ], [ 33.1550878, 45.7546349, 0.0 ], [ 33.118009, 45.7258818, 0.0 ], [ 33.0328649, 45.6980731, 0.0 ], [ 32.9271215, 45.6520144, 0.0 ], [ 32.8296178, 45.6049571, 0.0 ], [ 32.7911657, 45.5626679, 0.0 ], [ 32.618131, 45.5097616, 0.0 ], [ 32.5357336, 45.4558422, 0.0 ], [ 32.4478429, 45.4095845, 0.0 ], [ 32.4492162, 45.350744, 0.0 ], [ 32.5206274, 45.2966725, 0.0 ], [ 32.7142614, 45.3237147, 0.0 ], [ 32.8241247, 45.3468834, 0.0 ], [ 32.9696935, 45.317921, 0.0 ], [ 33.0081457, 45.2841128, 0.0 ], [ 33.0836767, 45.2145012, 0.0 ], [ 33.1454748, 45.1786953, 0.0 ], [ 33.2319921, 45.1467414, 0.0 ], [ 33.3459753, 45.1244598, 0.0 ], [ 33.3912939, 45.1593314, 0.0 ], [ 33.4489721, 45.1331797, 0.0 ], [ 33.5464758, 45.0633832, 0.0 ], [ 33.580808, 45.0070962, 0.0 ], [ 33.5643285, 44.9643588, 0.0 ], [ 33.5904211, 44.9225619, 0.0 ], [ 33.5959142, 44.8685697, 0.0 ], [ 33.5677618, 44.8388768, 0.0 ], [ 33.5725683, 44.8116042, 0.0 ], [ 33.6034673, 44.8067327, 0.0 ], [ 33.6316198, 44.804784, 0.0 ], [ 33.6515325, 44.7950395, 0.0 ], [ 33.6810583, 44.7852934, 0.0 ], [ 33.6789983, 44.7731084, 0.0 ], [ 33.6673254, 44.7614084, 0.0 ], [ 33.6323064, 44.7536071, 0.0 ], [ 33.6103338, 44.745317, 0.0 ], [ 33.6117071, 44.7219034, 0.0 ], [ 33.6103338, 44.7126329, 0.0 ], [ 33.6432928, 44.7155606, 0.0 ], [ 33.6879247, 44.7028729, 0.0 ], [ 33.6934179, 44.7155606, 0.0 ], [ 33.7243169, 44.7155606, 0.0 ], [ 33.7703222, 44.6935993, 0.0 ], [ 33.7620824, 44.6789538, 0.0 ], [ 33.7263769, 44.6467207, 0.0 ], [ 33.7133306, 44.6203348, 0.0 ], [ 33.7353033, 44.5983375, 0.0 ], [ 33.7607092, 44.6056708, 0.0 ], [ 33.7792486, 44.5988264, 0.0 ], [ 33.797788, 44.573397, 0.0 ], [ 33.819074, 44.5719296, 0.0 ], [ 33.830747, 44.5455097, 0.0 ], [ 33.84242, 44.5225049, 0.0 ], [ 33.8534063, 44.5132025, 0.0 ], [ 33.8630193, 44.4921442, 0.0 ], [ 33.8808721, 44.4656881, 0.0 ], [ 33.894605, 44.4455931, 0.0 ], [ 33.8911718, 44.429414, 0.0 ], [ 33.8376135, 44.4161733, 0.0 ], [ 33.786115, 44.3994955, 0.0 ], [ 33.7538427, 44.3901734, 0.0 ], [ 33.7723821, 44.3729974, 0.0 ], [ 33.8369268, 44.3887014, 0.0 ], [ 33.8822454, 44.3955706, 0.0 ], [ 33.9564031, 44.3769238, 0.0 ], [ 34.0662664, 44.3887014, 0.0 ], [ 34.1170782, 44.42402, 0.0 ], [ 34.1411108, 44.4328463, 0.0 ], [ 34.1472906, 44.4485343, 0.0 ], [ 34.1651434, 44.4798975, 0.0 ], [ 34.1850561, 44.4916544, 0.0 ], [ 34.2386144, 44.4970422, 0.0 ], [ 34.2708868, 44.5112439, 0.0 ], [ 34.2880529, 44.5283793, 0.0 ], [ 34.305219, 44.5484459, 0.0 ], [ 34.3450445, 44.5425734, 0.0 ], [ 34.3587774, 44.5562748, 0.0 ], [ 34.3718237, 44.5797554, 0.0 ], [ 34.392423, 44.6090928, 0.0 ], [ 34.4240087, 44.6457437, 0.0 ], [ 34.4411749, 44.6730946, 0.0 ], [ 34.4748205, 44.7072651, 0.0 ], [ 34.5311254, 44.7292212, 0.0 ], [ 34.5874303, 44.7409277, 0.0 ], [ 34.6808141, 44.7614084, 0.0 ], [ 34.7096532, 44.7818819, 0.0 ], [ 34.7659582, 44.8033224, 0.0 ], [ 34.8456091, 44.8120913, 0.0 ], [ 34.9307531, 44.8150139, 0.0 ], [ 34.9692052, 44.828651, 0.0 ], [ 35.0392431, 44.8169623, 0.0 ], [ 35.0255102, 44.7955268, 0.0 ], [ 35.0680822, 44.790654, 0.0 ], [ 35.1037878, 44.790654, 0.0 ], [ 35.1353735, 44.8218329, 0.0 ], [ 35.1683324, 44.8666231, 0.0 ], [ 35.1889318, 44.8899781, 0.0 ], [ 35.2287573, 44.9045701, 0.0 ], [ 35.2713293, 44.9298542, 0.0 ], [ 35.279569, 44.9522116, 0.0 ], [ 35.3482336, 44.9473521, 0.0 ], [ 35.4100317, 44.9463801, 0.0 ], [ 35.4223913, 44.9823318, 0.0 ], [ 35.4402441, 45.0425247, 0.0 ], [ 35.4099556, 45.0593929, 0.0 ], [ 35.4532142, 45.0962431, 0.0 ], [ 35.5163856, 45.1102982, 0.0 ], [ 35.5864235, 45.1224118, 0.0 ], [ 35.6557747, 45.1165976, 0.0 ], [ 35.709333, 45.0967279, 0.0 ], [ 35.763578, 45.0690926, 0.0 ], [ 35.7876106, 45.0501766, 0.0 ], [ 35.8006569, 45.0283427, 0.0 ], [ 35.8356758, 44.9924198, 0.0 ], [ 35.9022804, 45.0050439, 0.0 ], [ 35.9867378, 45.0074713, 0.0 ], [ 36.0753151, 45.0458105, 0.0 ], [ 36.207151, 45.0283427, 0.0 ], [ 36.3280006, 45.0341659, 0.0 ], [ 36.4625831, 45.0768512, 0.0 ], [ 36.4969154, 45.1282254, 0.0 ], [ 36.4735695, 45.1940717, 0.0 ], [ 36.4680763, 45.2492078, 0.0 ], [ 36.5175148, 45.3023586, 0.0 ], [ 36.5628334, 45.3226394, 0.0 ], [ 36.6397377, 45.3564246, 0.0 ], [ 36.6617103, 45.3950116, 0.0 ], [ 36.6328712, 45.4326086, 0.0 ], [ 36.5491005, 45.4518793, 0.0 ], [ 36.4543434, 45.4634387, 0.0 ], [ 36.3499733, 45.4855874, 0.0 ], [ 36.2785621, 45.4913639, 0.0 ], [ 36.1783119, 45.4826989, 0.0 ], [ 36.1027809, 45.4576593, 0.0 ], [ 36.0382362, 45.4374269, 0.0 ], [ 36.0505958, 45.4123672, 0.0 ], [ 35.9668251, 45.3921185, 0.0 ], [ 35.9105201, 45.4065826, 0.0 ], [ 35.8844276, 45.4287536, 0.0 ], [ 35.8844276, 45.4778845, 0.0 ], [ 35.8198829, 45.4855874, 0.0 ], [ 35.7992836, 45.4451353, 0.0 ], [ 35.7333656, 45.4142952, 0.0 ], [ 35.7031532, 45.3573896, 0.0 ], [ 35.6207557, 45.3322944, 0.0 ], [ 35.5246254, 45.3052563, 0.0 ], [ 35.4683204, 45.2984948, 0.0 ], [ 35.4092689, 45.2878679, 0.0 ], [ 35.3048988, 45.3361559, 0.0 ], [ 35.1991554, 45.3969403, 0.0 ], [ 35.1428505, 45.5000275, 0.0 ], [ 35.0865455, 45.5856295, 0.0 ], [ 34.9746826, 45.7644301, 0.0 ], [ 34.9620575, 45.7603664, 0.0 ] ] } },
{ "type": "Feature", "properties": { "Name": "", "description": "<br><br>описание: <br>name: ", "tessellate": 1, "extrude": 0, "visibility": -1, "________________": "" }, "geometry": { "type": "LineString", "coordinates": [ [ 33.5677618, 44.8388768, 0.0 ], [ 33.5621445, 44.842038, 0.0 ], [ 33.5525315, 44.841186, 0.0 ], [ 33.5499565, 44.8369257, 0.0 ], [ 33.5458367, 44.8296216, 0.0 ], [ 33.5478966, 44.8242646, 0.0 ], [ 33.5487549, 44.8189072, 0.0 ], [ 33.5487549, 44.8134274, 0.0 ], [ 33.5427468, 44.8047806, 0.0 ], [ 33.5365669, 44.7999085, 0.0 ], [ 33.5322754, 44.7954015, 0.0 ], [ 33.5331337, 44.7760296, 0.0 ], [ 33.5365669, 44.7627457, 0.0 ], [ 33.5400002, 44.7476301, 0.0 ], [ 33.5400002, 44.7387295, 0.0 ], [ 33.5422318, 44.731291, 0.0 ], [ 33.5442763, 44.7132288, 0.0 ], [ 33.5422164, 44.6941954, 0.0 ], [ 33.5401564, 44.6819912, 0.0 ], [ 33.5326033, 44.6580635, 0.0 ], [ 33.5229903, 44.6458517, 0.0 ], [ 33.5126906, 44.6370576, 0.0 ], [ 33.5083364, 44.6268937, 0.0 ], [ 33.5086797, 44.6240837, 0.0 ], [ 33.5181211, 44.6261606, 0.0 ], [ 33.5255025, 44.6257941, 0.0 ], [ 33.533914, 44.6227397, 0.0 ], [ 33.5471319, 44.6211514, 0.0 ], [ 33.5579465, 44.6207848, 0.0 ], [ 33.5721944, 44.6173636, 0.0 ], [ 33.5848974, 44.6154085, 0.0 ], [ 33.575456, 44.6141865, 0.0 ], [ 33.5620664, 44.6167526, 0.0 ], [ 33.5533117, 44.6183411, 0.0 ], [ 33.541982, 44.6183411, 0.0 ], [ 33.5284208, 44.6191964, 0.0 ], [ 33.5133146, 44.6204183, 0.0 ], [ 33.5073064, 44.6229841, 0.0 ], [ 33.4935735, 44.6188298, 0.0 ], [ 33.4769224, 44.6144309, 0.0 ], [ 33.4499715, 44.6128423, 0.0 ], [ 33.4277246, 44.607568, 0.0 ], [ 33.415365, 44.5968124, 0.0 ], [ 33.4023188, 44.5963235, 0.0 ], [ 33.3789728, 44.5884999, 0.0 ], [ 33.3810327, 44.5723604, 0.0 ], [ 33.4078119, 44.5567058, 0.0 ], [ 33.4256647, 44.5356632, 0.0 ], [ 33.4524439, 44.5185299, 0.0 ], [ 33.4702967, 44.50433, 0.0 ], [ 33.4881494, 44.4925756, 0.0 ], [ 33.5053156, 44.4974736, 0.0 ], [ 33.535528, 44.4832685, 0.0 ], [ 33.5506342, 44.480819, 0.0 ], [ 33.6048792, 44.485228, 0.0 ], [ 33.6254785, 44.4666098, 0.0 ], [ 33.6371515, 44.4445542, 0.0 ], [ 33.641958, 44.4249423, 0.0 ], [ 33.6618708, 44.4077765, 0.0 ], [ 33.6948297, 44.4121911, 0.0 ], [ 33.7113092, 44.407286, 0.0 ], [ 33.7154291, 44.3881522, 0.0 ], [ 33.7538427, 44.3901734, 0.0 ], [ 33.7592672, 44.3949422, 0.0 ] ] } },
{ "type": "Feature", "properties": { "Name": "", "description": "<br><br>описание: <br>name: ", "tessellate": -1, "extrude": 0, "visibility": -1, "________________": "" }, "geometry": { "type": "Polygon", "coordinates": [ [ [ 37.0394832, 46.868731, 0.0 ], [ 37.0857166, 46.8901538, 0.0 ], [ 37.170057, 46.9151315, 0.0 ], [ 37.2379064, 46.9517597, 0.0 ], [ 37.2896781, 46.9339483, 0.0 ], [ 37.3163432, 46.9140104, 0.0 ], [ 37.3241774, 46.8876223, 0.0 ], [ 37.2894502, 46.8706177, 0.0 ], [ 37.2960846, 46.8654798, 0.0 ], [ 37.3454316, 46.884452, 0.0 ], [ 37.5254757, 47.0611588, 0.0 ], [ 37.8108622, 47.0790976, 0.0 ], [ 38.0365215, 47.0889442, 0.0 ], [ 38.1463918, 47.0415838, 0.0 ], [ 38.2517035, 47.118287, 0.0 ], [ 38.2360002, 47.227876, 0.0 ], [ 38.3275156, 47.2609534, 0.0 ], [ 38.3348094, 47.3047669, 0.0 ], [ 38.2244964, 47.3036918, 0.0 ], [ 38.2190032, 47.3241752, 0.0 ], [ 38.2334228, 47.3399979, 0.0 ], [ 38.2526489, 47.3660484, 0.0 ], [ 38.2636352, 47.372094, 0.0 ], [ 38.2842345, 47.372559, 0.0 ], [ 38.2883544, 47.3916212, 0.0 ], [ 38.3034606, 47.3930158, 0.0 ], [ 38.2993407, 47.4738351, 0.0 ], [ 38.2869811, 47.4747633, 0.0 ], [ 38.2842345, 47.4914687, 0.0 ], [ 38.2849212, 47.5434073, 0.0 ], [ 38.3062072, 47.5447978, 0.0 ], [ 38.3082671, 47.5767692, 0.0 ], [ 38.3460326, 47.5749163, 0.0 ], [ 38.3478334, 47.6121972, 0.0 ], [ 38.4476562, 47.6045545, 0.0 ], [ 38.4586425, 47.6397282, 0.0 ], [ 38.6158843, 47.6438919, 0.0 ], [ 38.6309905, 47.6522183, 0.0 ], [ 38.6303039, 47.6688673, 0.0 ], [ 38.6666961, 47.6665553, 0.0 ], [ 38.6639495, 47.6970659, 0.0 ], [ 38.7356606, 47.6972428, 0.0 ], [ 38.7387939, 47.6804259, 0.0 ], [ 38.7707378, 47.6856807, 0.0 ], [ 38.7738128, 47.7257111, 0.0 ], [ 38.7861724, 47.7331009, 0.0 ], [ 38.7957855, 47.7723414, 0.0 ], [ 38.788919, 47.7921813, 0.0 ], [ 38.7892544, 47.8156039, 0.0 ], [ 38.8321777, 47.8143191, 0.0 ], [ 38.8294311, 47.8304553, 0.0 ], [ 38.8191314, 47.8401347, 0.0 ], [ 38.8301177, 47.8516553, 0.0 ], [ 38.843164, 47.8530376, 0.0 ], [ 38.8472839, 47.8636341, 0.0 ], [ 38.874063, 47.866398, 0.0 ], [ 38.8795562, 47.8765312, 0.0 ], [ 39.0804631, 47.8707198, 0.0 ], [ 39.0642638, 47.8917273, 0.0 ], [ 39.0972228, 47.9349886, 0.0 ], [ 39.0766235, 47.9524669, 0.0 ], [ 39.036798, 47.9543064, 0.0 ], [ 39.0422912, 48.0030288, 0.0 ], [ 38.8472839, 48.0112979, 0.0 ], [ 38.8170715, 48.0232397, 0.0 ], [ 38.8253112, 48.0471151, 0.0 ], [ 38.8156982, 48.0709794, 0.0 ], [ 38.8129516, 48.0774025, 0.0 ], [ 38.8129516, 48.1012528, 0.0 ], [ 38.8143249, 48.1168413, 0.0 ], [ 38.7703796, 48.127842, 0.0 ], [ 38.7181945, 48.1360911, 0.0 ], [ 38.6426635, 48.158998, 0.0 ], [ 38.6014648, 48.1764005, 0.0 ], [ 38.616571, 48.1983742, 0.0 ], [ 38.5904784, 48.213018, 0.0 ], [ 38.5877319, 48.240464, 0.0 ], [ 38.5808654, 48.2605817, 0.0 ], [ 38.5671325, 48.2742937, 0.0 ], [ 38.5355468, 48.2706375, 0.0 ], [ 38.4888549, 48.2761217, 0.0 ], [ 38.4352966, 48.2788636, 0.0 ], [ 38.43255, 48.2943981, 0.0 ], [ 38.4215636, 48.3144946, 0.0 ], [ 38.4462829, 48.3336702, 0.0 ], [ 38.4586425, 48.3427989, 0.0 ], [ 38.4902282, 48.3619638, 0.0 ], [ 38.4641357, 48.377473, 0.0 ], [ 38.442163, 48.3792973, 0.0 ], [ 38.4394164, 48.3948013, 0.0 ], [ 38.4352966, 48.4221496, 0.0 ], [ 38.43255, 48.4431067, 0.0 ], [ 38.3968444, 48.4431067, 0.0 ], [ 38.3903457, 48.4293357, 0.0 ], [ 38.3584351, 48.4419349, 0.0 ], [ 38.3268494, 48.4474007, 0.0 ], [ 38.3021301, 48.4683474, 0.0 ], [ 38.2870239, 48.4856447, 0.0 ], [ 38.3186096, 48.5138539, 0.0 ], [ 38.2760376, 48.544775, 0.0 ], [ 38.263678, 48.6437771, 0.0 ], [ 38.2293457, 48.6410549, 0.0 ], [ 38.230719, 48.6537573, 0.0 ], [ 38.260202, 48.6567386, 0.0 ], [ 38.2588287, 48.6698906, 0.0 ], [ 38.2856078, 48.6721578, 0.0 ], [ 38.2862945, 48.6825858, 0.0 ], [ 38.3076233, 48.6927521, 0.0 ], [ 38.30625, 48.7090666, 0.0 ], [ 38.3309692, 48.7145036, 0.0 ], [ 38.3268494, 48.7371513, 0.0 ], [ 38.2815308, 48.7353398, 0.0 ], [ 38.2654629, 48.7494307, 0.0 ], [ 38.2778225, 48.8028259, 0.0 ], [ 38.3131165, 48.8140773, 0.0 ], [ 38.3144898, 48.8294483, 0.0 ], [ 38.2774109, 48.8213113, 0.0 ], [ 38.2554382, 48.8411995, 0.0 ], [ 38.2224793, 48.8402957, 0.0 ], [ 38.2252258, 48.8692104, 0.0 ], [ 38.2362122, 48.9242828, 0.0 ], [ 38.173089, 48.9285549, 0.0 ], [ 38.1016296, 48.9278919, 0.0 ], [ 38.0109924, 48.9369138, 0.0 ], [ 38.0206055, 48.9702803, 0.0 ], [ 38.0480713, 48.9639695, 0.0 ], [ 38.0659241, 48.9874058, 0.0 ], [ 38.1016296, 48.9919116, 0.0 ], [ 38.0659241, 49.0693465, 0.0 ], [ 38.079657, 49.1421691, 0.0 ], [ 38.0508179, 49.1502539, 0.0 ], [ 38.013739, 49.1250968, 0.0 ], [ 37.8928894, 49.1520504, 0.0 ], [ 37.9066223, 49.1816823, 0.0 ], [ 37.938208, 49.1897607, 0.0 ], [ 37.8720544, 49.2352149, 0.0 ], [ 37.8710539, 49.2366907, 0.0 ], [ 37.864486, 49.2357835, 0.0 ], [ 37.8588068, 49.2286175, 0.0 ], [ 37.8590856, 49.2144349, 0.0 ], [ 37.8386149, 49.2062488, 0.0 ], [ 37.8323711, 49.1988454, 0.0 ], [ 37.8385215, 49.1928939, 0.0 ], [ 37.8509425, 49.1901019, 0.0 ], [ 37.8677399, 49.1874224, 0.0 ], [ 37.8612523, 49.1716282, 0.0 ], [ 37.8756027, 49.1565296, 0.0 ], [ 37.862489, 49.1534419, 0.0 ], [ 37.8626908, 49.1483884, 0.0 ], [ 37.8598769, 49.1397001, 0.0 ], [ 37.8540786, 49.128441, 0.0 ], [ 37.8315432, 49.1306885, 0.0 ], [ 37.8245903, 49.1373436, 0.0 ], [ 37.8190977, 49.1388874, 0.0 ], [ 37.8118873, 49.1388034, 0.0 ], [ 37.8058793, 49.140628, 0.0 ], [ 37.7999575, 49.1395618, 0.0 ], [ 37.7940349, 49.1388879, 0.0 ], [ 37.7839611, 49.1366862, 0.0 ], [ 37.7770637, 49.1341468, 0.0 ], [ 37.769739, 49.1294177, 0.0 ], [ 37.7608704, 49.1274961, 0.0 ], [ 37.7576396, 49.1235971, 0.0 ], [ 37.7534653, 49.1202033, 0.0 ], [ 37.7485478, 49.1207521, 0.0 ], [ 37.7384198, 49.1228868, 0.0 ], [ 37.7222836, 49.1289528, 0.0 ], [ 37.7252877, 49.1328279, 0.0 ], [ 37.7161037, 49.1342319, 0.0 ], [ 37.7172197, 49.1395667, 0.0 ], [ 37.7198803, 49.1434972, 0.0 ], [ 37.7092373, 49.1513572, 0.0 ], [ 37.7002251, 49.148887, 0.0 ], [ 37.680279, 49.1492977, 0.0 ], [ 37.6701731, 49.1407095, 0.0 ], [ 37.6567996, 49.1410708, 0.0 ], [ 37.6420571, 49.135033, 0.0 ], [ 37.6172643, 49.12632, 0.0 ], [ 37.605867, 49.1149106, 0.0 ], [ 37.6023505, 49.1039378, 0.0 ], [ 37.6143668, 49.0910119, 0.0 ], [ 37.6180257, 49.085158, 0.0 ], [ 37.6238082, 49.0848287, 0.0 ], [ 37.6329061, 49.0812309, 0.0 ], [ 37.6470527, 49.0823316, 0.0 ], [ 37.6554529, 49.0772871, 0.0 ], [ 37.6616461, 49.0806186, 0.0 ], [ 37.6702628, 49.0807172, 0.0 ], [ 37.6756337, 49.078549, 0.0 ], [ 37.6818636, 49.0789676, 0.0 ], [ 37.6924334, 49.0836259, 0.0 ], [ 37.7019734, 49.0850234, 0.0 ], [ 37.7083596, 49.0816245, 0.0 ], [ 37.7126911, 49.0764301, 0.0 ], [ 37.7075011, 49.0687992, 0.0 ], [ 37.7119223, 49.0651047, 0.0 ], [ 37.7164495, 49.0606703, 0.0 ], [ 37.7287029, 49.0619716, 0.0 ], [ 37.7443689, 49.0542829, 0.0 ], [ 37.7575044, 49.047655, 0.0 ], [ 37.7638082, 49.0510348, 0.0 ], [ 37.7696447, 49.0532848, 0.0 ], [ 37.7643232, 49.058122, 0.0 ], [ 37.7668432, 49.0593086, 0.0 ], [ 37.7638391, 49.0616708, 0.0 ], [ 37.7855544, 49.073761, 0.0 ], [ 37.7937968, 49.0666189, 0.0 ], [ 37.8015189, 49.0696563, 0.0 ], [ 37.8099477, 49.0719366, 0.0 ], [ 37.8164407, 49.0735028, 0.0 ], [ 37.8258965, 49.0803325, 0.0 ], [ 37.8378346, 49.086557, 0.0 ], [ 37.8415317, 49.0723178, 0.0 ], [ 37.8364088, 49.0655089, 0.0 ], [ 37.8341156, 49.0625667, 0.0 ], [ 37.8353649, 49.057582, 0.0 ], [ 37.8429179, 49.0576945, 0.0 ], [ 37.8431467, 49.0516591, 0.0 ], [ 37.8485541, 49.0526715, 0.0 ], [ 37.866836, 49.0483963, 0.0 ], [ 37.8806089, 49.0428186, 0.0 ], [ 37.8829721, 49.0315169, 0.0 ], [ 37.867866, 49.0301663, 0.0 ], [ 37.8414313, 49.0313477, 0.0 ], [ 37.8394588, 49.028646, 0.0 ], [ 37.8317751, 49.0156395, 0.0 ], [ 37.8189005, 49.0042672, 0.0 ], [ 37.8076566, 49.0078706, 0.0 ], [ 37.8105148, 49.0016666, 0.0 ], [ 37.8159822, 49.0003256, 0.0 ], [ 37.8255094, 49.0025217, 0.0 ], [ 37.8452761, 48.998578, 0.0 ], [ 37.8570403, 48.9854838, 0.0 ], [ 37.8573886, 48.9771781, 0.0 ], [ 37.843484, 48.9769528, 0.0 ], [ 37.8427167, 48.9786722, 0.0 ], [ 37.8332753, 48.9775455, 0.0 ], [ 37.8360007, 48.975109, 0.0 ], [ 37.840952, 48.9722203, 0.0 ], [ 37.843279, 48.963091, 0.0 ], [ 37.8411821, 48.9603988, 0.0 ], [ 37.8382639, 48.9590744, 0.0 ], [ 37.8312687, 48.9622584, 0.0 ], [ 37.8278354, 48.9641462, 0.0 ], [ 37.8260759, 48.9638645, 0.0 ], [ 37.8271917, 48.9627938, 0.0 ], [ 37.8333715, 48.9600325, 0.0 ], [ 37.8318085, 48.9599071, 0.0 ], [ 37.8321303, 48.9594915, 0.0 ], [ 37.831669, 48.9590899, 0.0 ], [ 37.8317226, 48.9584559, 0.0 ], [ 37.8324737, 48.9584207, 0.0 ], [ 37.8339542, 48.9580262, 0.0 ], [ 37.8341366, 48.9575119, 0.0 ], [ 37.8350164, 48.9572019, 0.0 ], [ 37.8351773, 48.9575049, 0.0 ], [ 37.8351237, 48.9580825, 0.0 ], [ 37.8357551, 48.9592618, 0.0 ], [ 37.8373628, 48.9587504, 0.0 ], [ 37.8413538, 48.9574682, 0.0 ], [ 37.8442389, 48.9571007, 0.0 ], [ 37.8392607, 48.9506754, 0.0 ], [ 37.8217513, 48.9457713, 0.0 ], [ 37.8130824, 48.9484207, 0.0 ], [ 37.8099925, 48.9562553, 0.0 ], [ 37.8069026, 48.9567625, 0.0 ], [ 37.8079325, 48.9483643, 0.0 ], [ 37.808705, 48.9369766, 0.0 ], [ 37.8262221, 48.930237, 0.0 ], [ 37.8409583, 48.9313771, 0.0 ], [ 37.8512037, 48.9334262, 0.0 ], [ 37.8654487, 48.9431244, 0.0 ], [ 37.872101, 48.9437163, 0.0 ], [ 37.8753196, 48.939347, 0.0 ], [ 37.8704272, 48.9333144, 0.0 ], [ 37.8700836, 48.9228255, 0.0 ], [ 37.8851928, 48.9231631, 0.0 ], [ 37.8968651, 48.9208523, 0.0 ], [ 37.9308866, 48.9041466, 0.0 ], [ 37.9254792, 48.9013256, 0.0 ], [ 37.9203191, 48.8982709, 0.0 ], [ 37.9192892, 48.8958446, 0.0 ], [ 37.9198899, 48.8939824, 0.0 ], [ 37.9219499, 48.8916688, 0.0 ], [ 37.9232476, 48.8924666, 0.0 ], [ 37.9305099, 48.8902125, 0.0 ], [ 37.928965, 48.8878422, 0.0 ], [ 37.9241585, 48.88344, 0.0 ], [ 37.9219269, 48.8817467, 0.0 ], [ 37.9160046, 48.879884, 0.0 ], [ 37.9073357, 48.8795453, 0.0 ], [ 37.9047607, 48.8778519, 0.0 ], [ 37.9011559, 48.8784728, 0.0 ], [ 37.8959202, 48.8784728, 0.0 ], [ 37.8929161, 48.8775697, 0.0 ], [ 37.8854347, 48.8804423, 0.0 ], [ 37.8825164, 48.8775636, 0.0 ], [ 37.8776241, 48.8766604, 0.0 ], [ 37.8738475, 48.8765475, 0.0 ], [ 37.8670669, 48.8785796, 0.0 ], [ 37.8642792, 48.8801054, 0.0 ], [ 37.8599464, 48.8815182, 0.0 ], [ 37.8601741, 48.8824266, 0.0 ], [ 37.8629825, 48.8839397, 0.0 ], [ 37.8639027, 48.8854527, 0.0 ], [ 37.8617329, 48.8870221, 0.0 ], [ 37.8547566, 48.8850922, 0.0 ], [ 37.8445318, 48.8876444, 0.0 ], [ 37.8398496, 48.8906141, 0.0 ], [ 37.8250381, 48.8936959, 0.0 ], [ 37.8249318, 48.8918429, 0.0 ], [ 37.8244168, 48.8863123, 0.0 ], [ 37.82991, 48.8793699, 0.0 ], [ 37.8363858, 48.8786959, 0.0 ], [ 37.8428661, 48.87418, 0.0 ], [ 37.8530799, 48.8703975, 0.0 ], [ 37.856259, 48.8686255, 0.0 ], [ 37.8549715, 48.8668753, 0.0 ], [ 37.857804, 48.865125, 0.0 ], [ 37.8510233, 48.8592525, 0.0 ], [ 37.8505942, 48.8552996, 0.0 ], [ 37.8532736, 48.8480696, 0.0 ], [ 37.8571538, 48.8410655, 0.0 ], [ 37.8422193, 48.8420258, 0.0 ], [ 37.840846, 48.8445677, 0.0 ], [ 37.8383569, 48.8457539, 0.0 ], [ 37.8368978, 48.8478437, 0.0 ], [ 37.8269414, 48.8502724, 0.0 ], [ 37.8252248, 48.8494817, 0.0 ], [ 37.8247957, 48.843099, 0.0 ], [ 37.8265981, 48.8392578, 0.0 ], [ 37.8264264, 48.8355292, 0.0 ], [ 37.825139, 48.8338343, 0.0 ], [ 37.8147535, 48.8283537, 0.0 ], [ 37.8212766, 48.8246243, 0.0 ], [ 37.8199033, 48.8236072, 0.0 ], [ 37.8218774, 48.8206686, 0.0 ], [ 37.8203543, 48.819387, 0.0 ], [ 37.8182085, 48.8162221, 0.0 ], [ 37.8193243, 48.8085351, 0.0 ], [ 37.829624, 48.8026561, 0.0 ], [ 37.8346022, 48.7931576, 0.0 ], [ 37.8467901, 48.7953628, 0.0 ], [ 37.8528312, 48.7945185, 0.0 ], [ 37.8370517, 48.7782898, 0.0 ], [ 37.8270953, 48.7820226, 0.0 ], [ 37.8294128, 48.7847372, 0.0 ], [ 37.8197997, 48.7890351, 0.0 ], [ 37.8138774, 48.7927106, 0.0 ], [ 37.8027194, 48.7824185, 0.0 ], [ 37.7916473, 48.7808349, 0.0 ], [ 37.789244, 48.7802128, 0.0 ], [ 37.7929347, 48.7776959, 0.0 ], [ 37.7837723, 48.7734961, 0.0 ], [ 37.796901, 48.7655533, 0.0 ], [ 37.7956993, 48.7637995, 0.0 ], [ 37.7981884, 48.7603482, 0.0 ], [ 37.7914936, 48.7542371, 0.0 ], [ 37.7774602, 48.7545356, 0.0 ], [ 37.7663881, 48.7537999, 0.0 ], [ 37.7549726, 48.7487634, 0.0 ], [ 37.7399522, 48.7447451, 0.0 ], [ 37.7286226, 48.7457638, 0.0 ], [ 37.7154046, 48.7425377, 0.0 ], [ 37.7151472, 48.7405566, 0.0 ], [ 37.7178937, 48.7380661, 0.0 ], [ 37.7275926, 48.7351225, 0.0 ], [ 37.736519, 48.7371038, 0.0 ], [ 37.7421711, 48.7378508, 0.0 ], [ 37.757436, 48.736571, 0.0 ], [ 37.7614401, 48.7348789, 0.0 ], [ 37.7697759, 48.7352793, 0.0 ], [ 37.7689604, 48.7253435, 0.0 ], [ 37.7364521, 48.7168638, 0.0 ], [ 37.7199992, 48.7189632, 0.0 ], [ 37.7190688, 48.7151994, 0.0 ], [ 37.7133454, 48.713667, 0.0 ], [ 37.7142037, 48.7124211, 0.0 ], [ 37.7055348, 48.711345, 0.0 ], [ 37.7065648, 48.7065308, 0.0 ], [ 37.7159204, 48.7067007, 0.0 ], [ 37.721156, 48.7083433, 0.0 ], [ 37.7233018, 48.7123645, 0.0 ], [ 37.7364339, 48.7099858, 0.0 ], [ 37.7369489, 48.7069839, 0.0 ], [ 37.7444161, 48.7064741, 0.0 ], [ 37.7499093, 48.7040385, 0.0 ], [ 37.7560033, 48.6937849, 0.0 ], [ 37.7632131, 48.6937283, 0.0 ], [ 37.7646722, 48.6946914, 0.0 ], [ 37.7858724, 48.6940682, 0.0 ], [ 37.7920522, 48.6933883, 0.0 ], [ 37.7953137, 48.6947481, 0.0 ], [ 37.7986611, 48.6925385, 0.0 ], [ 37.8027925, 48.6922763, 0.0 ], [ 37.8129205, 48.684457, 0.0 ], [ 37.8042312, 48.6829463, 0.0 ], [ 37.8093386, 48.6805097, 0.0 ], [ 37.8147892, 48.6812463, 0.0 ], [ 37.8219122, 48.6734252, 0.0 ], [ 37.820675, 48.6677139, 0.0 ], [ 37.815815, 48.667918, 0.0 ], [ 37.79722, 48.666439, 0.0 ], [ 37.787875, 48.659289, 0.0 ], [ 37.78678, 48.655646, 0.0 ], [ 37.776352, 48.653662, 0.0 ], [ 37.766696, 48.65386, 0.0 ], [ 37.768928, 48.651677, 0.0 ], [ 37.770816, 48.651252, 0.0 ], [ 37.773391, 48.647708, 0.0 ], [ 37.779871, 48.640903, 0.0 ], [ 37.781284, 48.6363123, 0.0 ], [ 37.7679344, 48.6321727, 0.0 ], [ 37.7655715, 48.6204293, 0.0 ], [ 37.7781017, 48.6065878, 0.0 ], [ 37.7904626, 48.5961569, 0.0 ], [ 37.7978026, 48.5882961, 0.0 ], [ 37.7949684, 48.5853452, 0.0 ], [ 37.8014968, 48.5843372, 0.0 ], [ 37.8034689, 48.5825054, 0.0 ], [ 37.8036643, 48.5813427, 0.0 ], [ 37.8015614, 48.5768567, 0.0 ], [ 37.8008319, 48.5744432, 0.0 ], [ 37.8025914, 48.5722568, 0.0 ], [ 37.8103344, 48.5604933, 0.0 ], [ 37.8012546, 48.557382, 0.0 ], [ 37.7964351, 48.5551053, 0.0 ], [ 37.7907588, 48.5536797, 0.0 ], [ 37.7694623, 48.5513436, 0.0 ], [ 37.7672752, 48.5553395, 0.0 ], [ 37.763842, 48.5556803, 0.0 ], [ 37.7626404, 48.557555, 0.0 ], [ 37.7584347, 48.5586344, 0.0 ], [ 37.7546581, 48.559032, 0.0 ], [ 37.7489933, 48.5605658, 0.0 ], [ 37.7459892, 48.5618155, 0.0 ], [ 37.7416119, 48.5625539, 0.0 ], [ 37.7406677, 48.5653372, 0.0 ], [ 37.7408394, 48.5681771, 0.0 ], [ 37.743071, 48.5724367, 0.0 ], [ 37.7419396, 48.5744085, 0.0 ], [ 37.7435704, 48.5752035, 0.0 ], [ 37.7444716, 48.5760837, 0.0 ], [ 37.7414676, 48.5780996, 0.0 ], [ 37.7361031, 48.5808537, 0.0 ], [ 37.7330288, 48.5781723, 0.0 ], [ 37.7309689, 48.5778316, 0.0 ], [ 37.7274498, 48.5783995, 0.0 ], [ 37.7227291, 48.5782291, 0.0 ], [ 37.7182659, 48.5762984, 0.0 ], [ 37.7111503, 48.575157, 0.0 ], [ 37.705228, 48.5743619, 0.0 ], [ 37.6978466, 48.5740211, 0.0 ], [ 37.6899502, 48.572431, 0.0 ], [ 37.682768, 48.5697547, 0.0 ], [ 37.6735412, 48.5695275, 0.0 ], [ 37.668606, 48.5721684, 0.0 ], [ 37.6596228, 48.5713347, 0.0 ], [ 37.6510397, 48.5687222, 0.0 ], [ 37.6486365, 48.5705964, 0.0 ], [ 37.6473919, 48.5713063, 0.0 ], [ 37.647864, 48.5720446, 0.0 ], [ 37.644302, 48.5745434, 0.0 ], [ 37.6348177, 48.5713063, 0.0 ], [ 37.630394, 48.569426, 0.0 ], [ 37.6336127, 48.5680061, 0.0 ], [ 37.6351576, 48.5658193, 0.0 ], [ 37.6349431, 48.5650312, 0.0 ], [ 37.6333659, 48.564197, 0.0 ], [ 37.6304584, 48.5644206, 0.0 ], [ 37.6292461, 48.5627876, 0.0 ], [ 37.6270162, 48.5615793, 0.0 ], [ 37.6285951, 48.5604492, 0.0 ], [ 37.6279335, 48.5586575, 0.0 ], [ 37.6253446, 48.5548896, 0.0 ], [ 37.6245293, 48.5495206, 0.0 ], [ 37.6275762, 48.545316, 0.0 ], [ 37.6296151, 48.5406844, 0.0 ], [ 37.6290783, 48.5357689, 0.0 ], [ 37.6188643, 48.5347459, 0.0 ], [ 37.6168474, 48.5321315, 0.0 ], [ 37.6135858, 48.5268738, 0.0 ], [ 37.6120408, 48.5210186, 0.0 ], [ 37.6115259, 48.5124904, 0.0 ], [ 37.6116434, 48.5090025, 0.0 ], [ 37.6090595, 48.5027488, 0.0 ], [ 37.6055469, 48.5047692, 0.0 ], [ 37.6028861, 48.5001058, 0.0 ], [ 37.5959338, 48.4999921, 0.0 ], [ 37.5960196, 48.499011, 0.0 ], [ 37.5963935, 48.498012, 0.0 ], [ 37.595707, 48.4952534, 0.0 ], [ 37.5927887, 48.4948268, 0.0 ], [ 37.5895271, 48.4951112, 0.0 ], [ 37.5897417, 48.4885698, 0.0 ], [ 37.5905142, 48.487944, 0.0 ], [ 37.5884972, 48.4863227, 0.0 ], [ 37.5884972, 48.4835636, 0.0 ], [ 37.5893126, 48.4823688, 0.0 ], [ 37.5933895, 48.4816292, 0.0 ], [ 37.5968227, 48.4814585, 0.0 ], [ 37.5987539, 48.4821413, 0.0 ], [ 37.5995693, 48.4820275, 0.0 ], [ 37.6000414, 48.4800077, 0.0 ], [ 37.5899075, 48.4763085, 0.0 ], [ 37.5857876, 48.4705044, 0.0 ], [ 37.5528286, 48.470732, 0.0 ], [ 37.5462119, 48.4687804, 0.0 ], [ 37.544335, 48.4593068, 0.0 ], [ 37.5249919, 48.4555507, 0.0 ], [ 37.4991253, 48.4604421, 0.0 ], [ 37.4727414, 48.463963, 0.0 ], [ 37.4566537, 48.4690736, 0.0 ], [ 37.4377776, 48.4924875, 0.0 ], [ 37.444687, 48.5118591, 0.0 ], [ 37.4401381, 48.5123661, 0.0 ], [ 37.4398806, 48.5136738, 0.0 ], [ 37.4418547, 48.5169146, 0.0 ], [ 37.4350741, 48.5195867, 0.0 ], [ 37.4294093, 48.5228271, 0.0 ], [ 37.4211695, 48.5265789, 0.0 ], [ 37.4199939, 48.5272919, 0.0 ], [ 37.4234271, 48.5323506, 0.0 ], [ 37.4312377, 48.5385739, 0.0 ], [ 37.4327317, 48.5433584, 0.0 ], [ 37.4253502, 48.5441256, 0.0 ], [ 37.4270239, 48.5536426, 0.0 ], [ 37.4496499, 48.5517719, 0.0 ], [ 37.4486628, 48.5564589, 0.0 ], [ 37.4600354, 48.5585324, 0.0 ], [ 37.4573317, 48.5670528, 0.0 ], [ 37.4499932, 48.5669392, 0.0 ], [ 37.4449292, 48.5656044, 0.0 ], [ 37.431325, 48.5663712, 0.0 ], [ 37.4295655, 48.5662576, 0.0 ], [ 37.4253166, 48.5653733, 0.0 ], [ 37.4145714, 48.5658203, 0.0 ], [ 37.4124885, 48.5662667, 0.0 ], [ 37.4103427, 48.5671187, 0.0 ], [ 37.4087548, 48.5667779, 0.0 ], [ 37.4079823, 48.5648751, 0.0 ], [ 37.4064374, 48.5648751, 0.0 ], [ 37.4070811, 48.5666359, 0.0 ], [ 37.4004722, 48.5660963, 0.0 ], [ 37.3961377, 48.5639663, 0.0 ], [ 37.3860955, 48.5616374, 0.0 ], [ 37.3856664, 48.5651307, 0.0 ], [ 37.381804, 48.5666927, 0.0 ], [ 37.3756671, 48.5700721, 0.0 ], [ 37.3679423, 48.568283, 0.0 ], [ 37.3588443, 48.5671187, 0.0 ], [ 37.3441672, 48.5640799, 0.0 ], [ 37.3416352, 48.5610978, 0.0 ], [ 37.3401332, 48.556326, 0.0 ], [ 37.3380303, 48.5551329, 0.0 ], [ 37.339232, 48.5534286, 0.0 ], [ 37.3428369, 48.5496788, 0.0 ], [ 37.3496897, 48.5447416, 0.0 ], [ 37.3465139, 48.5432073, 0.0 ], [ 37.3413641, 48.5375814, 0.0 ], [ 37.3426516, 48.5336599, 0.0 ], [ 37.344454, 48.5258728, 0.0 ], [ 37.3464281, 48.5221778, 0.0 ], [ 37.3471137, 48.5099277, 0.0 ], [ 37.3467274, 48.5081934, 0.0 ], [ 37.3470278, 48.5056629, 0.0 ], [ 37.3473712, 48.5038147, 0.0 ], [ 37.3311077, 48.5030122, 0.0 ], [ 37.3178897, 48.5127928, 0.0 ], [ 37.3153148, 48.5133615, 0.0 ], [ 37.3159821, 48.5031572, 0.0 ], [ 37.3158269, 48.4964744, 0.0 ], [ 37.3156868, 48.4887951, 0.0 ], [ 37.3168446, 48.4835613, 0.0 ], [ 37.3247558, 48.4776402, 0.0 ], [ 37.3198708, 48.4742247, 0.0 ], [ 37.3165274, 48.4725168, 0.0 ], [ 37.3215067, 48.4694294, 0.0 ], [ 37.3221943, 48.4674801, 0.0 ], [ 37.3112101, 48.4706949, 0.0 ], [ 37.3093379, 48.4675617, 0.0 ], [ 37.3033459, 48.4700053, 0.0 ], [ 37.2960293, 48.4722672, 0.0 ], [ 37.2941852, 48.4714988, 0.0 ], [ 37.2842289, 48.4709298, 0.0 ], [ 37.2686077, 48.468312, 0.0 ], [ 37.2649178, 48.4664104, 0.0 ], [ 37.2493825, 48.4649876, 0.0 ], [ 37.2477517, 48.470394, 0.0 ], [ 37.2298131, 48.4694266, 0.0 ], [ 37.2277531, 48.4746049, 0.0 ], [ 37.2407135, 48.4759706, 0.0 ], [ 37.2395122, 48.4807219, 0.0 ], [ 37.2345337, 48.4813337, 0.0 ], [ 37.2201142, 48.4786448, 0.0 ], [ 37.2031197, 48.4779051, 0.0 ], [ 37.2097287, 48.4895678, 0.0 ], [ 37.2029481, 48.4919, 0.0 ], [ 37.1916184, 48.4925257, 0.0 ], [ 37.172564, 48.4897385, 0.0 ], [ 37.1552173, 48.4866303, 0.0 ], [ 37.1195105, 48.4887217, 0.0 ], [ 37.1183098, 48.4793552, 0.0 ], [ 37.1177954, 48.4745398, 0.0 ], [ 37.118055, 48.4644382, 0.0 ], [ 37.128, 48.464948, 0.0 ], [ 37.1292524, 48.4601686, 0.0 ], [ 37.1408039, 48.4601693, 0.0 ], [ 37.1424394, 48.4494691, 0.0 ], [ 37.1507681, 48.4487335, 0.0 ], [ 37.1536863, 48.4332745, 0.0 ], [ 37.1505929, 48.4321093, 0.0 ], [ 37.1496059, 48.4302584, 0.0 ], [ 37.148018, 48.428436, 0.0 ], [ 37.1461726, 48.4280942, 0.0 ], [ 37.1411086, 48.425218, 0.0 ], [ 37.140894, 48.4240504, 0.0 ], [ 37.1356584, 48.4245345, 0.0 ], [ 37.118621, 48.4237656, 0.0 ], [ 37.1109391, 48.4236801, 0.0 ], [ 37.10807, 48.421964, 0.0 ], [ 37.1050693, 48.4220815, 0.0 ], [ 37.1005203, 48.4218537, 0.0 ], [ 37.0974733, 48.4219107, 0.0 ], [ 37.0969583, 48.4233916, 0.0 ], [ 37.0937826, 48.4232207, 0.0 ], [ 37.090521, 48.4223948, 0.0 ], [ 37.0861008, 48.421455, 0.0 ], [ 37.0799209, 48.4200594, 0.0 ], [ 37.080908, 48.4173536, 0.0 ], [ 37.0812526, 48.4159331, 0.0 ], [ 37.0811882, 48.4149931, 0.0 ], [ 37.0824757, 48.4150216, 0.0 ], [ 37.0839134, 48.415691, 0.0 ], [ 37.0854154, 48.4156198, 0.0 ], [ 37.0848575, 48.4146656, 0.0 ], [ 37.0859518, 48.4146798, 0.0 ], [ 37.0869174, 48.4144519, 0.0 ], [ 37.0876685, 48.4139392, 0.0 ], [ 37.0885482, 48.4136401, 0.0 ], [ 37.0887199, 48.4123156, 0.0 ], [ 37.0890417, 48.4113043, 0.0 ], [ 37.0897498, 48.4111049, 0.0 ], [ 37.0938041, 48.4106739, 0.0 ], [ 37.0943405, 48.4078679, 0.0 ], [ 37.0953705, 48.4045062, 0.0 ], [ 37.0880007, 48.4019548, 0.0 ], [ 37.0849039, 48.4010043, 0.0 ], [ 37.0558932, 48.3971292, 0.0 ], [ 37.0530024, 48.4017243, 0.0 ], [ 37.0371821, 48.4043093, 0.0 ], [ 37.0411303, 48.3859583, 0.0 ], [ 37.0328905, 48.3843622, 0.0 ], [ 37.0373537, 48.3736446, 0.0 ], [ 37.0110895, 48.3711359, 0.0 ], [ 37.0098692, 48.3682909, 0.0 ], [ 37.0078093, 48.3656679, 0.0 ], [ 37.0057065, 48.3619897, 0.0 ], [ 37.0197398, 48.3589387, 0.0 ], [ 37.0201327, 48.3515304, 0.0 ], [ 37.0236606, 48.3483929, 0.0 ], [ 37.0089835, 48.3483359, 0.0 ], [ 37.0067519, 48.3478225, 0.0 ], [ 37.0137122, 48.3245452, 0.0 ], [ 36.987908, 48.322815, 0.0 ], [ 36.9870497, 48.3200755, 0.0 ], [ 36.9961477, 48.3200755, 0.0 ], [ 37.007649, 48.3184774, 0.0 ], [ 37.0151759, 48.3067462, 0.0 ], [ 37.0218735, 48.2821099, 0.0 ], [ 37.0187682, 48.2804665, 0.0 ], [ 37.0189949, 48.2710657, 0.0 ], [ 37.0028748, 48.2641297, 0.0 ], [ 36.9737781, 48.2602442, 0.0 ], [ 36.9439567, 48.2615223, 0.0 ], [ 36.926435, 48.2534206, 0.0 ], [ 36.9287284, 48.2412039, 0.0 ], [ 36.9309937, 48.2181593, 0.0 ], [ 36.9363445, 48.1947717, 0.0 ], [ 36.9278083, 48.1909756, 0.0 ], [ 36.9280384, 48.1888056, 0.0 ], [ 36.924228, 48.1732613, 0.0 ], [ 36.9281516, 48.1581213, 0.0 ], [ 36.8791813, 48.1557364, 0.0 ], [ 36.8830761, 48.132676, 0.0 ], [ 36.8917537, 48.0984473, 0.0 ], [ 36.894672, 48.0958104, 0.0 ], [ 36.8955303, 48.0772337, 0.0 ], [ 36.8795658, 48.0620922, 0.0 ], [ 36.8769908, 48.0521101, 0.0 ], [ 36.8582386, 48.0525678, 0.0 ], [ 36.8572086, 48.0328276, 0.0 ], [ 36.8318027, 48.0332867, 0.0 ], [ 36.7912906, 48.0507318, 0.0 ], [ 36.7686313, 48.0493548, 0.0 ], [ 36.7658848, 48.0316797, 0.0 ], [ 36.7559095, 48.0260704, 0.0 ], [ 36.7415934, 48.0233716, 0.0 ], [ 36.7199641, 48.0220513, 0.0 ], [ 36.7145205, 48.0151632, 0.0 ], [ 36.7157437, 48.0061171, 0.0 ], [ 36.7257921, 48.000341, 0.0 ], [ 36.7287192, 47.9865787, 0.0 ], [ 36.7220374, 47.9752152, 0.0 ], [ 36.7038966, 47.9701306, 0.0 ], [ 36.6665336, 47.9733168, 0.0 ], [ 36.6580601, 47.9675416, 0.0 ], [ 36.6583886, 47.9618911, 0.0 ], [ 36.6719054, 47.9463735, 0.0 ], [ 36.665982, 47.9244619, 0.0 ], [ 36.6385121, 47.9210151, 0.0 ], [ 36.6045231, 47.9188293, 0.0 ], [ 36.5859836, 47.9091646, 0.0 ], [ 36.5422766, 47.90428, 0.0 ], [ 36.5477705, 47.8871309, 0.0 ], [ 36.5516514, 47.8815414, 0.0 ], [ 36.5791172, 47.8820019, 0.0 ], [ 36.5907095, 47.8569492, 0.0 ], [ 36.5917173, 47.848567, 0.0 ], [ 36.6030461, 47.8480127, 0.0 ], [ 36.5899999, 47.7806912, 0.0 ], [ 36.6655309, 47.7917637, 0.0 ], [ 36.7026097, 47.7262168, 0.0 ], [ 36.7163426, 47.676309, 0.0 ], [ 36.7877538, 47.6809321, 0.0 ], [ 36.7726476, 47.6652119, 0.0 ], [ 36.7294119, 47.6455062, 0.0 ], [ 36.7740209, 47.6013576, 0.0 ], [ 36.8248326, 47.6272789, 0.0 ], [ 36.8962438, 47.5513303, 0.0 ], [ 36.9346959, 47.5698645, 0.0 ], [ 36.9580419, 47.553184, 0.0 ], [ 36.9772679, 47.5605982, 0.0 ], [ 37.0006139, 47.5374253, 0.0 ], [ 37.0253331, 47.553184, 0.0 ], [ 37.0885045, 47.4947604, 0.0 ], [ 37.1324498, 47.4604178, 0.0 ], [ 37.1599156, 47.4594894, 0.0 ], [ 37.1736485, 47.4836248, 0.0 ], [ 37.2478063, 47.4511322, 0.0 ], [ 37.1942479, 47.3860869, 0.0 ], [ 37.2183035, 47.3523221, 0.0 ], [ 37.1461827, 47.3442296, 0.0 ], [ 37.1461827, 47.3814377, 0.0 ], [ 37.1221731, 47.3746467, 0.0 ], [ 37.1214635, 47.3386461, 0.0 ], [ 37.0788915, 47.3107198, 0.0 ], [ 37.0397757, 47.3020572, 0.0 ], [ 37.0308263, 47.3107198, 0.0 ], [ 36.9381521, 47.3188175, 0.0 ], [ 36.9546316, 47.205116, 0.0 ], [ 36.8612478, 47.193919, 0.0 ], [ 36.8887137, 47.1677836, 0.0 ], [ 36.9491385, 47.1472396, 0.0 ], [ 37.0013235, 47.1061278, 0.0 ], [ 36.9958304, 47.0874302, 0.0 ], [ 37.050762, 47.0462721, 0.0 ], [ 37.0892142, 47.0593713, 0.0 ], [ 37.1194266, 47.0350417, 0.0 ], [ 37.0892142, 47.010701, 0.0 ], [ 37.1468924, 46.9769801, 0.0 ], [ 37.017803, 46.9301103, 0.0 ], [ 37.0590017, 46.8869539, 0.0 ], [ 37.0394832, 46.868731, 0.0 ] ] ] } },
{ "type": "Feature", "properties": { "Name": "", "description": "<br><br>описание: 10.10.2023<br>name: ", "tessellate": 1, "extrude": 0, "visibility": -1, "________________": "10.10.2023" }, "geometry": { "type": "GeometryCollection", "geometries": [ { "type": "LineString", "coordinates": [ [ 35.334532, 47.5365, 0.0 ], [ 35.3356, 47.53655, 0.0 ], [ 35.34029, 47.53689, 0.0 ], [ 35.34416, 47.53729, 0.0 ], [ 35.34742, 47.53772, 0.0 ], [ 35.35031, 47.53813, 0.0 ], [ 35.35302, 47.53847, 0.0 ], [ 35.3558, 47.5387, 0.0 ], [ 35.35885, 47.53878, 0.0 ], [ 35.36239, 47.53865, 0.0 ], [ 35.36665, 47.53828, 0.0 ], [ 35.36736, 47.53807, 0.0 ], [ 35.36776, 47.53767, 0.0 ], [ 35.36795, 47.53712, 0.0 ], [ 35.368, 47.53645, 0.0 ], [ 35.36799, 47.53572, 0.0 ], [ 35.36801, 47.53496, 0.0 ], [ 35.36814, 47.53421, 0.0 ], [ 35.36846, 47.53351, 0.0 ], [ 35.36906, 47.53291, 0.0 ], [ 35.37114, 47.53138, 0.0 ], [ 35.37291, 47.53, 0.0 ], [ 35.37447, 47.52877, 0.0 ], [ 35.37591, 47.52771, 0.0 ], [ 35.37734, 47.52684, 0.0 ], [ 35.37885, 47.52616, 0.0 ], [ 35.38054, 47.5257, 0.0 ], [ 35.3825, 47.52547, 0.0 ], [ 35.38484, 47.52548, 0.0 ], [ 35.38715, 47.52594, 0.0 ], [ 35.38903, 47.52694, 0.0 ], [ 35.39059, 47.52831, 0.0 ], [ 35.39195, 47.52986, 0.0 ], [ 35.39323, 47.53144, 0.0 ], [ 35.39454, 47.53287, 0.0 ], [ 35.39599, 47.53398, 0.0 ], [ 35.39771, 47.53459, 0.0 ], [ 35.3998, 47.53453, 0.0 ], [ 35.40258, 47.53382, 0.0 ], [ 35.40487, 47.53287, 0.0 ], [ 35.40678, 47.53169, 0.0 ], [ 35.40844, 47.53026, 0.0 ], [ 35.40996, 47.52857, 0.0 ], [ 35.41148, 47.52663, 0.0 ], [ 35.41311, 47.52443, 0.0 ], [ 35.41497, 47.52197, 0.0 ], [ 35.41719, 47.51923, 0.0 ], [ 35.41808, 47.51795, 0.0 ], [ 35.41861, 47.51669, 0.0 ], [ 35.4189, 47.51548, 0.0 ], [ 35.41903, 47.51431, 0.0 ], [ 35.41911, 47.5132, 0.0 ], [ 35.41925, 47.51216, 0.0 ], [ 35.41955, 47.51119, 0.0 ], [ 35.4201, 47.5103, 0.0 ], [ 35.42101, 47.50951, 0.0 ], [ 35.4219, 47.50909, 0.0 ], [ 35.42274, 47.509, 0.0 ], [ 35.42356, 47.50916, 0.0 ], [ 35.42437, 47.5095, 0.0 ], [ 35.42522, 47.50994, 0.0 ], [ 35.42613, 47.51039, 0.0 ], [ 35.42713, 47.51079, 0.0 ], [ 35.42825, 47.51105, 0.0 ], [ 35.42952, 47.51109, 0.0 ], [ 35.43014, 47.51101, 0.0 ], [ 35.43063, 47.51086, 0.0 ], [ 35.43102, 47.51065, 0.0 ], [ 35.43134, 47.5104, 0.0 ], [ 35.43164, 47.5101, 0.0 ], [ 35.43196, 47.50978, 0.0 ], [ 35.43232, 47.50942, 0.0 ], [ 35.43277, 47.50906, 0.0 ], [ 35.43335, 47.50868, 0.0 ], [ 35.43472, 47.50783, 0.0 ], [ 35.43581, 47.50706, 0.0 ], [ 35.4367, 47.50638, 0.0 ], [ 35.43748, 47.50576, 0.0 ], [ 35.43823, 47.5052, 0.0 ], [ 35.43904, 47.5047, 0.0 ], [ 35.44, 47.50425, 0.0 ], [ 35.44119, 47.50384, 0.0 ], [ 35.4427, 47.50346, 0.0 ], [ 35.44533, 47.50295, 0.0 ], [ 35.44748, 47.50262, 0.0 ], [ 35.4493, 47.50245, 0.0 ], [ 35.45092, 47.5024, 0.0 ], [ 35.45249, 47.50244, 0.0 ], [ 35.45414, 47.50253, 0.0 ], [ 35.45602, 47.50264, 0.0 ], [ 35.45826, 47.50274, 0.0 ], [ 35.46101, 47.50279, 0.0 ], [ 35.46194, 47.50277, 0.0 ], [ 35.46272, 47.50271, 0.0 ], [ 35.46338, 47.50264, 0.0 ], [ 35.46397, 47.50259, 0.0 ], [ 35.46452, 47.50259, 0.0 ], [ 35.46506, 47.50266, 0.0 ], [ 35.46565, 47.50283, 0.0 ], [ 35.46631, 47.50313, 0.0 ], [ 35.46709, 47.50358, 0.0 ], [ 35.47128, 47.50658, 0.0 ], [ 35.47451, 47.50944, 0.0 ], [ 35.47705, 47.51217, 0.0 ], [ 35.47921, 47.51472, 0.0 ], [ 35.4813, 47.51709, 0.0 ], [ 35.4836, 47.51926, 0.0 ], [ 35.48641, 47.52121, 0.0 ], [ 35.49004, 47.52291, 0.0 ], [ 35.49478, 47.52435, 0.0 ], [ 35.50507, 47.52666, 0.0 ], [ 35.51368, 47.52822, 0.0 ], [ 35.52107, 47.52914, 0.0 ], [ 35.52774, 47.52954, 0.0 ], [ 35.53417, 47.52953, 0.0 ], [ 35.54086, 47.52924, 0.0 ], [ 35.54828, 47.52877, 0.0 ], [ 35.55691, 47.52825, 0.0 ], [ 35.56726, 47.52779, 0.0 ], [ 35.56804, 47.52766, 0.0 ], [ 35.56851, 47.52734, 0.0 ], [ 35.56873, 47.52686, 0.0 ], [ 35.56878, 47.52624, 0.0 ], [ 35.56871, 47.5255, 0.0 ], [ 35.56861, 47.52467, 0.0 ], [ 35.56852, 47.52376, 0.0 ], [ 35.56853, 47.52281, 0.0 ], [ 35.5687, 47.52183, 0.0 ], [ 35.56879, 47.52137, 0.0 ], [ 35.56883, 47.52094, 0.0 ], [ 35.56882, 47.52055, 0.0 ], [ 35.56882, 47.52019, 0.0 ], [ 35.56884, 47.51987, 0.0 ], [ 35.5689, 47.51959, 0.0 ], [ 35.56904, 47.51935, 0.0 ], [ 35.56929, 47.51915, 0.0 ], [ 35.56967, 47.51899, 0.0 ], [ 35.57304, 47.51802, 0.0 ], [ 35.57584, 47.51737, 0.0 ], [ 35.57824, 47.51695, 0.0 ], [ 35.58041, 47.51666, 0.0 ], [ 35.58251, 47.51642, 0.0 ], [ 35.58473, 47.51613, 0.0 ], [ 35.58721, 47.51569, 0.0 ], [ 35.59014, 47.51503, 0.0 ], [ 35.59367, 47.51404, 0.0 ], [ 35.59794, 47.51264, 0.0 ], [ 35.60136, 47.51132, 0.0 ], [ 35.60417, 47.51007, 0.0 ], [ 35.60661, 47.50887, 0.0 ], [ 35.60892, 47.50772, 0.0 ], [ 35.61134, 47.50659, 0.0 ], [ 35.61412, 47.50547, 0.0 ], [ 35.61748, 47.50436, 0.0 ], [ 35.62167, 47.50323, 0.0 ], [ 35.621861, 47.503199, 0.0 ] ] }, { "type": "LineString", "coordinates": [ [ 35.783242, 47.481932, 0.0 ], [ 35.78446, 47.48006, 0.0 ], [ 35.78761, 47.47555, 0.0 ], [ 35.79166, 47.47057, 0.0 ], [ 35.79703, 47.46506, 0.0 ], [ 35.79837, 47.46388, 0.0 ], [ 35.79953, 47.46301, 0.0 ], [ 35.80055, 47.46236, 0.0 ], [ 35.80149, 47.46183, 0.0 ], [ 35.80239, 47.46135, 0.0 ], [ 35.80332, 47.46082, 0.0 ], [ 35.80431, 47.46015, 0.0 ], [ 35.80543, 47.45925, 0.0 ], [ 35.80672, 47.45804, 0.0 ], [ 35.80829, 47.45642, 0.0 ], [ 35.80952, 47.45508, 0.0 ], [ 35.81049, 47.45391, 0.0 ], [ 35.81131, 47.45285, 0.0 ], [ 35.81204, 47.4518, 0.0 ], [ 35.81279, 47.45067, 0.0 ], [ 35.81364, 47.44938, 0.0 ], [ 35.81468, 47.44785, 0.0 ], [ 35.81599, 47.44599, 0.0 ], [ 35.81748, 47.44374, 0.0 ], [ 35.81859, 47.44174, 0.0 ], [ 35.81944, 47.43996, 0.0 ], [ 35.82015, 47.43834, 0.0 ], [ 35.82084, 47.43685, 0.0 ], [ 35.82165, 47.43545, 0.0 ], [ 35.82268, 47.4341, 0.0 ], [ 35.82407, 47.43275, 0.0 ], [ 35.82593, 47.43137, 0.0 ], [ 35.82715, 47.43073, 0.0 ], [ 35.82825, 47.43046, 0.0 ], [ 35.82927, 47.4305, 0.0 ], [ 35.83026, 47.43074, 0.0 ], [ 35.83128, 47.43113, 0.0 ], [ 35.83238, 47.43156, 0.0 ], [ 35.83361, 47.43196, 0.0 ], [ 35.83502, 47.43224, 0.0 ], [ 35.83666, 47.43233, 0.0 ], [ 35.83763, 47.43234, 0.0 ], [ 35.83852, 47.4324, 0.0 ], [ 35.83933, 47.43247, 0.0 ], [ 35.84006, 47.43251, 0.0 ], [ 35.84072, 47.43249, 0.0 ], [ 35.84131, 47.43236, 0.0 ], [ 35.84182, 47.43209, 0.0 ], [ 35.84226, 47.43165, 0.0 ], [ 35.84263, 47.431, 0.0 ], [ 35.8431, 47.42923, 0.0 ], [ 35.84311, 47.42742, 0.0 ], [ 35.84281, 47.42562, 0.0 ], [ 35.84235, 47.42386, 0.0 ], [ 35.8419, 47.42219, 0.0 ], [ 35.8416, 47.42066, 0.0 ], [ 35.84161, 47.4193, 0.0 ], [ 35.84209, 47.41817, 0.0 ], [ 35.84318, 47.41731, 0.0 ], [ 35.8455, 47.41643, 0.0 ], [ 35.84766, 47.4161, 0.0 ], [ 35.84977, 47.41619, 0.0 ], [ 35.8519, 47.41661, 0.0 ], [ 35.85413, 47.41724, 0.0 ], [ 35.85656, 47.41796, 0.0 ], [ 35.85927, 47.41867, 0.0 ], [ 35.86235, 47.41925, 0.0 ], [ 35.86588, 47.4196, 0.0 ], [ 35.86739, 47.41971, 0.0 ], [ 35.86865, 47.41984, 0.0 ], [ 35.86972, 47.41998, 0.0 ], [ 35.87067, 47.42008, 0.0 ], [ 35.87156, 47.42011, 0.0 ], [ 35.87246, 47.42005, 0.0 ], [ 35.87343, 47.41986, 0.0 ], [ 35.87453, 47.4195, 0.0 ], [ 35.87583, 47.41896, 0.0 ], [ 35.87721, 47.4182, 0.0 ], [ 35.87824, 47.41736, 0.0 ], [ 35.87904, 47.41648, 0.0 ], [ 35.87968, 47.41557, 0.0 ], [ 35.88026, 47.41465, 0.0 ], [ 35.88087, 47.41376, 0.0 ], [ 35.88162, 47.4129, 0.0 ], [ 35.88259, 47.4121, 0.0 ], [ 35.88388, 47.41138, 0.0 ], [ 35.88456, 47.41112, 0.0 ], [ 35.88517, 47.411, 0.0 ], [ 35.88572, 47.411, 0.0 ], [ 35.88625, 47.41111, 0.0 ], [ 35.88676, 47.41132, 0.0 ], [ 35.88727, 47.41163, 0.0 ], [ 35.8878, 47.41201, 0.0 ], [ 35.88837, 47.41248, 0.0 ], [ 35.889, 47.413, 0.0 ], [ 35.8902, 47.4141, 0.0 ], [ 35.89108, 47.4151, 0.0 ], [ 35.89174, 47.41602, 0.0 ], [ 35.89227, 47.41691, 0.0 ], [ 35.89276, 47.41778, 0.0 ], [ 35.89331, 47.41866, 0.0 ], [ 35.894, 47.41957, 0.0 ], [ 35.89492, 47.42056, 0.0 ], [ 35.89617, 47.42163, 0.0 ], [ 35.89777, 47.42295, 0.0 ], [ 35.89912, 47.42417, 0.0 ], [ 35.9003, 47.42525, 0.0 ], [ 35.90138, 47.42619, 0.0 ], [ 35.90245, 47.42696, 0.0 ], [ 35.90358, 47.42755, 0.0 ], [ 35.90487, 47.42793, 0.0 ], [ 35.90638, 47.42809, 0.0 ], [ 35.9082, 47.42801, 0.0 ], [ 35.91082, 47.42751, 0.0 ], [ 35.91295, 47.42667, 0.0 ], [ 35.91472, 47.42559, 0.0 ], [ 35.91627, 47.42434, 0.0 ], [ 35.91775, 47.42301, 0.0 ], [ 35.91929, 47.42168, 0.0 ], [ 35.92103, 47.42043, 0.0 ], [ 35.92312, 47.41936, 0.0 ], [ 35.92569, 47.41854, 0.0 ], [ 35.92659, 47.41843, 0.0 ], [ 35.9273, 47.41855, 0.0 ], [ 35.92788, 47.41886, 0.0 ], [ 35.92837, 47.41933, 0.0 ], [ 35.92883, 47.4199, 0.0 ], [ 35.92932, 47.42056, 0.0 ], [ 35.92988, 47.42126, 0.0 ], [ 35.93058, 47.42196, 0.0 ], [ 35.93146, 47.42262, 0.0 ], [ 35.93319, 47.42371, 0.0 ], [ 35.9346, 47.42457, 0.0 ], [ 35.93577, 47.42527, 0.0 ], [ 35.93681, 47.42588, 0.0 ], [ 35.9378, 47.42645, 0.0 ], [ 35.93884, 47.42705, 0.0 ], [ 35.94002, 47.42774, 0.0 ], [ 35.94143, 47.4286, 0.0 ], [ 35.94317, 47.42968, 0.0 ], [ 35.94455, 47.4305, 0.0 ], [ 35.94574, 47.43112, 0.0 ], [ 35.94677, 47.43162, 0.0 ], [ 35.94768, 47.43205, 0.0 ], [ 35.94852, 47.43248, 0.0 ], [ 35.94933, 47.43298, 0.0 ], [ 35.95015, 47.43361, 0.0 ], [ 35.95103, 47.43445, 0.0 ], [ 35.952, 47.43555, 0.0 ], [ 35.95249, 47.43623, 0.0 ], [ 35.95281, 47.43685, 0.0 ], [ 35.95299, 47.43742, 0.0 ], [ 35.95306, 47.43799, 0.0 ], [ 35.95305, 47.43857, 0.0 ], [ 35.953, 47.43919, 0.0 ], [ 35.95294, 47.43988, 0.0 ], [ 35.95289, 47.44065, 0.0 ], [ 35.9529, 47.44155, 0.0 ], [ 35.9529, 47.44167, 0.0 ], [ 35.95287, 47.44176, 0.0 ], [ 35.95284, 47.44183, 0.0 ], [ 35.95278, 47.44189, 0.0 ], [ 35.95271, 47.44194, 0.0 ], [ 35.95263, 47.44198, 0.0 ], [ 35.95253, 47.44202, 0.0 ], [ 35.95242, 47.44207, 0.0 ], [ 35.9523, 47.44212, 0.0 ], [ 35.9496, 47.44336, 0.0 ], [ 35.94733, 47.4443, 0.0 ], [ 35.94539, 47.44505, 0.0 ], [ 35.94366, 47.44568, 0.0 ], [ 35.94204, 47.4463, 0.0 ], [ 35.94042, 47.44699, 0.0 ], [ 35.93868, 47.44783, 0.0 ], [ 35.93672, 47.44893, 0.0 ], [ 35.93443, 47.45037, 0.0 ], [ 35.93413, 47.45064, 0.0 ], [ 35.93401, 47.45091, 0.0 ], [ 35.93403, 47.4512, 0.0 ], [ 35.93415, 47.4515, 0.0 ], [ 35.93434, 47.45183, 0.0 ], [ 35.93454, 47.4522, 0.0 ], [ 35.93473, 47.4526, 0.0 ], [ 35.93487, 47.45305, 0.0 ], [ 35.9349, 47.45356, 0.0 ], [ 35.9346, 47.45712, 0.0 ], [ 35.93416, 47.46004, 0.0 ], [ 35.93365, 47.4625, 0.0 ], [ 35.93314, 47.46467, 0.0 ], [ 35.9327, 47.46671, 0.0 ], [ 35.9324, 47.46882, 0.0 ], [ 35.9323, 47.47116, 0.0 ], [ 35.93249, 47.4739, 0.0 ], [ 35.93302, 47.47722, 0.0 ], [ 35.93355, 47.47954, 0.0 ], [ 35.93413, 47.48143, 0.0 ], [ 35.93479, 47.48299, 0.0 ], [ 35.93557, 47.48432, 0.0 ], [ 35.9365, 47.48551, 0.0 ], [ 35.93761, 47.48668, 0.0 ], [ 35.93894, 47.48792, 0.0 ], [ 35.9405, 47.48933, 0.0 ], [ 35.94234, 47.49102, 0.0 ], [ 35.94468, 47.49307, 0.0 ], [ 35.94671, 47.49459, 0.0 ], [ 35.94851, 47.49572, 0.0 ], [ 35.95018, 47.49661, 0.0 ], [ 35.95184, 47.4974, 0.0 ], [ 35.95356, 47.49825, 0.0 ], [ 35.95546, 47.4993, 0.0 ], [ 35.95763, 47.50069, 0.0 ], [ 35.96016, 47.50258, 0.0 ], [ 35.96154, 47.50379, 0.0 ], [ 35.96255, 47.50491, 0.0 ], [ 35.96331, 47.50595, 0.0 ], [ 35.96391, 47.50694, 0.0 ], [ 35.96448, 47.50789, 0.0 ], [ 35.9651, 47.50883, 0.0 ], [ 35.96589, 47.50976, 0.0 ], [ 35.96696, 47.51072, 0.0 ], [ 35.96841, 47.51172, 0.0 ], [ 35.96986, 47.51259, 0.0 ], [ 35.9711, 47.51326, 0.0 ], [ 35.97219, 47.51376, 0.0 ], [ 35.9732, 47.51412, 0.0 ], [ 35.97422, 47.51436, 0.0 ], [ 35.97531, 47.51449, 0.0 ], [ 35.97654, 47.51456, 0.0 ], [ 35.97799, 47.51457, 0.0 ], [ 35.97974, 47.51456, 0.0 ], [ 35.98341, 47.51438, 0.0 ], [ 35.98639, 47.51398, 0.0 ], [ 35.98887, 47.51342, 0.0 ], [ 35.99105, 47.5128, 0.0 ], [ 35.99313, 47.51218, 0.0 ], [ 35.99531, 47.51166, 0.0 ], [ 35.99779, 47.5113, 0.0 ], [ 36.00077, 47.51119, 0.0 ], [ 36.00444, 47.51141, 0.0 ], [ 36.0139, 47.51215, 0.0 ], [ 36.02184, 47.51246, 0.0 ], [ 36.02865, 47.5126, 0.0 ], [ 36.03469, 47.51279, 0.0 ], [ 36.04033, 47.51329, 0.0 ], [ 36.04593, 47.51434, 0.0 ], [ 36.05188, 47.51618, 0.0 ], [ 36.05854, 47.51905, 0.0 ], [ 36.06628, 47.5232, 0.0 ], [ 36.07176, 47.52694, 0.0 ], [ 36.07566, 47.53074, 0.0 ], [ 36.07839, 47.53465, 0.0 ], [ 36.08036, 47.53872, 0.0 ], [ 36.08198, 47.54299, 0.0 ], [ 36.08368, 47.5475, 0.0 ], [ 36.08586, 47.55229, 0.0 ], [ 36.08894, 47.55742, 0.0 ], [ 36.09334, 47.56292, 0.0 ], [ 36.09471, 47.56428, 0.0 ], [ 36.09595, 47.56523, 0.0 ], [ 36.09713, 47.56584, 0.0 ], [ 36.0983, 47.56619, 0.0 ], [ 36.09952, 47.56638, 0.0 ], [ 36.10086, 47.56647, 0.0 ], [ 36.10237, 47.56655, 0.0 ], [ 36.10411, 47.56669, 0.0 ], [ 36.10614, 47.56698, 0.0 ], [ 36.11181, 47.56799, 0.0 ], [ 36.1164, 47.5688, 0.0 ], [ 36.12022, 47.56944, 0.0 ], [ 36.12358, 47.56996, 0.0 ], [ 36.12679, 47.57039, 0.0 ], [ 36.13017, 47.57077, 0.0 ], [ 36.13403, 47.57114, 0.0 ], [ 36.13868, 47.57154, 0.0 ], [ 36.14444, 47.57201, 0.0 ], [ 36.15871, 47.57289, 0.0 ], [ 36.17043, 47.57314, 0.0 ], [ 36.1803, 47.57302, 0.0 ], [ 36.189, 47.57276, 0.0 ], [ 36.19724, 47.57259, 0.0 ], [ 36.20569, 47.57276, 0.0 ], [ 36.21505, 47.5735, 0.0 ], [ 36.22601, 47.57506, 0.0 ], [ 36.23926, 47.57766, 0.0 ], [ 36.24233, 47.57872, 0.0 ], [ 36.24446, 47.58025, 0.0 ], [ 36.2459, 47.58216, 0.0 ], [ 36.2469, 47.58434, 0.0 ], [ 36.2477, 47.5867, 0.0 ], [ 36.24856, 47.58915, 0.0 ], [ 36.24973, 47.59158, 0.0 ], [ 36.25145, 47.59391, 0.0 ], [ 36.25397, 47.59604, 0.0 ], [ 36.25568, 47.59702, 0.0 ], [ 36.25717, 47.59759, 0.0 ], [ 36.25854, 47.59783, 0.0 ], [ 36.25986, 47.59782, 0.0 ], [ 36.26119, 47.59765, 0.0 ], [ 36.26263, 47.59739, 0.0 ], [ 36.26424, 47.59713, 0.0 ], [ 36.26611, 47.59695, 0.0 ], [ 36.26831, 47.59693, 0.0 ], [ 36.26867, 47.59692, 0.0 ], [ 36.26896, 47.59687, 0.0 ], [ 36.2692, 47.59679, 0.0 ], [ 36.26942, 47.5967, 0.0 ], [ 36.26962, 47.59662, 0.0 ], [ 36.26983, 47.59656, 0.0 ], [ 36.27006, 47.59654, 0.0 ], [ 36.27034, 47.59658, 0.0 ], [ 36.27067, 47.59668, 0.0 ], [ 36.28127, 47.60086, 0.0 ], [ 36.28979, 47.60435, 0.0 ], [ 36.29685, 47.60733, 0.0 ], [ 36.30302, 47.61001, 0.0 ], [ 36.30891, 47.61256, 0.0 ], [ 36.31511, 47.61517, 0.0 ], [ 36.32221, 47.61804, 0.0 ], [ 36.3308, 47.62136, 0.0 ], [ 36.34148, 47.62531, 0.0 ], [ 36.34352, 47.626, 0.0 ], [ 36.3452, 47.62645, 0.0 ], [ 36.34661, 47.62673, 0.0 ], [ 36.34788, 47.62688, 0.0 ], [ 36.34911, 47.62696, 0.0 ], [ 36.35041, 47.62702, 0.0 ], [ 36.35188, 47.62711, 0.0 ], [ 36.35363, 47.62728, 0.0 ], [ 36.35578, 47.62759, 0.0 ], [ 36.37565, 47.63081, 0.0 ], [ 36.39173, 47.63324, 0.0 ], [ 36.4051, 47.63514, 0.0 ], [ 36.41683, 47.63678, 0.0 ], [ 36.428, 47.6384, 0.0 ], [ 36.43967, 47.64026, 0.0 ], [ 36.45293, 47.64261, 0.0 ], [ 36.46885, 47.64573, 0.0 ], [ 36.4885, 47.64985, 0.0 ], [ 36.49766, 47.65166, 0.0 ], [ 36.50554, 47.65298, 0.0 ], [ 36.51239, 47.65406, 0.0 ], [ 36.51848, 47.65513, 0.0 ], [ 36.52405, 47.65643, 0.0 ], [ 36.52937, 47.65819, 0.0 ], [ 36.53469, 47.66066, 0.0 ], [ 36.54027, 47.66407, 0.0 ], [ 36.54638, 47.66866, 0.0 ], [ 36.54825, 47.67113, 0.0 ], [ 36.54852, 47.67387, 0.0 ], [ 36.54765, 47.67683, 0.0 ], [ 36.54609, 47.67993, 0.0 ], [ 36.54432, 47.68311, 0.0 ], [ 36.54278, 47.6863, 0.0 ], [ 36.54193, 47.68943, 0.0 ], [ 36.54225, 47.69243, 0.0 ], [ 36.54418, 47.69525, 0.0 ], [ 36.55309, 47.70328, 0.0 ], [ 36.56089, 47.70969, 0.0 ], [ 36.56803, 47.71484, 0.0 ], [ 36.57494, 47.71907, 0.0 ], [ 36.58205, 47.72273, 0.0 ], [ 36.58982, 47.72616, 0.0 ], [ 36.59868, 47.72971, 0.0 ], [ 36.60906, 47.73372, 0.0 ], [ 36.6214, 47.73855, 0.0 ], [ 36.62763, 47.74089, 0.0 ], [ 36.63283, 47.74256, 0.0 ], [ 36.6373, 47.74364, 0.0 ], [ 36.64135, 47.74424, 0.0 ], [ 36.6453, 47.74447, 0.0 ], [ 36.64943, 47.74443, 0.0 ], [ 36.65408, 47.74421, 0.0 ], [ 36.65953, 47.74392, 0.0 ], [ 36.6661, 47.74366, 0.0 ], [ 36.66803, 47.74332, 0.0 ], [ 36.66953, 47.74254, 0.0 ], [ 36.67072, 47.74145, 0.0 ], [ 36.67172, 47.74021, 0.0 ], [ 36.67265, 47.73897, 0.0 ], [ 36.6736, 47.73787, 0.0 ], [ 36.67471, 47.73706, 0.0 ], [ 36.67609, 47.73669, 0.0 ], [ 36.67785, 47.73691, 0.0 ], [ 36.68394, 47.73902, 0.0 ], [ 36.68879, 47.74143, 0.0 ], [ 36.69278, 47.74404, 0.0 ], [ 36.69627, 47.74676, 0.0 ], [ 36.69962, 47.74948, 0.0 ], [ 36.70321, 47.75213, 0.0 ], [ 36.70738, 47.75459, 0.0 ], [ 36.71251, 47.75678, 0.0 ], [ 36.71896, 47.7586, 0.0 ], [ 36.72431, 47.75958, 0.0 ], [ 36.72872, 47.75997, 0.0 ], [ 36.73247, 47.75986, 0.0 ], [ 36.73583, 47.75935, 0.0 ], [ 36.7391, 47.75855, 0.0 ], [ 36.74254, 47.75756, 0.0 ], [ 36.74644, 47.75646, 0.0 ], [ 36.75109, 47.75536, 0.0 ], [ 36.75675, 47.75436, 0.0 ], [ 36.76294, 47.75353, 0.0 ], [ 36.768, 47.75297, 0.0 ], [ 36.77224, 47.75258, 0.0 ], [ 36.77596, 47.75222, 0.0 ], [ 36.77948, 47.7518, 0.0 ], [ 36.78311, 47.75118, 0.0 ], [ 36.78716, 47.75027, 0.0 ], [ 36.79194, 47.74893, 0.0 ], [ 36.79776, 47.74706, 0.0 ], [ 36.80102, 47.74574, 0.0 ], [ 36.80354, 47.74429, 0.0 ], [ 36.80553, 47.74275, 0.0 ], [ 36.80719, 47.74116, 0.0 ], [ 36.80872, 47.73957, 0.0 ], [ 36.81032, 47.73799, 0.0 ], [ 36.8122, 47.73649, 0.0 ], [ 36.81456, 47.73508, 0.0 ], [ 36.8176, 47.73382, 0.0 ], [ 36.81894, 47.73355, 0.0 ], [ 36.82005, 47.73366, 0.0 ], [ 36.82101, 47.73406, 0.0 ], [ 36.82188, 47.73466, 0.0 ], [ 36.82273, 47.73534, 0.0 ], [ 36.82363, 47.73601, 0.0 ], [ 36.82464, 47.73658, 0.0 ], [ 36.82582, 47.73693, 0.0 ], [ 36.82725, 47.73697, 0.0 ], [ 36.82899, 47.7366, 0.0 ], [ 36.83042, 47.73591, 0.0 ], [ 36.83163, 47.73503, 0.0 ], [ 36.83269, 47.73406, 0.0 ], [ 36.83368, 47.73311, 0.0 ], [ 36.83468, 47.73231, 0.0 ], [ 36.83577, 47.73176, 0.0 ], [ 36.83703, 47.73158, 0.0 ], [ 36.83854, 47.73188, 0.0 ], [ 36.84109, 47.73302, 0.0 ], [ 36.84303, 47.73437, 0.0 ], [ 36.84455, 47.73589, 0.0 ], [ 36.84581, 47.73755, 0.0 ], [ 36.84701, 47.73931, 0.0 ], [ 36.84831, 47.74112, 0.0 ], [ 36.84991, 47.74296, 0.0 ], [ 36.85197, 47.74477, 0.0 ], [ 36.85467, 47.74652, 0.0 ], [ 36.85738, 47.74783, 0.0 ], [ 36.8597, 47.74863, 0.0 ], [ 36.86176, 47.74905, 0.0 ], [ 36.86366, 47.74925, 0.0 ], [ 36.86551, 47.74936, 0.0 ], [ 36.86743, 47.74953, 0.0 ], [ 36.86952, 47.7499, 0.0 ], [ 36.87189, 47.75063, 0.0 ], [ 36.87466, 47.75185, 0.0 ], [ 36.87698, 47.75334, 0.0 ], [ 36.87873, 47.75504, 0.0 ], [ 36.88006, 47.75685, 0.0 ], [ 36.88116, 47.75865, 0.0 ], [ 36.88216, 47.76034, 0.0 ], [ 36.88326, 47.7618, 0.0 ], [ 36.8846, 47.76291, 0.0 ], [ 36.88634, 47.76358, 0.0 ], [ 36.88867, 47.76369, 0.0 ], [ 36.89403, 47.76282, 0.0 ], [ 36.89841, 47.76126, 0.0 ], [ 36.9021, 47.75923, 0.0 ], [ 36.9054, 47.7569, 0.0 ], [ 36.90861, 47.75448, 0.0 ], [ 36.91201, 47.75216, 0.0 ], [ 36.91591, 47.75015, 0.0 ], [ 36.92059, 47.74862, 0.0 ], [ 36.92635, 47.74779, 0.0 ], [ 36.93174, 47.74789, 0.0 ], [ 36.93612, 47.74881, 0.0 ], [ 36.93978, 47.75033, 0.0 ], [ 36.943, 47.75221, 0.0 ], [ 36.9461, 47.75422, 0.0 ], [ 36.94936, 47.75611, 0.0 ], [ 36.95308, 47.75766, 0.0 ], [ 36.95756, 47.75863, 0.0 ], [ 36.96309, 47.75879, 0.0 ], [ 36.97208, 47.75808, 0.0 ], [ 36.97935, 47.75703, 0.0 ], [ 36.98538, 47.75567, 0.0 ], [ 36.99067, 47.75403, 0.0 ], [ 36.99573, 47.75214, 0.0 ], [ 37.00103, 47.75002, 0.0 ], [ 37.00708, 47.74771, 0.0 ], [ 37.01437, 47.74524, 0.0 ], [ 37.02339, 47.74262, 0.0 ], [ 37.02357, 47.74258, 0.0 ], [ 37.02373, 47.74257, 0.0 ], [ 37.02386, 47.74257, 0.0 ], [ 37.02398, 47.74258, 0.0 ], [ 37.02409, 47.74259, 0.0 ], [ 37.02421, 47.74258, 0.0 ], [ 37.02433, 47.74256, 0.0 ], [ 37.02446, 47.74251, 0.0 ], [ 37.02462, 47.74242, 0.0 ], [ 37.0254, 47.74184, 0.0 ], [ 37.02601, 47.74124, 0.0 ], [ 37.0265, 47.74066, 0.0 ], [ 37.02692, 47.7401, 0.0 ], [ 37.02732, 47.7396, 0.0 ], [ 37.02775, 47.73917, 0.0 ], [ 37.02826, 47.73884, 0.0 ], [ 37.02891, 47.73862, 0.0 ], [ 37.02975, 47.73855, 0.0 ], [ 37.03123, 47.73871, 0.0 ], [ 37.03243, 47.73911, 0.0 ], [ 37.03344, 47.73968, 0.0 ], [ 37.03434, 47.74035, 0.0 ], [ 37.03522, 47.74104, 0.0 ], [ 37.03615, 47.74168, 0.0 ], [ 37.03724, 47.74218, 0.0 ], [ 37.03854, 47.74248, 0.0 ], [ 37.04016, 47.7425, 0.0 ], [ 37.04606, 47.74182, 0.0 ], [ 37.05085, 47.74089, 0.0 ], [ 37.05485, 47.73981, 0.0 ], [ 37.05836, 47.73864, 0.0 ], [ 37.06172, 47.73748, 0.0 ], [ 37.06524, 47.7364, 0.0 ], [ 37.06924, 47.73548, 0.0 ], [ 37.07404, 47.7348, 0.0 ], [ 37.07995, 47.73445, 0.0 ], [ 37.08323, 47.73464, 0.0 ], [ 37.08586, 47.73529, 0.0 ], [ 37.08803, 47.73627, 0.0 ], [ 37.08992, 47.73743, 0.0 ], [ 37.09172, 47.73863, 0.0 ], [ 37.0936, 47.73972, 0.0 ], [ 37.09575, 47.74058, 0.0 ], [ 37.09835, 47.74105, 0.0 ], [ 37.10159, 47.74099, 0.0 ], [ 37.10872, 47.73998, 0.0 ], [ 37.11452, 47.73863, 0.0 ], [ 37.11937, 47.73702, 0.0 ], [ 37.12364, 47.73526, 0.0 ], [ 37.1277, 47.73344, 0.0 ], [ 37.1319, 47.73165, 0.0 ], [ 37.13663, 47.72999, 0.0 ], [ 37.14224, 47.72855, 0.0 ], [ 37.14911, 47.72743, 0.0 ], [ 37.1505, 47.72741, 0.0 ], [ 37.15155, 47.7277, 0.0 ], [ 37.15233, 47.72826, 0.0 ], [ 37.15296, 47.72903, 0.0 ], [ 37.15352, 47.72996, 0.0 ], [ 37.1541, 47.731, 0.0 ], [ 37.15479, 47.7321, 0.0 ], [ 37.15569, 47.7332, 0.0 ], [ 37.15689, 47.73426, 0.0 ], [ 37.15778, 47.7349, 0.0 ], [ 37.15852, 47.73538, 0.0 ], [ 37.15916, 47.73576, 0.0 ], [ 37.15973, 47.73606, 0.0 ], [ 37.16029, 47.73633, 0.0 ], [ 37.16088, 47.73661, 0.0 ], [ 37.16155, 47.73694, 0.0 ], [ 37.16234, 47.73736, 0.0 ], [ 37.1633, 47.7379, 0.0 ], [ 37.16717, 47.74017, 0.0 ], [ 37.17028, 47.74202, 0.0 ], [ 37.17286, 47.74356, 0.0 ], [ 37.17512, 47.74492, 0.0 ], [ 37.17727, 47.74622, 0.0 ], [ 37.17953, 47.74756, 0.0 ], [ 37.18212, 47.74909, 0.0 ], [ 37.18525, 47.75091, 0.0 ], [ 37.18914, 47.75314, 0.0 ], [ 37.19077, 47.75415, 0.0 ], [ 37.19206, 47.75507, 0.0 ], [ 37.19312, 47.7559, 0.0 ], [ 37.19405, 47.75665, 0.0 ], [ 37.19495, 47.75731, 0.0 ], [ 37.19592, 47.75788, 0.0 ], [ 37.19708, 47.75837, 0.0 ], [ 37.19852, 47.75877, 0.0 ], [ 37.20034, 47.75908, 0.0 ], [ 37.20609, 47.7598, 0.0 ], [ 37.21083, 47.76032, 0.0 ], [ 37.21484, 47.76066, 0.0 ], [ 37.21841, 47.76082, 0.0 ], [ 37.22183, 47.76084, 0.0 ], [ 37.22536, 47.76072, 0.0 ], [ 37.2293, 47.76048, 0.0 ], [ 37.23392, 47.76014, 0.0 ], [ 37.23951, 47.75971, 0.0 ], [ 37.24002, 47.75957, 0.0 ], [ 37.2403, 47.75927, 0.0 ], [ 37.24043, 47.75884, 0.0 ], [ 37.24045, 47.75834, 0.0 ], [ 37.24043, 47.75779, 0.0 ], [ 37.24043, 47.75725, 0.0 ], [ 37.24052, 47.75674, 0.0 ], [ 37.24075, 47.7563, 0.0 ], [ 37.2412, 47.75599, 0.0 ], [ 37.24273, 47.75535, 0.0 ], [ 37.2441, 47.75481, 0.0 ], [ 37.24534, 47.75438, 0.0 ], [ 37.2465, 47.75406, 0.0 ], [ 37.24764, 47.75384, 0.0 ], [ 37.24878, 47.75374, 0.0 ], [ 37.24997, 47.75374, 0.0 ], [ 37.25127, 47.75386, 0.0 ], [ 37.2527, 47.75409, 0.0 ], [ 37.25315, 47.75427, 0.0 ], [ 37.25339, 47.75459, 0.0 ], [ 37.25346, 47.75502, 0.0 ], [ 37.25344, 47.75553, 0.0 ], [ 37.25338, 47.75609, 0.0 ], [ 37.25332, 47.75668, 0.0 ], [ 37.25333, 47.75727, 0.0 ], [ 37.25345, 47.75784, 0.0 ], [ 37.25376, 47.75836, 0.0 ], [ 37.25408, 47.75869, 0.0 ], [ 37.2544, 47.7589, 0.0 ], [ 37.25471, 47.75903, 0.0 ], [ 37.25503, 47.7591, 0.0 ], [ 37.25538, 47.75913, 0.0 ], [ 37.25575, 47.75914, 0.0 ], [ 37.25617, 47.75917, 0.0 ], [ 37.25664, 47.75923, 0.0 ], [ 37.25718, 47.75935, 0.0 ], [ 37.2576, 47.75945, 0.0 ], [ 37.25796, 47.75949, 0.0 ], [ 37.25828, 47.7595, 0.0 ], [ 37.25856, 47.7595, 0.0 ], [ 37.25882, 47.75951, 0.0 ], [ 37.25908, 47.75956, 0.0 ], [ 37.25934, 47.75966, 0.0 ], [ 37.25962, 47.75983, 0.0 ], [ 37.25993, 47.7601, 0.0 ], [ 37.26178, 47.7621, 0.0 ], [ 37.26315, 47.76397, 0.0 ], [ 37.26419, 47.76571, 0.0 ], [ 37.26506, 47.76733, 0.0 ], [ 37.2659, 47.76883, 0.0 ], [ 37.26687, 47.77022, 0.0 ], [ 37.2681, 47.77148, 0.0 ], [ 37.26976, 47.77263, 0.0 ], [ 37.27199, 47.77367, 0.0 ], [ 37.27483, 47.77465, 0.0 ], [ 37.27727, 47.77525, 0.0 ], [ 37.27945, 47.77552, 0.0 ], [ 37.28147, 47.77552, 0.0 ], [ 37.28348, 47.77529, 0.0 ], [ 37.28559, 47.77488, 0.0 ], [ 37.28793, 47.77435, 0.0 ], [ 37.29062, 47.77373, 0.0 ], [ 37.29378, 47.77308, 0.0 ], [ 37.29488, 47.77277, 0.0 ], [ 37.2957, 47.77235, 0.0 ], [ 37.29631, 47.77183, 0.0 ], [ 37.29681, 47.77126, 0.0 ], [ 37.29726, 47.77064, 0.0 ], [ 37.29776, 47.77002, 0.0 ], [ 37.29836, 47.76941, 0.0 ], [ 37.29917, 47.76885, 0.0 ], [ 37.30025, 47.76836, 0.0 ], [ 37.305, 47.76663, 0.0 ], [ 37.30887, 47.76517, 0.0 ], [ 37.3121, 47.76394, 0.0 ], [ 37.31497, 47.7629, 0.0 ], [ 37.31773, 47.76201, 0.0 ], [ 37.32065, 47.76123, 0.0 ], [ 37.32399, 47.76052, 0.0 ], [ 37.32801, 47.75984, 0.0 ], [ 37.33297, 47.75915, 0.0 ], [ 37.33597, 47.75889, 0.0 ], [ 37.3384, 47.75891, 0.0 ], [ 37.34043, 47.75915, 0.0 ], [ 37.34222, 47.75954, 0.0 ], [ 37.34394, 47.76003, 0.0 ], [ 37.34575, 47.76053, 0.0 ], [ 37.34781, 47.761, 0.0 ], [ 37.35029, 47.76135, 0.0 ], [ 37.35335, 47.76154, 0.0 ], [ 37.35619, 47.76159, 0.0 ], [ 37.35848, 47.76158, 0.0 ], [ 37.36039, 47.76152, 0.0 ], [ 37.36207, 47.7614, 0.0 ], [ 37.36366, 47.76124, 0.0 ], [ 37.36534, 47.76102, 0.0 ], [ 37.36723, 47.76075, 0.0 ], [ 37.36951, 47.76042, 0.0 ], [ 37.37233, 47.76004, 0.0 ], [ 37.37318, 47.7599, 0.0 ], [ 37.37385, 47.75973, 0.0 ], [ 37.3744, 47.75954, 0.0 ], [ 37.37488, 47.75934, 0.0 ], [ 37.37533, 47.75912, 0.0 ], [ 37.3758, 47.75891, 0.0 ], [ 37.37635, 47.75871, 0.0 ], [ 37.37702, 47.75852, 0.0 ], [ 37.37787, 47.75836, 0.0 ], [ 37.38358, 47.75723, 0.0 ], [ 37.38839, 47.75593, 0.0 ], [ 37.39251, 47.75458, 0.0 ], [ 37.39617, 47.75332, 0.0 ], [ 37.3996, 47.75229, 0.0 ], [ 37.40302, 47.75163, 0.0 ], [ 37.40666, 47.75147, 0.0 ], [ 37.41074, 47.75195, 0.0 ], [ 37.4155, 47.7532, 0.0 ], [ 37.41866, 47.75473, 0.0 ], [ 37.42078, 47.75676, 0.0 ], [ 37.42216, 47.7592, 0.0 ], [ 37.42309, 47.76192, 0.0 ], [ 37.42388, 47.76482, 0.0 ], [ 37.42482, 47.76777, 0.0 ], [ 37.42621, 47.77067, 0.0 ], [ 37.42834, 47.77341, 0.0 ], [ 37.43152, 47.77586, 0.0 ], [ 37.43831, 47.7796, 0.0 ], [ 37.44409, 47.78217, 0.0 ], [ 37.44918, 47.78387, 0.0 ], [ 37.45389, 47.78503, 0.0 ], [ 37.45853, 47.78594, 0.0 ], [ 37.46341, 47.78693, 0.0 ], [ 37.46885, 47.7883, 0.0 ], [ 37.47515, 47.79038, 0.0 ], [ 37.48263, 47.79346, 0.0 ], [ 37.48987, 47.79649, 0.0 ], [ 37.49628, 47.7988, 0.0 ], [ 37.50197, 47.80069, 0.0 ], [ 37.50703, 47.80244, 0.0 ], [ 37.51158, 47.80432, 0.0 ], [ 37.51572, 47.80662, 0.0 ], [ 37.51955, 47.80962, 0.0 ], [ 37.52318, 47.81361, 0.0 ], [ 37.52671, 47.81886, 0.0 ], [ 37.52854, 47.82304, 0.0 ], [ 37.52901, 47.82681, 0.0 ], [ 37.52841, 47.83033, 0.0 ], [ 37.52705, 47.83378, 0.0 ], [ 37.52523, 47.83733, 0.0 ], [ 37.52326, 47.84116, 0.0 ], [ 37.52144, 47.84543, 0.0 ], [ 37.52008, 47.85033, 0.0 ], [ 37.51948, 47.85603, 0.0 ], [ 37.51948, 47.85939, 0.0 ], [ 37.51964, 47.86215, 0.0 ], [ 37.51995, 47.86447, 0.0 ], [ 37.52043, 47.8665, 0.0 ], [ 37.52108, 47.86842, 0.0 ], [ 37.52191, 47.87037, 0.0 ], [ 37.52294, 47.87253, 0.0 ], [ 37.52416, 47.87505, 0.0 ], [ 37.52558, 47.8781, 0.0 ], [ 37.52622, 47.87925, 0.0 ], [ 37.5269, 47.88008, 0.0 ], [ 37.52762, 47.88067, 0.0 ], [ 37.52838, 47.88112, 0.0 ], [ 37.52916, 47.88151, 0.0 ], [ 37.52994, 47.88193, 0.0 ], [ 37.53074, 47.88247, 0.0 ], [ 37.53152, 47.88321, 0.0 ], [ 37.53229, 47.88425, 0.0 ], [ 37.53273, 47.885, 0.0 ], [ 37.53307, 47.88571, 0.0 ], [ 37.53332, 47.88638, 0.0 ], [ 37.53348, 47.88702, 0.0 ], [ 37.53356, 47.88764, 0.0 ], [ 37.53355, 47.88825, 0.0 ], [ 37.53346, 47.88884, 0.0 ], [ 37.53329, 47.88944, 0.0 ], [ 37.53305, 47.89004, 0.0 ], [ 37.53286, 47.89033, 0.0 ], [ 37.53262, 47.89049, 0.0 ], [ 37.53232, 47.89055, 0.0 ], [ 37.53198, 47.89053, 0.0 ], [ 37.53159, 47.89045, 0.0 ], [ 37.53116, 47.89034, 0.0 ], [ 37.53069, 47.89022, 0.0 ], [ 37.53018, 47.89011, 0.0 ], [ 37.52963, 47.89003, 0.0 ], [ 37.52914, 47.88994, 0.0 ], [ 37.52872, 47.88979, 0.0 ], [ 37.52835, 47.8896, 0.0 ], [ 37.52802, 47.88941, 0.0 ], [ 37.52772, 47.88925, 0.0 ], [ 37.52743, 47.88913, 0.0 ], [ 37.52714, 47.8891, 0.0 ], [ 37.52683, 47.88918, 0.0 ], [ 37.5265, 47.8894, 0.0 ], [ 37.52566, 47.89017, 0.0 ], [ 37.52502, 47.89088, 0.0 ], [ 37.52453, 47.89157, 0.0 ], [ 37.52414, 47.89225, 0.0 ], [ 37.52379, 47.89296, 0.0 ], [ 37.52343, 47.89373, 0.0 ], [ 37.52301, 47.89459, 0.0 ], [ 37.52246, 47.89555, 0.0 ], [ 37.52174, 47.89666, 0.0 ], [ 37.52124, 47.89743, 0.0 ], [ 37.52086, 47.89809, 0.0 ], [ 37.52056, 47.89866, 0.0 ], [ 37.52031, 47.89916, 0.0 ], [ 37.52005, 47.89963, 0.0 ], [ 37.51974, 47.90007, 0.0 ], [ 37.51933, 47.90052, 0.0 ], [ 37.51879, 47.90101, 0.0 ], [ 37.51807, 47.90155, 0.0 ], [ 37.51486, 47.90384, 0.0 ], [ 37.51226, 47.90575, 0.0 ], [ 37.51008, 47.90737, 0.0 ], [ 37.50814, 47.90876, 0.0 ], [ 37.50624, 47.91001, 0.0 ], [ 37.50419, 47.9112, 0.0 ], [ 37.50182, 47.91239, 0.0 ], [ 37.49891, 47.91367, 0.0 ], [ 37.4953, 47.91512, 0.0 ], [ 37.49274, 47.91589, 0.0 ], [ 37.49041, 47.91622, 0.0 ], [ 37.48829, 47.91624, 0.0 ], [ 37.48633, 47.91608, 0.0 ], [ 37.4845, 47.91587, 0.0 ], [ 37.48276, 47.91573, 0.0 ], [ 37.48107, 47.9158, 0.0 ], [ 37.4794, 47.91621, 0.0 ], [ 37.47771, 47.91709, 0.0 ], [ 37.47704, 47.91772, 0.0 ], [ 37.47669, 47.91845, 0.0 ], [ 37.47662, 47.91928, 0.0 ], [ 37.4768, 47.92019, 0.0 ], [ 37.47717, 47.92116, 0.0 ], [ 37.47772, 47.92219, 0.0 ], [ 37.4784, 47.92326, 0.0 ], [ 37.47917, 47.92435, 0.0 ], [ 37.48, 47.92545, 0.0 ], [ 37.48151, 47.92725, 0.0 ], [ 37.48289, 47.9286, 0.0 ], [ 37.48417, 47.92963, 0.0 ], [ 37.48541, 47.93046, 0.0 ], [ 37.48664, 47.93122, 0.0 ], [ 37.48791, 47.93204, 0.0 ], [ 37.48924, 47.93304, 0.0 ], [ 37.49069, 47.93435, 0.0 ], [ 37.4923, 47.9361, 0.0 ], [ 37.49287, 47.93683, 0.0 ], [ 37.49326, 47.93747, 0.0 ], [ 37.49351, 47.93805, 0.0 ], [ 37.49365, 47.93861, 0.0 ], [ 37.49374, 47.93918, 0.0 ], [ 37.4938, 47.93979, 0.0 ], [ 37.49386, 47.94048, 0.0 ], [ 37.49398, 47.94128, 0.0 ], [ 37.49419, 47.94223, 0.0 ], [ 37.49434, 47.94281, 0.0 ], [ 37.49446, 47.94328, 0.0 ], [ 37.49456, 47.94367, 0.0 ], [ 37.49464, 47.94402, 0.0 ], [ 37.4947, 47.94435, 0.0 ], [ 37.49475, 47.9447, 0.0 ], [ 37.49479, 47.9451, 0.0 ], [ 37.49482, 47.94558, 0.0 ], [ 37.49486, 47.94618, 0.0 ], [ 37.49496, 47.94751, 0.0 ], [ 37.4951, 47.94861, 0.0 ], [ 37.49524, 47.94955, 0.0 ], [ 37.49537, 47.95039, 0.0 ], [ 37.49545, 47.95118, 0.0 ], [ 37.49547, 47.95197, 0.0 ], [ 37.4954, 47.95282, 0.0 ], [ 37.49521, 47.95379, 0.0 ], [ 37.49489, 47.95494, 0.0 ], [ 37.4946, 47.9555, 0.0 ], [ 37.49419, 47.95589, 0.0 ], [ 37.49368, 47.95616, 0.0 ], [ 37.49313, 47.95636, 0.0 ], [ 37.49258, 47.95651, 0.0 ], [ 37.49207, 47.95668, 0.0 ], [ 37.49164, 47.95688, 0.0 ], [ 37.49133, 47.95718, 0.0 ], [ 37.49119, 47.9576, 0.0 ], [ 37.49123, 47.95806, 0.0 ], [ 37.49141, 47.95842, 0.0 ], [ 37.49171, 47.95873, 0.0 ], [ 37.4921, 47.95901, 0.0 ], [ 37.49255, 47.95928, 0.0 ], [ 37.49303, 47.9596, 0.0 ], [ 37.4935, 47.95997, 0.0 ], [ 37.49395, 47.96044, 0.0 ], [ 37.49434, 47.96103, 0.0 ], [ 37.4946, 47.96174, 0.0 ], [ 37.4947, 47.96244, 0.0 ], [ 37.49468, 47.96313, 0.0 ], [ 37.4946, 47.96378, 0.0 ], [ 37.49454, 47.96437, 0.0 ], [ 37.49453, 47.96488, 0.0 ], [ 37.49465, 47.96531, 0.0 ], [ 37.49495, 47.96561, 0.0 ], [ 37.49549, 47.96579, 0.0 ], [ 37.49782, 47.96592, 0.0 ], [ 37.49993, 47.96564, 0.0 ], [ 37.50188, 47.96509, 0.0 ], [ 37.50372, 47.96441, 0.0 ], [ 37.5055, 47.96374, 0.0 ], [ 37.50728, 47.96322, 0.0 ], [ 37.50911, 47.96298, 0.0 ], [ 37.51103, 47.96316, 0.0 ], [ 37.51311, 47.9639, 0.0 ], [ 37.51464, 47.96505, 0.0 ], [ 37.51559, 47.96657, 0.0 ], [ 37.51611, 47.96834, 0.0 ], [ 37.51639, 47.97024, 0.0 ], [ 37.51657, 47.97217, 0.0 ], [ 37.51684, 47.974, 0.0 ], [ 37.51736, 47.97561, 0.0 ], [ 37.5183, 47.97689, 0.0 ], [ 37.51982, 47.97772, 0.0 ], [ 37.52219, 47.97805, 0.0 ], [ 37.52442, 47.97768, 0.0 ], [ 37.52655, 47.9768, 0.0 ], [ 37.52861, 47.97562, 0.0 ], [ 37.53063, 47.97431, 0.0 ], [ 37.53265, 47.97308, 0.0 ], [ 37.5347, 47.97211, 0.0 ], [ 37.5368, 47.9716, 0.0 ], [ 37.53899, 47.97174, 0.0 ], [ 37.53996, 47.9722, 0.0 ], [ 37.54047, 47.97297, 0.0 ], [ 37.54063, 47.97399, 0.0 ], [ 37.54056, 47.97522, 0.0 ], [ 37.54038, 47.9766, 0.0 ], [ 37.54019, 47.97809, 0.0 ], [ 37.5401, 47.97962, 0.0 ], [ 37.54024, 47.98115, 0.0 ], [ 37.54071, 47.98263, 0.0 ], [ 37.54096, 47.98304, 0.0 ], [ 37.54124, 47.98329, 0.0 ], [ 37.54156, 47.98343, 0.0 ], [ 37.54192, 47.98347, 0.0 ], [ 37.54233, 47.98344, 0.0 ], [ 37.54278, 47.98339, 0.0 ], [ 37.54327, 47.98332, 0.0 ], [ 37.54382, 47.98328, 0.0 ], [ 37.54442, 47.98329, 0.0 ], [ 37.54671, 47.98332, 0.0 ], [ 37.54884, 47.98312, 0.0 ], [ 37.5508, 47.9828, 0.0 ], [ 37.55259, 47.98246, 0.0 ], [ 37.5542, 47.9822, 0.0 ], [ 37.55562, 47.98212, 0.0 ], [ 37.55684, 47.98231, 0.0 ], [ 37.55785, 47.98287, 0.0 ], [ 37.55866, 47.98391, 0.0 ], [ 37.55919, 47.9855, 0.0 ], [ 37.55914, 47.98706, 0.0 ], [ 37.55865, 47.98863, 0.0 ], [ 37.55784, 47.99026, 0.0 ], [ 37.55686, 47.992, 0.0 ], [ 37.55583, 47.99388, 0.0 ], [ 37.55488, 47.99596, 0.0 ], [ 37.55415, 47.99828, 0.0 ], [ 37.55378, 48.00089, 0.0 ], [ 37.55375, 48.00203, 0.0 ], [ 37.55379, 48.00301, 0.0 ], [ 37.55392, 48.00388, 0.0 ], [ 37.55415, 48.00464, 0.0 ], [ 37.55451, 48.00533, 0.0 ], [ 37.55499, 48.00596, 0.0 ], [ 37.55561, 48.00657, 0.0 ], [ 37.55638, 48.00718, 0.0 ], [ 37.55733, 48.00781, 0.0 ], [ 37.55961, 48.00908, 0.0 ], [ 37.56161, 48.0099, 0.0 ], [ 37.5634, 48.01041, 0.0 ], [ 37.56508, 48.01073, 0.0 ], [ 37.56673, 48.01098, 0.0 ], [ 37.56843, 48.01131, 0.0 ], [ 37.57027, 48.01183, 0.0 ], [ 37.57234, 48.01268, 0.0 ], [ 37.57471, 48.01399, 0.0 ], [ 37.577, 48.01538, 0.0 ], [ 37.57897, 48.01656, 0.0 ], [ 37.58067, 48.01762, 0.0 ], [ 37.58212, 48.01864, 0.0 ], [ 37.58339, 48.01973, 0.0 ], [ 37.58452, 48.02096, 0.0 ], [ 37.58555, 48.02242, 0.0 ], [ 37.58652, 48.02421, 0.0 ], [ 37.58748, 48.02642, 0.0 ], [ 37.58799, 48.02815, 0.0 ], [ 37.58809, 48.02963, 0.0 ], [ 37.58788, 48.03095, 0.0 ], [ 37.58743, 48.03217, 0.0 ], [ 37.58685, 48.0334, 0.0 ], [ 37.58623, 48.03471, 0.0 ], [ 37.58566, 48.03619, 0.0 ], [ 37.58524, 48.03792, 0.0 ], [ 37.58505, 48.03999, 0.0 ], [ 37.58505, 48.04214, 0.0 ], [ 37.58511, 48.04388, 0.0 ], [ 37.58523, 48.04533, 0.0 ], [ 37.5854, 48.0466, 0.0 ], [ 37.58564, 48.04781, 0.0 ], [ 37.58592, 48.04908, 0.0 ], [ 37.58625, 48.05052, 0.0 ], [ 37.58663, 48.05225, 0.0 ], [ 37.58705, 48.05438, 0.0 ], [ 37.58713, 48.05497, 0.0 ], [ 37.58717, 48.05548, 0.0 ], [ 37.58719, 48.05595, 0.0 ], [ 37.58721, 48.05636, 0.0 ], [ 37.58727, 48.05672, 0.0 ], [ 37.58739, 48.05706, 0.0 ], [ 37.5876, 48.05737, 0.0 ], [ 37.58792, 48.05766, 0.0 ], [ 37.58839, 48.05795, 0.0 ], [ 37.5923, 48.06006, 0.0 ], [ 37.59553, 48.06188, 0.0 ], [ 37.59827, 48.06346, 0.0 ], [ 37.60075, 48.06483, 0.0 ], [ 37.60315, 48.06601, 0.0 ], [ 37.6057, 48.06705, 0.0 ], [ 37.6086, 48.06798, 0.0 ], [ 37.61205, 48.06884, 0.0 ], [ 37.61627, 48.06965, 0.0 ], [ 37.61812, 48.0698, 0.0 ], [ 37.61961, 48.06959, 0.0 ], [ 37.62085, 48.06911, 0.0 ], [ 37.62194, 48.06843, 0.0 ], [ 37.62298, 48.06764, 0.0 ], [ 37.62408, 48.06681, 0.0 ], [ 37.62534, 48.06602, 0.0 ], [ 37.62686, 48.06536, 0.0 ], [ 37.62874, 48.0649, 0.0 ], [ 37.62972, 48.06477, 0.0 ], [ 37.63061, 48.06471, 0.0 ], [ 37.63141, 48.06473, 0.0 ], [ 37.63215, 48.06482, 0.0 ], [ 37.63281, 48.065, 0.0 ], [ 37.63343, 48.06528, 0.0 ], [ 37.634, 48.06564, 0.0 ], [ 37.63454, 48.06611, 0.0 ], [ 37.63505, 48.06669, 0.0 ], [ 37.63534, 48.06715, 0.0 ], [ 37.63545, 48.0676, 0.0 ], [ 37.63542, 48.06805, 0.0 ], [ 37.63528, 48.06851, 0.0 ], [ 37.63507, 48.069, 0.0 ], [ 37.6348, 48.06953, 0.0 ], [ 37.63453, 48.07012, 0.0 ], [ 37.63428, 48.07079, 0.0 ], [ 37.63407, 48.07155, 0.0 ], [ 37.63395, 48.07201, 0.0 ], [ 37.63379, 48.0724, 0.0 ], [ 37.63363, 48.07275, 0.0 ], [ 37.63347, 48.07306, 0.0 ], [ 37.63334, 48.07334, 0.0 ], [ 37.63325, 48.07362, 0.0 ], [ 37.63322, 48.07389, 0.0 ], [ 37.63327, 48.07419, 0.0 ], [ 37.63341, 48.07452, 0.0 ], [ 37.63365, 48.07487, 0.0 ], [ 37.63391, 48.07511, 0.0 ], [ 37.63419, 48.07527, 0.0 ], [ 37.63451, 48.07538, 0.0 ], [ 37.63486, 48.07547, 0.0 ], [ 37.63523, 48.07556, 0.0 ], [ 37.63565, 48.07567, 0.0 ], [ 37.6361, 48.07583, 0.0 ], [ 37.63659, 48.07608, 0.0 ], [ 37.63769, 48.07665, 0.0 ], [ 37.63868, 48.07707, 0.0 ], [ 37.63957, 48.07739, 0.0 ], [ 37.64038, 48.07766, 0.0 ], [ 37.6411, 48.07795, 0.0 ], [ 37.64176, 48.07829, 0.0 ], [ 37.64236, 48.07876, 0.0 ], [ 37.6429, 48.07939, 0.0 ], [ 37.64341, 48.08025, 0.0 ], [ 37.64379, 48.08113, 0.0 ], [ 37.64405, 48.08198, 0.0 ], [ 37.64418, 48.08282, 0.0 ], [ 37.64418, 48.08363, 0.0 ], [ 37.64405, 48.08442, 0.0 ], [ 37.64378, 48.08519, 0.0 ], [ 37.64339, 48.08593, 0.0 ], [ 37.64285, 48.08665, 0.0 ], [ 37.64218, 48.08734, 0.0 ], [ 37.64124, 48.08802, 0.0 ], [ 37.64033, 48.08839, 0.0 ], [ 37.63941, 48.08852, 0.0 ], [ 37.63849, 48.08852, 0.0 ], [ 37.63755, 48.08847, 0.0 ], [ 37.63656, 48.08846, 0.0 ], [ 37.63553, 48.08858, 0.0 ], [ 37.63442, 48.08892, 0.0 ], [ 37.63324, 48.08958, 0.0 ], [ 37.63074, 48.09126, 0.0 ], [ 37.62844, 48.09278, 0.0 ], [ 37.62636, 48.0942, 0.0 ], [ 37.62451, 48.09555, 0.0 ], [ 37.62291, 48.09688, 0.0 ], [ 37.62156, 48.09825, 0.0 ], [ 37.62049, 48.09971, 0.0 ], [ 37.61971, 48.10129, 0.0 ], [ 37.61923, 48.10306, 0.0 ], [ 37.61928, 48.10402, 0.0 ], [ 37.61977, 48.10469, 0.0 ], [ 37.62065, 48.10514, 0.0 ], [ 37.62183, 48.10545, 0.0 ], [ 37.62327, 48.1057, 0.0 ], [ 37.62488, 48.10596, 0.0 ], [ 37.6266, 48.10633, 0.0 ], [ 37.62838, 48.10687, 0.0 ], [ 37.63013, 48.10766, 0.0 ], [ 37.63249, 48.10913, 0.0 ], [ 37.63435, 48.11058, 0.0 ], [ 37.63586, 48.11198, 0.0 ], [ 37.63716, 48.1133, 0.0 ], [ 37.63839, 48.11451, 0.0 ], [ 37.63969, 48.11557, 0.0 ], [ 37.64122, 48.11645, 0.0 ], [ 37.6431, 48.11711, 0.0 ], [ 37.64548, 48.11752, 0.0 ], [ 37.64778, 48.11756, 0.0 ], [ 37.64965, 48.11721, 0.0 ], [ 37.65123, 48.11655, 0.0 ], [ 37.65263, 48.11568, 0.0 ], [ 37.65399, 48.11466, 0.0 ], [ 37.65543, 48.11359, 0.0 ], [ 37.65709, 48.11255, 0.0 ], [ 37.6591, 48.11162, 0.0 ], [ 37.66157, 48.11089, 0.0 ], [ 37.66294, 48.11065, 0.0 ], [ 37.66406, 48.11056, 0.0 ], [ 37.665, 48.11061, 0.0 ], [ 37.66585, 48.11076, 0.0 ], [ 37.66666, 48.11097, 0.0 ], [ 37.66752, 48.11122, 0.0 ], [ 37.6685, 48.11148, 0.0 ], [ 37.66967, 48.11172, 0.0 ], [ 37.6711, 48.1119, 0.0 ], [ 37.67295, 48.11215, 0.0 ], [ 37.67447, 48.11249, 0.0 ], [ 37.67577, 48.11286, 0.0 ], [ 37.67691, 48.11321, 0.0 ], [ 37.67799, 48.1135, 0.0 ], [ 37.67908, 48.11366, 0.0 ], [ 37.68028, 48.11365, 0.0 ], [ 37.68166, 48.11342, 0.0 ], [ 37.6833, 48.1129, 0.0 ], [ 37.68596, 48.1117, 0.0 ], [ 37.68801, 48.11038, 0.0 ], [ 37.68964, 48.10898, 0.0 ], [ 37.69101, 48.10754, 0.0 ], [ 37.69229, 48.10609, 0.0 ], [ 37.69366, 48.10469, 0.0 ], [ 37.69529, 48.10337, 0.0 ], [ 37.69735, 48.10217, 0.0 ], [ 37.70001, 48.10113, 0.0 ], [ 37.70189, 48.1007, 0.0 ], [ 37.70347, 48.10065, 0.0 ], [ 37.70484, 48.10089, 0.0 ], [ 37.70609, 48.10133, 0.0 ], [ 37.70731, 48.10187, 0.0 ], [ 37.7086, 48.10244, 0.0 ], [ 37.71005, 48.10294, 0.0 ], [ 37.71176, 48.10329, 0.0 ], [ 37.71382, 48.10339, 0.0 ], [ 37.715, 48.10331, 0.0 ], [ 37.71594, 48.10315, 0.0 ], [ 37.71671, 48.10291, 0.0 ], [ 37.71738, 48.10261, 0.0 ], [ 37.71801, 48.10226, 0.0 ], [ 37.71867, 48.10188, 0.0 ], [ 37.71943, 48.10147, 0.0 ], [ 37.72036, 48.10107, 0.0 ], [ 37.72152, 48.10067, 0.0 ], [ 37.7228, 48.10035, 0.0 ], [ 37.7239, 48.10019, 0.0 ], [ 37.72487, 48.10012, 0.0 ], [ 37.72574, 48.10009, 0.0 ], [ 37.72655, 48.10004, 0.0 ], [ 37.72733, 48.09992, 0.0 ], [ 37.72813, 48.09968, 0.0 ], [ 37.72897, 48.09925, 0.0 ], [ 37.72991, 48.09858, 0.0 ], [ 37.73061, 48.0979, 0.0 ], [ 37.73105, 48.09724, 0.0 ], [ 37.73132, 48.09658, 0.0 ], [ 37.73145, 48.09589, 0.0 ], [ 37.73153, 48.09518, 0.0 ], [ 37.73162, 48.09442, 0.0 ], [ 37.73177, 48.0936, 0.0 ], [ 37.73205, 48.0927, 0.0 ], [ 37.73253, 48.09171, 0.0 ], [ 37.73285, 48.09114, 0.0 ], [ 37.73312, 48.09065, 0.0 ], [ 37.73335, 48.09024, 0.0 ], [ 37.73359, 48.08988, 0.0 ], [ 37.73385, 48.08958, 0.0 ], [ 37.73416, 48.08931, 0.0 ], [ 37.73454, 48.08908, 0.0 ], [ 37.73502, 48.08886, 0.0 ], [ 37.73562, 48.08865, 0.0 ], [ 37.73804, 48.0879, 0.0 ], [ 37.74002, 48.08732, 0.0 ], [ 37.7417, 48.08687, 0.0 ], [ 37.74321, 48.08653, 0.0 ], [ 37.74467, 48.08626, 0.0 ], [ 37.74621, 48.08605, 0.0 ], [ 37.74796, 48.08586, 0.0 ], [ 37.75006, 48.08566, 0.0 ], [ 37.75263, 48.08542, 0.0 ], [ 37.75391, 48.08533, 0.0 ], [ 37.75494, 48.08531, 0.0 ], [ 37.7558, 48.08535, 0.0 ], [ 37.75656, 48.08545, 0.0 ], [ 37.75728, 48.08558, 0.0 ], [ 37.75804, 48.08574, 0.0 ], [ 37.75891, 48.08592, 0.0 ], [ 37.75995, 48.08611, 0.0 ], [ 37.76123, 48.08629, 0.0 ], [ 37.76192, 48.08633, 0.0 ], [ 37.76257, 48.08631, 0.0 ], [ 37.76318, 48.08626, 0.0 ], [ 37.76373, 48.0862, 0.0 ], [ 37.76422, 48.08617, 0.0 ], [ 37.76465, 48.08621, 0.0 ], [ 37.765, 48.08633, 0.0 ], [ 37.76528, 48.08659, 0.0 ], [ 37.76547, 48.087, 0.0 ], [ 37.76562, 48.08791, 0.0 ], [ 37.76555, 48.08873, 0.0 ], [ 37.76532, 48.08951, 0.0 ], [ 37.76498, 48.09027, 0.0 ], [ 37.7646, 48.09105, 0.0 ], [ 37.76423, 48.09188, 0.0 ], [ 37.76393, 48.09281, 0.0 ], [ 37.76377, 48.09386, 0.0 ], [ 37.76379, 48.09506, 0.0 ], [ 37.76394, 48.09616, 0.0 ], [ 37.76414, 48.09705, 0.0 ], [ 37.76439, 48.09778, 0.0 ], [ 37.76469, 48.09842, 0.0 ], [ 37.76505, 48.09901, 0.0 ], [ 37.76546, 48.09962, 0.0 ], [ 37.76594, 48.1003, 0.0 ], [ 37.76648, 48.10111, 0.0 ], [ 37.76708, 48.10211, 0.0 ], [ 37.76724, 48.10239, 0.0 ], [ 37.76738, 48.10264, 0.0 ], [ 37.76752, 48.10285, 0.0 ], [ 37.76765, 48.10303, 0.0 ], [ 37.76779, 48.10318, 0.0 ], [ 37.76796, 48.10331, 0.0 ], [ 37.76815, 48.1034, 0.0 ], [ 37.76839, 48.10348, 0.0 ], [ 37.76867, 48.10354, 0.0 ], [ 37.76908, 48.1036, 0.0 ], [ 37.76944, 48.10364, 0.0 ], [ 37.76977, 48.10366, 0.0 ], [ 37.77008, 48.10364, 0.0 ], [ 37.77036, 48.10359, 0.0 ], [ 37.77065, 48.10348, 0.0 ], [ 37.77094, 48.10333, 0.0 ], [ 37.77124, 48.10311, 0.0 ], [ 37.77158, 48.10283, 0.0 ], [ 37.77225, 48.10212, 0.0 ], [ 37.77273, 48.10141, 0.0 ], [ 37.77307, 48.10071, 0.0 ], [ 37.77332, 48.10004, 0.0 ], [ 37.77357, 48.0994, 0.0 ], [ 37.77385, 48.0988, 0.0 ], [ 37.77423, 48.09826, 0.0 ], [ 37.77477, 48.09779, 0.0 ], [ 37.77554, 48.09739, 0.0 ], [ 37.77645, 48.09709, 0.0 ], [ 37.77724, 48.09694, 0.0 ], [ 37.77795, 48.09693, 0.0 ], [ 37.77862, 48.09702, 0.0 ], [ 37.7793, 48.09721, 0.0 ], [ 37.78002, 48.09746, 0.0 ], [ 37.78082, 48.09775, 0.0 ], [ 37.78174, 48.09806, 0.0 ], [ 37.78282, 48.09837, 0.0 ], [ 37.78366, 48.09857, 0.0 ], [ 37.78438, 48.09871, 0.0 ], [ 37.78501, 48.09884, 0.0 ], [ 37.78557, 48.09896, 0.0 ], [ 37.78608, 48.09912, 0.0 ], [ 37.78656, 48.09933, 0.0 ], [ 37.78702, 48.09963, 0.0 ], [ 37.7875, 48.10003, 0.0 ], [ 37.788, 48.10057, 0.0 ], [ 37.78834, 48.10103, 0.0 ], [ 37.78856, 48.10146, 0.0 ], [ 37.78868, 48.10188, 0.0 ], [ 37.78872, 48.10229, 0.0 ], [ 37.78869, 48.10272, 0.0 ], [ 37.78863, 48.10319, 0.0 ], [ 37.78856, 48.10371, 0.0 ], [ 37.78849, 48.10431, 0.0 ], [ 37.78845, 48.10499, 0.0 ], [ 37.7884, 48.10564, 0.0 ], [ 37.7883, 48.10616, 0.0 ], [ 37.78816, 48.10661, 0.0 ], [ 37.78801, 48.107, 0.0 ], [ 37.78787, 48.10736, 0.0 ], [ 37.78776, 48.10774, 0.0 ], [ 37.78769, 48.10817, 0.0 ], [ 37.78769, 48.10866, 0.0 ], [ 37.78778, 48.10927, 0.0 ], [ 37.78793, 48.11, 0.0 ], [ 37.78808, 48.1106, 0.0 ], [ 37.78823, 48.11112, 0.0 ], [ 37.7884, 48.11158, 0.0 ], [ 37.78862, 48.11199, 0.0 ], [ 37.7889, 48.11239, 0.0 ], [ 37.78925, 48.1128, 0.0 ], [ 37.78969, 48.11325, 0.0 ], [ 37.79023, 48.11377, 0.0 ], [ 37.79101, 48.11442, 0.0 ], [ 37.79171, 48.11488, 0.0 ], [ 37.79234, 48.1152, 0.0 ], [ 37.79295, 48.11543, 0.0 ], [ 37.79355, 48.11564, 0.0 ], [ 37.79417, 48.11586, 0.0 ], [ 37.79483, 48.11616, 0.0 ], [ 37.79556, 48.11659, 0.0 ], [ 37.79638, 48.11721, 0.0 ], [ 37.7968, 48.11765, 0.0 ], [ 37.79707, 48.11812, 0.0 ], [ 37.79725, 48.11861, 0.0 ], [ 37.79736, 48.11909, 0.0 ], [ 37.79746, 48.11954, 0.0 ], [ 37.79758, 48.11994, 0.0 ], [ 37.79777, 48.12026, 0.0 ], [ 37.79807, 48.12049, 0.0 ], [ 37.79851, 48.1206, 0.0 ], [ 37.79945, 48.12054, 0.0 ], [ 37.8003, 48.12027, 0.0 ], [ 37.80108, 48.11983, 0.0 ], [ 37.80182, 48.11932, 0.0 ], [ 37.80253, 48.11879, 0.0 ], [ 37.80323, 48.11832, 0.0 ], [ 37.80394, 48.11797, 0.0 ], [ 37.80468, 48.11783, 0.0 ], [ 37.80547, 48.11795, 0.0 ], [ 37.80603, 48.11823, 0.0 ], [ 37.80641, 48.11862, 0.0 ], [ 37.80665, 48.1191, 0.0 ], [ 37.80678, 48.11967, 0.0 ], [ 37.80686, 48.12032, 0.0 ], [ 37.80693, 48.12106, 0.0 ], [ 37.80701, 48.12186, 0.0 ], [ 37.80716, 48.12273, 0.0 ], [ 37.80742, 48.12365, 0.0 ], [ 37.80801, 48.12507, 0.0 ], [ 37.80866, 48.12623, 0.0 ], [ 37.80933, 48.12721, 0.0 ], [ 37.80996, 48.12807, 0.0 ], [ 37.8105, 48.12888, 0.0 ], [ 37.81089, 48.12972, 0.0 ], [ 37.81107, 48.13065, 0.0 ], [ 37.811, 48.13174, 0.0 ], [ 37.81062, 48.13307, 0.0 ], [ 37.80861, 48.13867, 0.0 ], [ 37.80701, 48.14352, 0.0 ], [ 37.80561, 48.14775, 0.0 ], [ 37.80423, 48.15152, 0.0 ], [ 37.80265, 48.15498, 0.0 ], [ 37.80068, 48.15827, 0.0 ], [ 37.79812, 48.16155, 0.0 ], [ 37.79476, 48.16496, 0.0 ], [ 37.79041, 48.16865, 0.0 ], [ 37.78628, 48.17158, 0.0 ], [ 37.78261, 48.17353, 0.0 ], [ 37.77922, 48.1747, 0.0 ], [ 37.77593, 48.17531, 0.0 ], [ 37.77256, 48.17556, 0.0 ], [ 37.76892, 48.17569, 0.0 ], [ 37.76484, 48.17589, 0.0 ], [ 37.76012, 48.17638, 0.0 ], [ 37.75459, 48.17737, 0.0 ], [ 37.75273, 48.17771, 0.0 ], [ 37.75115, 48.17789, 0.0 ], [ 37.74979, 48.17795, 0.0 ], [ 37.74857, 48.17796, 0.0 ], [ 37.74743, 48.17798, 0.0 ], [ 37.7463, 48.17805, 0.0 ], [ 37.74511, 48.17825, 0.0 ], [ 37.7438, 48.17861, 0.0 ], [ 37.7423, 48.17921, 0.0 ], [ 37.7419, 48.17948, 0.0 ], [ 37.74171, 48.17982, 0.0 ], [ 37.74168, 48.18021, 0.0 ], [ 37.74175, 48.18064, 0.0 ], [ 37.74187, 48.18111, 0.0 ], [ 37.74198, 48.18161, 0.0 ], [ 37.74203, 48.18213, 0.0 ], [ 37.74197, 48.18266, 0.0 ], [ 37.74174, 48.18318, 0.0 ], [ 37.74137, 48.18371, 0.0 ], [ 37.74102, 48.18412, 0.0 ], [ 37.74068, 48.18442, 0.0 ], [ 37.74034, 48.18466, 0.0 ], [ 37.73997, 48.18487, 0.0 ], [ 37.73957, 48.18507, 0.0 ], [ 37.73912, 48.18531, 0.0 ], [ 37.7386, 48.1856, 0.0 ], [ 37.738, 48.18598, 0.0 ], [ 37.73725, 48.1865, 0.0 ], [ 37.73664, 48.18692, 0.0 ], [ 37.73613, 48.18727, 0.0 ], [ 37.73569, 48.18757, 0.0 ], [ 37.73526, 48.18785, 0.0 ], [ 37.7348, 48.18813, 0.0 ], [ 37.73428, 48.18845, 0.0 ], [ 37.73364, 48.18881, 0.0 ], [ 37.73284, 48.18926, 0.0 ], [ 37.72858, 48.19135, 0.0 ], [ 37.72444, 48.19295, 0.0 ], [ 37.72052, 48.19421, 0.0 ], [ 37.71692, 48.19529, 0.0 ], [ 37.71372, 48.19633, 0.0 ], [ 37.71103, 48.1975, 0.0 ], [ 37.70893, 48.19894, 0.0 ], [ 37.70752, 48.20081, 0.0 ], [ 37.7069, 48.20325, 0.0 ], [ 37.70726, 48.20589, 0.0 ], [ 37.70864, 48.20806, 0.0 ], [ 37.71084, 48.20991, 0.0 ], [ 37.71367, 48.21162, 0.0 ], [ 37.71692, 48.21333, 0.0 ], [ 37.72042, 48.21522, 0.0 ], [ 37.72396, 48.21745, 0.0 ], [ 37.72734, 48.22017, 0.0 ], [ 37.73038, 48.22355, 0.0 ], [ 37.73093, 48.22462, 0.0 ], [ 37.73102, 48.22566, 0.0 ], [ 37.73076, 48.22666, 0.0 ], [ 37.73029, 48.22764, 0.0 ], [ 37.7297, 48.2286, 0.0 ], [ 37.72912, 48.22955, 0.0 ], [ 37.72867, 48.2305, 0.0 ], [ 37.72845, 48.23145, 0.0 ], [ 37.72859, 48.23241, 0.0 ], [ 37.72886, 48.23282, 0.0 ], [ 37.72926, 48.233, 0.0 ], [ 37.72977, 48.233, 0.0 ], [ 37.73035, 48.23288, 0.0 ], [ 37.73099, 48.23271, 0.0 ], [ 37.73168, 48.23255, 0.0 ], [ 37.73238, 48.23245, 0.0 ], [ 37.73308, 48.23248, 0.0 ], [ 37.73375, 48.2327, 0.0 ], [ 37.73408, 48.23292, 0.0 ], [ 37.73429, 48.23318, 0.0 ], [ 37.73441, 48.23345, 0.0 ], [ 37.73447, 48.23376, 0.0 ], [ 37.73449, 48.23409, 0.0 ], [ 37.73452, 48.23445, 0.0 ], [ 37.73458, 48.23484, 0.0 ], [ 37.73471, 48.23525, 0.0 ], [ 37.73494, 48.23569, 0.0 ], [ 37.73582, 48.2371, 0.0 ], [ 37.73653, 48.23826, 0.0 ], [ 37.73712, 48.23922, 0.0 ], [ 37.73765, 48.24006, 0.0 ], [ 37.73818, 48.24085, 0.0 ], [ 37.73876, 48.24165, 0.0 ], [ 37.73946, 48.24253, 0.0 ], [ 37.74032, 48.24355, 0.0 ], [ 37.7414, 48.24478, 0.0 ], [ 37.7418, 48.24519, 0.0 ], [ 37.74216, 48.24549, 0.0 ], [ 37.74248, 48.2457, 0.0 ], [ 37.7428, 48.24585, 0.0 ], [ 37.74312, 48.24597, 0.0 ], [ 37.74347, 48.24609, 0.0 ], [ 37.74385, 48.24624, 0.0 ], [ 37.7443, 48.24645, 0.0 ], [ 37.74481, 48.24674, 0.0 ], [ 37.74509, 48.24692, 0.0 ], [ 37.74531, 48.24706, 0.0 ], [ 37.74549, 48.24719, 0.0 ], [ 37.74564, 48.24731, 0.0 ], [ 37.74579, 48.24742, 0.0 ], [ 37.74594, 48.24754, 0.0 ], [ 37.74612, 48.24767, 0.0 ], [ 37.74634, 48.24783, 0.0 ], [ 37.74661, 48.24801, 0.0 ], [ 37.74678, 48.24812, 0.0 ], [ 37.74692, 48.24821, 0.0 ], [ 37.74704, 48.24828, 0.0 ], [ 37.74714, 48.24835, 0.0 ], [ 37.74724, 48.2484, 0.0 ], [ 37.74735, 48.24846, 0.0 ], [ 37.74747, 48.24853, 0.0 ], [ 37.74762, 48.2486, 0.0 ], [ 37.7478, 48.2487, 0.0 ], [ 37.75136, 48.25076, 0.0 ], [ 37.75419, 48.25264, 0.0 ], [ 37.7565, 48.25435, 0.0 ], [ 37.75851, 48.2559, 0.0 ], [ 37.76045, 48.2573, 0.0 ], [ 37.76253, 48.25855, 0.0 ], [ 37.76498, 48.25968, 0.0 ], [ 37.768, 48.26067, 0.0 ], [ 37.77182, 48.26155, 0.0 ], [ 37.7767, 48.26212, 0.0 ], [ 37.78093, 48.26196, 0.0 ], [ 37.78467, 48.26131, 0.0 ], [ 37.78806, 48.26039, 0.0 ], [ 37.79126, 48.25943, 0.0 ], [ 37.79441, 48.25865, 0.0 ], [ 37.79767, 48.25828, 0.0 ], [ 37.80118, 48.25855, 0.0 ], [ 37.80509, 48.25968, 0.0 ], [ 37.80679, 48.26083, 0.0 ], [ 37.80764, 48.26247, 0.0 ], [ 37.80788, 48.26446, 0.0 ], [ 37.80775, 48.26668, 0.0 ], [ 37.80749, 48.26899, 0.0 ], [ 37.80736, 48.27127, 0.0 ], [ 37.80758, 48.27339, 0.0 ], [ 37.8084, 48.27522, 0.0 ], [ 37.81007, 48.27663, 0.0 ], [ 37.81363, 48.27825, 0.0 ], [ 37.8168, 48.27914, 0.0 ], [ 37.81974, 48.27947, 0.0 ], [ 37.82259, 48.2794, 0.0 ], [ 37.82551, 48.2791, 0.0 ], [ 37.82866, 48.27873, 0.0 ], [ 37.83217, 48.27846, 0.0 ], [ 37.83621, 48.27845, 0.0 ], [ 37.84093, 48.27887, 0.0 ], [ 37.85116, 48.28018, 0.0 ], [ 37.85953, 48.28114, 0.0 ], [ 37.86655, 48.2819, 0.0 ], [ 37.87272, 48.2826, 0.0 ], [ 37.87856, 48.28336, 0.0 ], [ 37.88456, 48.28434, 0.0 ], [ 37.89124, 48.28566, 0.0 ], [ 37.8991, 48.28747, 0.0 ], [ 37.90865, 48.2899, 0.0 ], [ 37.90985, 48.29032, 0.0 ], [ 37.91082, 48.29088, 0.0 ], [ 37.91158, 48.29157, 0.0 ], [ 37.91213, 48.29237, 0.0 ], [ 37.91249, 48.29328, 0.0 ], [ 37.91266, 48.29428, 0.0 ], [ 37.91266, 48.29535, 0.0 ], [ 37.91251, 48.2965, 0.0 ], [ 37.9122, 48.2977, 0.0 ], [ 37.91124, 48.30026, 0.0 ], [ 37.91016, 48.30228, 0.0 ], [ 37.90897, 48.3039, 0.0 ], [ 37.90771, 48.3053, 0.0 ], [ 37.90639, 48.30664, 0.0 ], [ 37.90505, 48.30808, 0.0 ], [ 37.90369, 48.30977, 0.0 ], [ 37.90236, 48.31189, 0.0 ], [ 37.90107, 48.3146, 0.0 ], [ 37.90006, 48.31702, 0.0 ], [ 37.89923, 48.31907, 0.0 ], [ 37.89856, 48.32084, 0.0 ], [ 37.89806, 48.32246, 0.0 ], [ 37.89773, 48.32402, 0.0 ], [ 37.89756, 48.32564, 0.0 ], [ 37.89757, 48.32741, 0.0 ], [ 37.89774, 48.32945, 0.0 ], [ 37.89807, 48.33187, 0.0 ], [ 37.89837, 48.33344, 0.0 ], [ 37.89874, 48.33479, 0.0 ], [ 37.8992, 48.33594, 0.0 ], [ 37.89979, 48.33694, 0.0 ], [ 37.9005, 48.33781, 0.0 ], [ 37.90138, 48.33857, 0.0 ], [ 37.90243, 48.33927, 0.0 ], [ 37.90369, 48.33992, 0.0 ], [ 37.90516, 48.34055, 0.0 ], [ 37.90737, 48.34122, 0.0 ], [ 37.90936, 48.34143, 0.0 ], [ 37.91119, 48.34132, 0.0 ], [ 37.91291, 48.34102, 0.0 ], [ 37.91457, 48.34067, 0.0 ], [ 37.91622, 48.34038, 0.0 ], [ 37.9179, 48.34031, 0.0 ], [ 37.91968, 48.34057, 0.0 ], [ 37.9216, 48.34131, 0.0 ], [ 37.92244, 48.34194, 0.0 ], [ 37.92287, 48.3427, 0.0 ], [ 37.923, 48.34359, 0.0 ], [ 37.92294, 48.34456, 0.0 ], [ 37.9228, 48.3456, 0.0 ], [ 37.9227, 48.34669, 0.0 ], [ 37.92274, 48.34778, 0.0 ], [ 37.92303, 48.34886, 0.0 ], [ 37.92369, 48.34991, 0.0 ], [ 37.92473, 48.35093, 0.0 ], [ 37.92576, 48.3516, 0.0 ], [ 37.92677, 48.35201, 0.0 ], [ 37.92778, 48.35227, 0.0 ], [ 37.92881, 48.35248, 0.0 ], [ 37.92985, 48.35273, 0.0 ], [ 37.93092, 48.35314, 0.0 ], [ 37.93204, 48.3538, 0.0 ], [ 37.9332, 48.35481, 0.0 ], [ 37.93441, 48.35616, 0.0 ], [ 37.93528, 48.35737, 0.0 ], [ 37.93589, 48.35847, 0.0 ], [ 37.93633, 48.35952, 0.0 ], [ 37.93671, 48.36058, 0.0 ], [ 37.93711, 48.36169, 0.0 ], [ 37.93762, 48.36292, 0.0 ], [ 37.93833, 48.36431, 0.0 ], [ 37.93935, 48.36592, 0.0 ], [ 37.94033, 48.3673, 0.0 ], [ 37.94116, 48.36839, 0.0 ], [ 37.94189, 48.36927, 0.0 ], [ 37.94257, 48.37001, 0.0 ], [ 37.94324, 48.3707, 0.0 ], [ 37.94395, 48.37142, 0.0 ], [ 37.94475, 48.37225, 0.0 ], [ 37.94569, 48.37326, 0.0 ], [ 37.94681, 48.37455, 0.0 ], [ 37.94945, 48.37762, 0.0 ], [ 37.95162, 48.38009, 0.0 ], [ 37.95344, 48.38212, 0.0 ], [ 37.95504, 48.3839, 0.0 ], [ 37.95655, 48.3856, 0.0 ], [ 37.9581, 48.38741, 0.0 ], [ 37.95982, 48.3895, 0.0 ], [ 37.96184, 48.39205, 0.0 ], [ 37.96429, 48.39524, 0.0 ], [ 37.96467, 48.39585, 0.0 ], [ 37.96488, 48.39643, 0.0 ], [ 37.96498, 48.39697, 0.0 ], [ 37.965, 48.39748, 0.0 ], [ 37.96502, 48.39796, 0.0 ], [ 37.96506, 48.39843, 0.0 ], [ 37.96519, 48.39889, 0.0 ], [ 37.96546, 48.39933, 0.0 ], [ 37.96591, 48.39977, 0.0 ], [ 37.96672, 48.40023, 0.0 ], [ 37.96759, 48.40045, 0.0 ], [ 37.96849, 48.4005, 0.0 ], [ 37.96937, 48.40047, 0.0 ], [ 37.9702, 48.40042, 0.0 ], [ 37.97094, 48.40042, 0.0 ], [ 37.97156, 48.40055, 0.0 ], [ 37.97201, 48.40088, 0.0 ], [ 37.97227, 48.40149, 0.0 ], [ 37.97246, 48.40284, 0.0 ], [ 37.97249, 48.40409, 0.0 ], [ 37.97236, 48.40529, 0.0 ], [ 37.97208, 48.40646, 0.0 ], [ 37.97165, 48.40762, 0.0 ], [ 37.97106, 48.40881, 0.0 ], [ 37.97032, 48.41005, 0.0 ], [ 37.96942, 48.41136, 0.0 ], [ 37.96836, 48.41278, 0.0 ], [ 37.96745, 48.41378, 0.0 ], [ 37.96656, 48.41444, 0.0 ], [ 37.96567, 48.41487, 0.0 ], [ 37.96477, 48.41515, 0.0 ], [ 37.96387, 48.41537, 0.0 ], [ 37.96294, 48.41563, 0.0 ], [ 37.962, 48.41602, 0.0 ], [ 37.96101, 48.41662, 0.0 ], [ 37.95999, 48.41754, 0.0 ], [ 37.9593, 48.41838, 0.0 ], [ 37.95886, 48.41916, 0.0 ], [ 37.9586, 48.41988, 0.0 ], [ 37.95845, 48.42059, 0.0 ], [ 37.95835, 48.4213, 0.0 ], [ 37.95823, 48.42205, 0.0 ], [ 37.95802, 48.42284, 0.0 ], [ 37.95764, 48.42372, 0.0 ], [ 37.95704, 48.42471, 0.0 ], [ 37.95475, 48.42785, 0.0 ], [ 37.9528, 48.43032, 0.0 ], [ 37.95109, 48.43232, 0.0 ], [ 37.94953, 48.43404, 0.0 ], [ 37.94802, 48.43567, 0.0 ], [ 37.94647, 48.43739, 0.0 ], [ 37.94478, 48.43939, 0.0 ], [ 37.94284, 48.44188, 0.0 ], [ 37.94057, 48.44503, 0.0 ], [ 37.93973, 48.44617, 0.0 ], [ 37.9389, 48.44722, 0.0 ], [ 37.93812, 48.44818, 0.0 ], [ 37.93745, 48.44908, 0.0 ], [ 37.93692, 48.44993, 0.0 ], [ 37.93659, 48.45075, 0.0 ], [ 37.9365, 48.45155, 0.0 ], [ 37.93669, 48.45236, 0.0 ], [ 37.93721, 48.45318, 0.0 ], [ 37.93871, 48.45451, 0.0 ], [ 37.94045, 48.45536, 0.0 ], [ 37.94236, 48.45588, 0.0 ], [ 37.94435, 48.4562, 0.0 ], [ 37.94635, 48.45646, 0.0 ], [ 37.94828, 48.4568, 0.0 ], [ 37.95007, 48.45737, 0.0 ], [ 37.95163, 48.45831, 0.0 ], [ 37.9529, 48.45975, 0.0 ], [ 37.95331, 48.46097, 0.0 ], [ 37.95308, 48.46214, 0.0 ], [ 37.95239, 48.46329, 0.0 ], [ 37.95141, 48.46445, 0.0 ], [ 37.95033, 48.46563, 0.0 ], [ 37.94932, 48.46686, 0.0 ], [ 37.94855, 48.46817, 0.0 ], [ 37.9482, 48.46958, 0.0 ], [ 37.94845, 48.47111, 0.0 ], [ 37.94945, 48.47335, 0.0 ], [ 37.95054, 48.47511, 0.0 ], [ 37.95175, 48.4765, 0.0 ], [ 37.95308, 48.47767, 0.0 ], [ 37.95456, 48.47873, 0.0 ], [ 37.95621, 48.47982, 0.0 ], [ 37.95803, 48.48107, 0.0 ], [ 37.96004, 48.4826, 0.0 ], [ 37.96227, 48.48455, 0.0 ], [ 37.9631, 48.4853, 0.0 ], [ 37.9638, 48.48589, 0.0 ], [ 37.96441, 48.48635, 0.0 ], [ 37.96495, 48.48675, 0.0 ], [ 37.96546, 48.48713, 0.0 ], [ 37.96599, 48.48753, 0.0 ], [ 37.96655, 48.48802, 0.0 ], [ 37.96718, 48.48864, 0.0 ], [ 37.96793, 48.48943, 0.0 ], [ 37.96816, 48.48969, 0.0 ], [ 37.96834, 48.48991, 0.0 ], [ 37.96848, 48.49012, 0.0 ], [ 37.96858, 48.49032, 0.0 ], [ 37.96865, 48.49052, 0.0 ], [ 37.96868, 48.49074, 0.0 ], [ 37.96869, 48.49098, 0.0 ], [ 37.96867, 48.49127, 0.0 ], [ 37.96863, 48.49161, 0.0 ], [ 37.96836, 48.49299, 0.0 ], [ 37.968, 48.49413, 0.0 ], [ 37.96759, 48.4951, 0.0 ], [ 37.96718, 48.49596, 0.0 ], [ 37.96679, 48.49676, 0.0 ], [ 37.96647, 48.49759, 0.0 ], [ 37.96626, 48.49849, 0.0 ], [ 37.96619, 48.49953, 0.0 ], [ 37.9663, 48.50077, 0.0 ], [ 37.96651, 48.50158, 0.0 ], [ 37.96683, 48.50219, 0.0 ], [ 37.96725, 48.50264, 0.0 ], [ 37.96775, 48.503, 0.0 ], [ 37.9683, 48.50333, 0.0 ], [ 37.96891, 48.50368, 0.0 ], [ 37.96953, 48.5041, 0.0 ], [ 37.97017, 48.50467, 0.0 ], [ 37.97079, 48.50543, 0.0 ], [ 37.97178, 48.5067, 0.0 ], [ 37.97278, 48.50779, 0.0 ], [ 37.97374, 48.50875, 0.0 ], [ 37.9746, 48.50961, 0.0 ], [ 37.97533, 48.51044, 0.0 ], [ 37.97586, 48.51128, 0.0 ], [ 37.97615, 48.51217, 0.0 ], [ 37.97614, 48.51317, 0.0 ], [ 37.97578, 48.51432, 0.0 ], [ 37.97455, 48.51641, 0.0 ], [ 37.97299, 48.51808, 0.0 ], [ 37.9712, 48.51942, 0.0 ], [ 37.96928, 48.52056, 0.0 ], [ 37.96734, 48.52159, 0.0 ], [ 37.96547, 48.52264, 0.0 ], [ 37.96378, 48.52381, 0.0 ], [ 37.96236, 48.52521, 0.0 ], [ 37.96133, 48.52695, 0.0 ], [ 37.96119, 48.5277, 0.0 ], [ 37.96143, 48.52826, 0.0 ], [ 37.962, 48.52867, 0.0 ], [ 37.96284, 48.52899, 0.0 ], [ 37.96387, 48.52928, 0.0 ], [ 37.96505, 48.52959, 0.0 ], [ 37.96629, 48.52998, 0.0 ], [ 37.96755, 48.5305, 0.0 ], [ 37.96876, 48.5312, 0.0 ], [ 37.96942, 48.53165, 0.0 ], [ 37.96999, 48.53201, 0.0 ], [ 37.97047, 48.53232, 0.0 ], [ 37.9709, 48.53261, 0.0 ], [ 37.97127, 48.5329, 0.0 ], [ 37.97161, 48.53324, 0.0 ], [ 37.97193, 48.53365, 0.0 ], [ 37.97224, 48.53417, 0.0 ], [ 37.97257, 48.53482, 0.0 ], [ 37.97284, 48.53542, 0.0 ], [ 37.97307, 48.53597, 0.0 ], [ 37.97325, 48.53649, 0.0 ], [ 37.97336, 48.53698, 0.0 ], [ 37.97339, 48.53745, 0.0 ], [ 37.97334, 48.53791, 0.0 ], [ 37.97318, 48.53837, 0.0 ], [ 37.97291, 48.53884, 0.0 ], [ 37.97251, 48.53934, 0.0 ], [ 37.97129, 48.54063, 0.0 ], [ 37.97021, 48.54164, 0.0 ], [ 37.96922, 48.54243, 0.0 ], [ 37.96827, 48.54309, 0.0 ], [ 37.96728, 48.54367, 0.0 ], [ 37.96621, 48.54424, 0.0 ], [ 37.96499, 48.54487, 0.0 ], [ 37.96357, 48.54563, 0.0 ], [ 37.96189, 48.54658, 0.0 ], [ 37.96141, 48.54682, 0.0 ], [ 37.961, 48.54697, 0.0 ], [ 37.96064, 48.54704, 0.0 ], [ 37.9603, 48.54707, 0.0 ], [ 37.95997, 48.54709, 0.0 ], [ 37.95964, 48.54713, 0.0 ], [ 37.95929, 48.5472, 0.0 ], [ 37.95889, 48.54735, 0.0 ], [ 37.95844, 48.5476, 0.0 ], [ 37.95802, 48.54785, 0.0 ], [ 37.95762, 48.54808, 0.0 ], [ 37.95726, 48.54829, 0.0 ], [ 37.95694, 48.5485, 0.0 ], [ 37.95668, 48.54872, 0.0 ], [ 37.95649, 48.54898, 0.0 ], [ 37.95636, 48.54928, 0.0 ], [ 37.95633, 48.54963, 0.0 ], [ 37.95638, 48.55006, 0.0 ], [ 37.95676, 48.55167, 0.0 ], [ 37.95712, 48.55303, 0.0 ], [ 37.9575, 48.55422, 0.0 ], [ 37.95791, 48.55528, 0.0 ], [ 37.95839, 48.55629, 0.0 ], [ 37.95895, 48.55729, 0.0 ], [ 37.95963, 48.55836, 0.0 ], [ 37.96044, 48.55955, 0.0 ], [ 37.96141, 48.56092, 0.0 ], [ 37.96166, 48.56121, 0.0 ], [ 37.96192, 48.56136, 0.0 ], [ 37.96218, 48.56142, 0.0 ], [ 37.96246, 48.5614, 0.0 ], [ 37.96275, 48.56133, 0.0 ], [ 37.96308, 48.56124, 0.0 ], [ 37.96344, 48.56116, 0.0 ], [ 37.96384, 48.56111, 0.0 ], [ 37.96429, 48.56113, 0.0 ], [ 37.96465, 48.56114, 0.0 ], [ 37.965, 48.56112, 0.0 ], [ 37.96535, 48.56108, 0.0 ], [ 37.96566, 48.56103, 0.0 ], [ 37.96594, 48.56101, 0.0 ], [ 37.96616, 48.56102, 0.0 ], [ 37.96632, 48.5611, 0.0 ], [ 37.96641, 48.56125, 0.0 ], [ 37.9664, 48.5615, 0.0 ], [ 37.96604, 48.56357, 0.0 ], [ 37.96574, 48.56533, 0.0 ], [ 37.96545, 48.56687, 0.0 ], [ 37.96514, 48.56829, 0.0 ], [ 37.96474, 48.56966, 0.0 ], [ 37.96423, 48.57107, 0.0 ], [ 37.96356, 48.57262, 0.0 ], [ 37.96269, 48.57439, 0.0 ], [ 37.96157, 48.57646, 0.0 ], [ 37.95993, 48.57918, 0.0 ], [ 37.9584, 48.5813, 0.0 ], [ 37.95696, 48.58301, 0.0 ], [ 37.95558, 48.58445, 0.0 ], [ 37.95423, 48.58579, 0.0 ], [ 37.95288, 48.5872, 0.0 ], [ 37.95151, 48.58883, 0.0 ], [ 37.9501, 48.59085, 0.0 ], [ 37.9486, 48.59342, 0.0 ], [ 37.94836, 48.59398, 0.0 ], [ 37.94828, 48.59446, 0.0 ], [ 37.94834, 48.59489, 0.0 ], [ 37.94851, 48.59529, 0.0 ], [ 37.94877, 48.59567, 0.0 ], [ 37.94911, 48.59606, 0.0 ], [ 37.94951, 48.59648, 0.0 ], [ 37.94994, 48.59694, 0.0 ], [ 37.95039, 48.59747, 0.0 ], [ 37.95114, 48.59842, 0.0 ], [ 37.95175, 48.5992, 0.0 ], [ 37.95227, 48.59985, 0.0 ], [ 37.95276, 48.6004, 0.0 ], [ 37.95326, 48.6009, 0.0 ], [ 37.95381, 48.60139, 0.0 ], [ 37.95446, 48.6019, 0.0 ], [ 37.95526, 48.60248, 0.0 ], [ 37.95626, 48.60316, 0.0 ], [ 37.95734, 48.60373, 0.0 ], [ 37.95841, 48.60406, 0.0 ], [ 37.95944, 48.60423, 0.0 ], [ 37.96041, 48.60431, 0.0 ], [ 37.9613, 48.60438, 0.0 ], [ 37.96208, 48.60454, 0.0 ], [ 37.96273, 48.60486, 0.0 ], [ 37.96322, 48.60542, 0.0 ], [ 37.96353, 48.60631, 0.0 ], [ 37.96391, 48.60871, 0.0 ], [ 37.96406, 48.6108, 0.0 ], [ 37.96399, 48.61269, 0.0 ], [ 37.96374, 48.61446, 0.0 ], [ 37.96333, 48.61623, 0.0 ], [ 37.96278, 48.61808, 0.0 ], [ 37.96212, 48.62011, 0.0 ], [ 37.96138, 48.62243, 0.0 ], [ 37.96058, 48.62512, 0.0 ], [ 37.96042, 48.62556, 0.0 ], [ 37.96022, 48.62588, 0.0 ], [ 37.95998, 48.62611, 0.0 ], [ 37.95971, 48.62626, 0.0 ], [ 37.95939, 48.62637, 0.0 ], [ 37.95904, 48.62646, 0.0 ], [ 37.95864, 48.62656, 0.0 ], [ 37.9582, 48.6267, 0.0 ], [ 37.95772, 48.6269, 0.0 ], [ 37.95692, 48.6273, 0.0 ], [ 37.95628, 48.62763, 0.0 ], [ 37.95575, 48.62792, 0.0 ], [ 37.95528, 48.62816, 0.0 ], [ 37.95483, 48.62838, 0.0 ], [ 37.95434, 48.62858, 0.0 ], [ 37.95378, 48.62877, 0.0 ], [ 37.95309, 48.62896, 0.0 ], [ 37.95223, 48.62917, 0.0 ], [ 37.94933, 48.62985, 0.0 ], [ 37.94698, 48.63044, 0.0 ], [ 37.94503, 48.63093, 0.0 ], [ 37.9433, 48.63135, 0.0 ], [ 37.94165, 48.63169, 0.0 ], [ 37.93992, 48.63199, 0.0 ], [ 37.93793, 48.63223, 0.0 ], [ 37.93554, 48.63245, 0.0 ], [ 37.93258, 48.63264, 0.0 ], [ 37.92971, 48.63262, 0.0 ], [ 37.92733, 48.63229, 0.0 ], [ 37.9253, 48.63177, 0.0 ], [ 37.9235, 48.63118, 0.0 ], [ 37.92181, 48.63064, 0.0 ], [ 37.92009, 48.63026, 0.0 ], [ 37.91823, 48.63017, 0.0 ], [ 37.91609, 48.63049, 0.0 ], [ 37.91356, 48.63133, 0.0 ], [ 37.90895, 48.63336, 0.0 ], [ 37.90522, 48.63529, 0.0 ], [ 37.90215, 48.63719, 0.0 ], [ 37.89951, 48.63913, 0.0 ], [ 37.8971, 48.64119, 0.0 ], [ 37.89468, 48.64345, 0.0 ], [ 37.89204, 48.64599, 0.0 ], [ 37.88895, 48.64888, 0.0 ], [ 37.8852, 48.65219, 0.0 ], [ 37.88499, 48.65243, 0.0 ], [ 37.88494, 48.65264, 0.0 ], [ 37.88503, 48.65284, 0.0 ], [ 37.88522, 48.65302, 0.0 ], [ 37.8855, 48.65321, 0.0 ], [ 37.88582, 48.65342, 0.0 ], [ 37.88616, 48.65364, 0.0 ], [ 37.8865, 48.6539, 0.0 ], [ 37.8868, 48.65421, 0.0 ], [ 37.8873, 48.65481, 0.0 ], [ 37.88771, 48.6553, 0.0 ], [ 37.88806, 48.65569, 0.0 ], [ 37.88836, 48.65604, 0.0 ], [ 37.88865, 48.65637, 0.0 ], [ 37.88895, 48.65672, 0.0 ], [ 37.88928, 48.65713, 0.0 ], [ 37.88967, 48.65763, 0.0 ], [ 37.89015, 48.65825, 0.0 ], [ 37.89319, 48.66221, 0.0 ], [ 37.89575, 48.66538, 0.0 ], [ 37.89793, 48.668, 0.0 ], [ 37.89986, 48.67029, 0.0 ], [ 37.90165, 48.67249, 0.0 ], [ 37.90344, 48.67483, 0.0 ], [ 37.90534, 48.67753, 0.0 ], [ 37.90746, 48.68084, 0.0 ], [ 37.90993, 48.68498, 0.0 ], [ 37.91034, 48.68582, 0.0 ], [ 37.91055, 48.68654, 0.0 ], [ 37.91058, 48.68718, 0.0 ], [ 37.91049, 48.68778, 0.0 ], [ 37.9103, 48.68837, 0.0 ], [ 37.91007, 48.68901, 0.0 ], [ 37.90982, 48.68972, 0.0 ], [ 37.90961, 48.69056, 0.0 ], [ 37.90946, 48.69156, 0.0 ], [ 37.90941, 48.69183, 0.0 ], [ 37.90931, 48.69208, 0.0 ], [ 37.9092, 48.6923, 0.0 ], [ 37.90908, 48.6925, 0.0 ], [ 37.90898, 48.69268, 0.0 ], [ 37.90892, 48.69284, 0.0 ], [ 37.90892, 48.693, 0.0 ], [ 37.909, 48.69314, 0.0 ], [ 37.90918, 48.69328, 0.0 ], [ 37.91118, 48.69446, 0.0 ], [ 37.91285, 48.69544, 0.0 ], [ 37.91428, 48.69625, 0.0 ], [ 37.91558, 48.69695, 0.0 ], [ 37.91688, 48.69757, 0.0 ], [ 37.91827, 48.69816, 0.0 ], [ 37.91987, 48.69876, 0.0 ], [ 37.92179, 48.69942, 0.0 ], [ 37.92413, 48.70018, 0.0 ], [ 37.92619, 48.70079, 0.0 ], [ 37.92787, 48.7012, 0.0 ], [ 37.92929, 48.70146, 0.0 ], [ 37.93056, 48.70162, 0.0 ], [ 37.93178, 48.70173, 0.0 ], [ 37.93307, 48.70182, 0.0 ], [ 37.93453, 48.70196, 0.0 ], [ 37.93627, 48.70219, 0.0 ], [ 37.93841, 48.70256, 0.0 ], [ 37.9471, 48.70406, 0.0 ], [ 37.95425, 48.70506, 0.0 ], [ 37.96027, 48.70573, 0.0 ], [ 37.96559, 48.70627, 0.0 ], [ 37.9706, 48.70689, 0.0 ], [ 37.97573, 48.70775, 0.0 ], [ 37.98138, 48.70907, 0.0 ], [ 37.98797, 48.71103, 0.0 ], [ 37.99591, 48.71383, 0.0 ], [ 37.9984, 48.71496, 0.0 ], [ 38.0002, 48.71621, 0.0 ], [ 38.00149, 48.71758, 0.0 ], [ 38.00244, 48.71908, 0.0 ], [ 38.00323, 48.7207, 0.0 ], [ 38.00403, 48.72248, 0.0 ], [ 38.00502, 48.7244, 0.0 ], [ 38.00636, 48.72647, 0.0 ], [ 38.00824, 48.72871, 0.0 ], [ 38.0089, 48.72937, 0.0 ], [ 38.00947, 48.72985, 0.0 ], [ 38.00998, 48.73022, 0.0 ], [ 38.01046, 48.7305, 0.0 ], [ 38.01094, 48.73075, 0.0 ], [ 38.01144, 48.73101, 0.0 ], [ 38.012, 48.73133, 0.0 ], [ 38.01264, 48.73174, 0.0 ], [ 38.0134, 48.7323, 0.0 ], [ 38.01521, 48.73367, 0.0 ], [ 38.01674, 48.73474, 0.0 ], [ 38.01804, 48.7356, 0.0 ], [ 38.01919, 48.73635, 0.0 ], [ 38.02026, 48.73709, 0.0 ], [ 38.02131, 48.73792, 0.0 ], [ 38.02242, 48.73894, 0.0 ], [ 38.02364, 48.74024, 0.0 ], [ 38.02505, 48.74193, 0.0 ], [ 38.02595, 48.74339, 0.0 ], [ 38.02644, 48.74487, 0.0 ], [ 38.02667, 48.74634, 0.0 ], [ 38.02675, 48.74775, 0.0 ], [ 38.0268, 48.74906, 0.0 ], [ 38.02697, 48.75021, 0.0 ], [ 38.02737, 48.75117, 0.0 ], [ 38.02814, 48.7519, 0.0 ], [ 38.02939, 48.75234, 0.0 ], [ 38.03301, 48.75286, 0.0 ], [ 38.03612, 48.75298, 0.0 ], [ 38.03889, 48.75277, 0.0 ], [ 38.04148, 48.7523, 0.0 ], [ 38.04408, 48.75162, 0.0 ], [ 38.04685, 48.75079, 0.0 ], [ 38.04996, 48.74988, 0.0 ], [ 38.0536, 48.74894, 0.0 ], [ 38.05792, 48.74804, 0.0 ], [ 38.05984, 48.74775, 0.0 ], [ 38.06145, 48.74759, 0.0 ], [ 38.06283, 48.74751, 0.0 ], [ 38.06406, 48.74743, 0.0 ], [ 38.06519, 48.74729, 0.0 ], [ 38.06632, 48.74704, 0.0 ], [ 38.06749, 48.74659, 0.0 ], [ 38.0688, 48.7459, 0.0 ], [ 38.07031, 48.74489, 0.0 ], [ 38.07219, 48.74327, 0.0 ], [ 38.07351, 48.74164, 0.0 ], [ 38.07443, 48.74002, 0.0 ], [ 38.07512, 48.73842, 0.0 ], [ 38.07575, 48.73685, 0.0 ], [ 38.07649, 48.73534, 0.0 ], [ 38.07751, 48.73389, 0.0 ], [ 38.07897, 48.73251, 0.0 ], [ 38.08105, 48.73123, 0.0 ], [ 38.08477, 48.72944, 0.0 ], [ 38.08791, 48.72812, 0.0 ], [ 38.09065, 48.72718, 0.0 ], [ 38.0932, 48.72656, 0.0 ], [ 38.09572, 48.72615, 0.0 ], [ 38.09841, 48.7259, 0.0 ], [ 38.10146, 48.7257, 0.0 ], [ 38.10506, 48.72549, 0.0 ], [ 38.10939, 48.72518, 0.0 ], [ 38.11246, 48.72494, 0.0 ], [ 38.11496, 48.72479, 0.0 ], [ 38.11706, 48.72475, 0.0 ], [ 38.11891, 48.72481, 0.0 ], [ 38.12068, 48.725, 0.0 ], [ 38.12251, 48.72532, 0.0 ], [ 38.12457, 48.7258, 0.0 ], [ 38.12702, 48.72643, 0.0 ], [ 38.13002, 48.72723, 0.0 ], [ 38.14009, 48.72988, 0.0 ], [ 38.14838, 48.73201, 0.0 ], [ 38.15536, 48.7338, 0.0 ], [ 38.1615, 48.73546, 0.0 ], [ 38.16727, 48.73717, 0.0 ], [ 38.17314, 48.73912, 0.0 ], [ 38.17958, 48.74152, 0.0 ], [ 38.18705, 48.74456, 0.0 ], [ 38.19603, 48.74843, 0.0 ], [ 38.19688, 48.74897, 0.0 ], [ 38.19727, 48.74962, 0.0 ], [ 38.19729, 48.75035, 0.0 ], [ 38.19707, 48.75117, 0.0 ], [ 38.19672, 48.75207, 0.0 ], [ 38.19633, 48.75304, 0.0 ], [ 38.19602, 48.75407, 0.0 ], [ 38.1959, 48.75515, 0.0 ], [ 38.19608, 48.75629, 0.0 ], [ 38.1963, 48.75696, 0.0 ], [ 38.19653, 48.75756, 0.0 ], [ 38.19677, 48.75807, 0.0 ], [ 38.19705, 48.75851, 0.0 ], [ 38.19738, 48.75887, 0.0 ], [ 38.19779, 48.75917, 0.0 ], [ 38.19828, 48.7594, 0.0 ], [ 38.19887, 48.75957, 0.0 ], [ 38.19958, 48.75968, 0.0 ], [ 38.20377, 48.75986, 0.0 ], [ 38.20749, 48.75957, 0.0 ], [ 38.21081, 48.75897, 0.0 ], [ 38.21384, 48.75827, 0.0 ], [ 38.21665, 48.75766, 0.0 ], [ 38.21933, 48.7573, 0.0 ], [ 38.22198, 48.7574, 0.0 ], [ 38.22469, 48.75815, 0.0 ], [ 38.22753, 48.75972, 0.0 ], [ 38.22938, 48.76148, 0.0 ], [ 38.23033, 48.76347, 0.0 ], [ 38.23063, 48.76565, 0.0 ], [ 38.2305, 48.76802, 0.0 ], [ 38.23017, 48.77054, 0.0 ], [ 38.22987, 48.77321, 0.0 ], [ 38.22983, 48.776, 0.0 ], [ 38.23028, 48.77889, 0.0 ], [ 38.23146, 48.78186, 0.0 ], [ 38.23239, 48.78335, 0.0 ], [ 38.23335, 48.78442, 0.0 ], [ 38.23436, 48.78517, 0.0 ], [ 38.23544, 48.78568, 0.0 ], [ 38.23662, 48.78606, 0.0 ], [ 38.23791, 48.78641, 0.0 ], [ 38.23936, 48.78681, 0.0 ], [ 38.24098, 48.78738, 0.0 ], [ 38.2428, 48.78819, 0.0 ], [ 38.24322, 48.78836, 0.0 ], [ 38.2436, 48.78845, 0.0 ], [ 38.24393, 48.78848, 0.0 ], [ 38.24424, 48.78848, 0.0 ], [ 38.24453, 48.78848, 0.0 ], [ 38.24481, 48.78851, 0.0 ], [ 38.2451, 48.7886, 0.0 ], [ 38.2454, 48.78877, 0.0 ], [ 38.24572, 48.78907, 0.0 ], [ 38.24813, 48.79167, 0.0 ], [ 38.25008, 48.79379, 0.0 ], [ 38.25168, 48.79559, 0.0 ], [ 38.25307, 48.79722, 0.0 ], [ 38.25436, 48.7988, 0.0 ], [ 38.25567, 48.80049, 0.0 ], [ 38.25712, 48.80244, 0.0 ], [ 38.25883, 48.80478, 0.0 ], [ 38.26092, 48.80766, 0.0 ], [ 38.26125, 48.8081, 0.0 ], [ 38.26154, 48.8085, 0.0 ], [ 38.26179, 48.80887, 0.0 ], [ 38.26199, 48.80922, 0.0 ], [ 38.26211, 48.80956, 0.0 ], [ 38.26216, 48.8099, 0.0 ], [ 38.26211, 48.81026, 0.0 ], [ 38.26196, 48.81065, 0.0 ], [ 38.26169, 48.81107, 0.0 ], [ 38.25919, 48.81418, 0.0 ], [ 38.25693, 48.81658, 0.0 ], [ 38.25484, 48.81849, 0.0 ], [ 38.25288, 48.82013, 0.0 ], [ 38.25099, 48.82169, 0.0 ], [ 38.24913, 48.8234, 0.0 ], [ 38.24723, 48.82547, 0.0 ], [ 38.24526, 48.8281, 0.0 ], [ 38.24315, 48.83152, 0.0 ], [ 38.24178, 48.83427, 0.0 ], [ 38.24096, 48.83664, 0.0 ], [ 38.24054, 48.83873, 0.0 ], [ 38.24038, 48.84067, 0.0 ], [ 38.24033, 48.84258, 0.0 ], [ 38.24025, 48.84457, 0.0 ], [ 38.24, 48.84677, 0.0 ], [ 38.23942, 48.84929, 0.0 ], [ 38.23839, 48.85226, 0.0 ], [ 38.23745, 48.8544, 0.0 ], [ 38.23658, 48.85608, 0.0 ], [ 38.23575, 48.85743, 0.0 ], [ 38.2349, 48.85856, 0.0 ], [ 38.23402, 48.8596, 0.0 ], [ 38.23306, 48.86068, 0.0 ], [ 38.23199, 48.86192, 0.0 ], [ 38.23077, 48.86345, 0.0 ], [ 38.22936, 48.86538, 0.0 ], [ 38.22744, 48.86776, 0.0 ], [ 38.22533, 48.86983, 0.0 ], [ 38.22319, 48.87166, 0.0 ], [ 38.22118, 48.87329, 0.0 ], [ 38.21946, 48.87479, 0.0 ], [ 38.21819, 48.87622, 0.0 ], [ 38.21753, 48.87764, 0.0 ], [ 38.21763, 48.8791, 0.0 ], [ 38.21867, 48.88067, 0.0 ], [ 38.22278, 48.88432, 0.0 ], [ 38.227, 48.88689, 0.0 ], [ 38.23137, 48.88869, 0.0 ], [ 38.23593, 48.89005, 0.0 ], [ 38.24072, 48.89126, 0.0 ], [ 38.2458, 48.89264, 0.0 ], [ 38.25119, 48.89452, 0.0 ], [ 38.25694, 48.89719, 0.0 ], [ 38.2631, 48.90097, 0.0 ], [ 38.26507, 48.90259, 0.0 ], [ 38.26639, 48.90418, 0.0 ], [ 38.2672, 48.90578, 0.0 ], [ 38.26769, 48.90741, 0.0 ], [ 38.26802, 48.90911, 0.0 ], [ 38.26836, 48.9109, 0.0 ], [ 38.26887, 48.91283, 0.0 ], [ 38.26971, 48.91492, 0.0 ], [ 38.27107, 48.9172, 0.0 ], [ 38.2717, 48.91788, 0.0 ], [ 38.27242, 48.91829, 0.0 ], [ 38.27318, 48.91852, 0.0 ], [ 38.27394, 48.91864, 0.0 ], [ 38.27468, 48.91872, 0.0 ], [ 38.27534, 48.91886, 0.0 ], [ 38.27591, 48.91911, 0.0 ], [ 38.27633, 48.91957, 0.0 ], [ 38.27657, 48.9203, 0.0 ], [ 38.27694, 48.9226, 0.0 ], [ 38.27727, 48.92479, 0.0 ], [ 38.27751, 48.92686, 0.0 ], [ 38.27761, 48.92882, 0.0 ], [ 38.27752, 48.93065, 0.0 ], [ 38.27717, 48.93236, 0.0 ], [ 38.27653, 48.93394, 0.0 ], [ 38.27553, 48.93539, 0.0 ], [ 38.27413, 48.93671, 0.0 ], [ 38.27243, 48.93768, 0.0 ], [ 38.27077, 48.93801, 0.0 ], [ 38.2691, 48.93788, 0.0 ], [ 38.26739, 48.93742, 0.0 ], [ 38.26557, 48.9368, 0.0 ], [ 38.26361, 48.93617, 0.0 ], [ 38.26146, 48.93569, 0.0 ], [ 38.25907, 48.93551, 0.0 ], [ 38.2564, 48.9358, 0.0 ], [ 38.25319, 48.93652, 0.0 ], [ 38.25062, 48.93726, 0.0 ], [ 38.24851, 48.93803, 0.0 ], [ 38.24669, 48.93885, 0.0 ], [ 38.24498, 48.93974, 0.0 ], [ 38.24319, 48.94073, 0.0 ], [ 38.24114, 48.94183, 0.0 ], [ 38.23866, 48.94307, 0.0 ], [ 38.23557, 48.94445, 0.0 ], [ 38.23385, 48.94527, 0.0 ], [ 38.23248, 48.94608, 0.0 ], [ 38.23136, 48.94685, 0.0 ], [ 38.23039, 48.94756, 0.0 ], [ 38.22946, 48.9482, 0.0 ], [ 38.22846, 48.94873, 0.0 ], [ 38.2273, 48.94915, 0.0 ], [ 38.22586, 48.94942, 0.0 ], [ 38.22404, 48.94952, 0.0 ], [ 38.21848, 48.94934, 0.0 ], [ 38.21353, 48.9488, 0.0 ], [ 38.2091, 48.94802, 0.0 ], [ 38.20508, 48.94712, 0.0 ], [ 38.20139, 48.9462, 0.0 ], [ 38.19793, 48.94539, 0.0 ], [ 38.19459, 48.94481, 0.0 ], [ 38.19129, 48.94456, 0.0 ], [ 38.18792, 48.94477, 0.0 ], [ 38.18717, 48.94505, 0.0 ], [ 38.18714, 48.94554, 0.0 ], [ 38.18769, 48.94623, 0.0 ], [ 38.18872, 48.9471, 0.0 ], [ 38.19008, 48.94813, 0.0 ], [ 38.19167, 48.94928, 0.0 ], [ 38.19336, 48.95055, 0.0 ], [ 38.19503, 48.95191, 0.0 ], [ 38.19655, 48.95334, 0.0 ], [ 38.19673, 48.95351, 0.0 ], [ 38.19692, 48.95367, 0.0 ], [ 38.19711, 48.95382, 0.0 ], [ 38.19728, 48.95396, 0.0 ], [ 38.19741, 48.95409, 0.0 ], [ 38.19751, 48.95422, 0.0 ], [ 38.19754, 48.95434, 0.0 ], [ 38.19751, 48.95446, 0.0 ], [ 38.19739, 48.95458, 0.0 ], [ 38.19655, 48.95505, 0.0 ], [ 38.19564, 48.95534, 0.0 ], [ 38.19471, 48.95551, 0.0 ], [ 38.19379, 48.95563, 0.0 ], [ 38.19292, 48.95575, 0.0 ], [ 38.19215, 48.95594, 0.0 ], [ 38.1915, 48.95626, 0.0 ], [ 38.19103, 48.95677, 0.0 ], [ 38.19076, 48.95754, 0.0 ], [ 38.19069, 48.95908, 0.0 ], [ 38.19096, 48.96047, 0.0 ], [ 38.19149, 48.96177, 0.0 ], [ 38.19217, 48.963, 0.0 ], [ 38.19293, 48.96422, 0.0 ], [ 38.19367, 48.96546, 0.0 ], [ 38.1943, 48.96679, 0.0 ], [ 38.19473, 48.96823, 0.0 ], [ 38.19487, 48.96983, 0.0 ], [ 38.19474, 48.97031, 0.0 ], [ 38.19442, 48.97056, 0.0 ], [ 38.19394, 48.97066, 0.0 ], [ 38.19336, 48.97066, 0.0 ], [ 38.19272, 48.97063, 0.0 ], [ 38.19207, 48.97062, 0.0 ], [ 38.19145, 48.97071, 0.0 ], [ 38.19091, 48.97094, 0.0 ], [ 38.1905, 48.97139, 0.0 ], [ 38.1901, 48.97234, 0.0 ], [ 38.18996, 48.97328, 0.0 ], [ 38.18999, 48.97421, 0.0 ], [ 38.19012, 48.97511, 0.0 ], [ 38.19027, 48.97599, 0.0 ], [ 38.19037, 48.97682, 0.0 ], [ 38.19034, 48.97759, 0.0 ], [ 38.19011, 48.97831, 0.0 ], [ 38.1896, 48.97896, 0.0 ], [ 38.189, 48.97938, 0.0 ], [ 38.18841, 48.97959, 0.0 ], [ 38.1878, 48.97962, 0.0 ], [ 38.18715, 48.97951, 0.0 ], [ 38.18645, 48.97931, 0.0 ], [ 38.18569, 48.97905, 0.0 ], [ 38.18485, 48.97877, 0.0 ], [ 38.18391, 48.9785, 0.0 ], [ 38.18285, 48.9783, 0.0 ], [ 38.1807, 48.97794, 0.0 ], [ 38.17897, 48.97758, 0.0 ], [ 38.17753, 48.97721, 0.0 ], [ 38.17627, 48.97687, 0.0 ], [ 38.17507, 48.97655, 0.0 ], [ 38.17382, 48.97629, 0.0 ], [ 38.17238, 48.97608, 0.0 ], [ 38.17065, 48.97596, 0.0 ], [ 38.1685, 48.97593, 0.0 ], [ 38.16574, 48.97605, 0.0 ], [ 38.1635, 48.97633, 0.0 ], [ 38.16164, 48.97672, 0.0 ], [ 38.16, 48.97716, 0.0 ], [ 38.15845, 48.97762, 0.0 ], [ 38.15682, 48.97804, 0.0 ], [ 38.15498, 48.97837, 0.0 ], [ 38.15277, 48.97857, 0.0 ], [ 38.15005, 48.97859, 0.0 ], [ 38.14847, 48.97843, 0.0 ], [ 38.14721, 48.97809, 0.0 ], [ 38.14619, 48.97762, 0.0 ], [ 38.1453, 48.97707, 0.0 ], [ 38.14446, 48.97651, 0.0 ], [ 38.14357, 48.97597, 0.0 ], [ 38.14255, 48.97551, 0.0 ], [ 38.14129, 48.97519, 0.0 ], [ 38.13971, 48.97506, 0.0 ], [ 38.13669, 48.97509, 0.0 ], [ 38.13424, 48.97525, 0.0 ], [ 38.1322, 48.97551, 0.0 ], [ 38.13041, 48.97586, 0.0 ], [ 38.12868, 48.97628, 0.0 ], [ 38.12687, 48.97674, 0.0 ], [ 38.12481, 48.97723, 0.0 ], [ 38.12232, 48.97773, 0.0 ], [ 38.11925, 48.97821, 0.0 ], [ 38.11745, 48.97836, 0.0 ], [ 38.11591, 48.97834, 0.0 ], [ 38.11457, 48.97822, 0.0 ], [ 38.11338, 48.97807, 0.0 ], [ 38.11227, 48.97796, 0.0 ], [ 38.11118, 48.97797, 0.0 ], [ 38.11006, 48.97818, 0.0 ], [ 38.10884, 48.97866, 0.0 ], [ 38.10746, 48.97948, 0.0 ], [ 38.10577, 48.98075, 0.0 ], [ 38.10448, 48.98194, 0.0 ], [ 38.10351, 48.98309, 0.0 ], [ 38.10275, 48.98427, 0.0 ], [ 38.10211, 48.98552, 0.0 ], [ 38.10149, 48.98689, 0.0 ], [ 38.10079, 48.98845, 0.0 ], [ 38.09993, 48.99023, 0.0 ], [ 38.09879, 48.99229, 0.0 ], [ 38.0971, 48.9953, 0.0 ], [ 38.09583, 48.99779, 0.0 ], [ 38.09485, 48.99992, 0.0 ], [ 38.09404, 49.00182, 0.0 ], [ 38.09326, 49.00362, 0.0 ], [ 38.0924, 49.00547, 0.0 ], [ 38.09132, 49.00749, 0.0 ], [ 38.08989, 49.00983, 0.0 ], [ 38.088, 49.01263, 0.0 ], [ 38.08719, 49.01381, 0.0 ], [ 38.08648, 49.01487, 0.0 ], [ 38.08582, 49.0158, 0.0 ], [ 38.08517, 49.01659, 0.0 ], [ 38.08449, 49.01724, 0.0 ], [ 38.08373, 49.01772, 0.0 ], [ 38.08284, 49.01805, 0.0 ], [ 38.08178, 49.0182, 0.0 ], [ 38.0805, 49.01817, 0.0 ], [ 38.07722, 49.01772, 0.0 ], [ 38.07449, 49.01702, 0.0 ], [ 38.07215, 49.01612, 0.0 ], [ 38.07005, 49.0151, 0.0 ], [ 38.06805, 49.014, 0.0 ], [ 38.06599, 49.01289, 0.0 ], [ 38.06372, 49.01182, 0.0 ], [ 38.0611, 49.01086, 0.0 ], [ 38.05798, 49.01007, 0.0 ], [ 38.05758, 49.01007, 0.0 ], [ 38.05736, 49.01024, 0.0 ], [ 38.05728, 49.01055, 0.0 ], [ 38.05728, 49.01097, 0.0 ], [ 38.05731, 49.01146, 0.0 ], [ 38.05735, 49.01198, 0.0 ], [ 38.05732, 49.0125, 0.0 ], [ 38.0572, 49.01299, 0.0 ], [ 38.05693, 49.01341, 0.0 ], [ 38.05662, 49.01371, 0.0 ], [ 38.05633, 49.01392, 0.0 ], [ 38.05605, 49.01406, 0.0 ], [ 38.05576, 49.01415, 0.0 ], [ 38.05546, 49.01421, 0.0 ], [ 38.05514, 49.01424, 0.0 ], [ 38.05477, 49.01427, 0.0 ], [ 38.05435, 49.01431, 0.0 ], [ 38.05386, 49.01437, 0.0 ], [ 38.05334, 49.0144, 0.0 ], [ 38.05285, 49.01434, 0.0 ], [ 38.05239, 49.01423, 0.0 ], [ 38.05198, 49.0141, 0.0 ], [ 38.05161, 49.01399, 0.0 ], [ 38.05127, 49.01393, 0.0 ], [ 38.05098, 49.01396, 0.0 ], [ 38.05073, 49.01411, 0.0 ], [ 38.05053, 49.01442, 0.0 ], [ 38.05025, 49.01552, 0.0 ], [ 38.05029, 49.0167, 0.0 ], [ 38.05053, 49.0179, 0.0 ], [ 38.05087, 49.01909, 0.0 ], [ 38.05118, 49.02021, 0.0 ], [ 38.05135, 49.02121, 0.0 ], [ 38.05127, 49.02206, 0.0 ], [ 38.05083, 49.02271, 0.0 ], [ 38.04991, 49.0231, 0.0 ], [ 38.04511, 49.02384, 0.0 ], [ 38.04096, 49.02399, 0.0 ], [ 38.03724, 49.0237, 0.0 ], [ 38.03375, 49.02315, 0.0 ], [ 38.03027, 49.02252, 0.0 ], [ 38.02658, 49.02197, 0.0 ], [ 38.02247, 49.02168, 0.0 ], [ 38.01773, 49.02182, 0.0 ], [ 38.01214, 49.02256, 0.0 ], [ 38.00617, 49.02366, 0.0 ], [ 38.00086, 49.0247, 0.0 ], [ 37.99615, 49.02577, 0.0 ], [ 37.99193, 49.02693, 0.0 ], [ 37.98813, 49.02824, 0.0 ], [ 37.98466, 49.0298, 0.0 ], [ 37.98143, 49.03165, 0.0 ], [ 37.97836, 49.03388, 0.0 ], [ 37.97536, 49.03655, 0.0 ], [ 37.97468, 49.03764, 0.0 ], [ 37.97492, 49.03861, 0.0 ], [ 37.9759, 49.03952, 0.0 ], [ 37.97743, 49.04043, 0.0 ], [ 37.97933, 49.0414, 0.0 ], [ 37.98142, 49.04249, 0.0 ], [ 37.98352, 49.04376, 0.0 ], [ 37.98545, 49.04525, 0.0 ], [ 37.98703, 49.04704, 0.0 ], [ 37.98733, 49.04767, 0.0 ], [ 37.98738, 49.04827, 0.0 ], [ 37.98724, 49.04885, 0.0 ], [ 37.98698, 49.04941, 0.0 ], [ 37.98666, 49.04996, 0.0 ], [ 37.98635, 49.0505, 0.0 ], [ 37.98611, 49.05104, 0.0 ], [ 37.986, 49.05159, 0.0 ], [ 37.98609, 49.05214, 0.0 ], [ 37.98624, 49.05238, 0.0 ], [ 37.98644, 49.05249, 0.0 ], [ 37.9867, 49.0525, 0.0 ], [ 37.987, 49.05245, 0.0 ], [ 37.98734, 49.05236, 0.0 ], [ 37.98771, 49.05227, 0.0 ], [ 37.98812, 49.05221, 0.0 ], [ 37.98855, 49.05221, 0.0 ], [ 37.989, 49.0523, 0.0 ], [ 37.99245, 49.05348, 0.0 ], [ 37.99523, 49.05451, 0.0 ], [ 37.99751, 49.05542, 0.0 ], [ 37.99951, 49.05626, 0.0 ], [ 38.00142, 49.05706, 0.0 ], [ 38.00342, 49.05786, 0.0 ], [ 38.00572, 49.05871, 0.0 ], [ 38.00852, 49.05964, 0.0 ], [ 38.012, 49.0607, 0.0 ], [ 38.01314, 49.06097, 0.0 ], [ 38.01408, 49.06109, 0.0 ], [ 38.01488, 49.06109, 0.0 ], [ 38.01559, 49.06102, 0.0 ], [ 38.01628, 49.06094, 0.0 ], [ 38.017, 49.06088, 0.0 ], [ 38.0178, 49.06088, 0.0 ], [ 38.01874, 49.061, 0.0 ], [ 38.01988, 49.06128, 0.0 ], [ 38.0266, 49.0631, 0.0 ], [ 38.03231, 49.06436, 0.0 ], [ 38.03723, 49.0653, 0.0 ], [ 38.04161, 49.06611, 0.0 ], [ 38.04567, 49.06702, 0.0 ], [ 38.04964, 49.06824, 0.0 ], [ 38.05376, 49.06999, 0.0 ], [ 38.05827, 49.07247, 0.0 ], [ 38.06339, 49.07592, 0.0 ], [ 38.06537, 49.0777, 0.0 ], [ 38.06654, 49.07949, 0.0 ], [ 38.06708, 49.08134, 0.0 ], [ 38.06717, 49.08328, 0.0 ], [ 38.06701, 49.08537, 0.0 ], [ 38.06679, 49.08764, 0.0 ], [ 38.0667, 49.09014, 0.0 ], [ 38.06692, 49.09289, 0.0 ], [ 38.06765, 49.09596, 0.0 ], [ 38.06865, 49.09893, 0.0 ], [ 38.06954, 49.1013, 0.0 ], [ 38.07036, 49.10323, 0.0 ], [ 38.07115, 49.10491, 0.0 ], [ 38.07195, 49.10649, 0.0 ], [ 38.0728, 49.10815, 0.0 ], [ 38.07375, 49.11005, 0.0 ], [ 38.07482, 49.11237, 0.0 ], [ 38.07606, 49.11526, 0.0 ], [ 38.0774, 49.11809, 0.0 ], [ 38.07879, 49.12042, 0.0 ], [ 38.08015, 49.12238, 0.0 ], [ 38.08141, 49.12412, 0.0 ], [ 38.08248, 49.12576, 0.0 ], [ 38.0833, 49.12746, 0.0 ], [ 38.08379, 49.12933, 0.0 ], [ 38.08387, 49.13153, 0.0 ], [ 38.08347, 49.13419, 0.0 ], [ 38.08232, 49.13814, 0.0 ], [ 38.0809, 49.14125, 0.0 ], [ 38.07925, 49.14375, 0.0 ], [ 38.0774, 49.14588, 0.0 ], [ 38.07537, 49.1479, 0.0 ], [ 38.07318, 49.15004, 0.0 ], [ 38.07087, 49.15254, 0.0 ], [ 38.06845, 49.15565, 0.0 ], [ 38.06597, 49.15961, 0.0 ], [ 38.06401, 49.16327, 0.0 ], [ 38.06256, 49.1663, 0.0 ], [ 38.06149, 49.16888, 0.0 ], [ 38.06064, 49.1712, 0.0 ], [ 38.05988, 49.17343, 0.0 ], [ 38.05906, 49.17576, 0.0 ], [ 38.05803, 49.17837, 0.0 ], [ 38.05666, 49.18145, 0.0 ], [ 38.05479, 49.18517, 0.0 ], [ 38.05279, 49.18909, 0.0 ], [ 38.05123, 49.19233, 0.0 ], [ 38.04995, 49.19505, 0.0 ], [ 38.0488, 49.19744, 0.0 ], [ 38.04761, 49.19965, 0.0 ], [ 38.04623, 49.20186, 0.0 ], [ 38.04451, 49.20422, 0.0 ], [ 38.04228, 49.20692, 0.0 ], [ 38.03939, 49.21012, 0.0 ], [ 38.03619, 49.21322, 0.0 ], [ 38.0333, 49.21545, 0.0 ], [ 38.03063, 49.21707, 0.0 ], [ 38.02811, 49.21832, 0.0 ], [ 38.02566, 49.21945, 0.0 ], [ 38.02319, 49.22073, 0.0 ], [ 38.02062, 49.22239, 0.0 ], [ 38.01787, 49.2247, 0.0 ], [ 38.01486, 49.22791, 0.0 ], [ 38.01211, 49.2312, 0.0 ], [ 38.00989, 49.23398, 0.0 ], [ 38.00813, 49.23643, 0.0 ], [ 38.00673, 49.23872, 0.0 ], [ 38.0056, 49.24105, 0.0 ], [ 38.00466, 49.24358, 0.0 ], [ 38.00382, 49.24649, 0.0 ], [ 38.00298, 49.24997, 0.0 ], [ 38.00207, 49.25419, 0.0 ], [ 38.00111, 49.25951, 0.0 ], [ 38.00064, 49.26388, 0.0 ], [ 38.00056, 49.26756, 0.0 ], [ 38.00073, 49.27085, 0.0 ], [ 38.00105, 49.27403, 0.0 ], [ 38.00141, 49.27737, 0.0 ], [ 38.00167, 49.28116, 0.0 ], [ 38.00174, 49.28568, 0.0 ], [ 38.00149, 49.29122, 0.0 ], [ 38.0014, 49.29418, 0.0 ], [ 38.00151, 49.29679, 0.0 ], [ 38.00171, 49.2991, 0.0 ], [ 38.00186, 49.30118, 0.0 ], [ 38.00187, 49.30307, 0.0 ], [ 38.00161, 49.30484, 0.0 ], [ 38.00095, 49.30653, 0.0 ], [ 37.99979, 49.30822, 0.0 ], [ 37.99801, 49.30995, 0.0 ], [ 37.99437, 49.31255, 0.0 ], [ 37.991, 49.3142, 0.0 ], [ 37.98779, 49.31515, 0.0 ], [ 37.98462, 49.31567, 0.0 ], [ 37.98141, 49.31602, 0.0 ], [ 37.97803, 49.31645, 0.0 ], [ 37.97437, 49.31722, 0.0 ], [ 37.97034, 49.31858, 0.0 ], [ 37.96582, 49.3208, 0.0 ], [ 37.9626, 49.32277, 0.0 ], [ 37.96012, 49.32456, 0.0 ], [ 37.9582, 49.32625, 0.0 ], [ 37.95662, 49.32793, 0.0 ], [ 37.95521, 49.32967, 0.0 ], [ 37.95376, 49.33155, 0.0 ], [ 37.95209, 49.33365, 0.0 ], [ 37.94999, 49.33606, 0.0 ], [ 37.94727, 49.33885, 0.0 ], [ 37.94637, 49.33975, 0.0 ], [ 37.94565, 49.34049, 0.0 ], [ 37.94507, 49.34112, 0.0 ], [ 37.94456, 49.34167, 0.0 ], [ 37.94407, 49.3422, 0.0 ], [ 37.94355, 49.34273, 0.0 ], [ 37.94293, 49.34331, 0.0 ], [ 37.94216, 49.34398, 0.0 ], [ 37.94118, 49.34478, 0.0 ], [ 37.9403, 49.34544, 0.0 ], [ 37.93954, 49.34592, 0.0 ], [ 37.93886, 49.34628, 0.0 ], [ 37.93825, 49.34657, 0.0 ], [ 37.93766, 49.34684, 0.0 ], [ 37.93707, 49.34713, 0.0 ], [ 37.93644, 49.34751, 0.0 ], [ 37.93575, 49.34802, 0.0 ], [ 37.93496, 49.34871, 0.0 ], [ 37.93465, 49.34901, 0.0 ], [ 37.93439, 49.34928, 0.0 ], [ 37.93418, 49.34955, 0.0 ], [ 37.93402, 49.34981, 0.0 ], [ 37.93391, 49.35009, 0.0 ], [ 37.93387, 49.35037, 0.0 ], [ 37.93389, 49.35069, 0.0 ], [ 37.93397, 49.35104, 0.0 ], [ 37.93413, 49.35144, 0.0 ], [ 37.93622, 49.35554, 0.0 ], [ 37.936313, 49.355687, 0.0 ] ] }, { "type": "LineString", "coordinates": [ [ 37.943752, 49.365846, 0.0 ], [ 37.94402, 49.36619, 0.0 ], [ 37.94559, 49.36857, 0.0 ], [ 37.94691, 49.3713, 0.0 ], [ 37.94792, 49.37461, 0.0 ], [ 37.94859, 49.37872, 0.0 ], [ 37.94861, 49.3817, 0.0 ], [ 37.94804, 49.38408, 0.0 ], [ 37.94704, 49.38603, 0.0 ], [ 37.94572, 49.38774, 0.0 ], [ 37.94422, 49.3894, 0.0 ], [ 37.94268, 49.39117, 0.0 ], [ 37.94122, 49.39326, 0.0 ], [ 37.93997, 49.39583, 0.0 ], [ 37.93908, 49.39907, 0.0 ], [ 37.93726, 49.4079, 0.0 ], [ 37.93546, 49.41528, 0.0 ], [ 37.93382, 49.42159, 0.0 ], [ 37.93244, 49.42721, 0.0 ], [ 37.93145, 49.43255, 0.0 ], [ 37.93097, 49.43797, 0.0 ], [ 37.93111, 49.44388, 0.0 ], [ 37.93199, 49.45065, 0.0 ], [ 37.93373, 49.45868, 0.0 ], [ 37.93545, 49.46343, 0.0 ], [ 37.93778, 49.46689, 0.0 ], [ 37.94058, 49.46941, 0.0 ], [ 37.94373, 49.47136, 0.0 ], [ 37.94713, 49.47308, 0.0 ], [ 37.95063, 49.47494, 0.0 ], [ 37.95414, 49.47728, 0.0 ], [ 37.95752, 49.48045, 0.0 ], [ 37.96065, 49.48482, 0.0 ], [ 37.9622, 49.4878, 0.0 ], [ 37.96317, 49.49036, 0.0 ], [ 37.96366, 49.49266, 0.0 ], [ 37.96379, 49.49482, 0.0 ], [ 37.96366, 49.49699, 0.0 ], [ 37.96339, 49.49931, 0.0 ], [ 37.9631, 49.50192, 0.0 ], [ 37.96288, 49.50495, 0.0 ], [ 37.96286, 49.50854, 0.0 ], [ 37.96287, 49.50917, 0.0 ], [ 37.96286, 49.5097, 0.0 ], [ 37.96282, 49.51015, 0.0 ], [ 37.96274, 49.51054, 0.0 ], [ 37.96261, 49.5109, 0.0 ], [ 37.96242, 49.51126, 0.0 ], [ 37.96218, 49.51163, 0.0 ], [ 37.96185, 49.51204, 0.0 ], [ 37.96145, 49.51251, 0.0 ], [ 37.96047, 49.51358, 0.0 ], [ 37.9596, 49.51438, 0.0 ], [ 37.95882, 49.51501, 0.0 ], [ 37.95809, 49.51552, 0.0 ], [ 37.95737, 49.51599, 0.0 ], [ 37.95662, 49.5165, 0.0 ], [ 37.9558, 49.51711, 0.0 ], [ 37.95489, 49.5179, 0.0 ], [ 37.95383, 49.51894, 0.0 ], [ 37.95311, 49.51968, 0.0 ], [ 37.95248, 49.52033, 0.0 ], [ 37.95193, 49.52091, 0.0 ], [ 37.95145, 49.52145, 0.0 ], [ 37.95104, 49.52197, 0.0 ], [ 37.95071, 49.52251, 0.0 ], [ 37.95043, 49.52308, 0.0 ], [ 37.95022, 49.52372, 0.0 ], [ 37.95006, 49.52445, 0.0 ], [ 37.95007, 49.52473, 0.0 ], [ 37.9502, 49.52491, 0.0 ], [ 37.95042, 49.52502, 0.0 ], [ 37.95073, 49.52508, 0.0 ], [ 37.95109, 49.52513, 0.0 ], [ 37.95149, 49.52518, 0.0 ], [ 37.9519, 49.52528, 0.0 ], [ 37.95231, 49.52544, 0.0 ], [ 37.95269, 49.5257, 0.0 ], [ 37.95374, 49.5266, 0.0 ], [ 37.95463, 49.52734, 0.0 ], [ 37.95538, 49.52795, 0.0 ], [ 37.95604, 49.52851, 0.0 ], [ 37.95664, 49.52907, 0.0 ], [ 37.95721, 49.52968, 0.0 ], [ 37.95779, 49.5304, 0.0 ], [ 37.95841, 49.53129, 0.0 ], [ 37.9591, 49.5324, 0.0 ], [ 37.95935, 49.53287, 0.0 ], [ 37.9595, 49.53328, 0.0 ], [ 37.95957, 49.53365, 0.0 ], [ 37.95957, 49.534, 0.0 ], [ 37.95952, 49.53436, 0.0 ], [ 37.95941, 49.53473, 0.0 ], [ 37.95928, 49.53514, 0.0 ], [ 37.95912, 49.53561, 0.0 ], [ 37.95896, 49.53615, 0.0 ], [ 37.95882, 49.53672, 0.0 ], [ 37.95871, 49.53721, 0.0 ], [ 37.95861, 49.53763, 0.0 ], [ 37.95851, 49.538, 0.0 ], [ 37.95838, 49.53834, 0.0 ], [ 37.95819, 49.53865, 0.0 ], [ 37.95794, 49.53896, 0.0 ], [ 37.95759, 49.53927, 0.0 ], [ 37.95712, 49.53961, 0.0 ], [ 37.95469, 49.54109, 0.0 ], [ 37.9526, 49.54213, 0.0 ], [ 37.95075, 49.54287, 0.0 ], [ 37.94906, 49.54345, 0.0 ], [ 37.94745, 49.544, 0.0 ], [ 37.94583, 49.54467, 0.0 ], [ 37.94411, 49.54558, 0.0 ], [ 37.94221, 49.54688, 0.0 ], [ 37.94005, 49.5487, 0.0 ], [ 37.93721, 49.55143, 0.0 ], [ 37.93503, 49.55376, 0.0 ], [ 37.93334, 49.55584, 0.0 ], [ 37.93197, 49.5578, 0.0 ], [ 37.93075, 49.55975, 0.0 ], [ 37.92949, 49.56183, 0.0 ], [ 37.92802, 49.56417, 0.0 ], [ 37.92616, 49.5669, 0.0 ], [ 37.92375, 49.57014, 0.0 ], [ 37.92296, 49.57103, 0.0 ], [ 37.92218, 49.57169, 0.0 ], [ 37.92144, 49.57221, 0.0 ], [ 37.92076, 49.57265, 0.0 ], [ 37.92014, 49.57307, 0.0 ], [ 37.91962, 49.57356, 0.0 ], [ 37.9192, 49.57418, 0.0 ], [ 37.91891, 49.57501, 0.0 ], [ 37.91877, 49.57611, 0.0 ], [ 37.91839, 49.58542, 0.0 ], [ 37.91829, 49.593, 0.0 ], [ 37.91841, 49.59935, 0.0 ], [ 37.91868, 49.60497, 0.0 ], [ 37.91904, 49.61036, 0.0 ], [ 37.91943, 49.61604, 0.0 ], [ 37.91977, 49.6225, 0.0 ], [ 37.92002, 49.63025, 0.0 ], [ 37.92009, 49.63979, 0.0 ], [ 37.92001, 49.64206, 0.0 ], [ 37.91982, 49.6439, 0.0 ], [ 37.91956, 49.64543, 0.0 ], [ 37.91926, 49.64677, 0.0 ], [ 37.91896, 49.64804, 0.0 ], [ 37.9187, 49.64937, 0.0 ], [ 37.91852, 49.65088, 0.0 ], [ 37.91845, 49.65269, 0.0 ], [ 37.91853, 49.65492, 0.0 ], [ 37.91874, 49.65674, 0.0 ], [ 37.91906, 49.65819, 0.0 ], [ 37.91947, 49.65937, 0.0 ], [ 37.91993, 49.6604, 0.0 ], [ 37.92042, 49.66139, 0.0 ], [ 37.92089, 49.66242, 0.0 ], [ 37.92133, 49.66361, 0.0 ], [ 37.92169, 49.66507, 0.0 ], [ 37.92195, 49.6669, 0.0 ], [ 37.92228, 49.6702, 0.0 ], [ 37.92255, 49.67288, 0.0 ], [ 37.92276, 49.67513, 0.0 ], [ 37.92288, 49.67711, 0.0 ], [ 37.92291, 49.679, 0.0 ], [ 37.92284, 49.68098, 0.0 ], [ 37.92264, 49.68322, 0.0 ], [ 37.92231, 49.68589, 0.0 ], [ 37.92183, 49.68918, 0.0 ], [ 37.92113, 49.69544, 0.0 ], [ 37.9209, 49.70086, 0.0 ], [ 37.92091, 49.70561, 0.0 ], [ 37.92091, 49.70984, 0.0 ], [ 37.92067, 49.71374, 0.0 ], [ 37.91995, 49.71746, 0.0 ], [ 37.91851, 49.72116, 0.0 ], [ 37.9161, 49.72502, 0.0 ], [ 37.91248, 49.72919, 0.0 ], [ 37.90689, 49.73449, 0.0 ], [ 37.90183, 49.73846, 0.0 ], [ 37.89706, 49.74136, 0.0 ], [ 37.89233, 49.74347, 0.0 ], [ 37.88737, 49.74507, 0.0 ], [ 37.88195, 49.74644, 0.0 ], [ 37.87581, 49.74784, 0.0 ], [ 37.8687, 49.74957, 0.0 ], [ 37.86036, 49.75188, 0.0 ], [ 37.84792, 49.75541, 0.0 ], [ 37.83776, 49.75791, 0.0 ], [ 37.82924, 49.75968, 0.0 ], [ 37.82169, 49.76097, 0.0 ], [ 37.81445, 49.76208, 0.0 ], [ 37.80686, 49.76328, 0.0 ], [ 37.79827, 49.76484, 0.0 ], [ 37.78802, 49.76706, 0.0 ], [ 37.77544, 49.77019, 0.0 ], [ 37.77102, 49.77161, 0.0 ], [ 37.76749, 49.77319, 0.0 ], [ 37.76461, 49.77485, 0.0 ], [ 37.76212, 49.77651, 0.0 ], [ 37.75977, 49.77808, 0.0 ], [ 37.75733, 49.77948, 0.0 ], [ 37.75454, 49.78064, 0.0 ], [ 37.75116, 49.78146, 0.0 ], [ 37.74693, 49.78186, 0.0 ], [ 37.74352, 49.7817, 0.0 ], [ 37.74077, 49.78104, 0.0 ], [ 37.73851, 49.77998, 0.0 ], [ 37.73653, 49.77865, 0.0 ], [ 37.73465, 49.77716, 0.0 ], [ 37.73266, 49.77564, 0.0 ], [ 37.73037, 49.77419, 0.0 ], [ 37.7276, 49.77293, 0.0 ], [ 37.72415, 49.77199, 0.0 ], [ 37.72247, 49.77176, 0.0 ], [ 37.7211, 49.77175, 0.0 ], [ 37.71994, 49.77194, 0.0 ], [ 37.71892, 49.77229, 0.0 ], [ 37.71793, 49.77277, 0.0 ], [ 37.71689, 49.77333, 0.0 ], [ 37.71572, 49.77395, 0.0 ], [ 37.71432, 49.77458, 0.0 ], [ 37.7126, 49.7752, 0.0 ], [ 37.71061, 49.77577, 0.0 ], [ 37.70897, 49.77617, 0.0 ], [ 37.70757, 49.77645, 0.0 ], [ 37.70634, 49.7767, 0.0 ], [ 37.70518, 49.77697, 0.0 ], [ 37.70402, 49.77734, 0.0 ], [ 37.70276, 49.77786, 0.0 ], [ 37.70132, 49.77862, 0.0 ], [ 37.69961, 49.77967, 0.0 ], [ 37.69738, 49.78118, 0.0 ], [ 37.69561, 49.78248, 0.0 ], [ 37.6942, 49.78366, 0.0 ], [ 37.69302, 49.78479, 0.0 ], [ 37.69194, 49.78594, 0.0 ], [ 37.69085, 49.7872, 0.0 ], [ 37.68963, 49.78864, 0.0 ], [ 37.68815, 49.79034, 0.0 ], [ 37.68629, 49.79238, 0.0 ], [ 37.6851, 49.79353, 0.0 ], [ 37.68391, 49.79451, 0.0 ], [ 37.68278, 49.79535, 0.0 ], [ 37.68175, 49.79612, 0.0 ], [ 37.68089, 49.79687, 0.0 ], [ 37.68023, 49.79764, 0.0 ], [ 37.67983, 49.79849, 0.0 ], [ 37.67975, 49.79947, 0.0 ], [ 37.68003, 49.80064, 0.0 ], [ 37.68107, 49.803, 0.0 ], [ 37.68222, 49.80492, 0.0 ], [ 37.6835, 49.8065, 0.0 ], [ 37.68493, 49.80787, 0.0 ], [ 37.68654, 49.80916, 0.0 ], [ 37.68834, 49.81047, 0.0 ], [ 37.69035, 49.81193, 0.0 ], [ 37.69261, 49.81366, 0.0 ], [ 37.69512, 49.81578, 0.0 ], [ 37.69591, 49.81636, 0.0 ], [ 37.69668, 49.81673, 0.0 ], [ 37.69743, 49.81696, 0.0 ], [ 37.69813, 49.81712, 0.0 ], [ 37.69879, 49.81726, 0.0 ], [ 37.69938, 49.81745, 0.0 ], [ 37.6999, 49.81775, 0.0 ], [ 37.70034, 49.81824, 0.0 ], [ 37.70068, 49.81897, 0.0 ], [ 37.70101, 49.8204, 0.0 ], [ 37.70104, 49.82166, 0.0 ], [ 37.70086, 49.8228, 0.0 ], [ 37.70054, 49.82387, 0.0 ], [ 37.70017, 49.82494, 0.0 ], [ 37.69985, 49.82605, 0.0 ], [ 37.69964, 49.82727, 0.0 ], [ 37.69964, 49.82866, 0.0 ], [ 37.69993, 49.83027, 0.0 ], [ 37.7005, 49.83201, 0.0 ], [ 37.70115, 49.83338, 0.0 ], [ 37.70187, 49.83448, 0.0 ], [ 37.70263, 49.83541, 0.0 ], [ 37.70343, 49.83628, 0.0 ], [ 37.70424, 49.83719, 0.0 ], [ 37.70505, 49.83823, 0.0 ], [ 37.70585, 49.83952, 0.0 ], [ 37.70661, 49.84115, 0.0 ], [ 37.70668, 49.84154, 0.0 ], [ 37.70657, 49.84186, 0.0 ], [ 37.70635, 49.84215, 0.0 ], [ 37.70606, 49.8424, 0.0 ], [ 37.70575, 49.84265, 0.0 ], [ 37.70548, 49.84289, 0.0 ], [ 37.70529, 49.84316, 0.0 ], [ 37.70524, 49.84345, 0.0 ], [ 37.70538, 49.8438, 0.0 ], [ 37.70683, 49.84589, 0.0 ], [ 37.7081, 49.84757, 0.0 ], [ 37.70926, 49.84894, 0.0 ], [ 37.71037, 49.85014, 0.0 ], [ 37.71149, 49.85126, 0.0 ], [ 37.7127, 49.85244, 0.0 ], [ 37.71406, 49.85378, 0.0 ], [ 37.71563, 49.85542, 0.0 ], [ 37.71749, 49.85745, 0.0 ], [ 37.720708, 49.857879, 0.0 ], [ 37.722411, 49.858126, 0.0 ], [ 37.723874, 49.85852, 0.0 ], [ 37.72572, 49.859247, 0.0 ], [ 37.727255, 49.860012, 0.0 ], [ 37.728227, 49.860677, 0.0 ], [ 37.729294, 49.861999, 0.0 ], [ 37.731052, 49.864043, 0.0 ], [ 37.731514, 49.864733, 0.0 ], [ 37.732286, 49.86577, 0.0 ], [ 37.732512, 49.866621, 0.0 ], [ 37.732522, 49.867216, 0.0 ], [ 37.732394, 49.867624, 0.0 ], [ 37.732008, 49.867963, 0.0 ], [ 37.731804, 49.868689, 0.0 ], [ 37.731707, 49.870099, 0.0 ], [ 37.73161, 49.871268, 0.0 ], [ 37.731739, 49.872775, 0.0 ], [ 37.731793, 49.873978, 0.0 ], [ 37.731675, 49.874642, 0.0 ], [ 37.732072, 49.875638, 0.0 ], [ 37.732812, 49.876412, 0.0 ], [ 37.733982, 49.87727, 0.0 ], [ 37.73514, 49.87794, 0.0 ], [ 37.735494, 49.878355, 0.0 ], [ 37.735977, 49.879026, 0.0 ], [ 37.736803, 49.880021, 0.0 ], [ 37.737479, 49.8811, 0.0 ], [ 37.738252, 49.882102, 0.0 ], [ 37.738638, 49.882704, 0.0 ], [ 37.739056, 49.883589, 0.0 ], [ 37.739206, 49.88381, 0.0 ], [ 37.73985, 49.884204, 0.0 ], [ 37.740709, 49.884805, 0.0 ], [ 37.741513, 49.885434, 0.0 ], [ 37.741867, 49.88558, 0.0 ], [ 37.742414, 49.885593, 0.0 ], [ 37.742872, 49.885936, 0.0 ], [ 37.743004, 49.886153, 0.0 ], [ 37.743423, 49.886962, 0.0 ], [ 37.743659, 49.887315, 0.0 ], [ 37.743938, 49.887467, 0.0 ], [ 37.74411, 49.887646, 0.0 ], [ 37.744196, 49.887937, 0.0 ], [ 37.744099, 49.888192, 0.0 ], [ 37.74368, 49.888296, 0.0 ], [ 37.74323, 49.888441, 0.0 ], [ 37.743101, 49.888614, 0.0 ], [ 37.742919, 49.888746, 0.0 ], [ 37.742715, 49.888856, 0.0 ], [ 37.742318, 49.888822, 0.0 ], [ 37.742028, 49.888904, 0.0 ], [ 37.742007, 49.889174, 0.0 ], [ 37.7422, 49.88954, 0.0 ], [ 37.742511, 49.889789, 0.0 ], [ 37.742833, 49.890031, 0.0 ], [ 37.743369, 49.890183, 0.0 ], [ 37.744378, 49.890522, 0.0 ], [ 37.745129, 49.891151, 0.0 ], [ 37.745783, 49.892706, 0.0 ], [ 37.746255, 49.893909, 0.0 ], [ 37.74662, 49.894427, 0.0 ], [ 37.74706, 49.894849, 0.0 ], [ 37.747757, 49.895125, 0.0 ], [ 37.748369, 49.895353, 0.0 ], [ 37.748895, 49.89572, 0.0 ], [ 37.749581, 49.896639, 0.0 ], [ 37.75001, 49.897344, 0.0 ], [ 37.75044, 49.897703, 0.0 ], [ 37.751062, 49.897986, 0.0 ], [ 37.752038, 49.89827, 0.0 ], [ 37.753025, 49.89856, 0.0 ], [ 37.753701, 49.899189, 0.0 ], [ 37.75456, 49.900557, 0.0 ], [ 37.755171, 49.901483, 0.0 ], [ 37.75545, 49.901649, 0.0 ], [ 37.755718, 49.901684, 0.0 ], [ 37.755933, 49.901601, 0.0 ], [ 37.756062, 49.901331, 0.0 ], [ 37.756126, 49.900903, 0.0 ], [ 37.756405, 49.900675, 0.0 ], [ 37.756898, 49.900495, 0.0 ], [ 37.757928, 49.900288, 0.0 ], [ 37.758926, 49.899935, 0.0 ], [ 37.759259, 49.899818, 0.0 ], [ 37.759978, 49.899783, 0.0 ], [ 37.760568, 49.899832, 0.0 ], [ 37.760879, 49.899984, 0.0 ], [ 37.761362, 49.900295, 0.0 ], [ 37.761565, 49.900654, 0.0 ], [ 37.761995, 49.90093, 0.0 ], [ 37.762681, 49.901041, 0.0 ], [ 37.763304, 49.900923, 0.0 ], [ 37.763625, 49.900792, 0.0 ], [ 37.764183, 49.900481, 0.0 ], [ 37.764666, 49.900357, 0.0 ], [ 37.764891, 49.900239, 0.0 ], [ 37.76517, 49.900191, 0.0 ], [ 37.765535, 49.900308, 0.0 ], [ 37.765739, 49.900606, 0.0 ], [ 37.765675, 49.901234, 0.0 ], [ 37.765685, 49.901849, 0.0 ], [ 37.7656, 49.902416, 0.0 ], [ 37.765363, 49.902803, 0.0 ], [ 37.764612, 49.903038, 0.0 ], [ 37.764054, 49.903114, 0.0 ], [ 37.763196, 49.903135, 0.0 ], [ 37.762617, 49.90328, 0.0 ], [ 37.762263, 49.903529, 0.0 ], [ 37.76208, 49.903777, 0.0 ], [ 37.762231, 49.904178, 0.0 ], [ 37.76266, 49.904558, 0.0 ], [ 37.763507, 49.904842, 0.0 ], [ 37.764881, 49.904959, 0.0 ], [ 37.767144, 49.905, 0.0 ], [ 37.76781, 49.904848, 0.0 ], [ 37.76825, 49.904855, 0.0 ], [ 37.768443, 49.905021, 0.0 ], [ 37.768142, 49.905339, 0.0 ], [ 37.768271, 49.905657, 0.0 ], [ 37.768475, 49.905933, 0.0 ], [ 37.769108, 49.906224, 0.0 ], [ 37.769676, 49.906258, 0.0 ], [ 37.770352, 49.906369, 0.0 ], [ 37.771093, 49.906452, 0.0 ], [ 37.771779, 49.906818, 0.0 ], [ 37.772402, 49.90744, 0.0 ], [ 37.772734, 49.90811, 0.0 ], [ 37.772713, 49.908621, 0.0 ], [ 37.772477, 49.908967, 0.0 ], [ 37.772101, 49.909229, 0.0 ], [ 37.771683, 49.909312, 0.0 ], [ 37.771114, 49.909568, 0.0 ], [ 37.770792, 49.909886, 0.0 ], [ 37.770696, 49.910404, 0.0 ], [ 37.77046, 49.910749, 0.0 ], [ 37.770449, 49.911046, 0.0 ], [ 37.770803, 49.911198, 0.0 ], [ 37.771275, 49.911205, 0.0 ], [ 37.771758, 49.91106, 0.0 ], [ 37.772702, 49.910763, 0.0 ], [ 37.773238, 49.910749, 0.0 ], [ 37.773517, 49.910825, 0.0 ], [ 37.773635, 49.911095, 0.0 ], [ 37.773592, 49.91133, 0.0 ], [ 37.773185, 49.911654, 0.0 ], [ 37.772251, 49.912331, 0.0 ], [ 37.77164, 49.912559, 0.0 ], [ 37.770975, 49.912919, 0.0 ], [ 37.770824, 49.913126, 0.0 ], [ 37.770867, 49.913444, 0.0 ], [ 37.771189, 49.913844, 0.0 ], [ 37.771554, 49.914314, 0.0 ], [ 37.771854, 49.914978, 0.0 ], [ 37.771994, 49.91544, 0.0 ], [ 37.772015, 49.916041, 0.0 ], [ 37.771812, 49.917209, 0.0 ], [ 37.77209, 49.918066, 0.0 ], [ 37.772477, 49.918805, 0.0 ], [ 37.773217, 49.919461, 0.0 ], [ 37.774494, 49.920428, 0.0 ], [ 37.775041, 49.920925, 0.0 ], [ 37.77517, 49.921374, 0.0 ], [ 37.774848, 49.921975, 0.0 ], [ 37.774204, 49.922714, 0.0 ], [ 37.773882, 49.923115, 0.0 ], [ 37.773528, 49.923578, 0.0 ], [ 37.77341, 49.924041, 0.0 ], [ 37.773335, 49.925153, 0.0 ], [ 37.773314, 49.926458, 0.0 ], [ 37.773131, 49.926824, 0.0 ], [ 37.773078, 49.927356, 0.0 ], [ 37.773303, 49.927984, 0.0 ], [ 37.773421, 49.92853, 0.0 ], [ 37.773507, 49.929186, 0.0 ], [ 37.773657, 49.929614, 0.0 ], [ 37.773936, 49.929898, 0.0 ], [ 37.774622, 49.930195, 0.0 ], [ 37.775094, 49.930388, 0.0 ], [ 37.775384, 49.930713, 0.0 ], [ 37.775599, 49.931086, 0.0 ], [ 37.776092, 49.93188, 0.0 ], [ 37.776532, 49.932481, 0.0 ], [ 37.777015, 49.932778, 0.0 ], [ 37.777508, 49.932902, 0.0 ], [ 37.778249, 49.932895, 0.0 ], [ 37.778764, 49.93295, 0.0 ], [ 37.779193, 49.933157, 0.0 ], [ 37.779354, 49.933551, 0.0 ], [ 37.779483, 49.933945, 0.0 ], [ 37.779719, 49.934331, 0.0 ], [ 37.779998, 49.934815, 0.0 ], [ 37.780298, 49.935388, 0.0 ], [ 37.780534, 49.935747, 0.0 ], [ 37.780952, 49.936072, 0.0 ], [ 37.781532, 49.936375, 0.0 ], [ 37.781929, 49.936859, 0.0 ], [ 37.78209, 49.937259, 0.0 ], [ 37.782229, 49.937577, 0.0 ], [ 37.782562, 49.937625, 0.0 ], [ 37.782948, 49.937542, 0.0 ], [ 37.783227, 49.937211, 0.0 ], [ 37.783216, 49.936831, 0.0 ], [ 37.782991, 49.936534, 0.0 ], [ 37.782862, 49.936168, 0.0 ], [ 37.782873, 49.935899, 0.0 ], [ 37.783023, 49.935733, 0.0 ], [ 37.783291, 49.935678, 0.0 ], [ 37.783645, 49.935747, 0.0 ], [ 37.783989, 49.935982, 0.0 ], [ 37.784493, 49.936624, 0.0 ], [ 37.784976, 49.93717, 0.0 ], [ 37.78577, 49.937881, 0.0 ], [ 37.78637, 49.938419, 0.0 ], [ 37.786682, 49.938647, 0.0 ], [ 37.787164, 49.938792, 0.0 ], [ 37.787583, 49.938744, 0.0 ], [ 37.78798, 49.938468, 0.0 ], [ 37.788473, 49.937598, 0.0 ], [ 37.788677, 49.937259, 0.0 ], [ 37.788999, 49.93719, 0.0 ], [ 37.7893, 49.937246, 0.0 ], [ 37.789932, 49.937784, 0.0 ], [ 37.790211, 49.938122, 0.0 ], [ 37.790662, 49.938495, 0.0 ], [ 37.791156, 49.93902, 0.0 ], [ 37.791681, 49.940014, 0.0 ], [ 37.792186, 49.940491, 0.0 ], [ 37.793065, 49.941126, 0.0 ], [ 37.794009, 49.941623, 0.0 ], [ 37.794996, 49.941906, 0.0 ], [ 37.795576, 49.942183, 0.0 ], [ 37.796123, 49.942659, 0.0 ], [ 37.796402, 49.943108, 0.0 ], [ 37.797056, 49.943501, 0.0 ], [ 37.797346, 49.943722, 0.0 ], [ 37.797346, 49.943957, 0.0 ], [ 37.796981, 49.94415, 0.0 ], [ 37.796498, 49.944088, 0.0 ], [ 37.796048, 49.94384, 0.0 ], [ 37.79549, 49.943771, 0.0 ], [ 37.794986, 49.943922, 0.0 ], [ 37.794793, 49.944219, 0.0 ], [ 37.794975, 49.94462, 0.0 ], [ 37.795061, 49.944986, 0.0 ], [ 37.795447, 49.945683, 0.0 ], [ 37.79564, 49.945911, 0.0 ], [ 37.796692, 49.946077, 0.0 ], [ 37.797646, 49.946077, 0.0 ], [ 37.798569, 49.946256, 0.0 ], [ 37.799127, 49.946277, 0.0 ], [ 37.799803, 49.94607, 0.0 ], [ 37.800254, 49.945586, 0.0 ], [ 37.800683, 49.945138, 0.0 ], [ 37.800704, 49.944882, 0.0 ], [ 37.800372, 49.944786, 0.0 ], [ 37.799696, 49.944599, 0.0 ], [ 37.799535, 49.944344, 0.0 ], [ 37.799578, 49.944109, 0.0 ], [ 37.800082, 49.943881, 0.0 ], [ 37.800458, 49.943598, 0.0 ], [ 37.800554, 49.943322, 0.0 ], [ 37.800511, 49.942811, 0.0 ], [ 37.800683, 49.942445, 0.0 ], [ 37.801187, 49.942279, 0.0 ], [ 37.801691, 49.942355, 0.0 ], [ 37.802421, 49.942687, 0.0 ], [ 37.803022, 49.943184, 0.0 ], [ 37.803, 49.943536, 0.0 ], [ 37.802914, 49.94413, 0.0 ], [ 37.803065, 49.944696, 0.0 ], [ 37.803462, 49.944958, 0.0 ], [ 37.804234, 49.945096, 0.0 ], [ 37.80476, 49.945421, 0.0 ], [ 37.805049, 49.945766, 0.0 ], [ 37.805114, 49.946008, 0.0 ], [ 37.804856, 49.946387, 0.0 ], [ 37.804277, 49.946615, 0.0 ], [ 37.803526, 49.946739, 0.0 ], [ 37.801874, 49.946933, 0.0 ], [ 37.801058, 49.94723, 0.0 ], [ 37.800854, 49.947471, 0.0 ], [ 37.800972, 49.947706, 0.0 ], [ 37.801444, 49.947975, 0.0 ], [ 37.802324, 49.948072, 0.0 ], [ 37.803043, 49.948079, 0.0 ], [ 37.804127, 49.948086, 0.0 ], [ 37.804942, 49.948355, 0.0 ], [ 37.805661, 49.948728, 0.0 ], [ 37.806272, 49.949066, 0.0 ], [ 37.807013, 49.949246, 0.0 ], [ 37.807463, 49.949425, 0.0 ], [ 37.807839, 49.949874, 0.0 ], [ 37.808107, 49.950557, 0.0 ], [ 37.807936, 49.951096, 0.0 ], [ 37.807324, 49.951682, 0.0 ], [ 37.805865, 49.952759, 0.0 ], [ 37.805264, 49.953312, 0.0 ], [ 37.804899, 49.953746, 0.0 ], [ 37.803687, 49.954892, 0.0 ], [ 37.803322, 49.955389, 0.0 ], [ 37.803279, 49.955686, 0.0 ], [ 37.803408, 49.955928, 0.0 ], [ 37.803805, 49.956073, 0.0 ], [ 37.804663, 49.956066, 0.0 ], [ 37.805715, 49.955859, 0.0 ], [ 37.806423, 49.955714, 0.0 ], [ 37.807024, 49.955942, 0.0 ], [ 37.807528, 49.956294, 0.0 ], [ 37.807903, 49.956632, 0.0 ], [ 37.808322, 49.95706, 0.0 ], [ 37.808901, 49.957274, 0.0 ], [ 37.80977, 49.957253, 0.0 ], [ 37.81036, 49.957039, 0.0 ], [ 37.810832, 49.956646, 0.0 ], [ 37.810961, 49.956266, 0.0 ], [ 37.810822, 49.955707, 0.0 ], [ 37.810832, 49.955417, 0.0 ], [ 37.811015, 49.955272, 0.0 ], [ 37.811369, 49.95521, 0.0 ], [ 37.811776, 49.955382, 0.0 ], [ 37.811916, 49.955659, 0.0 ], [ 37.812109, 49.956549, 0.0 ], [ 37.812592, 49.95755, 0.0 ], [ 37.813246, 49.958364, 0.0 ], [ 37.813708, 49.958599, 0.0 ], [ 37.814888, 49.958578, 0.0 ], [ 37.815489, 49.958192, 0.0 ], [ 37.815628, 49.956687, 0.0 ], [ 37.815896, 49.956542, 0.0 ], [ 37.816583, 49.956439, 0.0 ], [ 37.817377, 49.956294, 0.0 ], [ 37.818203, 49.956446, 0.0 ], [ 37.818675, 49.956901, 0.0 ], [ 37.818836, 49.957474, 0.0 ], [ 37.8183, 49.957674, 0.0 ], [ 37.817752, 49.957992, 0.0 ], [ 37.817495, 49.95833, 0.0 ], [ 37.81742, 49.959027, 0.0 ], [ 37.817806, 49.959717, 0.0 ], [ 37.818814, 49.961029, 0.0 ], [ 37.81978, 49.962071, 0.0 ], [ 37.820596, 49.962864, 0.0 ], [ 37.820992, 49.963624, 0.0 ], [ 37.821175, 49.964045, 0.0 ], [ 37.821346, 49.964355, 0.0 ], [ 37.822033, 49.9649, 0.0 ], [ 37.822816, 49.965108, 0.0 ], [ 37.823299, 49.965342, 0.0 ], [ 37.823535, 49.965604, 0.0 ], [ 37.823943, 49.966377, 0.0 ], [ 37.824383, 49.966743, 0.0 ], [ 37.825713, 49.967744, 0.0 ], [ 37.826185, 49.968606, 0.0 ], [ 37.826904, 49.970214, 0.0 ], [ 37.827387, 49.970822, 0.0 ], [ 37.827891, 49.97107, 0.0 ], [ 37.828299, 49.971339, 0.0 ], [ 37.829018, 49.97196, 0.0 ], [ 37.829146, 49.972478, 0.0 ], [ 37.829415, 49.97276, 0.0 ], [ 37.83009, 49.973444, 0.0 ], [ 37.830777, 49.973733, 0.0 ], [ 37.832462, 49.973651, 0.0 ], [ 37.834897, 49.973423, 0.0 ], [ 37.83568, 49.973106, 0.0 ], [ 37.836045, 49.972616, 0.0 ], [ 37.836367, 49.972077, 0.0 ], [ 37.837075, 49.971843, 0.0 ], [ 37.838695, 49.971884, 0.0 ], [ 37.841238, 49.972105, 0.0 ], [ 37.844038, 49.972229, 0.0 ], [ 37.846538, 49.972091, 0.0 ], [ 37.847761, 49.971794, 0.0 ], [ 37.84833, 49.97118, 0.0 ], [ 37.849263, 49.971153, 0.0 ], [ 37.850572, 49.971173, 0.0 ], [ 37.851752, 49.971001, 0.0 ], [ 37.853415, 49.970801, 0.0 ], [ 37.854145, 49.970759, 0.0 ], [ 37.854799, 49.971028, 0.0 ], [ 37.855046, 49.971263, 0.0 ], [ 37.855035, 49.971663, 0.0 ], [ 37.854402, 49.972968, 0.0 ], [ 37.854359, 49.973444, 0.0 ], [ 37.85452, 49.973892, 0.0 ], [ 37.855196, 49.974327, 0.0 ], [ 37.857631, 49.975203, 0.0 ], [ 37.859777, 49.976072, 0.0 ], [ 37.860238, 49.976355, 0.0 ], [ 37.861183, 49.976818, 0.0 ], [ 37.861837, 49.977176, 0.0 ], [ 37.862449, 49.977432, 0.0 ], [ 37.862964, 49.977797, 0.0 ], [ 37.863747, 49.978032, 0.0 ], [ 37.864316, 49.97846, 0.0 ], [ 37.864906, 49.978929, 0.0 ], [ 37.865571, 49.979219, 0.0 ], [ 37.866257, 49.979571, 0.0 ], [ 37.866912, 49.97984, 0.0 ], [ 37.867695, 49.98004, 0.0 ], [ 37.868822, 49.980171, 0.0 ], [ 37.870109, 49.980364, 0.0 ], [ 37.870785, 49.980661, 0.0 ], [ 37.872083, 49.981268, 0.0 ], [ 37.87322, 49.98153, 0.0 ], [ 37.873939, 49.981889, 0.0 ], [ 37.874765, 49.98213, 0.0 ], [ 37.875323, 49.982109, 0.0 ], [ 37.875774, 49.981896, 0.0 ], [ 37.87748, 49.98173, 0.0 ], [ 37.878242, 49.981626, 0.0 ], [ 37.878531, 49.981392, 0.0 ], [ 37.87866, 49.980909, 0.0 ], [ 37.878971, 49.98055, 0.0 ], [ 37.879422, 49.980488, 0.0 ], [ 37.87998, 49.980592, 0.0 ], [ 37.880731, 49.980999, 0.0 ], [ 37.881718, 49.981475, 0.0 ], [ 37.882619, 49.981702, 0.0 ], [ 37.883424, 49.981827, 0.0 ], [ 37.88499, 49.981523, 0.0 ], [ 37.885805, 49.98144, 0.0 ], [ 37.886084, 49.981592, 0.0 ], [ 37.885923, 49.98193, 0.0 ], [ 37.885398, 49.982213, 0.0 ], [ 37.88485, 49.982475, 0.0 ], [ 37.884765, 49.982875, 0.0 ], [ 37.884936, 49.983234, 0.0 ], [ 37.885505, 49.983779, 0.0 ], [ 37.885741, 49.984255, 0.0 ], [ 37.886106, 49.985476, 0.0 ], [ 37.886696, 49.986794, 0.0 ], [ 37.886953, 49.988035, 0.0 ], [ 37.887114, 49.988587, 0.0 ], [ 37.887372, 49.988718, 0.0 ], [ 37.888155, 49.989001, 0.0 ], [ 37.889689, 49.989084, 0.0 ], [ 37.890794, 49.989015, 0.0 ], [ 37.891331, 49.989173, 0.0 ], [ 37.891685, 49.989484, 0.0 ], [ 37.891706, 49.989967, 0.0 ], [ 37.891578, 49.991188, 0.0 ], [ 37.891588, 49.992222, 0.0 ], [ 37.891674, 49.993084, 0.0 ], [ 37.891932, 49.993988, 0.0 ], [ 37.892243, 49.994767, 0.0 ], [ 37.892597, 49.995029, 0.0 ], [ 37.892865, 49.995347, 0.0 ], [ 37.892908, 49.995809, 0.0 ], [ 37.892693, 49.996374, 0.0 ], [ 37.89279, 49.996678, 0.0 ], [ 37.893112, 49.99696, 0.0 ], [ 37.893809, 49.997278, 0.0 ], [ 37.894067, 49.99763, 0.0 ], [ 37.894185, 49.998312, 0.0 ], [ 37.894292, 49.998664, 0.0 ], [ 37.894571, 49.998954, 0.0 ], [ 37.895096, 49.999257, 0.0 ], [ 37.895955, 49.999505, 0.0 ], [ 37.89662, 49.999685, 0.0 ], [ 37.89692, 50.000057, 0.0 ], [ 37.897296, 50.000319, 0.0 ], [ 37.898122, 50.000781, 0.0 ], [ 37.898347, 50.00114, 0.0 ], [ 37.898498, 50.001767, 0.0 ], [ 37.898401, 50.002388, 0.0 ], [ 37.898519, 50.002864, 0.0 ], [ 37.899227, 50.003698, 0.0 ], [ 37.900182, 50.004381, 0.0 ], [ 37.901223, 50.004608, 0.0 ], [ 37.902703, 50.004615, 0.0 ], [ 37.904345, 50.004284, 0.0 ], [ 37.90516, 50.004188, 0.0 ], [ 37.906834, 50.00416, 0.0 ], [ 37.90869, 50.003912, 0.0 ], [ 37.909934, 50.003657, 0.0 ], [ 37.910879, 50.003574, 0.0 ], [ 37.911336, 50.003724, 0.0 ], [ 37.911863, 50.003875, 0.0 ], [ 37.912878, 50.004992, 0.0 ], [ 37.913236, 50.006885, 0.0 ], [ 37.91594, 50.008566, 0.0 ], [ 37.918729, 50.009414, 0.0 ], [ 37.919718, 50.010829, 0.0 ], [ 37.921599, 50.012449, 0.0 ], [ 37.923228, 50.013058, 0.0 ], [ 37.924568, 50.013813, 0.0 ], [ 37.925224, 50.013938, 0.0 ], [ 37.925835, 50.014067, 0.0 ], [ 37.926438, 50.014059, 0.0 ], [ 37.934251, 50.01514, 0.0 ], [ 37.934949, 50.015209, 0.0 ], [ 37.936177, 50.015172, 0.0 ], [ 37.936462, 50.015223, 0.0 ], [ 37.937089, 50.01542, 0.0 ], [ 37.937899, 50.015516, 0.0 ], [ 37.939098, 50.015536, 0.0 ], [ 37.93905, 50.0156, 0.0 ], [ 37.937473, 50.017632, 0.0 ], [ 37.93682, 50.01783, 0.0 ], [ 37.936672, 50.018031, 0.0 ], [ 37.936226, 50.018422, 0.0 ], [ 37.935631, 50.019009, 0.0 ], [ 37.934795, 50.019896, 0.0 ], [ 37.93013, 50.02693, 0.0 ], [ 37.92652, 50.0338, 0.0 ], [ 37.923154, 50.036409, 0.0 ], [ 37.922194, 50.036882, 0.0 ], [ 37.919564, 50.038114, 0.0 ], [ 37.917508, 50.03917, 0.0 ], [ 37.911683, 50.042145, 0.0 ], [ 37.903216, 50.046355, 0.0 ], [ 37.902851, 50.046619, 0.0 ], [ 37.90197, 50.04684, 0.0 ], [ 37.8994, 50.04804, 0.0 ], [ 37.89785, 50.04873, 0.0 ], [ 37.89339, 50.05062, 0.0 ], [ 37.89253, 50.05096, 0.0 ], [ 37.889284, 50.051589, 0.0 ], [ 37.888695, 50.051607, 0.0 ], [ 37.887686, 50.051748, 0.0 ], [ 37.882428, 50.052381, 0.0 ], [ 37.862687, 50.0548, 0.0 ], [ 37.85895, 50.055426, 0.0 ], [ 37.856261, 50.057098, 0.0 ], [ 37.851179, 50.058886, 0.0 ], [ 37.847687, 50.059062, 0.0 ], [ 37.843842, 50.060125, 0.0 ], [ 37.843058, 50.060046, 0.0 ], [ 37.842347, 50.060397, 0.0 ], [ 37.84219, 50.060948, 0.0 ], [ 37.842458, 50.061852, 0.0 ], [ 37.834875, 50.064614, 0.0 ], [ 37.830708, 50.064196, 0.0 ], [ 37.829393, 50.065262, 0.0 ], [ 37.829334, 50.066292, 0.0 ], [ 37.823902, 50.068457, 0.0 ], [ 37.823439, 50.069286, 0.0 ], [ 37.797298, 50.08425, 0.0 ], [ 37.775261, 50.08141, 0.0 ], [ 37.771169, 50.080773, 0.0 ], [ 37.756155, 50.077785, 0.0 ], [ 37.749602, 50.085028, 0.0 ], [ 37.74336, 50.09439, 0.0 ], [ 37.73323, 50.10298, 0.0 ], [ 37.729286, 50.104848, 0.0 ], [ 37.725196, 50.107637, 0.0 ], [ 37.71996, 50.113348, 0.0 ], [ 37.706678, 50.12802, 0.0 ], [ 37.707071, 50.129349, 0.0 ], [ 37.708194, 50.13113, 0.0 ], [ 37.708411, 50.133756, 0.0 ], [ 37.70164, 50.13439, 0.0 ], [ 37.69976, 50.13542, 0.0 ], [ 37.694462, 50.139853, 0.0 ], [ 37.69426, 50.14023, 0.0 ], [ 37.6922, 50.14143, 0.0 ], [ 37.69152, 50.14194, 0.0 ], [ 37.69083, 50.14246, 0.0 ], [ 37.68637, 50.144, 0.0 ], [ 37.68465, 50.14572, 0.0 ], [ 37.68001, 50.14812, 0.0 ], [ 37.677647, 50.148362, 0.0 ], [ 37.677476, 50.148522, 0.0 ], [ 37.67315, 50.15087, 0.0 ], [ 37.67109, 50.15139, 0.0 ], [ 37.66851, 50.15276, 0.0 ], [ 37.668, 50.15362, 0.0 ], [ 37.66817, 50.15465, 0.0 ], [ 37.66748, 50.15482, 0.0 ], [ 37.66731, 50.15499, 0.0 ], [ 37.66456, 50.15877, 0.0 ], [ 37.65512, 50.16563, 0.0 ], [ 37.65444, 50.16786, 0.0 ], [ 37.65289, 50.16889, 0.0 ], [ 37.65272, 50.16975, 0.0 ], [ 37.65238, 50.17044, 0.0 ], [ 37.64997, 50.17095, 0.0 ], [ 37.64894, 50.17267, 0.0 ], [ 37.64723, 50.17336, 0.0 ], [ 37.64671, 50.17422, 0.0 ], [ 37.64568, 50.17439, 0.0 ], [ 37.64517, 50.17422, 0.0 ], [ 37.64379, 50.17404, 0.0 ], [ 37.6407, 50.17593, 0.0 ], [ 37.6407, 50.17645, 0.0 ], [ 37.64088, 50.17748, 0.0 ], [ 37.63899, 50.17937, 0.0 ], [ 37.63899, 50.17988, 0.0 ], [ 37.63933, 50.18057, 0.0 ], [ 37.64019, 50.18434, 0.0 ], [ 37.64225, 50.18829, 0.0 ], [ 37.64225, 50.18984, 0.0 ], [ 37.64345, 50.19087, 0.0 ], [ 37.637552, 50.196318, 0.0 ], [ 37.637212, 50.196553, 0.0 ], [ 37.636452, 50.197077, 0.0 ], [ 37.634817, 50.19816, 0.0 ], [ 37.631952, 50.200183, 0.0 ], [ 37.630069, 50.201619, 0.0 ], [ 37.628114, 50.203379, 0.0 ], [ 37.626778, 50.204679, 0.0 ], [ 37.622886, 50.208754, 0.0 ], [ 37.62079, 50.21215, 0.0 ], [ 37.617241, 50.214142, 0.0 ], [ 37.617197, 50.214166, 0.0 ], [ 37.617063, 50.214298, 0.0 ], [ 37.616486, 50.214863, 0.0 ], [ 37.615679, 50.215654, 0.0 ], [ 37.614901, 50.216795, 0.0 ], [ 37.614613, 50.217851, 0.0 ], [ 37.614584, 50.218781, 0.0 ], [ 37.61444, 50.219668, 0.0 ], [ 37.615012, 50.2224, 0.0 ], [ 37.621472, 50.231671, 0.0 ], [ 37.623504, 50.234524, 0.0 ], [ 37.62473, 50.236535, 0.0 ], [ 37.626458, 50.239247, 0.0 ], [ 37.626906, 50.240234, 0.0 ], [ 37.627139, 50.241752, 0.0 ], [ 37.626508, 50.243686, 0.0 ], [ 37.625614, 50.245083, 0.0 ], [ 37.62555, 50.24601, 0.0 ], [ 37.625629, 50.247569, 0.0 ], [ 37.626698, 50.254532, 0.0 ] ] }, { "type": "LineString", "coordinates": [ [ 37.462992, 50.422597, 0.0 ], [ 37.462927, 50.422742, 0.0 ], [ 37.46369, 50.423129, 0.0 ], [ 37.463729, 50.424376, 0.0 ], [ 37.465114, 50.43095, 0.0 ], [ 37.465534, 50.430959, 0.0 ], [ 37.477893, 50.431227, 0.0 ], [ 37.481447, 50.432541, 0.0 ], [ 37.484704, 50.434692, 0.0 ], [ 37.485308, 50.436365, 0.0 ], [ 37.48449, 50.44493, 0.0 ], [ 37.48488, 50.445663, 0.0 ], [ 37.48604, 50.44784, 0.0 ], [ 37.48861, 50.45299, 0.0 ], [ 37.48999, 50.4554, 0.0 ], [ 37.49102, 50.45746, 0.0 ], [ 37.47689, 50.459439, 0.0 ], [ 37.47386, 50.456276, 0.0 ], [ 37.473126, 50.455616, 0.0 ], [ 37.468887, 50.453619, 0.0 ], [ 37.458227, 50.450893, 0.0 ], [ 37.452742, 50.449384, 0.0 ], [ 37.45258, 50.44934, 0.0 ], [ 37.451521, 50.449097, 0.0 ], [ 37.443701, 50.447305, 0.0 ], [ 37.437543, 50.445348, 0.0 ], [ 37.433405, 50.444025, 0.0 ], [ 37.43159, 50.443445, 0.0 ], [ 37.430666, 50.441821, 0.0 ], [ 37.421258, 50.434852, 0.0 ], [ 37.412695, 50.43328, 0.0 ], [ 37.408101, 50.432768, 0.0 ], [ 37.403623, 50.432278, 0.0 ], [ 37.396718, 50.4312, 0.0 ], [ 37.377934, 50.432721, 0.0 ] ] }, { "type": "LineString", "coordinates": [ [ 37.222929, 50.378127, 0.0 ], [ 37.222993, 50.378062, 0.0 ], [ 37.215159, 50.374922, 0.0 ], [ 37.213013, 50.374218, 0.0 ], [ 37.210256, 50.373671, 0.0 ], [ 37.198586, 50.369891, 0.0 ], [ 37.187696, 50.36568, 0.0 ], [ 37.18167, 50.363059, 0.0 ], [ 37.178144, 50.362306, 0.0 ], [ 37.176859, 50.362099, 0.0 ], [ 37.172496, 50.361311, 0.0 ], [ 37.171286, 50.361141, 0.0 ], [ 37.161846, 50.359421, 0.0 ], [ 37.152979, 50.356464, 0.0 ], [ 37.15108, 50.356314, 0.0 ], [ 37.148902, 50.356084, 0.0 ], [ 37.147569, 50.356476, 0.0 ], [ 37.13835, 50.361129, 0.0 ], [ 37.102585, 50.35732, 0.0 ], [ 37.104329, 50.354554, 0.0 ], [ 37.105455, 50.353326, 0.0 ], [ 37.105321, 50.351851, 0.0 ], [ 37.102345, 50.351258, 0.0 ], [ 37.093356, 50.349981, 0.0 ], [ 37.082355, 50.348134, 0.0 ], [ 37.070801, 50.346657, 0.0 ], [ 37.069204, 50.346828, 0.0 ], [ 37.06132, 50.34726, 0.0 ], [ 37.059255, 50.347242, 0.0 ], [ 37.052184, 50.346309, 0.0 ], [ 37.044529, 50.344956, 0.0 ], [ 37.037534, 50.348753, 0.0 ], [ 37.028167, 50.348906, 0.0 ], [ 37.020837, 50.348941, 0.0 ], [ 37.01103, 50.349079, 0.0 ], [ 37.007662, 50.349127, 0.0 ], [ 37.005152, 50.349098, 0.0 ], [ 37.002599, 50.349118, 0.0 ], [ 36.982154, 50.349906, 0.0 ], [ 36.981425, 50.349578, 0.0 ], [ 36.980128, 50.349868, 0.0 ], [ 36.97911, 50.349691, 0.0 ], [ 36.978375, 50.349334, 0.0 ], [ 36.957746, 50.349377, 0.0 ], [ 36.93761, 50.350456, 0.0 ], [ 36.921429, 50.34748, 0.0 ], [ 36.921327, 50.347421, 0.0 ], [ 36.920999, 50.347349, 0.0 ], [ 36.92062, 50.34732, 0.0 ], [ 36.920449, 50.347323, 0.0 ], [ 36.920077, 50.347333, 0.0 ], [ 36.916077, 50.346662, 0.0 ], [ 36.911276, 50.345256, 0.0 ], [ 36.890504, 50.338946, 0.0 ], [ 36.886643, 50.337945, 0.0 ], [ 36.884977, 50.337746, 0.0 ], [ 36.883509, 50.338109, 0.0 ], [ 36.882941, 50.339058, 0.0 ], [ 36.882041, 50.337566, 0.0 ], [ 36.878738, 50.337307, 0.0 ], [ 36.87659, 50.338128, 0.0 ], [ 36.873734, 50.338546, 0.0 ], [ 36.870278, 50.337728, 0.0 ], [ 36.870386, 50.336779, 0.0 ], [ 36.869941, 50.335967, 0.0 ], [ 36.864593, 50.333506, 0.0 ], [ 36.863597, 50.33269, 0.0 ], [ 36.862322, 50.332, 0.0 ], [ 36.860802, 50.33133, 0.0 ], [ 36.858565, 50.330888, 0.0 ], [ 36.854435, 50.32873, 0.0 ], [ 36.85226, 50.32768, 0.0 ], [ 36.83287, 50.31309, 0.0 ], [ 36.832658, 50.312857, 0.0 ], [ 36.832185, 50.312808, 0.0 ], [ 36.831638, 50.31266, 0.0 ], [ 36.831284, 50.312462, 0.0 ], [ 36.830957, 50.312153, 0.0 ], [ 36.830643, 50.312042, 0.0 ], [ 36.830262, 50.312085, 0.0 ], [ 36.829991, 50.312194, 0.0 ], [ 36.829568, 50.312438, 0.0 ], [ 36.829259, 50.312668, 0.0 ], [ 36.828548, 50.312684, 0.0 ], [ 36.826698, 50.312849, 0.0 ], [ 36.820942, 50.313404, 0.0 ], [ 36.81923, 50.313058, 0.0 ], [ 36.80969, 50.31155, 0.0 ], [ 36.80368, 50.30914, 0.0 ], [ 36.80008, 50.30605, 0.0 ], [ 36.797011, 50.305692, 0.0 ], [ 36.795058, 50.305716, 0.0 ], [ 36.793835, 50.30564, 0.0 ], [ 36.79081, 50.305103, 0.0 ], [ 36.78964, 50.304924, 0.0 ], [ 36.78617, 50.30468, 0.0 ], [ 36.785756, 50.304633, 0.0 ], [ 36.785526, 50.304534, 0.0 ], [ 36.785204, 50.304321, 0.0 ], [ 36.784989, 50.304047, 0.0 ], [ 36.784957, 50.303866, 0.0 ], [ 36.784866, 50.303598, 0.0 ], [ 36.783739, 50.303509, 0.0 ], [ 36.782919, 50.303434, 0.0 ], [ 36.78205, 50.30317, 0.0 ], [ 36.781712, 50.303143, 0.0 ], [ 36.781567, 50.303023, 0.0 ], [ 36.780751, 50.302862, 0.0 ], [ 36.780462, 50.302711, 0.0 ], [ 36.780338, 50.302516, 0.0 ], [ 36.780285, 50.30231, 0.0 ], [ 36.780167, 50.302135, 0.0 ], [ 36.779893, 50.302029, 0.0 ], [ 36.779625, 50.302026, 0.0 ], [ 36.779475, 50.302101, 0.0 ], [ 36.77941, 50.302303, 0.0 ], [ 36.779324, 50.302536, 0.0 ], [ 36.779099, 50.302684, 0.0 ], [ 36.778337, 50.302845, 0.0 ], [ 36.776572, 50.303023, 0.0 ], [ 36.775312, 50.302965, 0.0 ], [ 36.774609, 50.30291, 0.0 ], [ 36.773922, 50.302985, 0.0 ], [ 36.773102, 50.303013, 0.0 ], [ 36.772597, 50.302995, 0.0 ], [ 36.771294, 50.302872, 0.0 ], [ 36.770538, 50.302423, 0.0 ], [ 36.769947, 50.301998, 0.0 ], [ 36.769111, 50.301717, 0.0 ], [ 36.768478, 50.301704, 0.0 ], [ 36.768006, 50.301707, 0.0 ], [ 36.76609, 50.2961, 0.0 ], [ 36.764191, 50.291951, 0.0 ], [ 36.764738, 50.291855, 0.0 ], [ 36.767249, 50.291074, 0.0 ], [ 36.769588, 50.290313, 0.0 ], [ 36.770393, 50.290018, 0.0 ], [ 36.772378, 50.289284, 0.0 ], [ 36.771927, 50.288777, 0.0 ], [ 36.7705, 50.289387, 0.0 ], [ 36.769792, 50.28949, 0.0 ], [ 36.766927, 50.290038, 0.0 ], [ 36.766627, 50.289977, 0.0 ], [ 36.766305, 50.289703, 0.0 ], [ 36.766166, 50.289524, 0.0 ], [ 36.765962, 50.28962, 0.0 ], [ 36.765994, 50.289846, 0.0 ], [ 36.766123, 50.290073, 0.0 ], [ 36.765994, 50.290333, 0.0 ], [ 36.765457, 50.290511, 0.0 ], [ 36.764653, 50.290669, 0.0 ], [ 36.763848, 50.290676, 0.0 ], [ 36.763671, 50.29065, 0.0 ], [ 36.763483, 50.290537, 0.0 ], [ 36.763124, 50.290304, 0.0 ], [ 36.76266, 50.29009, 0.0 ], [ 36.762467, 50.289914, 0.0 ], [ 36.76231, 50.289904, 0.0 ], [ 36.761933, 50.289856, 0.0 ], [ 36.761806, 50.289759, 0.0 ], [ 36.761803, 50.289667, 0.0 ], [ 36.761882, 50.289584, 0.0 ], [ 36.762031, 50.289506, 0.0 ], [ 36.762185, 50.289442, 0.0 ], [ 36.762206, 50.289284, 0.0 ], [ 36.76196, 50.289319, 0.0 ], [ 36.761037, 50.289744, 0.0 ], [ 36.76005, 50.289908, 0.0 ], [ 36.759406, 50.289805, 0.0 ], [ 36.7551, 50.29043, 0.0 ], [ 36.75321, 50.2894, 0.0 ], [ 36.75167, 50.28906, 0.0 ], [ 36.74841, 50.28786, 0.0 ], [ 36.74858, 50.28734, 0.0 ], [ 36.74909, 50.287, 0.0 ], [ 36.75115, 50.28253, 0.0 ], [ 36.74978, 50.28082, 0.0 ], [ 36.74892, 50.28013, 0.0 ], [ 36.74824, 50.28013, 0.0 ], [ 36.74703, 50.28013, 0.0 ], [ 36.74446, 50.28047, 0.0 ], [ 36.7448, 50.28202, 0.0 ], [ 36.74274, 50.28185, 0.0 ], [ 36.74188, 50.28202, 0.0 ], [ 36.74103, 50.28305, 0.0 ], [ 36.73983, 50.28305, 0.0 ], [ 36.729204, 50.277099, 0.0 ] ] }, { "type": "LineString", "coordinates": [ [ 36.577474, 50.239933, 0.0 ], [ 36.576968, 50.240206, 0.0 ], [ 36.576485, 50.240546, 0.0 ], [ 36.576351, 50.240683, 0.0 ], [ 36.576142, 50.240759, 0.0 ], [ 36.575809, 50.240913, 0.0 ], [ 36.57501, 50.241853, 0.0 ], [ 36.574264, 50.242505, 0.0 ], [ 36.573245, 50.243133, 0.0 ], [ 36.57281, 50.243356, 0.0 ], [ 36.572269, 50.243575, 0.0 ], [ 36.57163, 50.243778, 0.0 ], [ 36.571244, 50.243829, 0.0 ], [ 36.570847, 50.243874, 0.0 ], [ 36.570327, 50.243802, 0.0 ], [ 36.570042, 50.243812, 0.0 ], [ 36.569769, 50.243929, 0.0 ], [ 36.569318, 50.244279, 0.0 ], [ 36.56891, 50.244512, 0.0 ], [ 36.567124, 50.245675, 0.0 ], [ 36.565214, 50.246941, 0.0 ], [ 36.56331, 50.24815, 0.0 ], [ 36.561958, 50.249119, 0.0 ], [ 36.561363, 50.249527, 0.0 ], [ 36.561207, 50.249555, 0.0 ], [ 36.560794, 50.249339, 0.0 ], [ 36.560569, 50.249294, 0.0 ], [ 36.560451, 50.249366, 0.0 ], [ 36.559716, 50.249784, 0.0 ], [ 36.559523, 50.249939, 0.0 ], [ 36.559501, 50.250052, 0.0 ], [ 36.559732, 50.250495, 0.0 ], [ 36.56037, 50.250872, 0.0 ], [ 36.560585, 50.25116, 0.0 ], [ 36.560901, 50.251561, 0.0 ], [ 36.56464, 50.254532, 0.0 ], [ 36.567183, 50.256572, 0.0 ], [ 36.568143, 50.257365, 0.0 ], [ 36.568519, 50.257804, 0.0 ], [ 36.568674, 50.257869, 0.0 ], [ 36.569061, 50.257869, 0.0 ], [ 36.569501, 50.25779, 0.0 ], [ 36.570091, 50.257512, 0.0 ], [ 36.570402, 50.257385, 0.0 ], [ 36.571829, 50.256939, 0.0 ], [ 36.572944, 50.256586, 0.0 ], [ 36.57457, 50.255989, 0.0 ], [ 36.57472, 50.256, 0.0 ], [ 36.574951, 50.256182, 0.0 ], [ 36.577515, 50.258445, 0.0 ], [ 36.577638, 50.258541, 0.0 ], [ 36.577563, 50.258743, 0.0 ], [ 36.57714, 50.259028, 0.0 ], [ 36.574924, 50.260633, 0.0 ], [ 36.574935, 50.260774, 0.0 ], [ 36.575112, 50.260856, 0.0 ], [ 36.57832, 50.262084, 0.0 ], [ 36.579473, 50.262468, 0.0 ], [ 36.579897, 50.262584, 0.0 ], [ 36.580085, 50.26268, 0.0 ], [ 36.580149, 50.262787, 0.0 ], [ 36.57935, 50.264316, 0.0 ], [ 36.578357, 50.266336, 0.0 ], [ 36.578188, 50.267272, 0.0 ], [ 36.576117, 50.272695, 0.0 ], [ 36.57413, 50.275364, 0.0 ], [ 36.574736, 50.275837, 0.0 ], [ 36.57494, 50.275796, 0.0 ], [ 36.575562, 50.275916, 0.0 ], [ 36.576286, 50.276224, 0.0 ], [ 36.577311, 50.276485, 0.0 ], [ 36.577933, 50.276447, 0.0 ], [ 36.580186, 50.276169, 0.0 ], [ 36.58075, 50.276087, 0.0 ], [ 36.580905, 50.27595, 0.0 ], [ 36.580943, 50.275686, 0.0 ], [ 36.581281, 50.275635, 0.0 ], [ 36.582482, 50.275666, 0.0 ], [ 36.593587, 50.275984, 0.0 ], [ 36.59364, 50.276217, 0.0 ], [ 36.59341, 50.277993, 0.0 ], [ 36.592374, 50.278202, 0.0 ], [ 36.591189, 50.278466, 0.0 ], [ 36.59054, 50.278703, 0.0 ], [ 36.589896, 50.278998, 0.0 ], [ 36.589408, 50.279255, 0.0 ], [ 36.588662, 50.280191, 0.0 ], [ 36.588024, 50.28112, 0.0 ], [ 36.587557, 50.28223, 0.0 ], [ 36.587412, 50.282799, 0.0 ], [ 36.587396, 50.283197, 0.0 ], [ 36.587241, 50.28365, 0.0 ], [ 36.58709, 50.28393, 0.0 ], [ 36.58693, 50.284253, 0.0 ], [ 36.586597, 50.284664, 0.0 ], [ 36.5859, 50.285007, 0.0 ], [ 36.584966, 50.285295, 0.0 ], [ 36.58325, 50.285494, 0.0 ], [ 36.581072, 50.2855, 0.0 ], [ 36.579398, 50.285411, 0.0 ], [ 36.576448, 50.285254, 0.0 ], [ 36.572252, 50.284938, 0.0 ], [ 36.568197, 50.284836, 0.0 ], [ 36.563702, 50.284376, 0.0 ], [ 36.561481, 50.284122, 0.0 ], [ 36.560698, 50.284013, 0.0 ], [ 36.560183, 50.283615, 0.0 ], [ 36.558745, 50.282587, 0.0 ], [ 36.55765, 50.281637, 0.0 ], [ 36.556851, 50.28126, 0.0 ], [ 36.556084, 50.281277, 0.0 ], [ 36.554872, 50.281637, 0.0 ], [ 36.553788, 50.281812, 0.0 ], [ 36.553295, 50.282001, 0.0 ], [ 36.552919, 50.281984, 0.0 ], [ 36.552206, 50.281668, 0.0 ], [ 36.55035, 50.281778, 0.0 ], [ 36.550043, 50.281838, 0.0 ], [ 36.54911, 50.28202, 0.0 ], [ 36.54877, 50.28202, 0.0 ], [ 36.547426, 50.282258, 0.0 ], [ 36.545468, 50.282576, 0.0 ], [ 36.543606, 50.282995, 0.0 ], [ 36.5405, 50.283728, 0.0 ], [ 36.536959, 50.28415, 0.0 ], [ 36.536922, 50.284062, 0.0 ], [ 36.536839, 50.28367, 0.0 ], [ 36.536933, 50.283492, 0.0 ], [ 36.536861, 50.283446, 0.0 ], [ 36.536654, 50.283423, 0.0 ], [ 36.536166, 50.283567, 0.0 ], [ 36.535772, 50.283835, 0.0 ], [ 36.53503, 50.28408, 0.0 ], [ 36.533983, 50.284506, 0.0 ], [ 36.53263, 50.28477, 0.0 ], [ 36.5299, 50.285096, 0.0 ], [ 36.526161, 50.286275, 0.0 ], [ 36.523744, 50.286636, 0.0 ], [ 36.523839, 50.287078, 0.0 ], [ 36.523699, 50.287581, 0.0 ], [ 36.523498, 50.288036, 0.0 ], [ 36.523179, 50.2884, 0.0 ], [ 36.522852, 50.288654, 0.0 ], [ 36.522776, 50.288825, 0.0 ], [ 36.52297, 50.289264, 0.0 ], [ 36.523517, 50.289726, 0.0 ], [ 36.523898, 50.289874, 0.0 ], [ 36.524144, 50.290011, 0.0 ], [ 36.524525, 50.290272, 0.0 ], [ 36.525024, 50.290662, 0.0 ], [ 36.52518, 50.290758, 0.0 ], [ 36.52533, 50.291118, 0.0 ], [ 36.525173, 50.292072, 0.0 ], [ 36.525019, 50.292122, 0.0 ], [ 36.524702, 50.292115, 0.0 ], [ 36.524407, 50.292174, 0.0 ], [ 36.524182, 50.292448, 0.0 ], [ 36.524171, 50.292629, 0.0 ], [ 36.524402, 50.29278, 0.0 ], [ 36.524509, 50.29288, 0.0 ], [ 36.524563, 50.293157, 0.0 ], [ 36.524692, 50.293325, 0.0 ], [ 36.524498, 50.293493, 0.0 ], [ 36.524407, 50.293517, 0.0 ], [ 36.524048, 50.293586, 0.0 ], [ 36.523613, 50.293551, 0.0 ], [ 36.522954, 50.293466, 0.0 ], [ 36.521961, 50.293363, 0.0 ], [ 36.520979, 50.293298, 0.0 ], [ 36.520475, 50.293332, 0.0 ], [ 36.520014, 50.293397, 0.0 ], [ 36.519392, 50.29364, 0.0 ], [ 36.519327, 50.293891, 0.0 ], [ 36.518839, 50.293997, 0.0 ], [ 36.518555, 50.293945, 0.0 ], [ 36.518512, 50.293874, 0.0 ], [ 36.518249, 50.293784, 0.0 ], [ 36.517975, 50.293829, 0.0 ], [ 36.517702, 50.293805, 0.0 ], [ 36.517391, 50.293822, 0.0 ], [ 36.516979, 50.293829, 0.0 ], [ 36.516538, 50.294007, 0.0 ], [ 36.515958, 50.294343, 0.0 ], [ 36.515384, 50.294463, 0.0 ], [ 36.514751, 50.294638, 0.0 ], [ 36.51407, 50.294754, 0.0 ], [ 36.513947, 50.294891, 0.0 ], [ 36.513812, 50.295018, 0.0 ], [ 36.513265, 50.295169, 0.0 ], [ 36.51223, 50.295525, 0.0 ], [ 36.511661, 50.295381, 0.0 ], [ 36.511211, 50.295385, 0.0 ], [ 36.510728, 50.295601, 0.0 ], [ 36.51032, 50.295769, 0.0 ], [ 36.510143, 50.295748, 0.0 ], [ 36.509709, 50.295926, 0.0 ], [ 36.508985, 50.296197, 0.0 ], [ 36.508126, 50.296567, 0.0 ], [ 36.507402, 50.296821, 0.0 ], [ 36.505964, 50.297355, 0.0 ], [ 36.504629, 50.297825, 0.0 ], [ 36.503556, 50.298236, 0.0 ], [ 36.502231, 50.298716, 0.0 ], [ 36.501077, 50.299154, 0.0 ], [ 36.50046, 50.299466, 0.0 ], [ 36.500139, 50.299833, 0.0 ], [ 36.499893, 50.300116, 0.0 ], [ 36.499561, 50.30046, 0.0 ], [ 36.499205, 50.300785, 0.0 ], [ 36.4989, 50.30119, 0.0 ], [ 36.49846, 50.301704, 0.0 ], [ 36.497274, 50.302894, 0.0 ], [ 36.495816, 50.304192, 0.0 ], [ 36.494789, 50.304704, 0.0 ], [ 36.494716, 50.30519, 0.0 ], [ 36.494908, 50.305503, 0.0 ], [ 36.494928, 50.305736, 0.0 ], [ 36.494776, 50.306104, 0.0 ], [ 36.494418, 50.306493, 0.0 ], [ 36.494021, 50.306743, 0.0 ], [ 36.493663, 50.306895, 0.0 ], [ 36.493517, 50.30714, 0.0 ], [ 36.493458, 50.307386, 0.0 ], [ 36.493206, 50.307686, 0.0 ], [ 36.493338, 50.307872, 0.0 ], [ 36.493517, 50.308092, 0.0 ], [ 36.493875, 50.308329, 0.0 ], [ 36.494021, 50.308726, 0.0 ], [ 36.494047, 50.309171, 0.0 ], [ 36.493531, 50.309661, 0.0 ], [ 36.493373, 50.310647, 0.0 ], [ 36.491754, 50.310639, 0.0 ], [ 36.491175, 50.310838, 0.0 ], [ 36.490896, 50.310653, 0.0 ], [ 36.490402, 50.31066, 0.0 ], [ 36.489093, 50.310598, 0.0 ], [ 36.48813, 50.310715, 0.0 ], [ 36.487795, 50.311033, 0.0 ], [ 36.4875, 50.311307, 0.0 ], [ 36.48742, 50.311578, 0.0 ], [ 36.486706, 50.311698, 0.0 ], [ 36.486545, 50.311612, 0.0 ], [ 36.481819, 50.312181, 0.0 ], [ 36.476621, 50.312678, 0.0 ], [ 36.473316, 50.312921, 0.0 ], [ 36.47278, 50.312952, 0.0 ], [ 36.471627, 50.312917, 0.0 ], [ 36.466606, 50.312612, 0.0 ], [ 36.463602, 50.312345, 0.0 ], [ 36.458473, 50.312085, 0.0 ], [ 36.453549, 50.311879, 0.0 ], [ 36.45018, 50.311701, 0.0 ], [ 36.445996, 50.311544, 0.0 ], [ 36.444263, 50.311417, 0.0 ], [ 36.442798, 50.311239, 0.0 ], [ 36.441253, 50.311084, 0.0 ], [ 36.440449, 50.310906, 0.0 ], [ 36.440148, 50.310978, 0.0 ], [ 36.440004, 50.311249, 0.0 ], [ 36.439199, 50.313503, 0.0 ], [ 36.438239, 50.316374, 0.0 ], [ 36.436994, 50.319929, 0.0 ], [ 36.433502, 50.330649, 0.0 ], [ 36.432204, 50.330214, 0.0 ], [ 36.431356, 50.32995, 0.0 ], [ 36.429752, 50.329515, 0.0 ], [ 36.427145, 50.328779, 0.0 ], [ 36.426249, 50.328498, 0.0 ], [ 36.425675, 50.328186, 0.0 ], [ 36.425031, 50.327772, 0.0 ], [ 36.424769, 50.327519, 0.0 ], [ 36.424602, 50.327022, 0.0 ], [ 36.424382, 50.326848, 0.0 ], [ 36.423744, 50.326508, 0.0 ], [ 36.423347, 50.326269, 0.0 ], [ 36.422998, 50.325954, 0.0 ], [ 36.422676, 50.325796, 0.0 ], [ 36.422408, 50.325416, 0.0 ], [ 36.422355, 50.325063, 0.0 ], [ 36.421942, 50.324258, 0.0 ], [ 36.421255, 50.323542, 0.0 ], [ 36.420241, 50.322563, 0.0 ], [ 36.419758, 50.321929, 0.0 ], [ 36.419232, 50.321402, 0.0 ], [ 36.418385, 50.32044, 0.0 ], [ 36.417688, 50.319919, 0.0 ], [ 36.417387, 50.319583, 0.0 ], [ 36.416818, 50.319241, 0.0 ], [ 36.415976, 50.318521, 0.0 ], [ 36.415322, 50.318278, 0.0 ], [ 36.415139, 50.318117, 0.0 ], [ 36.414742, 50.31762, 0.0 ], [ 36.414313, 50.317237, 0.0 ], [ 36.414303, 50.316973, 0.0 ], [ 36.414415, 50.316819, 0.0 ], [ 36.414383, 50.316678, 0.0 ], [ 36.414088, 50.316161, 0.0 ], [ 36.413557, 50.316024, 0.0 ], [ 36.413235, 50.3156, 0.0 ], [ 36.412221, 50.314651, 0.0 ], [ 36.411116, 50.313729, 0.0 ], [ 36.409834, 50.312818, 0.0 ], [ 36.408595, 50.311848, 0.0 ], [ 36.407833, 50.3114, 0.0 ], [ 36.406782, 50.310708, 0.0 ], [ 36.406251, 50.310382, 0.0 ], [ 36.405913, 50.310077, 0.0 ], [ 36.40565, 50.309851, 0.0 ], [ 36.4055, 50.309611, 0.0 ], [ 36.405355, 50.309426, 0.0 ], [ 36.404443, 50.309019, 0.0 ], [ 36.403944, 50.308933, 0.0 ], [ 36.403381, 50.308618, 0.0 ], [ 36.402898, 50.308375, 0.0 ], [ 36.40249, 50.308248, 0.0 ], [ 36.402163, 50.308104, 0.0 ], [ 36.401841, 50.308073, 0.0 ], [ 36.401406, 50.308114, 0.0 ], [ 36.401154, 50.307991, 0.0 ], [ 36.401063, 50.307885, 0.0 ], [ 36.400763, 50.30773, 0.0 ], [ 36.400602, 50.307525, 0.0 ], [ 36.400393, 50.307299, 0.0 ], [ 36.400119, 50.307049, 0.0 ], [ 36.399304, 50.306723, 0.0 ], [ 36.39675, 50.30598, 0.0 ], [ 36.394529, 50.305288, 0.0 ], [ 36.392244, 50.304746, 0.0 ], [ 36.391579, 50.304582, 0.0 ], [ 36.389927, 50.304191, 0.0 ], [ 36.387266, 50.303609, 0.0 ], [ 36.383318, 50.302697, 0.0 ], [ 36.382374, 50.302471, 0.0 ], [ 36.381751, 50.302183, 0.0 ], [ 36.381365, 50.302094, 0.0 ], [ 36.379241, 50.301594, 0.0 ], [ 36.378651, 50.301395, 0.0 ], [ 36.377181, 50.301114, 0.0 ], [ 36.376226, 50.301012, 0.0 ], [ 36.375915, 50.30082, 0.0 ], [ 36.375443, 50.300662, 0.0 ], [ 36.374745, 50.300525, 0.0 ], [ 36.374499, 50.300374, 0.0 ], [ 36.374477, 50.300271, 0.0 ], [ 36.374445, 50.300032, 0.0 ], [ 36.374735, 50.299518, 0.0 ], [ 36.375349, 50.29855, 0.0 ], [ 36.375883, 50.297712, 0.0 ], [ 36.376403, 50.296876, 0.0 ], [ 36.376427, 50.296827, 0.0 ], [ 36.376497, 50.296832, 0.0 ], [ 36.376529, 50.296791, 0.0 ], [ 36.37658, 50.296764, 0.0 ], [ 36.376644, 50.29666, 0.0 ], [ 36.377084, 50.295748, 0.0 ], [ 36.377599, 50.295268, 0.0 ], [ 36.378329, 50.294514, 0.0 ], [ 36.378468, 50.294089, 0.0 ], [ 36.378189, 50.293788, 0.0 ], [ 36.377492, 50.293452, 0.0 ], [ 36.370434, 50.289676, 0.0 ], [ 36.368239, 50.288843, 0.0 ], [ 36.36779, 50.288657, 0.0 ], [ 36.366886, 50.288213, 0.0 ], [ 36.36627, 50.287989, 0.0 ], [ 36.365349, 50.287769, 0.0 ], [ 36.364464, 50.287636, 0.0 ], [ 36.363138, 50.287438, 0.0 ], [ 36.363013, 50.287305, 0.0 ], [ 36.361973, 50.287207, 0.0 ], [ 36.361211, 50.287187, 0.0 ], [ 36.360639, 50.287172, 0.0 ] ] }, { "type": "LineString", "coordinates": [ [ 36.233405, 50.363777, 0.0 ], [ 36.231126, 50.371091, 0.0 ], [ 36.231204, 50.371161, 0.0 ], [ 36.231223, 50.371238, 0.0 ], [ 36.231194, 50.371356, 0.0 ], [ 36.231092, 50.371454, 0.0 ], [ 36.230966, 50.371522, 0.0 ], [ 36.23085, 50.3718, 0.0 ], [ 36.22124, 50.37781, 0.0 ], [ 36.21076, 50.38673, 0.0 ], [ 36.20579, 50.39411, 0.0 ], [ 36.204707, 50.394934, 0.0 ], [ 36.197508, 50.399864, 0.0 ], [ 36.193954, 50.402192, 0.0 ], [ 36.193526, 50.403077, 0.0 ], [ 36.193151, 50.40361, 0.0 ], [ 36.192132, 50.403608, 0.0 ], [ 36.189095, 50.404848, 0.0 ], [ 36.187701, 50.405404, 0.0 ], [ 36.184789, 50.406564, 0.0 ], [ 36.184617, 50.406482, 0.0 ], [ 36.180843, 50.404065, 0.0 ], [ 36.178227, 50.402384, 0.0 ], [ 36.17734, 50.40174, 0.0 ] ] }, { "type": "LineString", "coordinates": [ [ 35.400549, 50.656349, 0.0 ], [ 35.406046, 50.655706, 0.0 ], [ 35.408729, 50.655517, 0.0 ], [ 35.414672, 50.655512, 0.0 ], [ 35.420869, 50.655609, 0.0 ], [ 35.422243, 50.655516, 0.0 ], [ 35.424542, 50.655215, 0.0 ], [ 35.426835, 50.654995, 0.0 ], [ 35.427263, 50.655049, 0.0 ], [ 35.445873, 50.66096, 0.0 ], [ 35.456624, 50.664392, 0.0 ], [ 35.45818, 50.664889, 0.0 ], [ 35.459699, 50.665163, 0.0 ], [ 35.460317, 50.66551, 0.0 ], [ 35.462711, 50.666297, 0.0 ], [ 35.467619, 50.663608, 0.0 ], [ 35.479593, 50.658123, 0.0 ], [ 35.48378, 50.656686, 0.0 ], [ 35.485258, 50.656143, 0.0 ], [ 35.485751, 50.655928, 0.0 ], [ 35.485952, 50.65602, 0.0 ], [ 35.487909, 50.657724, 0.0 ], [ 35.488877, 50.658555, 0.0 ], [ 35.48715, 50.670654, 0.0 ], [ 35.496181, 50.678792, 0.0 ], [ 35.495758, 50.678918, 0.0 ], [ 35.495352, 50.678918, 0.0 ], [ 35.495198, 50.678831, 0.0 ], [ 35.495027, 50.678841, 0.0 ], [ 35.494612, 50.67914, 0.0 ], [ 35.494474, 50.679428, 0.0 ], [ 35.494312, 50.679536, 0.0 ], [ 35.494011, 50.679469, 0.0 ], [ 35.493585, 50.679334, 0.0 ], [ 35.492808, 50.679366, 0.0 ], [ 35.492101, 50.679325, 0.0 ], [ 35.491589, 50.679377, 0.0 ], [ 35.490987, 50.679305, 0.0 ], [ 35.49016, 50.679437, 0.0 ], [ 35.489646, 50.679536, 0.0 ], [ 35.489543, 50.679634, 0.0 ], [ 35.488928, 50.679809, 0.0 ], [ 35.488503, 50.68002, 0.0 ], [ 35.487443, 50.68032, 0.0 ], [ 35.486728, 50.680453, 0.0 ], [ 35.483684, 50.680636, 0.0 ], [ 35.483447, 50.680768, 0.0 ], [ 35.483374, 50.680897, 0.0 ], [ 35.483024, 50.681056, 0.0 ], [ 35.482919, 50.681108, 0.0 ], [ 35.482016, 50.680962, 0.0 ], [ 35.48109, 50.681216, 0.0 ], [ 35.480505, 50.681474, 0.0 ], [ 35.479781, 50.681458, 0.0 ], [ 35.479277, 50.681309, 0.0 ], [ 35.478166, 50.681137, 0.0 ], [ 35.477408, 50.681201, 0.0 ], [ 35.476343, 50.681197, 0.0 ], [ 35.475823, 50.681536, 0.0 ], [ 35.475541, 50.68161, 0.0 ], [ 35.475306, 50.681599, 0.0 ], [ 35.475133, 50.68153, 0.0 ], [ 35.475093, 50.681454, 0.0 ], [ 35.474984, 50.681406, 0.0 ], [ 35.474896, 50.681309, 0.0 ], [ 35.474966, 50.681104, 0.0 ], [ 35.474848, 50.68099, 0.0 ], [ 35.474433, 50.680995, 0.0 ], [ 35.473962, 50.681015, 0.0 ], [ 35.473656, 50.680973, 0.0 ], [ 35.473363, 50.680871, 0.0 ], [ 35.47253, 50.680489, 0.0 ], [ 35.472254, 50.680438, 0.0 ], [ 35.472029, 50.680467, 0.0 ], [ 35.471725, 50.680583, 0.0 ], [ 35.470657, 50.681257, 0.0 ], [ 35.469752, 50.681618, 0.0 ], [ 35.468385, 50.682016, 0.0 ], [ 35.46779, 50.682398, 0.0 ], [ 35.467485, 50.682726, 0.0 ], [ 35.466483, 50.683011, 0.0 ], [ 35.465474, 50.683537, 0.0 ], [ 35.465185, 50.683841, 0.0 ], [ 35.46495, 50.683992, 0.0 ], [ 35.464567, 50.684046, 0.0 ], [ 35.464098, 50.68416, 0.0 ], [ 35.463888, 50.684301, 0.0 ], [ 35.463786, 50.684621, 0.0 ], [ 35.463342, 50.685028, 0.0 ], [ 35.462333, 50.685503, 0.0 ], [ 35.462177, 50.685598, 0.0 ], [ 35.461991, 50.685832, 0.0 ], [ 35.461788, 50.686518, 0.0 ], [ 35.461584, 50.686814, 0.0 ], [ 35.461127, 50.687279, 0.0 ], [ 35.459878, 50.68793, 0.0 ], [ 35.459584, 50.688177, 0.0 ], [ 35.459476, 50.688367, 0.0 ], [ 35.459374, 50.688903, 0.0 ], [ 35.459298, 50.689088, 0.0 ], [ 35.4595, 50.68952, 0.0 ], [ 35.459992, 50.690105, 0.0 ], [ 35.460713, 50.690674, 0.0 ], [ 35.461156, 50.690856, 0.0 ], [ 35.461236, 50.690911, 0.0 ], [ 35.461295, 50.690952, 0.0 ], [ 35.461336, 50.69098, 0.0 ], [ 35.461511, 50.691102, 0.0 ], [ 35.462012, 50.691543, 0.0 ], [ 35.462494, 50.692072, 0.0 ], [ 35.463029, 50.692798, 0.0 ], [ 35.463302, 50.693477, 0.0 ], [ 35.463351, 50.693959, 0.0 ], [ 35.463232, 50.694346, 0.0 ], [ 35.46293, 50.694779, 0.0 ], [ 35.461763, 50.695691, 0.0 ], [ 35.461502, 50.695973, 0.0 ], [ 35.461321, 50.696293, 0.0 ], [ 35.461165, 50.696524, 0.0 ], [ 35.461011, 50.696598, 0.0 ], [ 35.460931, 50.696737, 0.0 ], [ 35.460943, 50.697321, 0.0 ], [ 35.460855, 50.698043, 0.0 ], [ 35.460621, 50.699444, 0.0 ], [ 35.460654, 50.699822, 0.0 ], [ 35.460844, 50.700371, 0.0 ], [ 35.461099, 50.701113, 0.0 ], [ 35.461432, 50.701514, 0.0 ], [ 35.461502, 50.703001, 0.0 ], [ 35.460859, 50.70345, 0.0 ], [ 35.459788, 50.704199, 0.0 ], [ 35.459763, 50.704735, 0.0 ], [ 35.460299, 50.705996, 0.0 ], [ 35.46139, 50.706298, 0.0 ], [ 35.461653, 50.706973, 0.0 ], [ 35.46192, 50.707659, 0.0 ], [ 35.462358, 50.707806, 0.0 ], [ 35.462865, 50.708252, 0.0 ], [ 35.463486, 50.708245, 0.0 ], [ 35.464392, 50.708235, 0.0 ], [ 35.465095, 50.708228, 0.0 ], [ 35.46562, 50.708222, 0.0 ], [ 35.466064, 50.708482, 0.0 ], [ 35.466234, 50.708889, 0.0 ], [ 35.466317, 50.709082, 0.0 ], [ 35.466333, 50.70913, 0.0 ], [ 35.466327, 50.709174, 0.0 ], [ 35.46638, 50.709375, 0.0 ], [ 35.467093, 50.710457, 0.0 ], [ 35.467196, 50.710921, 0.0 ], [ 35.467427, 50.71661, 0.0 ], [ 35.473154, 50.725539, 0.0 ], [ 35.464353, 50.73448, 0.0 ], [ 35.463877, 50.734965, 0.0 ], [ 35.466536, 50.736224, 0.0 ], [ 35.47171, 50.737223, 0.0 ], [ 35.471663, 50.73733, 0.0 ], [ 35.47158, 50.737518, 0.0 ], [ 35.471468, 50.737759, 0.0 ], [ 35.473628, 50.74043, 0.0 ], [ 35.472133, 50.742272, 0.0 ], [ 35.471035, 50.74342, 0.0 ], [ 35.470297, 50.743906, 0.0 ], [ 35.470063, 50.744038, 0.0 ], [ 35.4696, 50.744155, 0.0 ], [ 35.469741, 50.746724, 0.0 ], [ 35.470353, 50.747304, 0.0 ], [ 35.471008, 50.748016, 0.0 ], [ 35.471963, 50.748967, 0.0 ], [ 35.473198, 50.749957, 0.0 ], [ 35.473793, 50.750374, 0.0 ], [ 35.474608, 50.750796, 0.0 ], [ 35.475255, 50.751184, 0.0 ], [ 35.475882, 50.7517, 0.0 ], [ 35.476063, 50.751896, 0.0 ], [ 35.476244, 50.752252, 0.0 ], [ 35.47637, 50.752657, 0.0 ], [ 35.476419, 50.752915, 0.0 ], [ 35.476415, 50.7533, 0.0 ], [ 35.476001, 50.753562, 0.0 ], [ 35.473484, 50.755149, 0.0 ], [ 35.475302, 50.757279, 0.0 ], [ 35.480434, 50.764556, 0.0 ], [ 35.482503, 50.767985, 0.0 ], [ 35.485018, 50.771605, 0.0 ], [ 35.487949, 50.775689, 0.0 ], [ 35.488713, 50.776804, 0.0 ], [ 35.476326, 50.783513, 0.0 ], [ 35.474648, 50.784612, 0.0 ], [ 35.472887, 50.784284, 0.0 ], [ 35.471648, 50.783877, 0.0 ], [ 35.470097, 50.783367, 0.0 ], [ 35.468701, 50.78312, 0.0 ], [ 35.467171, 50.783147, 0.0 ], [ 35.464476, 50.78333, 0.0 ], [ 35.462741, 50.783197, 0.0 ], [ 35.456944, 50.782176, 0.0 ], [ 35.454664, 50.782011, 0.0 ], [ 35.453467, 50.781974, 0.0 ], [ 35.452366, 50.782268, 0.0 ], [ 35.451265, 50.782854, 0.0 ], [ 35.450636, 50.782955, 0.0 ], [ 35.449667, 50.782956, 0.0 ], [ 35.44656, 50.785264, 0.0 ], [ 35.439366, 50.789689, 0.0 ], [ 35.437, 50.791134, 0.0 ], [ 35.436865, 50.791217, 0.0 ], [ 35.435012, 50.792392, 0.0 ], [ 35.433162, 50.794188, 0.0 ], [ 35.432679, 50.794415, 0.0 ], [ 35.420386, 50.797277, 0.0 ], [ 35.414961, 50.799029, 0.0 ], [ 35.411406, 50.802563, 0.0 ], [ 35.410898, 50.804121, 0.0 ], [ 35.410406, 50.805311, 0.0 ], [ 35.410202, 50.80643, 0.0 ], [ 35.410351, 50.807812, 0.0 ], [ 35.412177, 50.812065, 0.0 ], [ 35.412642, 50.813423, 0.0 ] ] }, { "type": "LineString", "coordinates": [ [ 35.331781, 50.936966, 0.0 ], [ 35.325686, 50.946752, 0.0 ], [ 35.325763, 50.946776, 0.0 ] ] }, { "type": "LineString", "coordinates": [ [ 35.340666, 50.987899, 0.0 ], [ 35.340651, 50.987899, 0.0 ], [ 35.337695, 50.989491, 0.0 ], [ 35.335103, 50.990852, 0.0 ], [ 35.3327, 50.992355, 0.0 ], [ 35.332184, 50.992677, 0.0 ], [ 35.331429, 50.99368, 0.0 ], [ 35.329869, 50.996238, 0.0 ], [ 35.333173, 50.997242, 0.0 ], [ 35.334677, 50.997487, 0.0 ], [ 35.335164, 50.997653, 0.0 ], [ 35.336377, 50.998091, 0.0 ], [ 35.337004, 50.998359, 0.0 ], [ 35.337353, 50.998595, 0.0 ], [ 35.337653, 50.998808, 0.0 ], [ 35.335481, 50.99999, 0.0 ], [ 35.33143, 51.002546, 0.0 ], [ 35.329024, 51.008682, 0.0 ], [ 35.322969, 51.013712, 0.0 ], [ 35.325275, 51.014528, 0.0 ], [ 35.32598, 51.013674, 0.0 ], [ 35.329349, 51.011136, 0.0 ], [ 35.332482, 51.009394, 0.0 ], [ 35.333392, 51.009038, 0.0 ], [ 35.338242, 51.008057, 0.0 ], [ 35.340368, 51.007423, 0.0 ], [ 35.342932, 51.007045, 0.0 ], [ 35.344166, 51.007052, 0.0 ], [ 35.348017, 51.006424, 0.0 ], [ 35.348489, 51.006167, 0.0 ], [ 35.354712, 51.005661, 0.0 ], [ 35.355431, 51.005718, 0.0 ], [ 35.358044, 51.00547, 0.0 ], [ 35.359041, 51.005333, 0.0 ], [ 35.360409, 51.005613, 0.0 ], [ 35.363574, 51.00662, 0.0 ], [ 35.365029, 51.007149, 0.0 ], [ 35.365972, 51.007382, 0.0 ], [ 35.367426, 51.007841, 0.0 ], [ 35.368123, 51.008392, 0.0 ], [ 35.368369, 51.008512, 0.0 ], [ 35.368788, 51.008591, 0.0 ], [ 35.370349, 51.008709, 0.0 ], [ 35.371336, 51.008645, 0.0 ], [ 35.373155, 51.008554, 0.0 ], [ 35.374255, 51.008641, 0.0 ], [ 35.374721, 51.008771, 0.0 ], [ 35.37507, 51.008996, 0.0 ], [ 35.375328, 51.009323, 0.0 ], [ 35.375622, 51.009775, 0.0 ], [ 35.37573, 51.010299, 0.0 ], [ 35.375746, 51.010764, 0.0 ], [ 35.37551, 51.011382, 0.0 ], [ 35.375458, 51.011622, 0.0 ], [ 35.382513, 51.012867, 0.0 ], [ 35.383811, 51.019913, 0.0 ], [ 35.393799, 51.020089, 0.0 ], [ 35.394495, 51.023178, 0.0 ], [ 35.403898, 51.023038, 0.0 ], [ 35.40444, 51.024196, 0.0 ], [ 35.404779, 51.024538, 0.0 ], [ 35.409477, 51.026586, 0.0 ], [ 35.407892, 51.029125, 0.0 ], [ 35.403684, 51.028971, 0.0 ], [ 35.403024, 51.030731, 0.0 ], [ 35.402927, 51.03143, 0.0 ], [ 35.401554, 51.031591, 0.0 ], [ 35.400819, 51.031635, 0.0 ], [ 35.399953, 51.0316, 0.0 ], [ 35.400047, 51.032647, 0.0 ], [ 35.400225, 51.033668, 0.0 ], [ 35.401028, 51.0337, 0.0 ], [ 35.402766, 51.034111, 0.0 ], [ 35.403147, 51.034253, 0.0 ], [ 35.40348, 51.034486, 0.0 ], [ 35.403678, 51.034796, 0.0 ], [ 35.40363, 51.034921, 0.0 ], [ 35.403521, 51.035471, 0.0 ], [ 35.403582, 51.035983, 0.0 ], [ 35.403727, 51.036098, 0.0 ], [ 35.403823, 51.036115, 0.0 ], [ 35.403837, 51.038768, 0.0 ], [ 35.409121, 51.039064, 0.0 ], [ 35.407789, 51.042396, 0.0 ], [ 35.405701, 51.042532, 0.0 ], [ 35.405277, 51.044625, 0.0 ], [ 35.405642, 51.046392, 0.0 ], [ 35.406019, 51.04804, 0.0 ], [ 35.404698, 51.048632, 0.0 ], [ 35.401854, 51.050271, 0.0 ], [ 35.398593, 51.052213, 0.0 ], [ 35.395793, 51.054034, 0.0 ], [ 35.394822, 51.054965, 0.0 ], [ 35.392306, 51.054122, 0.0 ], [ 35.389512, 51.053274, 0.0 ], [ 35.386688, 51.05353, 0.0 ], [ 35.384066, 51.057123, 0.0 ], [ 35.380601, 51.061067, 0.0 ], [ 35.378519, 51.062976, 0.0 ], [ 35.375027, 51.067052, 0.0 ], [ 35.372475, 51.065837, 0.0 ], [ 35.371213, 51.066016, 0.0 ], [ 35.370119, 51.066064, 0.0 ], [ 35.364744, 51.065882, 0.0 ], [ 35.359717, 51.06614, 0.0 ], [ 35.358156, 51.065747, 0.0 ], [ 35.357373, 51.065484, 0.0 ], [ 35.356761, 51.065153, 0.0 ], [ 35.354809, 51.063859, 0.0 ], [ 35.354444, 51.063643, 0.0 ], [ 35.353489, 51.06332, 0.0 ], [ 35.350041, 51.062378, 0.0 ], [ 35.349944, 51.062414, 0.0 ] ] }, { "type": "LineString", "coordinates": [ [ 35.275912, 51.05889, 0.0 ], [ 35.275929, 51.058713, 0.0 ], [ 35.27537, 51.058679, 0.0 ], [ 35.274691, 51.058771, 0.0 ], [ 35.274192, 51.058997, 0.0 ], [ 35.273693, 51.059476, 0.0 ], [ 35.273518, 51.059486, 0.0 ], [ 35.272776, 51.059162, 0.0 ], [ 35.272648, 51.059011, 0.0 ], [ 35.273291, 51.058512, 0.0 ], [ 35.273616, 51.058199, 0.0 ], [ 35.26712, 51.057976, 0.0 ], [ 35.26475, 51.059927, 0.0 ], [ 35.266334, 51.062054, 0.0 ], [ 35.265761, 51.063189, 0.0 ], [ 35.261433, 51.061347, 0.0 ], [ 35.260663, 51.06103, 0.0 ], [ 35.260188, 51.060724, 0.0 ], [ 35.259177, 51.059752, 0.0 ], [ 35.258201, 51.058758, 0.0 ], [ 35.257997, 51.058721, 0.0 ], [ 35.257821, 51.05873, 0.0 ], [ 35.257661, 51.058812, 0.0 ] ] }, { "type": "LineString", "coordinates": [ [ 35.134047, 51.156072, 0.0 ], [ 35.133642, 51.156249, 0.0 ], [ 35.132607, 51.156613, 0.0 ], [ 35.131382, 51.156983, 0.0 ], [ 35.130431, 51.15727, 0.0 ], [ 35.130018, 51.157446, 0.0 ], [ 35.127871, 51.158981, 0.0 ], [ 35.12644, 51.160217, 0.0 ], [ 35.125691, 51.160873, 0.0 ], [ 35.12499, 51.161486, 0.0 ], [ 35.124599, 51.162331, 0.0 ], [ 35.123793, 51.164273, 0.0 ], [ 35.123351, 51.165138, 0.0 ], [ 35.127057, 51.166975, 0.0 ], [ 35.12761, 51.167262, 0.0 ], [ 35.128277, 51.167611, 0.0 ], [ 35.13352, 51.170206, 0.0 ], [ 35.134504, 51.170698, 0.0 ], [ 35.13401, 51.171064, 0.0 ], [ 35.133366, 51.171648, 0.0 ], [ 35.130921, 51.17379, 0.0 ], [ 35.130761, 51.17766, 0.0 ], [ 35.130603, 51.181108, 0.0 ], [ 35.130398, 51.185187, 0.0 ], [ 35.130355, 51.187667, 0.0 ], [ 35.130215, 51.190916, 0.0 ], [ 35.13027, 51.194406, 0.0 ], [ 35.131193, 51.194759, 0.0 ], [ 35.132099, 51.195186, 0.0 ], [ 35.133677, 51.196109, 0.0 ], [ 35.135082, 51.197028, 0.0 ], [ 35.136874, 51.198262, 0.0 ], [ 35.138478, 51.199926, 0.0 ], [ 35.141093, 51.201866, 0.0 ], [ 35.142544, 51.202827, 0.0 ], [ 35.143092, 51.203304, 0.0 ], [ 35.143268, 51.203616, 0.0 ], [ 35.143343, 51.203963, 0.0 ], [ 35.143311, 51.204702, 0.0 ], [ 35.143161, 51.205492, 0.0 ], [ 35.142898, 51.205962, 0.0 ], [ 35.14264, 51.206427, 0.0 ], [ 35.142534, 51.206706, 0.0 ], [ 35.142265, 51.206954, 0.0 ], [ 35.141473, 51.207346, 0.0 ], [ 35.140146, 51.207791, 0.0 ], [ 35.139325, 51.207972, 0.0 ], [ 35.138622, 51.208191, 0.0 ], [ 35.138392, 51.208339, 0.0 ], [ 35.137036, 51.209467, 0.0 ], [ 35.1369, 51.209686, 0.0 ], [ 35.136777, 51.210389, 0.0 ], [ 35.136895, 51.210772, 0.0 ], [ 35.137212, 51.211239, 0.0 ], [ 35.137476, 51.212188, 0.0 ], [ 35.1377, 51.212432, 0.0 ], [ 35.13777, 51.212607, 0.0 ], [ 35.137775, 51.212996, 0.0 ], [ 35.137748, 51.213212, 0.0 ], [ 35.137646, 51.21341, 0.0 ], [ 35.137646, 51.213655, 0.0 ], [ 35.137947, 51.214119, 0.0 ], [ 35.13807, 51.214414, 0.0 ], [ 35.138065, 51.214586, 0.0 ], [ 35.137829, 51.214868, 0.0 ], [ 35.137576, 51.215023, 0.0 ], [ 35.137474, 51.215232, 0.0 ], [ 35.13763, 51.215496, 0.0 ], [ 35.138231, 51.21591, 0.0 ], [ 35.138515, 51.216232, 0.0 ], [ 35.138644, 51.216826, 0.0 ], [ 35.138817, 51.2171, 0.0 ], [ 35.139851, 51.217862, 0.0 ], [ 35.140296, 51.218111, 0.0 ], [ 35.141643, 51.21841, 0.0 ], [ 35.144531, 51.219328, 0.0 ], [ 35.144829, 51.219539, 0.0 ], [ 35.145162, 51.219905, 0.0 ], [ 35.145339, 51.220022, 0.0 ], [ 35.145618, 51.220117, 0.0 ], [ 35.148296, 51.220545, 0.0 ], [ 35.150172, 51.22102, 0.0 ], [ 35.150266, 51.22342, 0.0 ], [ 35.134878, 51.22732, 0.0 ], [ 35.119607, 51.231503, 0.0 ], [ 35.11742, 51.229702, 0.0 ], [ 35.113813, 51.231004, 0.0 ], [ 35.105108, 51.23274, 0.0 ], [ 35.099138, 51.232073, 0.0 ], [ 35.093138, 51.231371, 0.0 ], [ 35.084645, 51.230358, 0.0 ], [ 35.075192, 51.232027, 0.0 ], [ 35.069667, 51.230522, 0.0 ], [ 35.068499, 51.230057, 0.0 ], [ 35.067415, 51.229567, 0.0 ], [ 35.066324, 51.229048, 0.0 ], [ 35.06608, 51.228858, 0.0 ], [ 35.065919, 51.22866, 0.0 ], [ 35.065747, 51.227692, 0.0 ], [ 35.065645, 51.227437, 0.0 ], [ 35.065151, 51.22699, 0.0 ], [ 35.064996, 51.226765, 0.0 ], [ 35.064921, 51.226252, 0.0 ], [ 35.064631, 51.225878, 0.0 ], [ 35.063875, 51.225277, 0.0 ], [ 35.06351, 51.225039, 0.0 ], [ 35.063049, 51.224639, 0.0 ], [ 35.062614, 51.22431, 0.0 ], [ 35.062185, 51.223863, 0.0 ], [ 35.061799, 51.22339, 0.0 ], [ 35.061648, 51.223127, 0.0 ], [ 35.061218, 51.221972, 0.0 ], [ 35.061192, 51.221598, 0.0 ], [ 35.061992, 51.220352, 0.0 ], [ 35.063177, 51.218584, 0.0 ], [ 35.063242, 51.21839, 0.0 ], [ 35.063221, 51.218195, 0.0 ], [ 35.063118, 51.218033, 0.0 ], [ 35.062571, 51.217509, 0.0 ], [ 35.062448, 51.217298, 0.0 ], [ 35.062405, 51.216464, 0.0 ], [ 35.062185, 51.216061, 0.0 ], [ 35.061944, 51.215748, 0.0 ], [ 35.061418, 51.215399, 0.0 ], [ 35.060838, 51.215063, 0.0 ], [ 35.058725, 51.213984, 0.0 ], [ 35.056658, 51.213064, 0.0 ], [ 35.056386, 51.212848, 0.0 ], [ 35.055957, 51.211992, 0.0 ], [ 35.05563, 51.211467, 0.0 ], [ 35.05519, 51.211081, 0.0 ], [ 35.054927, 51.210923, 0.0 ], [ 35.054331, 51.210742, 0.0 ], [ 35.053135, 51.210459, 0.0 ], [ 35.052709, 51.210311, 0.0 ], [ 35.052255, 51.21009, 0.0 ], [ 35.051928, 51.209844, 0.0 ], [ 35.051585, 51.209458, 0.0 ], [ 35.05144, 51.20935, 0.0 ], [ 35.050898, 51.209128, 0.0 ], [ 35.049997, 51.208842, 0.0 ], [ 35.049203, 51.208735, 0.0 ], [ 35.048479, 51.208634, 0.0 ], [ 35.047804, 51.208439, 0.0 ], [ 35.044767, 51.206944, 0.0 ], [ 35.043522, 51.205889, 0.0 ], [ 35.042771, 51.205499, 0.0 ], [ 35.040776, 51.204894, 0.0 ], [ 35.038756, 51.204421, 0.0 ], [ 35.038329, 51.21136, 0.0 ], [ 35.038042, 51.217811, 0.0 ], [ 35.034966, 51.218951, 0.0 ], [ 35.034129, 51.219189, 0.0 ], [ 35.032304, 51.219798, 0.0 ], [ 35.031758, 51.219895, 0.0 ], [ 35.031291, 51.219932, 0.0 ], [ 35.03061, 51.219892, 0.0 ], [ 35.029832, 51.219707, 0.0 ], [ 35.029188, 51.219644, 0.0 ], [ 35.028732, 51.219576, 0.0 ], [ 35.027863, 51.219562, 0.0 ], [ 35.027418, 51.219616, 0.0 ], [ 35.02625, 51.219791, 0.0 ], [ 35.02414, 51.220416, 0.0 ], [ 35.023556, 51.220617, 0.0 ], [ 35.023159, 51.220836, 0.0 ], [ 35.022783, 51.221084, 0.0 ], [ 35.022527, 51.221318, 0.0 ], [ 35.022284, 51.22179, 0.0 ], [ 35.021984, 51.222613, 0.0 ], [ 35.021341, 51.223552, 0.0 ], [ 35.020922, 51.22396, 0.0 ], [ 35.020777, 51.224084, 0.0 ], [ 35.020246, 51.224407, 0.0 ], [ 35.019495, 51.224676, 0.0 ], [ 35.018921, 51.225092, 0.0 ], [ 35.017521, 51.225778, 0.0 ], [ 35.016759, 51.226161, 0.0 ], [ 35.015922, 51.226712, 0.0 ], [ 35.014606, 51.227461, 0.0 ], [ 35.013669, 51.228096, 0.0 ], [ 35.012526, 51.229752, 0.0 ], [ 35.012387, 51.230101, 0.0 ], [ 35.01229, 51.230477, 0.0 ], [ 35.012033, 51.230746, 0.0 ], [ 35.011496, 51.231025, 0.0 ], [ 35.01007, 51.23167, 0.0 ], [ 35.00958, 51.231778, 0.0 ], [ 35.008434, 51.231808, 0.0 ], [ 35.007302, 51.231952, 0.0 ], [ 35.006282, 51.232022, 0.0 ], [ 35.005858, 51.231999, 0.0 ], [ 35.005454, 51.231912, 0.0 ], [ 35.003069, 51.230817, 0.0 ], [ 35.002286, 51.230172, 0.0 ], [ 35.00154, 51.229812, 0.0 ], [ 35.001197, 51.229759, 0.0 ], [ 35.000333, 51.229456, 0.0 ], [ 34.999877, 51.229244, 0.0 ], [ 34.999722, 51.229265, 0.0 ], [ 34.99941, 51.229446, 0.0 ], [ 34.999217, 51.229466, 0.0 ], [ 34.998778, 51.229621, 0.0 ], [ 34.998638, 51.229617, 0.0 ], [ 34.998225, 51.229308, 0.0 ], [ 34.998155, 51.229184, 0.0 ], [ 34.997957, 51.229157, 0.0 ], [ 34.997699, 51.229211, 0.0 ], [ 34.997458, 51.229204, 0.0 ], [ 34.997195, 51.229103, 0.0 ], [ 34.997023, 51.22911, 0.0 ], [ 34.996728, 51.229154, 0.0 ], [ 34.996406, 51.229103, 0.0 ], [ 34.995993, 51.228919, 0.0 ], [ 34.995666, 51.228919, 0.0 ], [ 34.995409, 51.228865, 0.0 ], [ 34.995281, 51.228738, 0.0 ], [ 34.995006, 51.22871, 0.0 ], [ 34.994819, 51.228764, 0.0 ], [ 34.994577, 51.228892, 0.0 ], [ 34.994261, 51.228895, 0.0 ], [ 34.993821, 51.228798, 0.0 ], [ 34.993268, 51.228821, 0.0 ], [ 34.993054, 51.228878, 0.0 ], [ 34.992582, 51.22911, 0.0 ], [ 34.992372, 51.229201, 0.0 ], [ 34.99219, 51.229221, 0.0 ], [ 34.991874, 51.229124, 0.0 ], [ 34.991648, 51.229137, 0.0 ], [ 34.991455, 51.229332, 0.0 ], [ 34.990919, 51.229416, 0.0 ], [ 34.990591, 51.229496, 0.0 ], [ 34.987571, 51.230541, 0.0 ], [ 34.986504, 51.230954, 0.0 ], [ 34.985313, 51.231236, 0.0 ], [ 34.984589, 51.231368, 0.0 ], [ 34.984009, 51.231394, 0.0 ], [ 34.983408, 51.231482, 0.0 ], [ 34.983065, 51.231582, 0.0 ], [ 34.982384, 51.231851, 0.0 ], [ 34.982083, 51.232096, 0.0 ], [ 34.981998, 51.232207, 0.0 ], [ 34.982057, 51.232332, 0.0 ], [ 34.982218, 51.232372, 0.0 ], [ 34.98262, 51.232976, 0.0 ], [ 34.982732, 51.233275, 0.0 ], [ 34.982732, 51.23344, 0.0 ], [ 34.98266, 51.233612, 0.0 ], [ 34.98226, 51.233799, 0.0 ], [ 34.981686, 51.233957, 0.0 ], [ 34.980903, 51.234411, 0.0 ], [ 34.980179, 51.235059, 0.0 ], [ 34.980211, 51.235559, 0.0 ], [ 34.979959, 51.235543, 0.0 ], [ 34.979809, 51.235509, 0.0 ], [ 34.979568, 51.235297, 0.0 ], [ 34.979352, 51.235094, 0.0 ], [ 34.979042, 51.234911, 0.0 ], [ 34.977668, 51.234407, 0.0 ], [ 34.977019, 51.234089, 0.0 ], [ 34.976569, 51.233984, 0.0 ], [ 34.975314, 51.233776, 0.0 ], [ 34.974376, 51.23354, 0.0 ], [ 34.973737, 51.233212, 0.0 ], [ 34.973404, 51.233124, 0.0 ], [ 34.972202, 51.23307, 0.0 ], [ 34.971907, 51.233024, 0.0 ], [ 34.971693, 51.232691, 0.0 ], [ 34.971521, 51.232607, 0.0 ], [ 34.968571, 51.231952, 0.0 ], [ 34.967557, 51.231784, 0.0 ], [ 34.966827, 51.231707, 0.0 ], [ 34.966087, 51.2317, 0.0 ], [ 34.965695, 51.231683, 0.0 ], [ 34.965368, 51.231589, 0.0 ], [ 34.963802, 51.23077, 0.0 ], [ 34.962707, 51.230457, 0.0 ], [ 34.962037, 51.230168, 0.0 ], [ 34.960859, 51.229796, 0.0 ], [ 34.958818, 51.228952, 0.0 ], [ 34.957337, 51.228455, 0.0 ], [ 34.956028, 51.228112, 0.0 ], [ 34.955149, 51.227958, 0.0 ], [ 34.954602, 51.227951, 0.0 ], [ 34.953883, 51.22783, 0.0 ], [ 34.953168, 51.227628, 0.0 ], [ 34.952134, 51.227242, 0.0 ], [ 34.950893, 51.226701, 0.0 ], [ 34.95017, 51.225996, 0.0 ], [ 34.950176, 51.225196, 0.0 ], [ 34.950804, 51.224447, 0.0 ], [ 34.951367, 51.223728, 0.0 ], [ 34.951973, 51.222499, 0.0 ], [ 34.952279, 51.221319, 0.0 ], [ 34.952526, 51.220076, 0.0 ], [ 34.952418, 51.219374, 0.0 ], [ 34.951978, 51.218988, 0.0 ], [ 34.951203, 51.21868, 0.0 ], [ 34.950038, 51.218462, 0.0 ], [ 34.94854, 51.218403, 0.0 ], [ 34.945038, 51.21848, 0.0 ], [ 34.943905, 51.218437, 0.0 ], [ 34.942735, 51.218181, 0.0 ], [ 34.940128, 51.21725, 0.0 ], [ 34.939678, 51.216773, 0.0 ], [ 34.939362, 51.216056, 0.0 ], [ 34.939163, 51.215134, 0.0 ], [ 34.939249, 51.213709, 0.0 ], [ 34.939195, 51.21263, 0.0 ], [ 34.939397, 51.212124, 0.0 ], [ 34.939361, 51.211629, 0.0 ], [ 34.938884, 51.21103, 0.0 ], [ 34.938621, 51.210889, 0.0 ], [ 34.937859, 51.210194, 0.0 ], [ 34.937689, 51.209846, 0.0 ], [ 34.937623, 51.20971, 0.0 ], [ 34.937027, 51.209023, 0.0 ], [ 34.936324, 51.208352, 0.0 ], [ 34.934501, 51.207337, 0.0 ], [ 34.933042, 51.206766, 0.0 ], [ 34.931315, 51.2061, 0.0 ], [ 34.929913, 51.205662, 0.0 ], [ 34.929137, 51.205529, 0.0 ], [ 34.928107, 51.205425, 0.0 ], [ 34.927254, 51.205378, 0.0 ], [ 34.926197, 51.20529, 0.0 ], [ 34.925269, 51.205166, 0.0 ], [ 34.924336, 51.205193, 0.0 ], [ 34.921535, 51.205531, 0.0 ], [ 34.917984, 51.205586, 0.0 ], [ 34.917501, 51.205509, 0.0 ], [ 34.91712, 51.205522, 0.0 ], [ 34.916509, 51.205687, 0.0 ], [ 34.914347, 51.205875, 0.0 ], [ 34.913076, 51.205916, 0.0 ], [ 34.911852, 51.205897, 0.0 ], [ 34.909744, 51.205596, 0.0 ], [ 34.907508, 51.205068, 0.0 ], [ 34.906735, 51.204742, 0.0 ], [ 34.904632, 51.203714, 0.0 ], [ 34.904313, 51.203477, 0.0 ], [ 34.904063, 51.203163, 0.0 ], [ 34.904031, 51.202867, 0.0 ], [ 34.904144, 51.202289, 0.0 ], [ 34.904326, 51.20204, 0.0 ], [ 34.904589, 51.201849, 0.0 ], [ 34.904846, 51.201781, 0.0 ], [ 34.905249, 51.201469, 0.0 ], [ 34.905362, 51.201233, 0.0 ], [ 34.905329, 51.200215, 0.0 ], [ 34.904895, 51.198859, 0.0 ], [ 34.904482, 51.198289, 0.0 ], [ 34.904074, 51.197926, 0.0 ], [ 34.90358, 51.197576, 0.0 ], [ 34.90306, 51.19726, 0.0 ], [ 34.902229, 51.196968, 0.0 ], [ 34.901488, 51.196564, 0.0 ], [ 34.901446, 51.19643, 0.0 ], [ 34.901365, 51.196124, 0.0 ], [ 34.900727, 51.19566, 0.0 ], [ 34.900464, 51.195391, 0.0 ], [ 34.89989, 51.194762, 0.0 ], [ 34.89901, 51.193916, 0.0 ], [ 34.898613, 51.193451, 0.0 ], [ 34.898533, 51.193273, 0.0 ], [ 34.898366, 51.193085, 0.0 ], [ 34.8982, 51.193014, 0.0 ], [ 34.897986, 51.192988, 0.0 ], [ 34.897262, 51.193096, 0.0 ], [ 34.896553, 51.193354, 0.0 ], [ 34.896119, 51.193424, 0.0 ], [ 34.895539, 51.193579, 0.0 ], [ 34.895298, 51.193808, 0.0 ], [ 34.894016, 51.194181, 0.0 ], [ 34.8932, 51.194342, 0.0 ], [ 34.892063, 51.194527, 0.0 ], [ 34.89092, 51.194578, 0.0 ], [ 34.889907, 51.194927, 0.0 ], [ 34.889585, 51.195173, 0.0 ], [ 34.888868, 51.195426, 0.0 ], [ 34.888158, 51.195499, 0.0 ], [ 34.887568, 51.195448, 0.0 ], [ 34.88701, 51.195337, 0.0 ], [ 34.886613, 51.1953, 0.0 ], [ 34.88613, 51.195317, 0.0 ], [ 34.88539, 51.195428, 0.0 ], [ 34.885036, 51.1956, 0.0 ], [ 34.884548, 51.195724, 0.0 ], [ 34.884049, 51.195798, 0.0 ], [ 34.883835, 51.195791, 0.0 ], [ 34.883555, 51.195687, 0.0 ], [ 34.883008, 51.195304, 0.0 ], [ 34.882461, 51.195038, 0.0 ], [ 34.881951, 51.194984, 0.0 ], [ 34.881635, 51.194964, 0.0 ], [ 34.881254, 51.194978, 0.0 ], [ 34.880674, 51.19484, 0.0 ], [ 34.880002, 51.194638, 0.0 ], [ 34.879425, 51.194305, 0.0 ], [ 34.878496, 51.193603, 0.0 ], [ 34.877686, 51.192752, 0.0 ], [ 34.87723, 51.192376, 0.0 ], [ 34.876437, 51.191444, 0.0 ], [ 34.876384, 51.191268, 0.0 ], [ 34.875775, 51.191351, 0.0 ], [ 34.874243, 51.191622, 0.0 ], [ 34.872743, 51.191885, 0.0 ], [ 34.872283, 51.19214, 0.0 ], [ 34.871012, 51.192984, 0.0 ], [ 34.870512, 51.193111, 0.0 ], [ 34.870459, 51.193122, 0.0 ], [ 34.870405, 51.193135, 0.0 ], [ 34.869913, 51.193794, 0.0 ], [ 34.865034, 51.197281, 0.0 ], [ 34.862314, 51.199156, 0.0 ], [ 34.856152, 51.196101, 0.0 ], [ 34.853636, 51.194908, 0.0 ], [ 34.849, 51.192645, 0.0 ], [ 34.846103, 51.19112, 0.0 ], [ 34.845596, 51.19089, 0.0 ], [ 34.846646, 51.188927, 0.0 ], [ 34.844708, 51.187945, 0.0 ], [ 34.83879, 51.184307, 0.0 ], [ 34.837754, 51.18399, 0.0 ], [ 34.836942, 51.183764, 0.0 ], [ 34.833315, 51.183249, 0.0 ], [ 34.833232, 51.182007, 0.0 ], [ 34.833252, 51.179903, 0.0 ], [ 34.833499, 51.179445, 0.0 ], [ 34.834471, 51.178482, 0.0 ], [ 34.834785, 51.177341, 0.0 ], [ 34.834803, 51.16934, 0.0 ], [ 34.826049, 51.16926, 0.0 ], [ 34.81978, 51.169184, 0.0 ], [ 34.819613, 51.169182, 0.0 ], [ 34.81821, 51.169167, 0.0 ], [ 34.814608, 51.17029, 0.0 ], [ 34.814472, 51.170333, 0.0 ], [ 34.814343, 51.170404, 0.0 ], [ 34.813503, 51.171387, 0.0 ], [ 34.810599, 51.172042, 0.0 ], [ 34.809269, 51.172267, 0.0 ], [ 34.808991, 51.172393, 0.0 ], [ 34.808528, 51.173232, 0.0 ], [ 34.808463, 51.173939, 0.0 ], [ 34.808598, 51.174305, 0.0 ], [ 34.80892, 51.174843, 0.0 ], [ 34.809263, 51.175203, 0.0 ], [ 34.80944, 51.175442, 0.0 ], [ 34.809451, 51.175721, 0.0 ], [ 34.809285, 51.176219, 0.0 ], [ 34.809081, 51.176508, 0.0 ], [ 34.808644, 51.17667, 0.0 ], [ 34.808121, 51.17677, 0.0 ], [ 34.806672, 51.176767, 0.0 ], [ 34.805701, 51.176545, 0.0 ], [ 34.804387, 51.176067, 0.0 ], [ 34.803464, 51.175656, 0.0 ], [ 34.803041, 51.175546, 0.0 ], [ 34.802472, 51.175465, 0.0 ], [ 34.800526, 51.175456, 0.0 ], [ 34.799784, 51.175533, 0.0 ], [ 34.79862, 51.175768, 0.0 ], [ 34.797919, 51.175967, 0.0 ], [ 34.797204, 51.176326, 0.0 ], [ 34.796963, 51.176542, 0.0 ], [ 34.796721, 51.176881, 0.0 ], [ 34.796188, 51.177395, 0.0 ], [ 34.795681, 51.177705, 0.0 ], [ 34.79515, 51.177981, 0.0 ], [ 34.793871, 51.178396, 0.0 ], [ 34.79324, 51.178627, 0.0 ], [ 34.792752, 51.178711, 0.0 ], [ 34.792446, 51.178896, 0.0 ], [ 34.791968, 51.179272, 0.0 ], [ 34.791638, 51.179447, 0.0 ], [ 34.79118, 51.179612, 0.0 ], [ 34.790631, 51.179892, 0.0 ], [ 34.789828, 51.180789, 0.0 ], [ 34.789721, 51.181643, 0.0 ], [ 34.789522, 51.181842, 0.0 ], [ 34.788723, 51.182285, 0.0 ], [ 34.788466, 51.182477, 0.0 ], [ 34.788288, 51.183018, 0.0 ], [ 34.788203, 51.183102, 0.0 ], [ 34.787017, 51.183422, 0.0 ], [ 34.786749, 51.183536, 0.0 ], [ 34.786744, 51.183614, 0.0 ], [ 34.786593, 51.183647, 0.0 ], [ 34.786314, 51.183627, 0.0 ], [ 34.786144, 51.183664, 0.0 ], [ 34.785888, 51.183843, 0.0 ], [ 34.784451, 51.184781, 0.0 ], [ 34.782866, 51.183204, 0.0 ], [ 34.781808, 51.181927, 0.0 ], [ 34.781497, 51.18167, 0.0 ], [ 34.781342, 51.18127, 0.0 ], [ 34.780859, 51.180944, 0.0 ], [ 34.780602, 51.180641, 0.0 ], [ 34.780349, 51.179851, 0.0 ], [ 34.780083, 51.179338, 0.0 ], [ 34.779882, 51.179121, 0.0 ], [ 34.779766, 51.178866, 0.0 ], [ 34.779851, 51.178548, 0.0 ], [ 34.779863, 51.178269, 0.0 ], [ 34.779359, 51.177787, 0.0 ], [ 34.778646, 51.177164, 0.0 ], [ 34.777442, 51.17669, 0.0 ], [ 34.776567, 51.176256, 0.0 ], [ 34.775992, 51.176123, 0.0 ], [ 34.775297, 51.175809, 0.0 ], [ 34.773939, 51.175338, 0.0 ], [ 34.771986, 51.175015, 0.0 ], [ 34.771621, 51.174927, 0.0 ], [ 34.770784, 51.17489, 0.0 ], [ 34.76837, 51.175314, 0.0 ], [ 34.765967, 51.175664, 0.0 ], [ 34.76145, 51.176585, 0.0 ], [ 34.760077, 51.176955, 0.0 ], [ 34.759014, 51.177211, 0.0 ] ] }, { "type": "LineString", "coordinates": [ [ 34.278402, 51.705379, 0.0 ], [ 34.278605, 51.705385, 0.0 ], [ 34.278826, 51.705301, 0.0 ], [ 34.279193, 51.70522, 0.0 ], [ 34.279279, 51.705082, 0.0 ], [ 34.27951, 51.704995, 0.0 ], [ 34.279726, 51.705064, 0.0 ], [ 34.279732, 51.705257, 0.0 ], [ 34.279676, 51.705375, 0.0 ], [ 34.279636, 51.70555, 0.0 ], [ 34.279737, 51.70569, 0.0 ], [ 34.279938, 51.705687, 0.0 ], [ 34.280114, 51.705566, 0.0 ], [ 34.280084, 51.705456, 0.0 ], [ 34.280064, 51.705335, 0.0 ], [ 34.280149, 51.705235, 0.0 ], [ 34.280516, 51.705266, 0.0 ], [ 34.280989, 51.705288, 0.0 ], [ 34.281376, 51.705466, 0.0 ], [ 34.281678, 51.705606, 0.0 ], [ 34.282352, 51.705662, 0.0 ], [ 34.282679, 51.70559, 0.0 ], [ 34.282915, 51.705394, 0.0 ], [ 34.282936, 51.705285, 0.0 ], [ 34.28284, 51.705036, 0.0 ], [ 34.282946, 51.704933, 0.0 ], [ 34.283293, 51.704892, 0.0 ], [ 34.283589, 51.704995, 0.0 ], [ 34.283625, 51.705176, 0.0 ], [ 34.283625, 51.705378, 0.0 ], [ 34.283841, 51.705488, 0.0 ], [ 34.284364, 51.70536, 0.0 ], [ 34.28461, 51.705201, 0.0 ], [ 34.284897, 51.704926, 0.0 ], [ 34.28529, 51.704802, 0.0 ], [ 34.28614, 51.70459, 0.0 ], [ 34.286557, 51.704705, 0.0 ], [ 34.286788, 51.70488, 0.0 ], [ 34.287015, 51.705036, 0.0 ], [ 34.287472, 51.705073, 0.0 ], [ 34.287709, 51.705036, 0.0 ], [ 34.28785, 51.704898, 0.0 ], [ 34.287863, 51.704778, 0.0 ], [ 34.288069, 51.704704, 0.0 ], [ 34.288426, 51.704844, 0.0 ], [ 34.289201, 51.704859, 0.0 ], [ 34.289397, 51.704947, 0.0 ], [ 34.289885, 51.705028, 0.0 ], [ 34.290579, 51.705059, 0.0 ], [ 34.291018, 51.705071, 0.0 ], [ 34.291252, 51.705338, 0.0 ], [ 34.291788, 51.705512, 0.0 ], [ 34.29183, 51.705789, 0.0 ], [ 34.291973, 51.705948, 0.0 ], [ 34.292286, 51.705895, 0.0 ], [ 34.292648, 51.705917, 0.0 ], [ 34.293486, 51.706498, 0.0 ], [ 34.29392, 51.706775, 0.0 ], [ 34.29414, 51.707022, 0.0 ], [ 34.294276, 51.707194, 0.0 ], [ 34.29488, 51.707322, 0.0 ], [ 34.295343, 51.707234, 0.0 ], [ 34.295919, 51.707234, 0.0 ], [ 34.296474, 51.707401, 0.0 ], [ 34.296937, 51.70772, 0.0 ], [ 34.297238, 51.708153, 0.0 ], [ 34.297545, 51.70814, 0.0 ], [ 34.297741, 51.7082, 0.0 ], [ 34.297744, 51.70834, 0.0 ], [ 34.297748, 51.708754, 0.0 ], [ 34.297701, 51.709041, 0.0 ], [ 34.29757, 51.709521, 0.0 ], [ 34.297619, 51.709719, 0.0 ], [ 34.297918, 51.710176, 0.0 ], [ 34.298477, 51.710749, 0.0 ], [ 34.298761, 51.711077, 0.0 ], [ 34.298925, 51.711408, 0.0 ], [ 34.298942, 51.711663, 0.0 ], [ 34.298882, 51.711859, 0.0 ], [ 34.298829, 51.711954, 0.0 ], [ 34.298932, 51.712049, 0.0 ], [ 34.299323, 51.712186, 0.0 ], [ 34.299554, 51.712186, 0.0 ], [ 34.299921, 51.712181, 0.0 ], [ 34.299995, 51.712117, 0.0 ], [ 34.300066, 51.712022, 0.0 ], [ 34.300251, 51.711989, 0.0 ], [ 34.300386, 51.712027, 0.0 ], [ 34.300554, 51.71219, 0.0 ], [ 34.30081, 51.712313, 0.0 ], [ 34.301299, 51.712584, 0.0 ], [ 34.301379, 51.712721, 0.0 ], [ 34.301736, 51.712999, 0.0 ], [ 34.301716, 51.713145, 0.0 ], [ 34.301877, 51.713338, 0.0 ], [ 34.301927, 51.713488, 0.0 ], [ 34.301817, 51.713628, 0.0 ], [ 34.301716, 51.713728, 0.0 ], [ 34.301728, 51.714086, 0.0 ], [ 34.302098, 51.714194, 0.0 ], [ 34.302439, 51.714218, 0.0 ], [ 34.302852, 51.714269, 0.0 ], [ 34.303044, 51.714388, 0.0 ], [ 34.303264, 51.714991, 0.0 ], [ 34.303243, 51.715106, 0.0 ], [ 34.302727, 51.7153, 0.0 ], [ 34.302713, 51.715414, 0.0 ], [ 34.302841, 51.71563, 0.0 ], [ 34.303662, 51.716322, 0.0 ], [ 34.304381, 51.717032, 0.0 ], [ 34.304712, 51.717374, 0.0 ], [ 34.305, 51.717702, 0.0 ], [ 34.305416, 51.718043, 0.0 ], [ 34.305668, 51.718294, 0.0 ], [ 34.306038, 51.718733, 0.0 ], [ 34.306223, 51.718854, 0.0 ], [ 34.306664, 51.718991, 0.0 ], [ 34.306981, 51.719123, 0.0 ], [ 34.307255, 51.719434, 0.0 ], [ 34.307507, 51.719665, 0.0 ], [ 34.307906, 51.719824, 0.0 ], [ 34.308411, 51.719952, 0.0 ], [ 34.308631, 51.720079, 0.0 ], [ 34.308898, 51.720262, 0.0 ], [ 34.309125, 51.720271, 0.0 ], [ 34.309531, 51.720247, 0.0 ], [ 34.309783, 51.720156, 0.0 ], [ 34.310096, 51.72, 0.0 ], [ 34.310281, 51.719888, 0.0 ], [ 34.310409, 51.719771, 0.0 ], [ 34.310559, 51.719685, 0.0 ], [ 34.310936, 51.719643, 0.0 ], [ 34.311395, 51.719696, 0.0 ], [ 34.311846, 51.719786, 0.0 ], [ 34.31207, 51.719848, 0.0 ], [ 34.312362, 51.719839, 0.0 ], [ 34.312401, 51.719819, 0.0 ] ] }, { "type": "LineString", "coordinates": [ [ 34.359928, 51.7138, 0.0 ], [ 34.359938, 51.713803, 0.0 ], [ 34.360089, 51.713724, 0.0 ], [ 34.360257, 51.713578, 0.0 ], [ 34.360422, 51.713443, 0.0 ], [ 34.360956, 51.713438, 0.0 ], [ 34.361171, 51.713434, 0.0 ], [ 34.361242, 51.713376, 0.0 ], [ 34.361292, 51.713222, 0.0 ], [ 34.361494, 51.713041, 0.0 ], [ 34.361669, 51.712585, 0.0 ], [ 34.361712, 51.712466, 0.0 ], [ 34.361877, 51.7124, 0.0 ], [ 34.362304, 51.712472, 0.0 ], [ 34.362559, 51.712472, 0.0 ], [ 34.362741, 51.712329, 0.0 ], [ 34.363117, 51.712175, 0.0 ], [ 34.363288, 51.712145, 0.0 ], [ 34.364061, 51.71252, 0.0 ], [ 34.36472, 51.712795, 0.0 ], [ 34.364942, 51.712889, 0.0 ], [ 34.365211, 51.712937, 0.0 ], [ 34.365496, 51.71297, 0.0 ], [ 34.365708, 51.712849, 0.0 ], [ 34.365745, 51.712753, 0.0 ], [ 34.365658, 51.712689, 0.0 ], [ 34.365439, 51.712645, 0.0 ], [ 34.365368, 51.712543, 0.0 ], [ 34.365416, 51.712418, 0.0 ], [ 34.36553, 51.712314, 0.0 ], [ 34.365822, 51.712262, 0.0 ], [ 34.366192, 51.712302, 0.0 ], [ 34.366649, 51.712426, 0.0 ], [ 34.366763, 51.712633, 0.0 ], [ 34.366827, 51.712772, 0.0 ], [ 34.367045, 51.712758, 0.0 ], [ 34.367294, 51.712774, 0.0 ], [ 34.367623, 51.712716, 0.0 ], [ 34.367922, 51.712704, 0.0 ], [ 34.368131, 51.71282, 0.0 ], [ 34.368309, 51.712889, 0.0 ], [ 34.368433, 51.712824, 0.0 ], [ 34.368554, 51.712687, 0.0 ], [ 34.368712, 51.712641, 0.0 ], [ 34.368803, 51.71273, 0.0 ], [ 34.368941, 51.712856, 0.0 ], [ 34.369122, 51.712916, 0.0 ], [ 34.369381, 51.712997, 0.0 ], [ 34.369589, 51.713147, 0.0 ], [ 34.369781, 51.713303, 0.0 ], [ 34.370231, 51.71343, 0.0 ], [ 34.370423, 51.713495, 0.0 ], [ 34.370524, 51.713563, 0.0 ], [ 34.370624, 51.713682, 0.0 ], [ 34.371008, 51.713824, 0.0 ], [ 34.37127, 51.71388, 0.0 ], [ 34.37136, 51.713915, 0.0 ], [ 34.371532, 51.713953, 0.0 ], [ 34.371754, 51.713963, 0.0 ], [ 34.371895, 51.714046, 0.0 ], [ 34.372002, 51.714192, 0.0 ], [ 34.372157, 51.714303, 0.0 ], [ 34.372311, 51.714311, 0.0 ], [ 34.37251, 51.714315, 0.0 ], [ 34.372775, 51.714361, 0.0 ], [ 34.373014, 51.714417, 0.0 ], [ 34.373239, 51.714328, 0.0 ], [ 34.373467, 51.714288, 0.0 ], [ 34.373756, 51.714332, 0.0 ], [ 34.374079, 51.714463, 0.0 ], [ 34.374298, 51.714559, 0.0 ], [ 34.374405, 51.714654, 0.0 ], [ 34.374492, 51.714719, 0.0 ], [ 34.374647, 51.714706, 0.0 ], [ 34.374812, 51.714607, 0.0 ], [ 34.374953, 51.714446, 0.0 ], [ 34.374983, 51.714388, 0.0 ], [ 34.37542, 51.714448, 0.0 ], [ 34.375682, 51.714392, 0.0 ], [ 34.375833, 51.714432, 0.0 ], [ 34.376011, 51.714538, 0.0 ], [ 34.376196, 51.714604, 0.0 ], [ 34.376428, 51.714513, 0.0 ], [ 34.376566, 51.714417, 0.0 ], [ 34.376841, 51.714438, 0.0 ], [ 34.376939, 51.71453, 0.0 ], [ 34.377016, 51.714725, 0.0 ], [ 34.377154, 51.714934, 0.0 ], [ 34.37743, 51.714934, 0.0 ], [ 34.377668, 51.71489, 0.0 ], [ 34.377954, 51.714983, 0.0 ], [ 34.378081, 51.715121, 0.0 ], [ 34.378196, 51.715206, 0.0 ], [ 34.378572, 51.715152, 0.0 ], [ 34.378945, 51.715071, 0.0 ], [ 34.379039, 51.715065, 0.0 ], [ 34.379116, 51.71511, 0.0 ], [ 34.379261, 51.715219, 0.0 ], [ 34.379479, 51.715329, 0.0 ], [ 34.379694, 51.715398, 0.0 ], [ 34.379816, 51.715398, 0.0 ], [ 34.379862, 51.715281, 0.0 ], [ 34.379795, 51.715144, 0.0 ], [ 34.37996, 51.715123, 0.0 ], [ 34.380246, 51.71516, 0.0 ], [ 34.38039, 51.715227, 0.0 ], [ 34.380636, 51.715423, 0.0 ], [ 34.38076, 51.715556, 0.0 ], [ 34.38083, 51.715687, 0.0 ], [ 34.380844, 51.71575, 0.0 ], [ 34.381106, 51.715833, 0.0 ], [ 34.381422, 51.715822, 0.0 ], [ 34.381677, 51.715746, 0.0 ], [ 34.381751, 51.715764, 0.0 ], [ 34.381768, 51.715833, 0.0 ], [ 34.381694, 51.715893, 0.0 ], [ 34.381634, 51.715939, 0.0 ], [ 34.381677, 51.716008, 0.0 ], [ 34.381832, 51.715993, 0.0 ], [ 34.382013, 51.715893, 0.0 ], [ 34.382158, 51.715843, 0.0 ], [ 34.382275, 51.715772, 0.0 ], [ 34.382682, 51.715893, 0.0 ], [ 34.382874, 51.715927, 0.0 ], [ 34.383092, 51.715881, 0.0 ], [ 34.383263, 51.715822, 0.0 ], [ 34.383415, 51.715858, 0.0 ], [ 34.383512, 51.715943, 0.0 ], [ 34.38364, 51.715989, 0.0 ], [ 34.383821, 51.71601, 0.0 ], [ 34.383946, 51.716056, 0.0 ], [ 34.38408, 51.716199, 0.0 ], [ 34.384171, 51.716239, 0.0 ], [ 34.384376, 51.716266, 0.0 ], [ 34.384567, 51.716366, 0.0 ], [ 34.384924, 51.716568, 0.0 ], [ 34.385092, 51.716591, 0.0 ], [ 34.385229, 51.71663, 0.0 ], [ 34.385354, 51.716803, 0.0 ], [ 34.385518, 51.716951, 0.0 ], [ 34.38571, 51.716957, 0.0 ], [ 34.385891, 51.716907, 0.0 ], [ 34.386032, 51.716938, 0.0 ], [ 34.386204, 51.716847, 0.0 ], [ 34.386305, 51.716749, 0.0 ], [ 34.386382, 51.716662, 0.0 ], [ 34.386503, 51.716634, 0.0 ], [ 34.386694, 51.716664, 0.0 ], [ 34.386738, 51.716764, 0.0 ], [ 34.386879, 51.716886, 0.0 ], [ 34.386916, 51.716964, 0.0 ], [ 34.386994, 51.717066, 0.0 ], [ 34.387135, 51.717124, 0.0 ], [ 34.387313, 51.71713, 0.0 ], [ 34.38744, 51.717072, 0.0 ], [ 34.387619, 51.71699, 0.0 ], [ 34.387625, 51.716901, 0.0 ], [ 34.387508, 51.716845, 0.0 ], [ 34.387461, 51.716807, 0.0 ], [ 34.387508, 51.716722, 0.0 ], [ 34.387629, 51.716678, 0.0 ], [ 34.38778, 51.716682, 0.0 ], [ 34.388025, 51.716482, 0.0 ], [ 34.388123, 51.716482, 0.0 ], [ 34.388254, 51.71656, 0.0 ], [ 34.388412, 51.716716, 0.0 ], [ 34.38856, 51.716745, 0.0 ], [ 34.388674, 51.716736, 0.0 ], [ 34.388758, 51.716743, 0.0 ], [ 34.388835, 51.716812, 0.0 ], [ 34.388818, 51.716909, 0.0 ], [ 34.388902, 51.717013, 0.0 ], [ 34.389084, 51.717024, 0.0 ], [ 34.389312, 51.716999, 0.0 ], [ 34.38949, 51.717043, 0.0 ], [ 34.389571, 51.717126, 0.0 ], [ 34.389464, 51.717209, 0.0 ], [ 34.389376, 51.71733, 0.0 ], [ 34.38947, 51.717413, 0.0 ], [ 34.389608, 51.717501, 0.0 ], [ 34.389564, 51.717644, 0.0 ], [ 34.389501, 51.71779, 0.0 ], [ 34.389524, 51.717867, 0.0 ], [ 34.389682, 51.717965, 0.0 ], [ 34.389769, 51.717913, 0.0 ], [ 34.389884, 51.717782, 0.0 ], [ 34.389971, 51.717755, 0.0 ], [ 34.390358, 51.717927, 0.0 ], [ 34.390331, 51.718011, 0.0 ], [ 34.390428, 51.71809, 0.0 ], [ 34.390505, 51.718054, 0.0 ], [ 34.390616, 51.718075, 0.0 ], [ 34.390778, 51.718132, 0.0 ], [ 34.390972, 51.718169, 0.0 ], [ 34.391097, 51.71814, 0.0 ], [ 34.391174, 51.718025, 0.0 ], [ 34.391456, 51.718038, 0.0 ], [ 34.391598, 51.718069, 0.0 ], [ 34.391655, 51.718117, 0.0 ], [ 34.391752, 51.718158, 0.0 ], [ 34.391873, 51.718154, 0.0 ], [ 34.392048, 51.718098, 0.0 ], [ 34.392226, 51.718098, 0.0 ], [ 34.392397, 51.71814, 0.0 ], [ 34.392505, 51.718127, 0.0 ], [ 34.392552, 51.718061, 0.0 ], [ 34.392491, 51.717994, 0.0 ], [ 34.392401, 51.71793, 0.0 ], [ 34.392421, 51.717873, 0.0 ], [ 34.392545, 51.717859, 0.0 ], [ 34.392643, 51.717792, 0.0 ], [ 34.39275, 51.717784, 0.0 ], [ 34.392828, 51.717832, 0.0 ], [ 34.392834, 51.717934, 0.0 ], [ 34.392895, 51.717959, 0.0 ], [ 34.393046, 51.717925, 0.0 ], [ 34.393268, 51.718032, 0.0 ], [ 34.393352, 51.718015, 0.0 ], [ 34.393356, 51.718002, 0.0 ] ] }, { "type": "LineString", "coordinates": [ [ 34.379053, 51.843583, 0.0 ], [ 34.379009, 51.843548, 0.0 ], [ 34.378765, 51.84346, 0.0 ], [ 34.378344, 51.843598, 0.0 ], [ 34.376137, 51.843981, 0.0 ], [ 34.372594, 51.845742, 0.0 ], [ 34.371304, 51.846107, 0.0 ], [ 34.36937, 51.846193, 0.0 ], [ 34.369438, 51.846344, 0.0 ], [ 34.369234, 51.846528, 0.0 ], [ 34.368366, 51.846394, 0.0 ], [ 34.368563, 51.846625, 0.0 ], [ 34.368922, 51.847191, 0.0 ], [ 34.368868, 51.847547, 0.0 ], [ 34.368644, 51.847669, 0.0 ], [ 34.36861, 51.84784, 0.0 ], [ 34.368766, 51.847962, 0.0 ], [ 34.368726, 51.848021, 0.0 ], [ 34.368447, 51.84836, 0.0 ], [ 34.367992, 51.848407, 0.0 ], [ 34.367836, 51.848562, 0.0 ], [ 34.367592, 51.848906, 0.0 ], [ 34.36732, 51.849681, 0.0 ], [ 34.367334, 51.850033, 0.0 ], [ 34.367812, 51.851322, 0.0 ], [ 34.368235, 51.8515, 0.0 ], [ 34.368609, 51.851645, 0.0 ], [ 34.368264, 51.85211, 0.0 ], [ 34.367595, 51.852194, 0.0 ], [ 34.366903, 51.853087, 0.0 ], [ 34.366184, 51.853347, 0.0 ], [ 34.365635, 51.853681, 0.0 ], [ 34.365078, 51.854064, 0.0 ], [ 34.364454, 51.85436, 0.0 ], [ 34.364057, 51.854628, 0.0 ], [ 34.363446, 51.854941, 0.0 ], [ 34.363215, 51.855364, 0.0 ], [ 34.363283, 51.855555, 0.0 ], [ 34.363491, 51.855746, 0.0 ], [ 34.363598, 51.856038, 0.0 ], [ 34.363624, 51.856557, 0.0 ], [ 34.36375, 51.856807, 0.0 ], [ 34.364525, 51.857497, 0.0 ], [ 34.363851, 51.857778, 0.0 ], [ 34.363495, 51.857807, 0.0 ], [ 34.362933, 51.858123, 0.0 ], [ 34.362706, 51.858333, 0.0 ], [ 34.362676, 51.85847, 0.0 ], [ 34.362632, 51.858492, 0.0 ], [ 34.362729, 51.858601, 0.0 ], [ 34.362832, 51.858782, 0.0 ], [ 34.362856, 51.858947, 0.0 ], [ 34.362798, 51.859007, 0.0 ], [ 34.36272, 51.859063, 0.0 ], [ 34.362599, 51.859085, 0.0 ], [ 34.36238, 51.859145, 0.0 ], [ 34.362306, 51.85916, 0.0 ], [ 34.362174, 51.859205, 0.0 ], [ 34.361739, 51.859305, 0.0 ], [ 34.361015, 51.859637, 0.0 ], [ 34.360854, 51.859814, 0.0 ], [ 34.360357, 51.859967, 0.0 ], [ 34.360049, 51.860088, 0.0 ], [ 34.359443, 51.860157, 0.0 ], [ 34.358861, 51.86039, 0.0 ], [ 34.358698, 51.860394, 0.0 ], [ 34.358645, 51.860352, 0.0 ], [ 34.358323, 51.860316, 0.0 ], [ 34.358056, 51.860306, 0.0 ], [ 34.358019, 51.860372, 0.0 ], [ 34.357934, 51.860422, 0.0 ], [ 34.357888, 51.860398, 0.0 ], [ 34.357764, 51.860478, 0.0 ], [ 34.357594, 51.860636, 0.0 ], [ 34.357088, 51.860831, 0.0 ], [ 34.356904, 51.860839, 0.0 ], [ 34.356617, 51.86103, 0.0 ], [ 34.355458, 51.861393, 0.0 ], [ 34.354712, 51.861659, 0.0 ], [ 34.354541, 51.861701, 0.0 ], [ 34.354416, 51.861718, 0.0 ], [ 34.354315, 51.861703, 0.0 ], [ 34.354236, 51.861691, 0.0 ], [ 34.354085, 51.861748, 0.0 ], [ 34.353894, 51.861805, 0.0 ], [ 34.353773, 51.861851, 0.0 ], [ 34.35372, 51.861922, 0.0 ], [ 34.353559, 51.86201, 0.0 ], [ 34.353296, 51.862077, 0.0 ], [ 34.353034, 51.86217, 0.0 ], [ 34.352846, 51.862282, 0.0 ], [ 34.352744, 51.862375, 0.0 ], [ 34.3526, 51.862477, 0.0 ], [ 34.352442, 51.862554, 0.0 ], [ 34.352337, 51.862633, 0.0 ], [ 34.352189, 51.862643, 0.0 ], [ 34.352025, 51.862582, 0.0 ], [ 34.351877, 51.862586, 0.0 ], [ 34.351798, 51.862656, 0.0 ], [ 34.351643, 51.862762, 0.0 ], [ 34.351526, 51.86284, 0.0 ], [ 34.351379, 51.862935, 0.0 ], [ 34.351094, 51.862981, 0.0 ], [ 34.35092, 51.863016, 0.0 ], [ 34.350708, 51.863014, 0.0 ], [ 34.348732, 51.863169, 0.0 ], [ 34.346742, 51.863711, 0.0 ], [ 34.346506, 51.86385, 0.0 ], [ 34.346471, 51.864058, 0.0 ], [ 34.346372, 51.864214, 0.0 ], [ 34.346303, 51.864292, 0.0 ], [ 34.346154, 51.864351, 0.0 ], [ 34.346139, 51.864437, 0.0 ], [ 34.346077, 51.864545, 0.0 ], [ 34.345933, 51.864632, 0.0 ], [ 34.345822, 51.864698, 0.0 ], [ 34.345653, 51.864698, 0.0 ], [ 34.345553, 51.864699, 0.0 ], [ 34.345398, 51.864653, 0.0 ], [ 34.345429, 51.864771, 0.0 ], [ 34.345259, 51.864872, 0.0 ], [ 34.344937, 51.864914, 0.0 ], [ 34.344836, 51.864974, 0.0 ], [ 34.344771, 51.865, 0.0 ], [ 34.344567, 51.865039, 0.0 ], [ 34.344172, 51.8651, 0.0 ], [ 34.344098, 51.865228, 0.0 ], [ 34.344068, 51.865263, 0.0 ], [ 34.34402, 51.865291, 0.0 ], [ 34.34391, 51.865299, 0.0 ], [ 34.343854, 51.865411, 0.0 ], [ 34.343749, 51.865507, 0.0 ], [ 34.34363, 51.865563, 0.0 ], [ 34.343437, 51.865724, 0.0 ], [ 34.343112, 51.865948, 0.0 ], [ 34.342887, 51.866067, 0.0 ], [ 34.342011, 51.86633, 0.0 ], [ 34.341606, 51.866395, 0.0 ], [ 34.339668, 51.867033, 0.0 ], [ 34.329391, 51.870992, 0.0 ], [ 34.328907, 51.871146, 0.0 ], [ 34.328847, 51.871156, 0.0 ], [ 34.328826, 51.871159, 0.0 ], [ 34.328769, 51.871174, 0.0 ], [ 34.328727, 51.871188, 0.0 ], [ 34.328682, 51.871196, 0.0 ], [ 34.32866, 51.871201, 0.0 ], [ 34.328614, 51.87121, 0.0 ], [ 34.328557, 51.871218, 0.0 ], [ 34.328511, 51.871225, 0.0 ], [ 34.328476, 51.871231, 0.0 ], [ 34.328458, 51.871234, 0.0 ], [ 34.328412, 51.871238, 0.0 ], [ 34.328369, 51.871242, 0.0 ], [ 34.328309, 51.871247, 0.0 ], [ 34.328256, 51.871247, 0.0 ], [ 34.32821, 51.871247, 0.0 ], [ 34.328157, 51.871249, 0.0 ], [ 34.328111, 51.871253, 0.0 ], [ 34.328062, 51.871262, 0.0 ], [ 34.328008, 51.871275, 0.0 ], [ 34.327934, 51.871303, 0.0 ], [ 34.327782, 51.871368, 0.0 ], [ 34.327754, 51.871398, 0.0 ], [ 34.327734, 51.871426, 0.0 ], [ 34.327705, 51.871458, 0.0 ], [ 34.327673, 51.871494, 0.0 ], [ 34.327648, 51.871536, 0.0 ], [ 34.327632, 51.871571, 0.0 ], [ 34.327628, 51.871601, 0.0 ], [ 34.327628, 51.871647, 0.0 ], [ 34.327628, 51.871692, 0.0 ], [ 34.327581, 51.871817, 0.0 ], [ 34.327547, 51.87191, 0.0 ], [ 34.327226, 51.872309, 0.0 ], [ 34.327002, 51.872555, 0.0 ], [ 34.326969, 51.872585, 0.0 ], [ 34.326949, 51.872613, 0.0 ], [ 34.326921, 51.872653, 0.0 ], [ 34.3269, 51.872686, 0.0 ], [ 34.326884, 51.872723, 0.0 ], [ 34.32688, 51.872764, 0.0 ], [ 34.326876, 51.872799, 0.0 ], [ 34.326876, 51.87287, 0.0 ], [ 34.326876, 51.872947, 0.0 ], [ 34.326876, 51.872979, 0.0 ], [ 34.326872, 51.873017, 0.0 ], [ 34.326872, 51.87305, 0.0 ], [ 34.326872, 51.873082, 0.0 ], [ 34.326833, 51.873144, 0.0 ], [ 34.326795, 51.873215, 0.0 ], [ 34.326588, 51.873786, 0.0 ], [ 34.326555, 51.873939, 0.0 ], [ 34.32654, 51.873966, 0.0 ], [ 34.326519, 51.873998, 0.0 ], [ 34.326502, 51.874022, 0.0 ], [ 34.326487, 51.874053, 0.0 ], [ 34.32647, 51.874079, 0.0 ], [ 34.326441, 51.874099, 0.0 ], [ 34.32641, 51.874127, 0.0 ], [ 34.326374, 51.874145, 0.0 ], [ 34.326335, 51.87416, 0.0 ], [ 34.326293, 51.874171, 0.0 ], [ 34.326233, 51.874182, 0.0 ], [ 34.32619, 51.874191, 0.0 ], [ 34.326134, 51.874191, 0.0 ], [ 34.326088, 51.874191, 0.0 ], [ 34.326038, 51.874186, 0.0 ], [ 34.325993, 51.874179, 0.0 ], [ 34.325946, 51.874178, 0.0 ], [ 34.325893, 51.874171, 0.0 ], [ 34.32584, 51.87416, 0.0 ], [ 34.325797, 51.874151, 0.0 ], [ 34.325748, 51.874142, 0.0 ], [ 34.325705, 51.874134, 0.0 ], [ 34.325663, 51.874132, 0.0 ], [ 34.325549, 51.874153, 0.0 ], [ 34.325458, 51.874169, 0.0 ], [ 34.325373, 51.8742, 0.0 ], [ 34.32527, 51.874274, 0.0 ], [ 34.32464, 51.874897, 0.0 ], [ 34.324439, 51.875095, 0.0 ], [ 34.32522, 51.875547, 0.0 ], [ 34.325184, 51.87558, 0.0 ], [ 34.325087, 51.875674, 0.0 ], [ 34.321287, 51.87493, 0.0 ] ] }, { "type": "Polygon", "coordinates": [ [ [ 35.621677, 47.503229, 0.0 ], [ 35.62167, 47.50323, 0.0 ], [ 35.61748, 47.50436, 0.0 ], [ 35.61412, 47.50547, 0.0 ], [ 35.61134, 47.50659, 0.0 ], [ 35.60892, 47.50772, 0.0 ], [ 35.60661, 47.50887, 0.0 ], [ 35.60417, 47.51007, 0.0 ], [ 35.60136, 47.51132, 0.0 ], [ 35.59794, 47.51264, 0.0 ], [ 35.59367, 47.51404, 0.0 ], [ 35.59014, 47.51503, 0.0 ], [ 35.58721, 47.51569, 0.0 ], [ 35.58473, 47.51613, 0.0 ], [ 35.58251, 47.51642, 0.0 ], [ 35.58041, 47.51666, 0.0 ], [ 35.57824, 47.51695, 0.0 ], [ 35.57584, 47.51737, 0.0 ], [ 35.57304, 47.51802, 0.0 ], [ 35.56967, 47.51899, 0.0 ], [ 35.56929, 47.51915, 0.0 ], [ 35.56904, 47.51935, 0.0 ], [ 35.5689, 47.51959, 0.0 ], [ 35.56884, 47.51987, 0.0 ], [ 35.56882, 47.52019, 0.0 ], [ 35.56882, 47.52055, 0.0 ], [ 35.56883, 47.52094, 0.0 ], [ 35.56879, 47.52137, 0.0 ], [ 35.5687, 47.52183, 0.0 ], [ 35.56853, 47.52281, 0.0 ], [ 35.56852, 47.52376, 0.0 ], [ 35.56861, 47.52467, 0.0 ], [ 35.56871, 47.5255, 0.0 ], [ 35.56878, 47.52624, 0.0 ], [ 35.56873, 47.52686, 0.0 ], [ 35.56851, 47.52734, 0.0 ], [ 35.56804, 47.52766, 0.0 ], [ 35.56726, 47.52779, 0.0 ], [ 35.55691, 47.52825, 0.0 ], [ 35.54828, 47.52877, 0.0 ], [ 35.54086, 47.52924, 0.0 ], [ 35.53417, 47.52953, 0.0 ], [ 35.52774, 47.52954, 0.0 ], [ 35.52107, 47.52914, 0.0 ], [ 35.51368, 47.52822, 0.0 ], [ 35.50507, 47.52666, 0.0 ], [ 35.49478, 47.52435, 0.0 ], [ 35.49004, 47.52291, 0.0 ], [ 35.48641, 47.52121, 0.0 ], [ 35.4836, 47.51926, 0.0 ], [ 35.4813, 47.51709, 0.0 ], [ 35.47921, 47.51472, 0.0 ], [ 35.47705, 47.51217, 0.0 ], [ 35.47451, 47.50944, 0.0 ], [ 35.47128, 47.50658, 0.0 ], [ 35.46709, 47.50358, 0.0 ], [ 35.46631, 47.50313, 0.0 ], [ 35.46565, 47.50283, 0.0 ], [ 35.46506, 47.50266, 0.0 ], [ 35.46452, 47.50259, 0.0 ], [ 35.46397, 47.50259, 0.0 ], [ 35.46338, 47.50264, 0.0 ], [ 35.46272, 47.50271, 0.0 ], [ 35.46194, 47.50277, 0.0 ], [ 35.46101, 47.50279, 0.0 ], [ 35.45826, 47.50274, 0.0 ], [ 35.45602, 47.50264, 0.0 ], [ 35.45414, 47.50253, 0.0 ], [ 35.45249, 47.50244, 0.0 ], [ 35.45092, 47.5024, 0.0 ], [ 35.4493, 47.50245, 0.0 ], [ 35.44748, 47.50262, 0.0 ], [ 35.44533, 47.50295, 0.0 ], [ 35.4427, 47.50346, 0.0 ], [ 35.44119, 47.50384, 0.0 ], [ 35.44, 47.50425, 0.0 ], [ 35.43904, 47.5047, 0.0 ], [ 35.43823, 47.5052, 0.0 ], [ 35.43748, 47.50576, 0.0 ], [ 35.4367, 47.50638, 0.0 ], [ 35.43581, 47.50706, 0.0 ], [ 35.43472, 47.50783, 0.0 ], [ 35.43335, 47.50868, 0.0 ], [ 35.43277, 47.50906, 0.0 ], [ 35.43232, 47.50942, 0.0 ], [ 35.43196, 47.50978, 0.0 ], [ 35.43164, 47.5101, 0.0 ], [ 35.43134, 47.5104, 0.0 ], [ 35.43102, 47.51065, 0.0 ], [ 35.43063, 47.51086, 0.0 ], [ 35.43014, 47.51101, 0.0 ], [ 35.42952, 47.51109, 0.0 ], [ 35.42825, 47.51105, 0.0 ], [ 35.42713, 47.51079, 0.0 ], [ 35.42613, 47.51039, 0.0 ], [ 35.42522, 47.50994, 0.0 ], [ 35.42437, 47.5095, 0.0 ], [ 35.42356, 47.50916, 0.0 ], [ 35.42274, 47.509, 0.0 ], [ 35.4219, 47.50909, 0.0 ], [ 35.42101, 47.50951, 0.0 ], [ 35.4201, 47.5103, 0.0 ], [ 35.41955, 47.51119, 0.0 ], [ 35.41925, 47.51216, 0.0 ], [ 35.41911, 47.5132, 0.0 ], [ 35.41903, 47.51431, 0.0 ], [ 35.4189, 47.51548, 0.0 ], [ 35.41861, 47.51669, 0.0 ], [ 35.41808, 47.51795, 0.0 ], [ 35.41719, 47.51923, 0.0 ], [ 35.41497, 47.52197, 0.0 ], [ 35.41311, 47.52443, 0.0 ], [ 35.41148, 47.52663, 0.0 ], [ 35.40996, 47.52857, 0.0 ], [ 35.40844, 47.53026, 0.0 ], [ 35.40678, 47.53169, 0.0 ], [ 35.40487, 47.53287, 0.0 ], [ 35.40258, 47.53382, 0.0 ], [ 35.3998, 47.53453, 0.0 ], [ 35.39771, 47.53459, 0.0 ], [ 35.39599, 47.53398, 0.0 ], [ 35.39454, 47.53287, 0.0 ], [ 35.39323, 47.53144, 0.0 ], [ 35.39195, 47.52986, 0.0 ], [ 35.39059, 47.52831, 0.0 ], [ 35.38903, 47.52694, 0.0 ], [ 35.38715, 47.52594, 0.0 ], [ 35.38484, 47.52548, 0.0 ], [ 35.3825, 47.52547, 0.0 ], [ 35.38054, 47.5257, 0.0 ], [ 35.37885, 47.52616, 0.0 ], [ 35.37734, 47.52684, 0.0 ], [ 35.37591, 47.52771, 0.0 ], [ 35.37447, 47.52877, 0.0 ], [ 35.37291, 47.53, 0.0 ], [ 35.37114, 47.53138, 0.0 ], [ 35.36906, 47.53291, 0.0 ], [ 35.36846, 47.53351, 0.0 ], [ 35.36814, 47.53421, 0.0 ], [ 35.36801, 47.53496, 0.0 ], [ 35.36799, 47.53572, 0.0 ], [ 35.368, 47.53645, 0.0 ], [ 35.36795, 47.53712, 0.0 ], [ 35.36776, 47.53767, 0.0 ], [ 35.36736, 47.53807, 0.0 ], [ 35.36665, 47.53828, 0.0 ], [ 35.36239, 47.53865, 0.0 ], [ 35.35885, 47.53878, 0.0 ], [ 35.3558, 47.5387, 0.0 ], [ 35.35302, 47.53847, 0.0 ], [ 35.35031, 47.53813, 0.0 ], [ 35.34742, 47.53772, 0.0 ], [ 35.34416, 47.53729, 0.0 ], [ 35.34029, 47.53689, 0.0 ], [ 35.3356, 47.53655, 0.0 ], [ 35.321282, 47.535878, 0.0 ], [ 35.321716, 47.534139, 0.0 ], [ 35.322643, 47.532491, 0.0 ], [ 35.324026, 47.530997, 0.0 ], [ 35.325813, 47.529715, 0.0 ], [ 35.327935, 47.528694, 0.0 ], [ 35.33031, 47.527972, 0.0 ], [ 35.332848, 47.527578, 0.0 ], [ 35.33545, 47.527527, 0.0 ], [ 35.337014, 47.527607, 0.0 ], [ 35.341703, 47.527947, 0.0 ], [ 35.346163, 47.528398, 0.0 ], [ 35.349959, 47.528891, 0.0 ], [ 35.352882, 47.529305, 0.0 ], [ 35.355037, 47.529576, 0.0 ], [ 35.356445, 47.529692, 0.0 ], [ 35.356489, 47.529615, 0.0 ], [ 35.357464, 47.528466, 0.0 ], [ 35.358065, 47.527866, 0.0 ], [ 35.359291, 47.526817, 0.0 ], [ 35.361241, 47.525383, 0.0 ], [ 35.362861, 47.52412, 0.0 ], [ 35.364397, 47.522909, 0.0 ], [ 35.366139, 47.52162, 0.0 ], [ 35.367037, 47.521018, 0.0 ], [ 35.368467, 47.520148, 0.0 ], [ 35.369989, 47.51935, 0.0 ], [ 35.371499, 47.51867, 0.0 ], [ 35.373899, 47.517814, 0.0 ], [ 35.375589, 47.517354, 0.0 ], [ 35.378274, 47.516838, 0.0 ], [ 35.380233, 47.516608, 0.0 ], [ 35.382584, 47.516476, 0.0 ], [ 35.384924, 47.516486, 0.0 ], [ 35.388585, 47.516851, 0.0 ], [ 35.390895, 47.517311, 0.0 ], [ 35.393232, 47.517945, 0.0 ], [ 35.395351, 47.518866, 0.0 ], [ 35.39723, 47.519866, 0.0 ], [ 35.399544, 47.521447, 0.0 ], [ 35.400101, 47.521936, 0.0 ], [ 35.401292, 47.520329, 0.0 ], [ 35.403331, 47.517642, 0.0 ], [ 35.405354, 47.515145, 0.0 ], [ 35.405609, 47.51478, 0.0 ], [ 35.40563, 47.514729, 0.0 ], [ 35.405704, 47.514419, 0.0 ], [ 35.405778, 47.513752, 0.0 ], [ 35.40585, 47.512761, 0.0 ], [ 35.40603, 47.511342, 0.0 ], [ 35.406257, 47.510315, 0.0 ], [ 35.406557, 47.509345, 0.0 ], [ 35.407306, 47.507716, 0.0 ], [ 35.407856, 47.506826, 0.0 ], [ 35.409636, 47.504766, 0.0 ], [ 35.410546, 47.503976, 0.0 ], [ 35.411883, 47.502979, 0.0 ], [ 35.413424, 47.502129, 0.0 ], [ 35.414314, 47.501709, 0.0 ], [ 35.416945, 47.500746, 0.0 ], [ 35.419827, 47.500206, 0.0 ], [ 35.420667, 47.500116, 0.0 ], [ 35.423559, 47.500023, 0.0 ], [ 35.426413, 47.500357, 0.0 ], [ 35.426752, 47.500423, 0.0 ], [ 35.427379, 47.499925, 0.0 ], [ 35.428402, 47.499155, 0.0 ], [ 35.429292, 47.498551, 0.0 ], [ 35.430102, 47.498051, 0.0 ], [ 35.43149, 47.497303, 0.0 ], [ 35.43245, 47.496853, 0.0 ], [ 35.433985, 47.496232, 0.0 ], [ 35.435175, 47.495822, 0.0 ], [ 35.43657, 47.495408, 0.0 ], [ 35.43808, 47.495028, 0.0 ], [ 35.439049, 47.494813, 0.0 ], [ 35.441679, 47.494303, 0.0 ], [ 35.442399, 47.494178, 0.0 ], [ 35.444548, 47.493848, 0.0 ], [ 35.445668, 47.49371, 0.0 ], [ 35.447488, 47.49354, 0.0 ], [ 35.448696, 47.493465, 0.0 ], [ 35.450316, 47.493415, 0.0 ], [ 35.451419, 47.493412, 0.0 ], [ 35.453555, 47.493475, 0.0 ], [ 35.455282, 47.493569, 0.0 ], [ 35.457027, 47.493671, 0.0 ], [ 35.458874, 47.493754, 0.0 ], [ 35.460971, 47.493792, 0.0 ], [ 35.461328, 47.493754, 0.0 ], [ 35.462323, 47.493665, 0.0 ], [ 35.46397, 47.493596, 0.0 ], [ 35.46452, 47.493596, 0.0 ], [ 35.467013, 47.493756, 0.0 ], [ 35.467553, 47.493826, 0.0 ], [ 35.470253, 47.494383, 0.0 ], [ 35.470843, 47.494553, 0.0 ], [ 35.473043, 47.49536, 0.0 ], [ 35.473703, 47.49566, 0.0 ], [ 35.474913, 47.496281, 0.0 ], [ 35.475693, 47.496731, 0.0 ], [ 35.476729, 47.497397, 0.0 ], [ 35.48092, 47.500397, 0.0 ], [ 35.481821, 47.501114, 0.0 ], [ 35.485051, 47.503974, 0.0 ], [ 35.485739, 47.504643, 0.0 ], [ 35.488279, 47.507373, 0.0 ], [ 35.490666, 47.510174, 0.0 ], [ 35.49241, 47.512151, 0.0 ], [ 35.493799, 47.513463, 0.0 ], [ 35.495014, 47.514306, 0.0 ], [ 35.496586, 47.515042, 0.0 ], [ 35.499597, 47.515956, 0.0 ], [ 35.508877, 47.51804, 0.0 ], [ 35.5166, 47.519439, 0.0 ], [ 35.52286, 47.520218, 0.0 ], [ 35.528311, 47.520545, 0.0 ], [ 35.53373, 47.520537, 0.0 ], [ 35.539818, 47.520273, 0.0 ], [ 35.547104, 47.519811, 0.0 ], [ 35.555601, 47.519302, 0.0 ], [ 35.555701, 47.518577, 0.0 ], [ 35.555761, 47.518297, 0.0 ], [ 35.556553, 47.516284, 0.0 ], [ 35.556693, 47.516044, 0.0 ], [ 35.55765, 47.514729, 0.0 ], [ 35.558909, 47.513538, 0.0 ], [ 35.559159, 47.513338, 0.0 ], [ 35.560615, 47.512342, 0.0 ], [ 35.562282, 47.511511, 0.0 ], [ 35.562662, 47.511351, 0.0 ], [ 35.564479, 47.510712, 0.0 ], [ 35.567849, 47.509742, 0.0 ], [ 35.568737, 47.509512, 0.0 ], [ 35.571537, 47.508862, 0.0 ], [ 35.57252, 47.508662, 0.0 ], [ 35.57492, 47.508242, 0.0 ], [ 35.575671, 47.508126, 0.0 ], [ 35.577841, 47.507836, 0.0 ], [ 35.580149, 47.507569, 0.0 ], [ 35.581789, 47.507355, 0.0 ], [ 35.583431, 47.507063, 0.0 ], [ 35.585502, 47.506597, 0.0 ], [ 35.588236, 47.50583, 0.0 ], [ 35.591757, 47.504676, 0.0 ], [ 35.594426, 47.503646, 0.0 ], [ 35.596625, 47.502667, 0.0 ], [ 35.598783, 47.501607, 0.0 ], [ 35.601389, 47.500314, 0.0 ], [ 35.603809, 47.499184, 0.0 ], [ 35.604558, 47.498859, 0.0 ], [ 35.607337, 47.497739, 0.0 ], [ 35.608305, 47.497386, 0.0 ], [ 35.611664, 47.496276, 0.0 ], [ 35.612573, 47.496004, 0.0 ], [ 35.616763, 47.494874, 0.0 ], [ 35.618559, 47.494487, 0.0 ], [ 35.61875, 47.494456, 0.0 ], [ 35.621326, 47.494212, 0.0 ], [ 35.623923, 47.494314, 0.0 ], [ 35.626441, 47.494758, 0.0 ], [ 35.628783, 47.495525, 0.0 ], [ 35.630859, 47.496588, 0.0 ], [ 35.632589, 47.497904, 0.0 ], [ 35.633908, 47.499424, 0.0 ], [ 35.634763, 47.501089, 0.0 ], [ 35.635123, 47.502835, 0.0 ], [ 35.634973, 47.504596, 0.0 ], [ 35.634319, 47.506302, 0.0 ], [ 35.63431, 47.506314, 0.0 ], [ 35.63072, 47.50535, 0.0 ], [ 35.629348, 47.504872, 0.0 ], [ 35.628182, 47.504311, 0.0 ], [ 35.627175, 47.503727, 0.0 ], [ 35.626275, 47.503184, 0.0 ], [ 35.625434, 47.502742, 0.0 ], [ 35.624602, 47.502465, 0.0 ], [ 35.62373, 47.502413, 0.0 ], [ 35.622768, 47.502649, 0.0 ], [ 35.621677, 47.503229, 0.0 ] ] ] }, { "type": "Polygon", "coordinates": [ [ [ 37.827387, 49.970822, 0.0 ], [ 37.826904, 49.970214, 0.0 ], [ 37.826185, 49.968606, 0.0 ], [ 37.825713, 49.967744, 0.0 ], [ 37.823943, 49.966377, 0.0 ], [ 37.823535, 49.965604, 0.0 ], [ 37.822816, 49.965108, 0.0 ], [ 37.822033, 49.9649, 0.0 ], [ 37.821346, 49.964355, 0.0 ], [ 37.820596, 49.962864, 0.0 ], [ 37.818814, 49.961029, 0.0 ], [ 37.817806, 49.959717, 0.0 ], [ 37.81742, 49.959027, 0.0 ], [ 37.817495, 49.95833, 0.0 ], [ 37.817752, 49.957992, 0.0 ], [ 37.818836, 49.957474, 0.0 ], [ 37.818675, 49.956901, 0.0 ], [ 37.818203, 49.956446, 0.0 ], [ 37.817377, 49.956294, 0.0 ], [ 37.815896, 49.956542, 0.0 ], [ 37.815628, 49.956687, 0.0 ], [ 37.815489, 49.958192, 0.0 ], [ 37.814888, 49.958578, 0.0 ], [ 37.813708, 49.958599, 0.0 ], [ 37.813246, 49.958364, 0.0 ], [ 37.812592, 49.95755, 0.0 ], [ 37.812109, 49.956549, 0.0 ], [ 37.811776, 49.955382, 0.0 ], [ 37.811369, 49.95521, 0.0 ], [ 37.810832, 49.955417, 0.0 ], [ 37.810961, 49.956266, 0.0 ], [ 37.810832, 49.956646, 0.0 ], [ 37.81036, 49.957039, 0.0 ], [ 37.80977, 49.957253, 0.0 ], [ 37.808901, 49.957274, 0.0 ], [ 37.808322, 49.95706, 0.0 ], [ 37.807528, 49.956294, 0.0 ], [ 37.806423, 49.955714, 0.0 ], [ 37.804663, 49.956066, 0.0 ], [ 37.803805, 49.956073, 0.0 ], [ 37.803408, 49.955928, 0.0 ], [ 37.803322, 49.955389, 0.0 ], [ 37.803687, 49.954892, 0.0 ], [ 37.805865, 49.952759, 0.0 ], [ 37.807324, 49.951682, 0.0 ], [ 37.807936, 49.951096, 0.0 ], [ 37.808107, 49.950557, 0.0 ], [ 37.807839, 49.949874, 0.0 ], [ 37.807463, 49.949425, 0.0 ], [ 37.806272, 49.949066, 0.0 ], [ 37.804942, 49.948355, 0.0 ], [ 37.804127, 49.948086, 0.0 ], [ 37.802324, 49.948072, 0.0 ], [ 37.801444, 49.947975, 0.0 ], [ 37.800972, 49.947706, 0.0 ], [ 37.801058, 49.94723, 0.0 ], [ 37.801874, 49.946933, 0.0 ], [ 37.804277, 49.946615, 0.0 ], [ 37.804856, 49.946387, 0.0 ], [ 37.805114, 49.946008, 0.0 ], [ 37.80476, 49.945421, 0.0 ], [ 37.804234, 49.945096, 0.0 ], [ 37.803462, 49.944958, 0.0 ], [ 37.803065, 49.944696, 0.0 ], [ 37.802914, 49.94413, 0.0 ], [ 37.803022, 49.943184, 0.0 ], [ 37.802421, 49.942687, 0.0 ], [ 37.801691, 49.942355, 0.0 ], [ 37.801187, 49.942279, 0.0 ], [ 37.800683, 49.942445, 0.0 ], [ 37.800511, 49.942811, 0.0 ], [ 37.800458, 49.943598, 0.0 ], [ 37.799578, 49.944109, 0.0 ], [ 37.799696, 49.944599, 0.0 ], [ 37.800704, 49.944882, 0.0 ], [ 37.800683, 49.945138, 0.0 ], [ 37.799803, 49.94607, 0.0 ], [ 37.799127, 49.946277, 0.0 ], [ 37.797646, 49.946077, 0.0 ], [ 37.796692, 49.946077, 0.0 ], [ 37.79564, 49.945911, 0.0 ], [ 37.795061, 49.944986, 0.0 ], [ 37.794793, 49.944219, 0.0 ], [ 37.794986, 49.943922, 0.0 ], [ 37.79549, 49.943771, 0.0 ], [ 37.796981, 49.94415, 0.0 ], [ 37.797346, 49.943722, 0.0 ], [ 37.796402, 49.943108, 0.0 ], [ 37.796123, 49.942659, 0.0 ], [ 37.795576, 49.942183, 0.0 ], [ 37.794009, 49.941623, 0.0 ], [ 37.793065, 49.941126, 0.0 ], [ 37.791681, 49.940014, 0.0 ], [ 37.791156, 49.93902, 0.0 ], [ 37.789932, 49.937784, 0.0 ], [ 37.7893, 49.937246, 0.0 ], [ 37.788677, 49.937259, 0.0 ], [ 37.78798, 49.938468, 0.0 ], [ 37.787164, 49.938792, 0.0 ], [ 37.78637, 49.938419, 0.0 ], [ 37.784976, 49.93717, 0.0 ], [ 37.783989, 49.935982, 0.0 ], [ 37.783291, 49.935678, 0.0 ], [ 37.782873, 49.935899, 0.0 ], [ 37.783227, 49.937211, 0.0 ], [ 37.782948, 49.937542, 0.0 ], [ 37.782229, 49.937577, 0.0 ], [ 37.781929, 49.936859, 0.0 ], [ 37.781532, 49.936375, 0.0 ], [ 37.780534, 49.935747, 0.0 ], [ 37.779483, 49.933945, 0.0 ], [ 37.779193, 49.933157, 0.0 ], [ 37.778764, 49.93295, 0.0 ], [ 37.777508, 49.932902, 0.0 ], [ 37.776532, 49.932481, 0.0 ], [ 37.775384, 49.930713, 0.0 ], [ 37.775094, 49.930388, 0.0 ], [ 37.773936, 49.929898, 0.0 ], [ 37.773507, 49.929186, 0.0 ], [ 37.773303, 49.927984, 0.0 ], [ 37.773078, 49.927356, 0.0 ], [ 37.773314, 49.926458, 0.0 ], [ 37.77341, 49.924041, 0.0 ], [ 37.773528, 49.923578, 0.0 ], [ 37.774848, 49.921975, 0.0 ], [ 37.77517, 49.921374, 0.0 ], [ 37.775041, 49.920925, 0.0 ], [ 37.773217, 49.919461, 0.0 ], [ 37.772477, 49.918805, 0.0 ], [ 37.77209, 49.918066, 0.0 ], [ 37.771812, 49.917209, 0.0 ], [ 37.772015, 49.916041, 0.0 ], [ 37.771994, 49.91544, 0.0 ], [ 37.771554, 49.914314, 0.0 ], [ 37.770867, 49.913444, 0.0 ], [ 37.770975, 49.912919, 0.0 ], [ 37.772251, 49.912331, 0.0 ], [ 37.773592, 49.91133, 0.0 ], [ 37.773517, 49.910825, 0.0 ], [ 37.772702, 49.910763, 0.0 ], [ 37.771275, 49.911205, 0.0 ], [ 37.770449, 49.911046, 0.0 ], [ 37.770792, 49.909886, 0.0 ], [ 37.771114, 49.909568, 0.0 ], [ 37.772101, 49.909229, 0.0 ], [ 37.772713, 49.908621, 0.0 ], [ 37.772734, 49.90811, 0.0 ], [ 37.772402, 49.90744, 0.0 ], [ 37.771779, 49.906818, 0.0 ], [ 37.771093, 49.906452, 0.0 ], [ 37.769108, 49.906224, 0.0 ], [ 37.768475, 49.905933, 0.0 ], [ 37.768142, 49.905339, 0.0 ], [ 37.768443, 49.905021, 0.0 ], [ 37.76825, 49.904855, 0.0 ], [ 37.767144, 49.905, 0.0 ], [ 37.764881, 49.904959, 0.0 ], [ 37.763507, 49.904842, 0.0 ], [ 37.76266, 49.904558, 0.0 ], [ 37.762231, 49.904178, 0.0 ], [ 37.76208, 49.903777, 0.0 ], [ 37.762617, 49.90328, 0.0 ], [ 37.763196, 49.903135, 0.0 ], [ 37.764612, 49.903038, 0.0 ], [ 37.765363, 49.902803, 0.0 ], [ 37.7656, 49.902416, 0.0 ], [ 37.765739, 49.900606, 0.0 ], [ 37.76517, 49.900191, 0.0 ], [ 37.764183, 49.900481, 0.0 ], [ 37.763304, 49.900923, 0.0 ], [ 37.762681, 49.901041, 0.0 ], [ 37.761995, 49.90093, 0.0 ], [ 37.761362, 49.900295, 0.0 ], [ 37.760568, 49.899832, 0.0 ], [ 37.759259, 49.899818, 0.0 ], [ 37.757928, 49.900288, 0.0 ], [ 37.756898, 49.900495, 0.0 ], [ 37.756126, 49.900903, 0.0 ], [ 37.755933, 49.901601, 0.0 ], [ 37.755171, 49.901483, 0.0 ], [ 37.753701, 49.899189, 0.0 ], [ 37.753025, 49.89856, 0.0 ], [ 37.751062, 49.897986, 0.0 ], [ 37.75001, 49.897344, 0.0 ], [ 37.748895, 49.89572, 0.0 ], [ 37.748369, 49.895353, 0.0 ], [ 37.74706, 49.894849, 0.0 ], [ 37.746255, 49.893909, 0.0 ], [ 37.745129, 49.891151, 0.0 ], [ 37.744378, 49.890522, 0.0 ], [ 37.742833, 49.890031, 0.0 ], [ 37.7422, 49.88954, 0.0 ], [ 37.742028, 49.888904, 0.0 ], [ 37.742715, 49.888856, 0.0 ], [ 37.74323, 49.888441, 0.0 ], [ 37.744099, 49.888192, 0.0 ], [ 37.74411, 49.887646, 0.0 ], [ 37.743659, 49.887315, 0.0 ], [ 37.742872, 49.885936, 0.0 ], [ 37.742414, 49.885593, 0.0 ], [ 37.741513, 49.885434, 0.0 ], [ 37.740709, 49.884805, 0.0 ], [ 37.739206, 49.88381, 0.0 ], [ 37.738638, 49.882704, 0.0 ], [ 37.737479, 49.8811, 0.0 ], [ 37.736803, 49.880021, 0.0 ], [ 37.73514, 49.87794, 0.0 ], [ 37.733982, 49.87727, 0.0 ], [ 37.732812, 49.876412, 0.0 ], [ 37.732072, 49.875638, 0.0 ], [ 37.731675, 49.874642, 0.0 ], [ 37.731793, 49.873978, 0.0 ], [ 37.73161, 49.871268, 0.0 ], [ 37.731804, 49.868689, 0.0 ], [ 37.732008, 49.867963, 0.0 ], [ 37.732394, 49.867624, 0.0 ], [ 37.732512, 49.866621, 0.0 ], [ 37.732286, 49.86577, 0.0 ], [ 37.731052, 49.864043, 0.0 ], [ 37.729294, 49.861999, 0.0 ], [ 37.728227, 49.860677, 0.0 ], [ 37.727255, 49.860012, 0.0 ], [ 37.72572, 49.859247, 0.0 ], [ 37.723874, 49.85852, 0.0 ], [ 37.722411, 49.858126, 0.0 ], [ 37.71749, 49.85745, 0.0 ], [ 37.71563, 49.85542, 0.0 ], [ 37.71406, 49.85378, 0.0 ], [ 37.71037, 49.85014, 0.0 ], [ 37.70926, 49.84894, 0.0 ], [ 37.7081, 49.84757, 0.0 ], [ 37.70683, 49.84589, 0.0 ], [ 37.70538, 49.8438, 0.0 ], [ 37.70524, 49.84345, 0.0 ], [ 37.70548, 49.84289, 0.0 ], [ 37.70635, 49.84215, 0.0 ], [ 37.70668, 49.84154, 0.0 ], [ 37.70661, 49.84115, 0.0 ], [ 37.70585, 49.83952, 0.0 ], [ 37.70505, 49.83823, 0.0 ], [ 37.70424, 49.83719, 0.0 ], [ 37.70263, 49.83541, 0.0 ], [ 37.70187, 49.83448, 0.0 ], [ 37.70115, 49.83338, 0.0 ], [ 37.7005, 49.83201, 0.0 ], [ 37.69993, 49.83027, 0.0 ], [ 37.69964, 49.82866, 0.0 ], [ 37.69964, 49.82727, 0.0 ], [ 37.69985, 49.82605, 0.0 ], [ 37.70086, 49.8228, 0.0 ], [ 37.70104, 49.82166, 0.0 ], [ 37.70101, 49.8204, 0.0 ], [ 37.70068, 49.81897, 0.0 ], [ 37.70034, 49.81824, 0.0 ], [ 37.6999, 49.81775, 0.0 ], [ 37.69879, 49.81726, 0.0 ], [ 37.69668, 49.81673, 0.0 ], [ 37.69591, 49.81636, 0.0 ], [ 37.69512, 49.81578, 0.0 ], [ 37.69261, 49.81366, 0.0 ], [ 37.69035, 49.81193, 0.0 ], [ 37.68654, 49.80916, 0.0 ], [ 37.68493, 49.80787, 0.0 ], [ 37.6835, 49.8065, 0.0 ], [ 37.68222, 49.80492, 0.0 ], [ 37.68107, 49.803, 0.0 ], [ 37.68003, 49.80064, 0.0 ], [ 37.67975, 49.79947, 0.0 ], [ 37.67983, 49.79849, 0.0 ], [ 37.68023, 49.79764, 0.0 ], [ 37.68089, 49.79687, 0.0 ], [ 37.68175, 49.79612, 0.0 ], [ 37.68391, 49.79451, 0.0 ], [ 37.6851, 49.79353, 0.0 ], [ 37.68629, 49.79238, 0.0 ], [ 37.68815, 49.79034, 0.0 ], [ 37.69194, 49.78594, 0.0 ], [ 37.69302, 49.78479, 0.0 ], [ 37.6942, 49.78366, 0.0 ], [ 37.69561, 49.78248, 0.0 ], [ 37.69738, 49.78118, 0.0 ], [ 37.69961, 49.77967, 0.0 ], [ 37.70132, 49.77862, 0.0 ], [ 37.70276, 49.77786, 0.0 ], [ 37.70402, 49.77734, 0.0 ], [ 37.70518, 49.77697, 0.0 ], [ 37.70897, 49.77617, 0.0 ], [ 37.71061, 49.77577, 0.0 ], [ 37.7126, 49.7752, 0.0 ], [ 37.71432, 49.77458, 0.0 ], [ 37.71572, 49.77395, 0.0 ], [ 37.71892, 49.77229, 0.0 ], [ 37.71994, 49.77194, 0.0 ], [ 37.7211, 49.77175, 0.0 ], [ 37.72247, 49.77176, 0.0 ], [ 37.72415, 49.77199, 0.0 ], [ 37.7276, 49.77293, 0.0 ], [ 37.73037, 49.77419, 0.0 ], [ 37.73266, 49.77564, 0.0 ], [ 37.73653, 49.77865, 0.0 ], [ 37.73851, 49.77998, 0.0 ], [ 37.74077, 49.78104, 0.0 ], [ 37.74352, 49.7817, 0.0 ], [ 37.74693, 49.78186, 0.0 ], [ 37.75116, 49.78146, 0.0 ], [ 37.75454, 49.78064, 0.0 ], [ 37.75733, 49.77948, 0.0 ], [ 37.75977, 49.77808, 0.0 ], [ 37.76461, 49.77485, 0.0 ], [ 37.76749, 49.77319, 0.0 ], [ 37.77102, 49.77161, 0.0 ], [ 37.77544, 49.77019, 0.0 ], [ 37.78802, 49.76706, 0.0 ], [ 37.79827, 49.76484, 0.0 ], [ 37.80686, 49.76328, 0.0 ], [ 37.81445, 49.76208, 0.0 ], [ 37.82169, 49.76097, 0.0 ], [ 37.82924, 49.75968, 0.0 ], [ 37.83776, 49.75791, 0.0 ], [ 37.84792, 49.75541, 0.0 ], [ 37.86036, 49.75188, 0.0 ], [ 37.8687, 49.74957, 0.0 ], [ 37.87581, 49.74784, 0.0 ], [ 37.88195, 49.74644, 0.0 ], [ 37.88737, 49.74507, 0.0 ], [ 37.89233, 49.74347, 0.0 ], [ 37.89706, 49.74136, 0.0 ], [ 37.90183, 49.73846, 0.0 ], [ 37.90689, 49.73449, 0.0 ], [ 37.91248, 49.72919, 0.0 ], [ 37.9161, 49.72502, 0.0 ], [ 37.91851, 49.72116, 0.0 ], [ 37.91995, 49.71746, 0.0 ], [ 37.92067, 49.71374, 0.0 ], [ 37.92091, 49.70984, 0.0 ], [ 37.9209, 49.70086, 0.0 ], [ 37.92113, 49.69544, 0.0 ], [ 37.92183, 49.68918, 0.0 ], [ 37.92231, 49.68589, 0.0 ], [ 37.92264, 49.68322, 0.0 ], [ 37.92284, 49.68098, 0.0 ], [ 37.92291, 49.679, 0.0 ], [ 37.92288, 49.67711, 0.0 ], [ 37.92276, 49.67513, 0.0 ], [ 37.92195, 49.6669, 0.0 ], [ 37.92169, 49.66507, 0.0 ], [ 37.92133, 49.66361, 0.0 ], [ 37.92089, 49.66242, 0.0 ], [ 37.91947, 49.65937, 0.0 ], [ 37.91906, 49.65819, 0.0 ], [ 37.91874, 49.65674, 0.0 ], [ 37.91853, 49.65492, 0.0 ], [ 37.91845, 49.65269, 0.0 ], [ 37.91852, 49.65088, 0.0 ], [ 37.9187, 49.64937, 0.0 ], [ 37.91896, 49.64804, 0.0 ], [ 37.91956, 49.64543, 0.0 ], [ 37.91982, 49.6439, 0.0 ], [ 37.92001, 49.64206, 0.0 ], [ 37.92009, 49.63979, 0.0 ], [ 37.92002, 49.63025, 0.0 ], [ 37.91977, 49.6225, 0.0 ], [ 37.91943, 49.61604, 0.0 ], [ 37.91868, 49.60497, 0.0 ], [ 37.91841, 49.59935, 0.0 ], [ 37.91829, 49.593, 0.0 ], [ 37.91839, 49.58542, 0.0 ], [ 37.91877, 49.57611, 0.0 ], [ 37.91891, 49.57501, 0.0 ], [ 37.9192, 49.57418, 0.0 ], [ 37.91962, 49.57356, 0.0 ], [ 37.92014, 49.57307, 0.0 ], [ 37.92218, 49.57169, 0.0 ], [ 37.92296, 49.57103, 0.0 ], [ 37.92375, 49.57014, 0.0 ], [ 37.92616, 49.5669, 0.0 ], [ 37.92802, 49.56417, 0.0 ], [ 37.92949, 49.56183, 0.0 ], [ 37.93197, 49.5578, 0.0 ], [ 37.93334, 49.55584, 0.0 ], [ 37.93503, 49.55376, 0.0 ], [ 37.93721, 49.55143, 0.0 ], [ 37.94005, 49.5487, 0.0 ], [ 37.94221, 49.54688, 0.0 ], [ 37.94411, 49.54558, 0.0 ], [ 37.94583, 49.54467, 0.0 ], [ 37.94745, 49.544, 0.0 ], [ 37.95075, 49.54287, 0.0 ], [ 37.9526, 49.54213, 0.0 ], [ 37.95469, 49.54109, 0.0 ], [ 37.95712, 49.53961, 0.0 ], [ 37.95794, 49.53896, 0.0 ], [ 37.95838, 49.53834, 0.0 ], [ 37.95896, 49.53615, 0.0 ], [ 37.95952, 49.53436, 0.0 ], [ 37.95957, 49.53365, 0.0 ], [ 37.95935, 49.53287, 0.0 ], [ 37.95841, 49.53129, 0.0 ], [ 37.95721, 49.52968, 0.0 ], [ 37.95604, 49.52851, 0.0 ], [ 37.95269, 49.5257, 0.0 ], [ 37.95231, 49.52544, 0.0 ], [ 37.95149, 49.52518, 0.0 ], [ 37.95042, 49.52502, 0.0 ], [ 37.95006, 49.52445, 0.0 ], [ 37.95043, 49.52308, 0.0 ], [ 37.95104, 49.52197, 0.0 ], [ 37.95193, 49.52091, 0.0 ], [ 37.95383, 49.51894, 0.0 ], [ 37.95489, 49.5179, 0.0 ], [ 37.95662, 49.5165, 0.0 ], [ 37.95882, 49.51501, 0.0 ], [ 37.96047, 49.51358, 0.0 ], [ 37.96218, 49.51163, 0.0 ], [ 37.96274, 49.51054, 0.0 ], [ 37.96286, 49.5097, 0.0 ], [ 37.96288, 49.50495, 0.0 ], [ 37.9631, 49.50192, 0.0 ], [ 37.96366, 49.49699, 0.0 ], [ 37.96379, 49.49482, 0.0 ], [ 37.96366, 49.49266, 0.0 ], [ 37.96317, 49.49036, 0.0 ], [ 37.9622, 49.4878, 0.0 ], [ 37.96065, 49.48482, 0.0 ], [ 37.95752, 49.48045, 0.0 ], [ 37.95414, 49.47728, 0.0 ], [ 37.95063, 49.47494, 0.0 ], [ 37.94713, 49.47308, 0.0 ], [ 37.94373, 49.47136, 0.0 ], [ 37.94058, 49.46941, 0.0 ], [ 37.93778, 49.46689, 0.0 ], [ 37.93545, 49.46343, 0.0 ], [ 37.93373, 49.45868, 0.0 ], [ 37.93199, 49.45065, 0.0 ], [ 37.93111, 49.44388, 0.0 ], [ 37.93097, 49.43797, 0.0 ], [ 37.93145, 49.43255, 0.0 ], [ 37.93244, 49.42721, 0.0 ], [ 37.93382, 49.42159, 0.0 ], [ 37.93546, 49.41528, 0.0 ], [ 37.93726, 49.4079, 0.0 ], [ 37.93908, 49.39907, 0.0 ], [ 37.93997, 49.39583, 0.0 ], [ 37.94122, 49.39326, 0.0 ], [ 37.94268, 49.39117, 0.0 ], [ 37.94572, 49.38774, 0.0 ], [ 37.94704, 49.38603, 0.0 ], [ 37.94804, 49.38408, 0.0 ], [ 37.94861, 49.3817, 0.0 ], [ 37.94859, 49.37872, 0.0 ], [ 37.94792, 49.37461, 0.0 ], [ 37.94691, 49.3713, 0.0 ], [ 37.94559, 49.36857, 0.0 ], [ 37.943796, 49.365903, 0.0 ], [ 37.946364, 49.365132, 0.0 ], [ 37.948999, 49.364055, 0.0 ], [ 37.950531, 49.362945, 0.0 ], [ 37.950698, 49.361803, 0.0 ], [ 37.94924, 49.36063, 0.0 ], [ 37.93953, 49.356634, 0.0 ], [ 37.936314, 49.355687, 0.0 ], [ 37.93413, 49.35144, 0.0 ], [ 37.93389, 49.35069, 0.0 ], [ 37.93391, 49.35009, 0.0 ], [ 37.93439, 49.34928, 0.0 ], [ 37.93575, 49.34802, 0.0 ], [ 37.93707, 49.34713, 0.0 ], [ 37.93886, 49.34628, 0.0 ], [ 37.9403, 49.34544, 0.0 ], [ 37.94118, 49.34478, 0.0 ], [ 37.94293, 49.34331, 0.0 ], [ 37.94407, 49.3422, 0.0 ], [ 37.94565, 49.34049, 0.0 ], [ 37.94999, 49.33606, 0.0 ], [ 37.95209, 49.33365, 0.0 ], [ 37.95521, 49.32967, 0.0 ], [ 37.95662, 49.32793, 0.0 ], [ 37.9582, 49.32625, 0.0 ], [ 37.96012, 49.32456, 0.0 ], [ 37.9626, 49.32277, 0.0 ], [ 37.96582, 49.3208, 0.0 ], [ 37.97034, 49.31858, 0.0 ], [ 37.97437, 49.31722, 0.0 ], [ 37.97803, 49.31645, 0.0 ], [ 37.98141, 49.31602, 0.0 ], [ 37.98462, 49.31567, 0.0 ], [ 37.98779, 49.31515, 0.0 ], [ 37.991, 49.3142, 0.0 ], [ 37.99437, 49.31255, 0.0 ], [ 37.99801, 49.30995, 0.0 ], [ 37.99979, 49.30822, 0.0 ], [ 38.00095, 49.30653, 0.0 ], [ 38.00161, 49.30484, 0.0 ], [ 38.00187, 49.30307, 0.0 ], [ 38.00186, 49.30118, 0.0 ], [ 38.00151, 49.29679, 0.0 ], [ 38.0014, 49.29418, 0.0 ], [ 38.00149, 49.29122, 0.0 ], [ 38.00174, 49.28568, 0.0 ], [ 38.00167, 49.28116, 0.0 ], [ 38.00141, 49.27737, 0.0 ], [ 38.00073, 49.27085, 0.0 ], [ 38.00056, 49.26756, 0.0 ], [ 38.00064, 49.26388, 0.0 ], [ 38.00111, 49.25951, 0.0 ], [ 38.00207, 49.25419, 0.0 ], [ 38.00298, 49.24997, 0.0 ], [ 38.00382, 49.24649, 0.0 ], [ 38.00466, 49.24358, 0.0 ], [ 38.0056, 49.24105, 0.0 ], [ 38.00673, 49.23872, 0.0 ], [ 38.00813, 49.23643, 0.0 ], [ 38.00989, 49.23398, 0.0 ], [ 38.01211, 49.2312, 0.0 ], [ 38.01486, 49.22791, 0.0 ], [ 38.01787, 49.2247, 0.0 ], [ 38.02062, 49.22239, 0.0 ], [ 38.02319, 49.22073, 0.0 ], [ 38.02566, 49.21945, 0.0 ], [ 38.02811, 49.21832, 0.0 ], [ 38.03063, 49.21707, 0.0 ], [ 38.0333, 49.21545, 0.0 ], [ 38.03619, 49.21322, 0.0 ], [ 38.03939, 49.21012, 0.0 ], [ 38.04228, 49.20692, 0.0 ], [ 38.04451, 49.20422, 0.0 ], [ 38.04623, 49.20186, 0.0 ], [ 38.04761, 49.19965, 0.0 ], [ 38.0488, 49.19744, 0.0 ], [ 38.05279, 49.18909, 0.0 ], [ 38.05666, 49.18145, 0.0 ], [ 38.05803, 49.17837, 0.0 ], [ 38.05906, 49.17576, 0.0 ], [ 38.06064, 49.1712, 0.0 ], [ 38.06149, 49.16888, 0.0 ], [ 38.06256, 49.1663, 0.0 ], [ 38.06401, 49.16327, 0.0 ], [ 38.06597, 49.15961, 0.0 ], [ 38.06845, 49.15565, 0.0 ], [ 38.07087, 49.15254, 0.0 ], [ 38.07318, 49.15004, 0.0 ], [ 38.0774, 49.14588, 0.0 ], [ 38.07925, 49.14375, 0.0 ], [ 38.0809, 49.14125, 0.0 ], [ 38.08232, 49.13814, 0.0 ], [ 38.08347, 49.13419, 0.0 ], [ 38.08387, 49.13153, 0.0 ], [ 38.08379, 49.12933, 0.0 ], [ 38.0833, 49.12746, 0.0 ], [ 38.08248, 49.12576, 0.0 ], [ 38.08141, 49.12412, 0.0 ], [ 38.07879, 49.12042, 0.0 ], [ 38.0774, 49.11809, 0.0 ], [ 38.07606, 49.11526, 0.0 ], [ 38.07482, 49.11237, 0.0 ], [ 38.07375, 49.11005, 0.0 ], [ 38.07115, 49.10491, 0.0 ], [ 38.07036, 49.10323, 0.0 ], [ 38.06954, 49.1013, 0.0 ], [ 38.06865, 49.09893, 0.0 ], [ 38.06765, 49.09596, 0.0 ], [ 38.06692, 49.09289, 0.0 ], [ 38.0667, 49.09014, 0.0 ], [ 38.06679, 49.08764, 0.0 ], [ 38.06717, 49.08328, 0.0 ], [ 38.06708, 49.08134, 0.0 ], [ 38.06654, 49.07949, 0.0 ], [ 38.06537, 49.0777, 0.0 ], [ 38.06339, 49.07592, 0.0 ], [ 38.05827, 49.07247, 0.0 ], [ 38.05376, 49.06999, 0.0 ], [ 38.04964, 49.06824, 0.0 ], [ 38.04567, 49.06702, 0.0 ], [ 38.04161, 49.06611, 0.0 ], [ 38.03723, 49.0653, 0.0 ], [ 38.03231, 49.06436, 0.0 ], [ 38.0266, 49.0631, 0.0 ], [ 38.01988, 49.06128, 0.0 ], [ 38.01874, 49.061, 0.0 ], [ 38.017, 49.06088, 0.0 ], [ 38.01488, 49.06109, 0.0 ], [ 38.01314, 49.06097, 0.0 ], [ 38.012, 49.0607, 0.0 ], [ 38.00852, 49.05964, 0.0 ], [ 38.00572, 49.05871, 0.0 ], [ 38.00342, 49.05786, 0.0 ], [ 38.00142, 49.05706, 0.0 ], [ 37.99751, 49.05542, 0.0 ], [ 37.99523, 49.05451, 0.0 ], [ 37.99245, 49.05348, 0.0 ], [ 37.989, 49.0523, 0.0 ], [ 37.98771, 49.05227, 0.0 ], [ 37.98644, 49.05249, 0.0 ], [ 37.98609, 49.05214, 0.0 ], [ 37.986, 49.05159, 0.0 ], [ 37.98635, 49.0505, 0.0 ], [ 37.98724, 49.04885, 0.0 ], [ 37.98738, 49.04827, 0.0 ], [ 37.98733, 49.04767, 0.0 ], [ 37.98703, 49.04704, 0.0 ], [ 37.98545, 49.04525, 0.0 ], [ 37.98352, 49.04376, 0.0 ], [ 37.98142, 49.04249, 0.0 ], [ 37.97743, 49.04043, 0.0 ], [ 37.9759, 49.03952, 0.0 ], [ 37.97492, 49.03861, 0.0 ], [ 37.97468, 49.03764, 0.0 ], [ 37.97536, 49.03655, 0.0 ], [ 37.97836, 49.03388, 0.0 ], [ 37.98143, 49.03165, 0.0 ], [ 37.98466, 49.0298, 0.0 ], [ 37.98813, 49.02824, 0.0 ], [ 37.99193, 49.02693, 0.0 ], [ 37.99615, 49.02577, 0.0 ], [ 38.00086, 49.0247, 0.0 ], [ 38.00617, 49.02366, 0.0 ], [ 38.01214, 49.02256, 0.0 ], [ 38.01773, 49.02182, 0.0 ], [ 38.02247, 49.02168, 0.0 ], [ 38.02658, 49.02197, 0.0 ], [ 38.03027, 49.02252, 0.0 ], [ 38.03375, 49.02315, 0.0 ], [ 38.03724, 49.0237, 0.0 ], [ 38.04096, 49.02399, 0.0 ], [ 38.04511, 49.02384, 0.0 ], [ 38.04991, 49.0231, 0.0 ], [ 38.05083, 49.02271, 0.0 ], [ 38.05127, 49.02206, 0.0 ], [ 38.05135, 49.02121, 0.0 ], [ 38.05118, 49.02021, 0.0 ], [ 38.05053, 49.0179, 0.0 ], [ 38.05029, 49.0167, 0.0 ], [ 38.05025, 49.01552, 0.0 ], [ 38.05053, 49.01442, 0.0 ], [ 38.05098, 49.01396, 0.0 ], [ 38.05161, 49.01399, 0.0 ], [ 38.05334, 49.0144, 0.0 ], [ 38.05546, 49.01421, 0.0 ], [ 38.05605, 49.01406, 0.0 ], [ 38.05662, 49.01371, 0.0 ], [ 38.0572, 49.01299, 0.0 ], [ 38.05735, 49.01198, 0.0 ], [ 38.05728, 49.01055, 0.0 ], [ 38.05758, 49.01007, 0.0 ], [ 38.05798, 49.01007, 0.0 ], [ 38.0611, 49.01086, 0.0 ], [ 38.06372, 49.01182, 0.0 ], [ 38.06599, 49.01289, 0.0 ], [ 38.07005, 49.0151, 0.0 ], [ 38.07215, 49.01612, 0.0 ], [ 38.07449, 49.01702, 0.0 ], [ 38.07722, 49.01772, 0.0 ], [ 38.0805, 49.01817, 0.0 ], [ 38.08178, 49.0182, 0.0 ], [ 38.08284, 49.01805, 0.0 ], [ 38.08373, 49.01772, 0.0 ], [ 38.08449, 49.01724, 0.0 ], [ 38.08517, 49.01659, 0.0 ], [ 38.08648, 49.01487, 0.0 ], [ 38.08989, 49.00983, 0.0 ], [ 38.09132, 49.00749, 0.0 ], [ 38.0924, 49.00547, 0.0 ], [ 38.09326, 49.00362, 0.0 ], [ 38.09485, 48.99992, 0.0 ], [ 38.09583, 48.99779, 0.0 ], [ 38.0971, 48.9953, 0.0 ], [ 38.09993, 48.99023, 0.0 ], [ 38.10079, 48.98845, 0.0 ], [ 38.10211, 48.98552, 0.0 ], [ 38.10275, 48.98427, 0.0 ], [ 38.10351, 48.98309, 0.0 ], [ 38.10448, 48.98194, 0.0 ], [ 38.10577, 48.98075, 0.0 ], [ 38.10746, 48.97948, 0.0 ], [ 38.10884, 48.97866, 0.0 ], [ 38.11006, 48.97818, 0.0 ], [ 38.11118, 48.97797, 0.0 ], [ 38.11227, 48.97796, 0.0 ], [ 38.11591, 48.97834, 0.0 ], [ 38.11745, 48.97836, 0.0 ], [ 38.11925, 48.97821, 0.0 ], [ 38.12232, 48.97773, 0.0 ], [ 38.12481, 48.97723, 0.0 ], [ 38.13041, 48.97586, 0.0 ], [ 38.1322, 48.97551, 0.0 ], [ 38.13424, 48.97525, 0.0 ], [ 38.13669, 48.97509, 0.0 ], [ 38.13971, 48.97506, 0.0 ], [ 38.14129, 48.97519, 0.0 ], [ 38.14255, 48.97551, 0.0 ], [ 38.14357, 48.97597, 0.0 ], [ 38.14619, 48.97762, 0.0 ], [ 38.14721, 48.97809, 0.0 ], [ 38.14847, 48.97843, 0.0 ], [ 38.15005, 48.97859, 0.0 ], [ 38.15277, 48.97857, 0.0 ], [ 38.15498, 48.97837, 0.0 ], [ 38.15682, 48.97804, 0.0 ], [ 38.15845, 48.97762, 0.0 ], [ 38.16164, 48.97672, 0.0 ], [ 38.1635, 48.97633, 0.0 ], [ 38.16574, 48.97605, 0.0 ], [ 38.1685, 48.97593, 0.0 ], [ 38.17065, 48.97596, 0.0 ], [ 38.17238, 48.97608, 0.0 ], [ 38.17382, 48.97629, 0.0 ], [ 38.17507, 48.97655, 0.0 ], [ 38.17897, 48.97758, 0.0 ], [ 38.1807, 48.97794, 0.0 ], [ 38.18391, 48.9785, 0.0 ], [ 38.18645, 48.97931, 0.0 ], [ 38.1878, 48.97962, 0.0 ], [ 38.18841, 48.97959, 0.0 ], [ 38.189, 48.97938, 0.0 ], [ 38.1896, 48.97896, 0.0 ], [ 38.19011, 48.97831, 0.0 ], [ 38.19034, 48.97759, 0.0 ], [ 38.19037, 48.97682, 0.0 ], [ 38.18999, 48.97421, 0.0 ], [ 38.18996, 48.97328, 0.0 ], [ 38.1901, 48.97234, 0.0 ], [ 38.1905, 48.97139, 0.0 ], [ 38.19091, 48.97094, 0.0 ], [ 38.19207, 48.97062, 0.0 ], [ 38.19394, 48.97066, 0.0 ], [ 38.19474, 48.97031, 0.0 ], [ 38.19487, 48.96983, 0.0 ], [ 38.19473, 48.96823, 0.0 ], [ 38.1943, 48.96679, 0.0 ], [ 38.19367, 48.96546, 0.0 ], [ 38.19217, 48.963, 0.0 ], [ 38.19149, 48.96177, 0.0 ], [ 38.19096, 48.96047, 0.0 ], [ 38.19069, 48.95908, 0.0 ], [ 38.19076, 48.95754, 0.0 ], [ 38.19103, 48.95677, 0.0 ], [ 38.1915, 48.95626, 0.0 ], [ 38.19215, 48.95594, 0.0 ], [ 38.19292, 48.95575, 0.0 ], [ 38.19564, 48.95534, 0.0 ], [ 38.19655, 48.95505, 0.0 ], [ 38.19739, 48.95458, 0.0 ], [ 38.19751, 48.95422, 0.0 ], [ 38.19503, 48.95191, 0.0 ], [ 38.19336, 48.95055, 0.0 ], [ 38.18872, 48.9471, 0.0 ], [ 38.18769, 48.94623, 0.0 ], [ 38.18714, 48.94554, 0.0 ], [ 38.18717, 48.94505, 0.0 ], [ 38.18792, 48.94477, 0.0 ], [ 38.19129, 48.94456, 0.0 ], [ 38.19459, 48.94481, 0.0 ], [ 38.19793, 48.94539, 0.0 ], [ 38.20139, 48.9462, 0.0 ], [ 38.20508, 48.94712, 0.0 ], [ 38.2091, 48.94802, 0.0 ], [ 38.21353, 48.9488, 0.0 ], [ 38.21848, 48.94934, 0.0 ], [ 38.22404, 48.94952, 0.0 ], [ 38.22586, 48.94942, 0.0 ], [ 38.2273, 48.94915, 0.0 ], [ 38.22846, 48.94873, 0.0 ], [ 38.22946, 48.9482, 0.0 ], [ 38.23248, 48.94608, 0.0 ], [ 38.23385, 48.94527, 0.0 ], [ 38.23557, 48.94445, 0.0 ], [ 38.23866, 48.94307, 0.0 ], [ 38.24114, 48.94183, 0.0 ], [ 38.24498, 48.93974, 0.0 ], [ 38.24669, 48.93885, 0.0 ], [ 38.24851, 48.93803, 0.0 ], [ 38.25062, 48.93726, 0.0 ], [ 38.25319, 48.93652, 0.0 ], [ 38.2564, 48.9358, 0.0 ], [ 38.25907, 48.93551, 0.0 ], [ 38.26146, 48.93569, 0.0 ], [ 38.26361, 48.93617, 0.0 ], [ 38.26739, 48.93742, 0.0 ], [ 38.2691, 48.93788, 0.0 ], [ 38.27077, 48.93801, 0.0 ], [ 38.27243, 48.93768, 0.0 ], [ 38.27413, 48.93671, 0.0 ], [ 38.27553, 48.93539, 0.0 ], [ 38.27653, 48.93394, 0.0 ], [ 38.27717, 48.93236, 0.0 ], [ 38.27752, 48.93065, 0.0 ], [ 38.27761, 48.92882, 0.0 ], [ 38.27751, 48.92686, 0.0 ], [ 38.27727, 48.92479, 0.0 ], [ 38.27657, 48.9203, 0.0 ], [ 38.27633, 48.91957, 0.0 ], [ 38.27591, 48.91911, 0.0 ], [ 38.27534, 48.91886, 0.0 ], [ 38.27318, 48.91852, 0.0 ], [ 38.27242, 48.91829, 0.0 ], [ 38.2717, 48.91788, 0.0 ], [ 38.27107, 48.9172, 0.0 ], [ 38.26971, 48.91492, 0.0 ], [ 38.26887, 48.91283, 0.0 ], [ 38.26836, 48.9109, 0.0 ], [ 38.26769, 48.90741, 0.0 ], [ 38.2672, 48.90578, 0.0 ], [ 38.26639, 48.90418, 0.0 ], [ 38.26507, 48.90259, 0.0 ], [ 38.2631, 48.90097, 0.0 ], [ 38.25694, 48.89719, 0.0 ], [ 38.25119, 48.89452, 0.0 ], [ 38.2458, 48.89264, 0.0 ], [ 38.24072, 48.89126, 0.0 ], [ 38.23593, 48.89005, 0.0 ], [ 38.23137, 48.88869, 0.0 ], [ 38.227, 48.88689, 0.0 ], [ 38.22278, 48.88432, 0.0 ], [ 38.21867, 48.88067, 0.0 ], [ 38.21763, 48.8791, 0.0 ], [ 38.21753, 48.87764, 0.0 ], [ 38.21819, 48.87622, 0.0 ], [ 38.21946, 48.87479, 0.0 ], [ 38.22118, 48.87329, 0.0 ], [ 38.22319, 48.87166, 0.0 ], [ 38.22533, 48.86983, 0.0 ], [ 38.22744, 48.86776, 0.0 ], [ 38.22936, 48.86538, 0.0 ], [ 38.23077, 48.86345, 0.0 ], [ 38.23199, 48.86192, 0.0 ], [ 38.2349, 48.85856, 0.0 ], [ 38.23575, 48.85743, 0.0 ], [ 38.23658, 48.85608, 0.0 ], [ 38.23745, 48.8544, 0.0 ], [ 38.23839, 48.85226, 0.0 ], [ 38.23942, 48.84929, 0.0 ], [ 38.24, 48.84677, 0.0 ], [ 38.24025, 48.84457, 0.0 ], [ 38.24038, 48.84067, 0.0 ], [ 38.24054, 48.83873, 0.0 ], [ 38.24096, 48.83664, 0.0 ], [ 38.24178, 48.83427, 0.0 ], [ 38.24315, 48.83152, 0.0 ], [ 38.24526, 48.8281, 0.0 ], [ 38.24723, 48.82547, 0.0 ], [ 38.24913, 48.8234, 0.0 ], [ 38.25099, 48.82169, 0.0 ], [ 38.25484, 48.81849, 0.0 ], [ 38.25693, 48.81658, 0.0 ], [ 38.25919, 48.81418, 0.0 ], [ 38.26169, 48.81107, 0.0 ], [ 38.26196, 48.81065, 0.0 ], [ 38.26216, 48.8099, 0.0 ], [ 38.26199, 48.80922, 0.0 ], [ 38.26154, 48.8085, 0.0 ], [ 38.25712, 48.80244, 0.0 ], [ 38.25436, 48.7988, 0.0 ], [ 38.25168, 48.79559, 0.0 ], [ 38.25008, 48.79379, 0.0 ], [ 38.24572, 48.78907, 0.0 ], [ 38.2451, 48.7886, 0.0 ], [ 38.2436, 48.78845, 0.0 ], [ 38.2428, 48.78819, 0.0 ], [ 38.24098, 48.78738, 0.0 ], [ 38.23936, 48.78681, 0.0 ], [ 38.23662, 48.78606, 0.0 ], [ 38.23544, 48.78568, 0.0 ], [ 38.23436, 48.78517, 0.0 ], [ 38.23335, 48.78442, 0.0 ], [ 38.23239, 48.78335, 0.0 ], [ 38.23146, 48.78186, 0.0 ], [ 38.23028, 48.77889, 0.0 ], [ 38.22983, 48.776, 0.0 ], [ 38.22987, 48.77321, 0.0 ], [ 38.23017, 48.77054, 0.0 ], [ 38.2305, 48.76802, 0.0 ], [ 38.23063, 48.76565, 0.0 ], [ 38.23033, 48.76347, 0.0 ], [ 38.22938, 48.76148, 0.0 ], [ 38.22753, 48.75972, 0.0 ], [ 38.22469, 48.75815, 0.0 ], [ 38.22198, 48.7574, 0.0 ], [ 38.21933, 48.7573, 0.0 ], [ 38.21665, 48.75766, 0.0 ], [ 38.21384, 48.75827, 0.0 ], [ 38.21081, 48.75897, 0.0 ], [ 38.20749, 48.75957, 0.0 ], [ 38.20377, 48.75986, 0.0 ], [ 38.19958, 48.75968, 0.0 ], [ 38.19887, 48.75957, 0.0 ], [ 38.19779, 48.75917, 0.0 ], [ 38.19705, 48.75851, 0.0 ], [ 38.19653, 48.75756, 0.0 ], [ 38.19608, 48.75629, 0.0 ], [ 38.1959, 48.75515, 0.0 ], [ 38.19602, 48.75407, 0.0 ], [ 38.19633, 48.75304, 0.0 ], [ 38.19707, 48.75117, 0.0 ], [ 38.19729, 48.75035, 0.0 ], [ 38.19727, 48.74962, 0.0 ], [ 38.19688, 48.74897, 0.0 ], [ 38.19603, 48.74843, 0.0 ], [ 38.18705, 48.74456, 0.0 ], [ 38.17958, 48.74152, 0.0 ], [ 38.17314, 48.73912, 0.0 ], [ 38.16727, 48.73717, 0.0 ], [ 38.1615, 48.73546, 0.0 ], [ 38.15536, 48.7338, 0.0 ], [ 38.14009, 48.72988, 0.0 ], [ 38.12457, 48.7258, 0.0 ], [ 38.12251, 48.72532, 0.0 ], [ 38.12068, 48.725, 0.0 ], [ 38.11891, 48.72481, 0.0 ], [ 38.11706, 48.72475, 0.0 ], [ 38.11496, 48.72479, 0.0 ], [ 38.11246, 48.72494, 0.0 ], [ 38.10506, 48.72549, 0.0 ], [ 38.09841, 48.7259, 0.0 ], [ 38.09572, 48.72615, 0.0 ], [ 38.0932, 48.72656, 0.0 ], [ 38.09065, 48.72718, 0.0 ], [ 38.08791, 48.72812, 0.0 ], [ 38.08477, 48.72944, 0.0 ], [ 38.08105, 48.73123, 0.0 ], [ 38.07897, 48.73251, 0.0 ], [ 38.07751, 48.73389, 0.0 ], [ 38.07649, 48.73534, 0.0 ], [ 38.07575, 48.73685, 0.0 ], [ 38.07443, 48.74002, 0.0 ], [ 38.07351, 48.74164, 0.0 ], [ 38.07219, 48.74327, 0.0 ], [ 38.07031, 48.74489, 0.0 ], [ 38.0688, 48.7459, 0.0 ], [ 38.06749, 48.74659, 0.0 ], [ 38.06632, 48.74704, 0.0 ], [ 38.06519, 48.74729, 0.0 ], [ 38.06406, 48.74743, 0.0 ], [ 38.06145, 48.74759, 0.0 ], [ 38.05984, 48.74775, 0.0 ], [ 38.05792, 48.74804, 0.0 ], [ 38.0536, 48.74894, 0.0 ], [ 38.04996, 48.74988, 0.0 ], [ 38.04408, 48.75162, 0.0 ], [ 38.04148, 48.7523, 0.0 ], [ 38.03889, 48.75277, 0.0 ], [ 38.03612, 48.75298, 0.0 ], [ 38.03301, 48.75286, 0.0 ], [ 38.02939, 48.75234, 0.0 ], [ 38.02814, 48.7519, 0.0 ], [ 38.02737, 48.75117, 0.0 ], [ 38.02697, 48.75021, 0.0 ], [ 38.0268, 48.74906, 0.0 ], [ 38.02667, 48.74634, 0.0 ], [ 38.02644, 48.74487, 0.0 ], [ 38.02595, 48.74339, 0.0 ], [ 38.02505, 48.74193, 0.0 ], [ 38.02364, 48.74024, 0.0 ], [ 38.02242, 48.73894, 0.0 ], [ 38.02131, 48.73792, 0.0 ], [ 38.02026, 48.73709, 0.0 ], [ 38.01674, 48.73474, 0.0 ], [ 38.01521, 48.73367, 0.0 ], [ 38.01264, 48.73174, 0.0 ], [ 38.01144, 48.73101, 0.0 ], [ 38.00998, 48.73022, 0.0 ], [ 38.0089, 48.72937, 0.0 ], [ 38.00824, 48.72871, 0.0 ], [ 38.00636, 48.72647, 0.0 ], [ 38.00502, 48.7244, 0.0 ], [ 38.00403, 48.72248, 0.0 ], [ 38.00323, 48.7207, 0.0 ], [ 38.00244, 48.71908, 0.0 ], [ 38.00149, 48.71758, 0.0 ], [ 38.0002, 48.71621, 0.0 ], [ 37.9984, 48.71496, 0.0 ], [ 37.99591, 48.71383, 0.0 ], [ 37.98797, 48.71103, 0.0 ], [ 37.98138, 48.70907, 0.0 ], [ 37.97573, 48.70775, 0.0 ], [ 37.9706, 48.70689, 0.0 ], [ 37.96559, 48.70627, 0.0 ], [ 37.96027, 48.70573, 0.0 ], [ 37.95425, 48.70506, 0.0 ], [ 37.9471, 48.70406, 0.0 ], [ 37.93627, 48.70219, 0.0 ], [ 37.93453, 48.70196, 0.0 ], [ 37.93056, 48.70162, 0.0 ], [ 37.92787, 48.7012, 0.0 ], [ 37.92619, 48.70079, 0.0 ], [ 37.92413, 48.70018, 0.0 ], [ 37.91987, 48.69876, 0.0 ], [ 37.91827, 48.69816, 0.0 ], [ 37.91558, 48.69695, 0.0 ], [ 37.91285, 48.69544, 0.0 ], [ 37.90918, 48.69328, 0.0 ], [ 37.90892, 48.693, 0.0 ], [ 37.90941, 48.69183, 0.0 ], [ 37.90982, 48.68972, 0.0 ], [ 37.91049, 48.68778, 0.0 ], [ 37.91055, 48.68654, 0.0 ], [ 37.91034, 48.68582, 0.0 ], [ 37.90993, 48.68498, 0.0 ], [ 37.90746, 48.68084, 0.0 ], [ 37.90534, 48.67753, 0.0 ], [ 37.90344, 48.67483, 0.0 ], [ 37.90165, 48.67249, 0.0 ], [ 37.89986, 48.67029, 0.0 ], [ 37.89575, 48.66538, 0.0 ], [ 37.89319, 48.66221, 0.0 ], [ 37.88895, 48.65672, 0.0 ], [ 37.8868, 48.65421, 0.0 ], [ 37.88616, 48.65364, 0.0 ], [ 37.88522, 48.65302, 0.0 ], [ 37.88494, 48.65264, 0.0 ], [ 37.8852, 48.65219, 0.0 ], [ 37.88895, 48.64888, 0.0 ], [ 37.89204, 48.64599, 0.0 ], [ 37.89468, 48.64345, 0.0 ], [ 37.8971, 48.64119, 0.0 ], [ 37.89951, 48.63913, 0.0 ], [ 37.90215, 48.63719, 0.0 ], [ 37.90522, 48.63529, 0.0 ], [ 37.90895, 48.63336, 0.0 ], [ 37.91356, 48.63133, 0.0 ], [ 37.91609, 48.63049, 0.0 ], [ 37.91823, 48.63017, 0.0 ], [ 37.92009, 48.63026, 0.0 ], [ 37.92181, 48.63064, 0.0 ], [ 37.9253, 48.63177, 0.0 ], [ 37.92733, 48.63229, 0.0 ], [ 37.92971, 48.63262, 0.0 ], [ 37.93258, 48.63264, 0.0 ], [ 37.93554, 48.63245, 0.0 ], [ 37.93793, 48.63223, 0.0 ], [ 37.93992, 48.63199, 0.0 ], [ 37.9433, 48.63135, 0.0 ], [ 37.94933, 48.62985, 0.0 ], [ 37.95378, 48.62877, 0.0 ], [ 37.95483, 48.62838, 0.0 ], [ 37.95772, 48.6269, 0.0 ], [ 37.95939, 48.62637, 0.0 ], [ 37.95998, 48.62611, 0.0 ], [ 37.96042, 48.62556, 0.0 ], [ 37.96138, 48.62243, 0.0 ], [ 37.96278, 48.61808, 0.0 ], [ 37.96333, 48.61623, 0.0 ], [ 37.96374, 48.61446, 0.0 ], [ 37.96399, 48.61269, 0.0 ], [ 37.96406, 48.6108, 0.0 ], [ 37.96391, 48.60871, 0.0 ], [ 37.96353, 48.60631, 0.0 ], [ 37.96322, 48.60542, 0.0 ], [ 37.96273, 48.60486, 0.0 ], [ 37.96208, 48.60454, 0.0 ], [ 37.9613, 48.60438, 0.0 ], [ 37.95944, 48.60423, 0.0 ], [ 37.95841, 48.60406, 0.0 ], [ 37.95734, 48.60373, 0.0 ], [ 37.95626, 48.60316, 0.0 ], [ 37.95381, 48.60139, 0.0 ], [ 37.95227, 48.59985, 0.0 ], [ 37.95039, 48.59747, 0.0 ], [ 37.94877, 48.59567, 0.0 ], [ 37.94834, 48.59489, 0.0 ], [ 37.94836, 48.59398, 0.0 ], [ 37.9486, 48.59342, 0.0 ], [ 37.9501, 48.59085, 0.0 ], [ 37.95151, 48.58883, 0.0 ], [ 37.95288, 48.5872, 0.0 ], [ 37.95696, 48.58301, 0.0 ], [ 37.9584, 48.5813, 0.0 ], [ 37.95993, 48.57918, 0.0 ], [ 37.96157, 48.57646, 0.0 ], [ 37.96269, 48.57439, 0.0 ], [ 37.96356, 48.57262, 0.0 ], [ 37.96423, 48.57107, 0.0 ], [ 37.96474, 48.56966, 0.0 ], [ 37.96514, 48.56829, 0.0 ], [ 37.96574, 48.56533, 0.0 ], [ 37.9664, 48.5615, 0.0 ], [ 37.96616, 48.56102, 0.0 ], [ 37.96465, 48.56114, 0.0 ], [ 37.96384, 48.56111, 0.0 ], [ 37.96246, 48.5614, 0.0 ], [ 37.96192, 48.56136, 0.0 ], [ 37.96141, 48.56092, 0.0 ], [ 37.95963, 48.55836, 0.0 ], [ 37.95839, 48.55629, 0.0 ], [ 37.95791, 48.55528, 0.0 ], [ 37.95712, 48.55303, 0.0 ], [ 37.95638, 48.55006, 0.0 ], [ 37.95636, 48.54928, 0.0 ], [ 37.95668, 48.54872, 0.0 ], [ 37.95726, 48.54829, 0.0 ], [ 37.95889, 48.54735, 0.0 ], [ 37.95929, 48.5472, 0.0 ], [ 37.96064, 48.54704, 0.0 ], [ 37.96141, 48.54682, 0.0 ], [ 37.96357, 48.54563, 0.0 ], [ 37.96728, 48.54367, 0.0 ], [ 37.96827, 48.54309, 0.0 ], [ 37.97021, 48.54164, 0.0 ], [ 37.97129, 48.54063, 0.0 ], [ 37.97291, 48.53884, 0.0 ], [ 37.97334, 48.53791, 0.0 ], [ 37.97336, 48.53698, 0.0 ], [ 37.97307, 48.53597, 0.0 ], [ 37.97257, 48.53482, 0.0 ], [ 37.97193, 48.53365, 0.0 ], [ 37.9709, 48.53261, 0.0 ], [ 37.96876, 48.5312, 0.0 ], [ 37.96755, 48.5305, 0.0 ], [ 37.96629, 48.52998, 0.0 ], [ 37.96505, 48.52959, 0.0 ], [ 37.96284, 48.52899, 0.0 ], [ 37.962, 48.52867, 0.0 ], [ 37.96143, 48.52826, 0.0 ], [ 37.96119, 48.5277, 0.0 ], [ 37.96133, 48.52695, 0.0 ], [ 37.96236, 48.52521, 0.0 ], [ 37.96378, 48.52381, 0.0 ], [ 37.96547, 48.52264, 0.0 ], [ 37.96734, 48.52159, 0.0 ], [ 37.96928, 48.52056, 0.0 ], [ 37.9712, 48.51942, 0.0 ], [ 37.97299, 48.51808, 0.0 ], [ 37.97455, 48.51641, 0.0 ], [ 37.97578, 48.51432, 0.0 ], [ 37.97614, 48.51317, 0.0 ], [ 37.97615, 48.51217, 0.0 ], [ 37.97586, 48.51128, 0.0 ], [ 37.97533, 48.51044, 0.0 ], [ 37.9746, 48.50961, 0.0 ], [ 37.97278, 48.50779, 0.0 ], [ 37.97178, 48.5067, 0.0 ], [ 37.97017, 48.50467, 0.0 ], [ 37.96953, 48.5041, 0.0 ], [ 37.96775, 48.503, 0.0 ], [ 37.96683, 48.50219, 0.0 ], [ 37.96651, 48.50158, 0.0 ], [ 37.9663, 48.50077, 0.0 ], [ 37.96619, 48.49953, 0.0 ], [ 37.96626, 48.49849, 0.0 ], [ 37.96647, 48.49759, 0.0 ], [ 37.96679, 48.49676, 0.0 ], [ 37.968, 48.49413, 0.0 ], [ 37.96836, 48.49299, 0.0 ], [ 37.96863, 48.49161, 0.0 ], [ 37.96865, 48.49052, 0.0 ], [ 37.96793, 48.48943, 0.0 ], [ 37.96655, 48.48802, 0.0 ], [ 37.96599, 48.48753, 0.0 ], [ 37.9638, 48.48589, 0.0 ], [ 37.96004, 48.4826, 0.0 ], [ 37.95803, 48.48107, 0.0 ], [ 37.95456, 48.47873, 0.0 ], [ 37.95308, 48.47767, 0.0 ], [ 37.95175, 48.4765, 0.0 ], [ 37.95054, 48.47511, 0.0 ], [ 37.94945, 48.47335, 0.0 ], [ 37.94845, 48.47111, 0.0 ], [ 37.9482, 48.46958, 0.0 ], [ 37.94855, 48.46817, 0.0 ], [ 37.94932, 48.46686, 0.0 ], [ 37.95033, 48.46563, 0.0 ], [ 37.95239, 48.46329, 0.0 ], [ 37.95308, 48.46214, 0.0 ], [ 37.95331, 48.46097, 0.0 ], [ 37.9529, 48.45975, 0.0 ], [ 37.95163, 48.45831, 0.0 ], [ 37.95007, 48.45737, 0.0 ], [ 37.94828, 48.4568, 0.0 ], [ 37.94635, 48.45646, 0.0 ], [ 37.94435, 48.4562, 0.0 ], [ 37.94236, 48.45588, 0.0 ], [ 37.94045, 48.45536, 0.0 ], [ 37.93871, 48.45451, 0.0 ], [ 37.93721, 48.45318, 0.0 ], [ 37.93669, 48.45236, 0.0 ], [ 37.9365, 48.45155, 0.0 ], [ 37.93659, 48.45075, 0.0 ], [ 37.93692, 48.44993, 0.0 ], [ 37.93812, 48.44818, 0.0 ], [ 37.93973, 48.44617, 0.0 ], [ 37.94284, 48.44188, 0.0 ], [ 37.94478, 48.43939, 0.0 ], [ 37.94647, 48.43739, 0.0 ], [ 37.95109, 48.43232, 0.0 ], [ 37.9528, 48.43032, 0.0 ], [ 37.95475, 48.42785, 0.0 ], [ 37.95704, 48.42471, 0.0 ], [ 37.95764, 48.42372, 0.0 ], [ 37.95802, 48.42284, 0.0 ], [ 37.95823, 48.42205, 0.0 ], [ 37.9586, 48.41988, 0.0 ], [ 37.95886, 48.41916, 0.0 ], [ 37.9593, 48.41838, 0.0 ], [ 37.95999, 48.41754, 0.0 ], [ 37.96101, 48.41662, 0.0 ], [ 37.962, 48.41602, 0.0 ], [ 37.96294, 48.41563, 0.0 ], [ 37.96567, 48.41487, 0.0 ], [ 37.96656, 48.41444, 0.0 ], [ 37.96745, 48.41378, 0.0 ], [ 37.96836, 48.41278, 0.0 ], [ 37.96942, 48.41136, 0.0 ], [ 37.97032, 48.41005, 0.0 ], [ 37.97106, 48.40881, 0.0 ], [ 37.97165, 48.40762, 0.0 ], [ 37.97208, 48.40646, 0.0 ], [ 37.97236, 48.40529, 0.0 ], [ 37.97249, 48.40409, 0.0 ], [ 37.97246, 48.40284, 0.0 ], [ 37.97227, 48.40149, 0.0 ], [ 37.97201, 48.40088, 0.0 ], [ 37.97156, 48.40055, 0.0 ], [ 37.97094, 48.40042, 0.0 ], [ 37.96849, 48.4005, 0.0 ], [ 37.96759, 48.40045, 0.0 ], [ 37.96672, 48.40023, 0.0 ], [ 37.96591, 48.39977, 0.0 ], [ 37.96546, 48.39933, 0.0 ], [ 37.96506, 48.39843, 0.0 ], [ 37.96498, 48.39697, 0.0 ], [ 37.96467, 48.39585, 0.0 ], [ 37.96429, 48.39524, 0.0 ], [ 37.96184, 48.39205, 0.0 ], [ 37.95982, 48.3895, 0.0 ], [ 37.9581, 48.38741, 0.0 ], [ 37.95655, 48.3856, 0.0 ], [ 37.95162, 48.38009, 0.0 ], [ 37.94945, 48.37762, 0.0 ], [ 37.94569, 48.37326, 0.0 ], [ 37.94257, 48.37001, 0.0 ], [ 37.94116, 48.36839, 0.0 ], [ 37.93935, 48.36592, 0.0 ], [ 37.93833, 48.36431, 0.0 ], [ 37.93762, 48.36292, 0.0 ], [ 37.93711, 48.36169, 0.0 ], [ 37.93633, 48.35952, 0.0 ], [ 37.93589, 48.35847, 0.0 ], [ 37.93528, 48.35737, 0.0 ], [ 37.93441, 48.35616, 0.0 ], [ 37.9332, 48.35481, 0.0 ], [ 37.93204, 48.3538, 0.0 ], [ 37.93092, 48.35314, 0.0 ], [ 37.92985, 48.35273, 0.0 ], [ 37.92677, 48.35201, 0.0 ], [ 37.92576, 48.3516, 0.0 ], [ 37.92473, 48.35093, 0.0 ], [ 37.92369, 48.34991, 0.0 ], [ 37.92303, 48.34886, 0.0 ], [ 37.92274, 48.34778, 0.0 ], [ 37.9227, 48.34669, 0.0 ], [ 37.923, 48.34359, 0.0 ], [ 37.92287, 48.3427, 0.0 ], [ 37.92244, 48.34194, 0.0 ], [ 37.9216, 48.34131, 0.0 ], [ 37.91968, 48.34057, 0.0 ], [ 37.9179, 48.34031, 0.0 ], [ 37.91622, 48.34038, 0.0 ], [ 37.91291, 48.34102, 0.0 ], [ 37.91119, 48.34132, 0.0 ], [ 37.90936, 48.34143, 0.0 ], [ 37.90737, 48.34122, 0.0 ], [ 37.90516, 48.34055, 0.0 ], [ 37.90369, 48.33992, 0.0 ], [ 37.90243, 48.33927, 0.0 ], [ 37.90138, 48.33857, 0.0 ], [ 37.9005, 48.33781, 0.0 ], [ 37.89979, 48.33694, 0.0 ], [ 37.8992, 48.33594, 0.0 ], [ 37.89874, 48.33479, 0.0 ], [ 37.89837, 48.33344, 0.0 ], [ 37.89807, 48.33187, 0.0 ], [ 37.89774, 48.32945, 0.0 ], [ 37.89757, 48.32741, 0.0 ], [ 37.89756, 48.32564, 0.0 ], [ 37.89773, 48.32402, 0.0 ], [ 37.89806, 48.32246, 0.0 ], [ 37.89856, 48.32084, 0.0 ], [ 37.89923, 48.31907, 0.0 ], [ 37.90107, 48.3146, 0.0 ], [ 37.90236, 48.31189, 0.0 ], [ 37.90369, 48.30977, 0.0 ], [ 37.90505, 48.30808, 0.0 ], [ 37.90771, 48.3053, 0.0 ], [ 37.90897, 48.3039, 0.0 ], [ 37.91016, 48.30228, 0.0 ], [ 37.91124, 48.30026, 0.0 ], [ 37.9122, 48.2977, 0.0 ], [ 37.91251, 48.2965, 0.0 ], [ 37.91266, 48.29535, 0.0 ], [ 37.91266, 48.29428, 0.0 ], [ 37.91249, 48.29328, 0.0 ], [ 37.91213, 48.29237, 0.0 ], [ 37.91158, 48.29157, 0.0 ], [ 37.91082, 48.29088, 0.0 ], [ 37.90985, 48.29032, 0.0 ], [ 37.90865, 48.2899, 0.0 ], [ 37.8991, 48.28747, 0.0 ], [ 37.89124, 48.28566, 0.0 ], [ 37.88456, 48.28434, 0.0 ], [ 37.87856, 48.28336, 0.0 ], [ 37.87272, 48.2826, 0.0 ], [ 37.86655, 48.2819, 0.0 ], [ 37.85953, 48.28114, 0.0 ], [ 37.85116, 48.28018, 0.0 ], [ 37.84093, 48.27887, 0.0 ], [ 37.83621, 48.27845, 0.0 ], [ 37.83217, 48.27846, 0.0 ], [ 37.82866, 48.27873, 0.0 ], [ 37.82551, 48.2791, 0.0 ], [ 37.82259, 48.2794, 0.0 ], [ 37.81974, 48.27947, 0.0 ], [ 37.8168, 48.27914, 0.0 ], [ 37.81363, 48.27825, 0.0 ], [ 37.81007, 48.27663, 0.0 ], [ 37.8084, 48.27522, 0.0 ], [ 37.80758, 48.27339, 0.0 ], [ 37.80736, 48.27127, 0.0 ], [ 37.80749, 48.26899, 0.0 ], [ 37.80775, 48.26668, 0.0 ], [ 37.80788, 48.26446, 0.0 ], [ 37.80764, 48.26247, 0.0 ], [ 37.80679, 48.26083, 0.0 ], [ 37.80509, 48.25968, 0.0 ], [ 37.80118, 48.25855, 0.0 ], [ 37.79767, 48.25828, 0.0 ], [ 37.79441, 48.25865, 0.0 ], [ 37.79126, 48.25943, 0.0 ], [ 37.78806, 48.26039, 0.0 ], [ 37.78467, 48.26131, 0.0 ], [ 37.78093, 48.26196, 0.0 ], [ 37.7767, 48.26212, 0.0 ], [ 37.77182, 48.26155, 0.0 ], [ 37.768, 48.26067, 0.0 ], [ 37.76498, 48.25968, 0.0 ], [ 37.76253, 48.25855, 0.0 ], [ 37.76045, 48.2573, 0.0 ], [ 37.75851, 48.2559, 0.0 ], [ 37.7565, 48.25435, 0.0 ], [ 37.75419, 48.25264, 0.0 ], [ 37.75136, 48.25076, 0.0 ], [ 37.74634, 48.24783, 0.0 ], [ 37.74531, 48.24706, 0.0 ], [ 37.7443, 48.24645, 0.0 ], [ 37.7428, 48.24585, 0.0 ], [ 37.74216, 48.24549, 0.0 ], [ 37.7414, 48.24478, 0.0 ], [ 37.74032, 48.24355, 0.0 ], [ 37.73876, 48.24165, 0.0 ], [ 37.73712, 48.23922, 0.0 ], [ 37.73494, 48.23569, 0.0 ], [ 37.73458, 48.23484, 0.0 ], [ 37.73447, 48.23376, 0.0 ], [ 37.73429, 48.23318, 0.0 ], [ 37.73375, 48.2327, 0.0 ], [ 37.73308, 48.23248, 0.0 ], [ 37.73168, 48.23255, 0.0 ], [ 37.72977, 48.233, 0.0 ], [ 37.72886, 48.23282, 0.0 ], [ 37.72859, 48.23241, 0.0 ], [ 37.72845, 48.23145, 0.0 ], [ 37.72867, 48.2305, 0.0 ], [ 37.72912, 48.22955, 0.0 ], [ 37.73029, 48.22764, 0.0 ], [ 37.73076, 48.22666, 0.0 ], [ 37.73102, 48.22566, 0.0 ], [ 37.73093, 48.22462, 0.0 ], [ 37.73038, 48.22355, 0.0 ], [ 37.72734, 48.22017, 0.0 ], [ 37.72396, 48.21745, 0.0 ], [ 37.72042, 48.21522, 0.0 ], [ 37.71692, 48.21333, 0.0 ], [ 37.71367, 48.21162, 0.0 ], [ 37.71084, 48.20991, 0.0 ], [ 37.70864, 48.20806, 0.0 ], [ 37.70726, 48.20589, 0.0 ], [ 37.7069, 48.20325, 0.0 ], [ 37.70752, 48.20081, 0.0 ], [ 37.70893, 48.19894, 0.0 ], [ 37.71103, 48.1975, 0.0 ], [ 37.71372, 48.19633, 0.0 ], [ 37.71692, 48.19529, 0.0 ], [ 37.72052, 48.19421, 0.0 ], [ 37.72444, 48.19295, 0.0 ], [ 37.72858, 48.19135, 0.0 ], [ 37.73284, 48.18926, 0.0 ], [ 37.73428, 48.18845, 0.0 ], [ 37.73569, 48.18757, 0.0 ], [ 37.7386, 48.1856, 0.0 ], [ 37.74034, 48.18466, 0.0 ], [ 37.74102, 48.18412, 0.0 ], [ 37.74174, 48.18318, 0.0 ], [ 37.74197, 48.18266, 0.0 ], [ 37.74198, 48.18161, 0.0 ], [ 37.74168, 48.18021, 0.0 ], [ 37.7419, 48.17948, 0.0 ], [ 37.7423, 48.17921, 0.0 ], [ 37.7438, 48.17861, 0.0 ], [ 37.74511, 48.17825, 0.0 ], [ 37.7463, 48.17805, 0.0 ], [ 37.74743, 48.17798, 0.0 ], [ 37.75115, 48.17789, 0.0 ], [ 37.75273, 48.17771, 0.0 ], [ 37.76012, 48.17638, 0.0 ], [ 37.76484, 48.17589, 0.0 ], [ 37.76892, 48.17569, 0.0 ], [ 37.77256, 48.17556, 0.0 ], [ 37.77593, 48.17531, 0.0 ], [ 37.77922, 48.1747, 0.0 ], [ 37.78261, 48.17353, 0.0 ], [ 37.78628, 48.17158, 0.0 ], [ 37.79041, 48.16865, 0.0 ], [ 37.79476, 48.16496, 0.0 ], [ 37.79812, 48.16155, 0.0 ], [ 37.80068, 48.15827, 0.0 ], [ 37.80265, 48.15498, 0.0 ], [ 37.80423, 48.15152, 0.0 ], [ 37.80561, 48.14775, 0.0 ], [ 37.80861, 48.13867, 0.0 ], [ 37.81062, 48.13307, 0.0 ], [ 37.811, 48.13174, 0.0 ], [ 37.81107, 48.13065, 0.0 ], [ 37.81089, 48.12972, 0.0 ], [ 37.8105, 48.12888, 0.0 ], [ 37.80866, 48.12623, 0.0 ], [ 37.80801, 48.12507, 0.0 ], [ 37.80742, 48.12365, 0.0 ], [ 37.80701, 48.12186, 0.0 ], [ 37.80678, 48.11967, 0.0 ], [ 37.80641, 48.11862, 0.0 ], [ 37.80603, 48.11823, 0.0 ], [ 37.80547, 48.11795, 0.0 ], [ 37.80468, 48.11783, 0.0 ], [ 37.80394, 48.11797, 0.0 ], [ 37.80323, 48.11832, 0.0 ], [ 37.80108, 48.11983, 0.0 ], [ 37.8003, 48.12027, 0.0 ], [ 37.79945, 48.12054, 0.0 ], [ 37.79851, 48.1206, 0.0 ], [ 37.79807, 48.12049, 0.0 ], [ 37.79758, 48.11994, 0.0 ], [ 37.79725, 48.11861, 0.0 ], [ 37.7968, 48.11765, 0.0 ], [ 37.79556, 48.11659, 0.0 ], [ 37.79417, 48.11586, 0.0 ], [ 37.79234, 48.1152, 0.0 ], [ 37.79101, 48.11442, 0.0 ], [ 37.79023, 48.11377, 0.0 ], [ 37.78925, 48.1128, 0.0 ], [ 37.78862, 48.11199, 0.0 ], [ 37.78823, 48.11112, 0.0 ], [ 37.78793, 48.11, 0.0 ], [ 37.78769, 48.10866, 0.0 ], [ 37.78787, 48.10736, 0.0 ], [ 37.7883, 48.10616, 0.0 ], [ 37.78869, 48.10272, 0.0 ], [ 37.78868, 48.10188, 0.0 ], [ 37.78834, 48.10103, 0.0 ], [ 37.7875, 48.10003, 0.0 ], [ 37.78656, 48.09933, 0.0 ], [ 37.78557, 48.09896, 0.0 ], [ 37.78366, 48.09857, 0.0 ], [ 37.78174, 48.09806, 0.0 ], [ 37.7793, 48.09721, 0.0 ], [ 37.77795, 48.09693, 0.0 ], [ 37.77645, 48.09709, 0.0 ], [ 37.77554, 48.09739, 0.0 ], [ 37.77477, 48.09779, 0.0 ], [ 37.77423, 48.09826, 0.0 ], [ 37.77385, 48.0988, 0.0 ], [ 37.77307, 48.10071, 0.0 ], [ 37.77225, 48.10212, 0.0 ], [ 37.77158, 48.10283, 0.0 ], [ 37.77094, 48.10333, 0.0 ], [ 37.77036, 48.10359, 0.0 ], [ 37.76977, 48.10366, 0.0 ], [ 37.76867, 48.10354, 0.0 ], [ 37.76796, 48.10331, 0.0 ], [ 37.76738, 48.10264, 0.0 ], [ 37.76648, 48.10111, 0.0 ], [ 37.76505, 48.09901, 0.0 ], [ 37.76439, 48.09778, 0.0 ], [ 37.76394, 48.09616, 0.0 ], [ 37.76379, 48.09506, 0.0 ], [ 37.76377, 48.09386, 0.0 ], [ 37.76393, 48.09281, 0.0 ], [ 37.76423, 48.09188, 0.0 ], [ 37.76532, 48.08951, 0.0 ], [ 37.76555, 48.08873, 0.0 ], [ 37.76562, 48.08791, 0.0 ], [ 37.76547, 48.087, 0.0 ], [ 37.765, 48.08633, 0.0 ], [ 37.76422, 48.08617, 0.0 ], [ 37.76257, 48.08631, 0.0 ], [ 37.76123, 48.08629, 0.0 ], [ 37.75995, 48.08611, 0.0 ], [ 37.75728, 48.08558, 0.0 ], [ 37.7558, 48.08535, 0.0 ], [ 37.75391, 48.08533, 0.0 ], [ 37.75263, 48.08542, 0.0 ], [ 37.74796, 48.08586, 0.0 ], [ 37.74467, 48.08626, 0.0 ], [ 37.7417, 48.08687, 0.0 ], [ 37.73804, 48.0879, 0.0 ], [ 37.73502, 48.08886, 0.0 ], [ 37.73416, 48.08931, 0.0 ], [ 37.73335, 48.09024, 0.0 ], [ 37.73205, 48.0927, 0.0 ], [ 37.73177, 48.0936, 0.0 ], [ 37.73132, 48.09658, 0.0 ], [ 37.73105, 48.09724, 0.0 ], [ 37.73061, 48.0979, 0.0 ], [ 37.72991, 48.09858, 0.0 ], [ 37.72897, 48.09925, 0.0 ], [ 37.72813, 48.09968, 0.0 ], [ 37.72655, 48.10004, 0.0 ], [ 37.7239, 48.10019, 0.0 ], [ 37.7228, 48.10035, 0.0 ], [ 37.72152, 48.10067, 0.0 ], [ 37.71943, 48.10147, 0.0 ], [ 37.71738, 48.10261, 0.0 ], [ 37.71594, 48.10315, 0.0 ], [ 37.715, 48.10331, 0.0 ], [ 37.71382, 48.10339, 0.0 ], [ 37.71176, 48.10329, 0.0 ], [ 37.71005, 48.10294, 0.0 ], [ 37.7086, 48.10244, 0.0 ], [ 37.70609, 48.10133, 0.0 ], [ 37.70484, 48.10089, 0.0 ], [ 37.70347, 48.10065, 0.0 ], [ 37.70189, 48.1007, 0.0 ], [ 37.70001, 48.10113, 0.0 ], [ 37.69735, 48.10217, 0.0 ], [ 37.69529, 48.10337, 0.0 ], [ 37.69366, 48.10469, 0.0 ], [ 37.69229, 48.10609, 0.0 ], [ 37.69101, 48.10754, 0.0 ], [ 37.68964, 48.10898, 0.0 ], [ 37.68801, 48.11038, 0.0 ], [ 37.68596, 48.1117, 0.0 ], [ 37.6833, 48.1129, 0.0 ], [ 37.68166, 48.11342, 0.0 ], [ 37.68028, 48.11365, 0.0 ], [ 37.67908, 48.11366, 0.0 ], [ 37.67799, 48.1135, 0.0 ], [ 37.67447, 48.11249, 0.0 ], [ 37.67295, 48.11215, 0.0 ], [ 37.66967, 48.11172, 0.0 ], [ 37.6685, 48.11148, 0.0 ], [ 37.66585, 48.11076, 0.0 ], [ 37.66406, 48.11056, 0.0 ], [ 37.66294, 48.11065, 0.0 ], [ 37.66157, 48.11089, 0.0 ], [ 37.6591, 48.11162, 0.0 ], [ 37.65709, 48.11255, 0.0 ], [ 37.65543, 48.11359, 0.0 ], [ 37.65263, 48.11568, 0.0 ], [ 37.65123, 48.11655, 0.0 ], [ 37.64965, 48.11721, 0.0 ], [ 37.64778, 48.11756, 0.0 ], [ 37.64548, 48.11752, 0.0 ], [ 37.6431, 48.11711, 0.0 ], [ 37.64122, 48.11645, 0.0 ], [ 37.63969, 48.11557, 0.0 ], [ 37.63839, 48.11451, 0.0 ], [ 37.63586, 48.11198, 0.0 ], [ 37.63435, 48.11058, 0.0 ], [ 37.63249, 48.10913, 0.0 ], [ 37.63013, 48.10766, 0.0 ], [ 37.62838, 48.10687, 0.0 ], [ 37.6266, 48.10633, 0.0 ], [ 37.62488, 48.10596, 0.0 ], [ 37.62183, 48.10545, 0.0 ], [ 37.62065, 48.10514, 0.0 ], [ 37.61977, 48.10469, 0.0 ], [ 37.61928, 48.10402, 0.0 ], [ 37.61923, 48.10306, 0.0 ], [ 37.61971, 48.10129, 0.0 ], [ 37.62049, 48.09971, 0.0 ], [ 37.62156, 48.09825, 0.0 ], [ 37.62291, 48.09688, 0.0 ], [ 37.62451, 48.09555, 0.0 ], [ 37.62636, 48.0942, 0.0 ], [ 37.62844, 48.09278, 0.0 ], [ 37.63324, 48.08958, 0.0 ], [ 37.63442, 48.08892, 0.0 ], [ 37.63553, 48.08858, 0.0 ], [ 37.63656, 48.08846, 0.0 ], [ 37.63941, 48.08852, 0.0 ], [ 37.64033, 48.08839, 0.0 ], [ 37.64124, 48.08802, 0.0 ], [ 37.64218, 48.08734, 0.0 ], [ 37.64285, 48.08665, 0.0 ], [ 37.64339, 48.08593, 0.0 ], [ 37.64405, 48.08442, 0.0 ], [ 37.64418, 48.08282, 0.0 ], [ 37.64405, 48.08198, 0.0 ], [ 37.64341, 48.08025, 0.0 ], [ 37.6429, 48.07939, 0.0 ], [ 37.64236, 48.07876, 0.0 ], [ 37.64176, 48.07829, 0.0 ], [ 37.64038, 48.07766, 0.0 ], [ 37.63868, 48.07707, 0.0 ], [ 37.63769, 48.07665, 0.0 ], [ 37.6361, 48.07583, 0.0 ], [ 37.63451, 48.07538, 0.0 ], [ 37.63391, 48.07511, 0.0 ], [ 37.63341, 48.07452, 0.0 ], [ 37.63322, 48.07389, 0.0 ], [ 37.63334, 48.07334, 0.0 ], [ 37.63395, 48.07201, 0.0 ], [ 37.63428, 48.07079, 0.0 ], [ 37.63507, 48.069, 0.0 ], [ 37.63542, 48.06805, 0.0 ], [ 37.63534, 48.06715, 0.0 ], [ 37.63454, 48.06611, 0.0 ], [ 37.634, 48.06564, 0.0 ], [ 37.63281, 48.065, 0.0 ], [ 37.63215, 48.06482, 0.0 ], [ 37.63061, 48.06471, 0.0 ], [ 37.62874, 48.0649, 0.0 ], [ 37.62686, 48.06536, 0.0 ], [ 37.62534, 48.06602, 0.0 ], [ 37.62408, 48.06681, 0.0 ], [ 37.62194, 48.06843, 0.0 ], [ 37.62085, 48.06911, 0.0 ], [ 37.61961, 48.06959, 0.0 ], [ 37.61812, 48.0698, 0.0 ], [ 37.61627, 48.06965, 0.0 ], [ 37.61205, 48.06884, 0.0 ], [ 37.6086, 48.06798, 0.0 ], [ 37.6057, 48.06705, 0.0 ], [ 37.60315, 48.06601, 0.0 ], [ 37.60075, 48.06483, 0.0 ], [ 37.59827, 48.06346, 0.0 ], [ 37.59553, 48.06188, 0.0 ], [ 37.5923, 48.06006, 0.0 ], [ 37.58839, 48.05795, 0.0 ], [ 37.58792, 48.05766, 0.0 ], [ 37.58739, 48.05706, 0.0 ], [ 37.58721, 48.05636, 0.0 ], [ 37.58705, 48.05438, 0.0 ], [ 37.58663, 48.05225, 0.0 ], [ 37.58564, 48.04781, 0.0 ], [ 37.5854, 48.0466, 0.0 ], [ 37.58511, 48.04388, 0.0 ], [ 37.58505, 48.04214, 0.0 ], [ 37.58505, 48.03999, 0.0 ], [ 37.58524, 48.03792, 0.0 ], [ 37.58566, 48.03619, 0.0 ], [ 37.58623, 48.03471, 0.0 ], [ 37.58743, 48.03217, 0.0 ], [ 37.58788, 48.03095, 0.0 ], [ 37.58809, 48.02963, 0.0 ], [ 37.58799, 48.02815, 0.0 ], [ 37.58748, 48.02642, 0.0 ], [ 37.58652, 48.02421, 0.0 ], [ 37.58555, 48.02242, 0.0 ], [ 37.58452, 48.02096, 0.0 ], [ 37.58339, 48.01973, 0.0 ], [ 37.58212, 48.01864, 0.0 ], [ 37.58067, 48.01762, 0.0 ], [ 37.57897, 48.01656, 0.0 ], [ 37.57471, 48.01399, 0.0 ], [ 37.57234, 48.01268, 0.0 ], [ 37.57027, 48.01183, 0.0 ], [ 37.56843, 48.01131, 0.0 ], [ 37.56673, 48.01098, 0.0 ], [ 37.56508, 48.01073, 0.0 ], [ 37.5634, 48.01041, 0.0 ], [ 37.56161, 48.0099, 0.0 ], [ 37.55961, 48.00908, 0.0 ], [ 37.55733, 48.00781, 0.0 ], [ 37.55638, 48.00718, 0.0 ], [ 37.55499, 48.00596, 0.0 ], [ 37.55415, 48.00464, 0.0 ], [ 37.55379, 48.00301, 0.0 ], [ 37.55378, 48.00089, 0.0 ], [ 37.55415, 47.99828, 0.0 ], [ 37.55488, 47.99596, 0.0 ], [ 37.55583, 47.99388, 0.0 ], [ 37.55784, 47.99026, 0.0 ], [ 37.55865, 47.98863, 0.0 ], [ 37.55914, 47.98706, 0.0 ], [ 37.55919, 47.9855, 0.0 ], [ 37.55866, 47.98391, 0.0 ], [ 37.55785, 47.98287, 0.0 ], [ 37.55684, 47.98231, 0.0 ], [ 37.55562, 47.98212, 0.0 ], [ 37.5542, 47.9822, 0.0 ], [ 37.54884, 47.98312, 0.0 ], [ 37.54671, 47.98332, 0.0 ], [ 37.54382, 47.98328, 0.0 ], [ 37.54192, 47.98347, 0.0 ], [ 37.54124, 47.98329, 0.0 ], [ 37.54071, 47.98263, 0.0 ], [ 37.54024, 47.98115, 0.0 ], [ 37.5401, 47.97962, 0.0 ], [ 37.54019, 47.97809, 0.0 ], [ 37.54056, 47.97522, 0.0 ], [ 37.54063, 47.97399, 0.0 ], [ 37.54047, 47.97297, 0.0 ], [ 37.53996, 47.9722, 0.0 ], [ 37.53899, 47.97174, 0.0 ], [ 37.5368, 47.9716, 0.0 ], [ 37.5347, 47.97211, 0.0 ], [ 37.53265, 47.97308, 0.0 ], [ 37.53063, 47.97431, 0.0 ], [ 37.52861, 47.97562, 0.0 ], [ 37.52655, 47.9768, 0.0 ], [ 37.52442, 47.97768, 0.0 ], [ 37.52219, 47.97805, 0.0 ], [ 37.51982, 47.97772, 0.0 ], [ 37.5183, 47.97689, 0.0 ], [ 37.51736, 47.97561, 0.0 ], [ 37.51684, 47.974, 0.0 ], [ 37.51657, 47.97217, 0.0 ], [ 37.51639, 47.97024, 0.0 ], [ 37.51611, 47.96834, 0.0 ], [ 37.51559, 47.96657, 0.0 ], [ 37.51464, 47.96505, 0.0 ], [ 37.51311, 47.9639, 0.0 ], [ 37.51103, 47.96316, 0.0 ], [ 37.50911, 47.96298, 0.0 ], [ 37.50728, 47.96322, 0.0 ], [ 37.5055, 47.96374, 0.0 ], [ 37.50188, 47.96509, 0.0 ], [ 37.49993, 47.96564, 0.0 ], [ 37.49782, 47.96592, 0.0 ], [ 37.49549, 47.96579, 0.0 ], [ 37.49495, 47.96561, 0.0 ], [ 37.49453, 47.96488, 0.0 ], [ 37.4947, 47.96244, 0.0 ], [ 37.4946, 47.96174, 0.0 ], [ 37.49434, 47.96103, 0.0 ], [ 37.49395, 47.96044, 0.0 ], [ 37.49303, 47.9596, 0.0 ], [ 37.49171, 47.95873, 0.0 ], [ 37.49123, 47.95806, 0.0 ], [ 37.49133, 47.95718, 0.0 ], [ 37.49207, 47.95668, 0.0 ], [ 37.49368, 47.95616, 0.0 ], [ 37.4946, 47.9555, 0.0 ], [ 37.49489, 47.95494, 0.0 ], [ 37.4954, 47.95282, 0.0 ], [ 37.49547, 47.95197, 0.0 ], [ 37.49537, 47.95039, 0.0 ], [ 37.49496, 47.94751, 0.0 ], [ 37.49479, 47.9451, 0.0 ], [ 37.49464, 47.94402, 0.0 ], [ 37.49398, 47.94128, 0.0 ], [ 37.49374, 47.93918, 0.0 ], [ 37.49351, 47.93805, 0.0 ], [ 37.49287, 47.93683, 0.0 ], [ 37.4923, 47.9361, 0.0 ], [ 37.49069, 47.93435, 0.0 ], [ 37.48924, 47.93304, 0.0 ], [ 37.48791, 47.93204, 0.0 ], [ 37.48541, 47.93046, 0.0 ], [ 37.48417, 47.92963, 0.0 ], [ 37.48289, 47.9286, 0.0 ], [ 37.48151, 47.92725, 0.0 ], [ 37.48, 47.92545, 0.0 ], [ 37.4784, 47.92326, 0.0 ], [ 37.47772, 47.92219, 0.0 ], [ 37.47717, 47.92116, 0.0 ], [ 37.4768, 47.92019, 0.0 ], [ 37.47662, 47.91928, 0.0 ], [ 37.47669, 47.91845, 0.0 ], [ 37.47704, 47.91772, 0.0 ], [ 37.47771, 47.91709, 0.0 ], [ 37.4794, 47.91621, 0.0 ], [ 37.48107, 47.9158, 0.0 ], [ 37.48276, 47.91573, 0.0 ], [ 37.4845, 47.91587, 0.0 ], [ 37.48633, 47.91608, 0.0 ], [ 37.48829, 47.91624, 0.0 ], [ 37.49041, 47.91622, 0.0 ], [ 37.49274, 47.91589, 0.0 ], [ 37.4953, 47.91512, 0.0 ], [ 37.49891, 47.91367, 0.0 ], [ 37.50182, 47.91239, 0.0 ], [ 37.50419, 47.9112, 0.0 ], [ 37.50624, 47.91001, 0.0 ], [ 37.50814, 47.90876, 0.0 ], [ 37.51008, 47.90737, 0.0 ], [ 37.51486, 47.90384, 0.0 ], [ 37.51807, 47.90155, 0.0 ], [ 37.51933, 47.90052, 0.0 ], [ 37.52005, 47.89963, 0.0 ], [ 37.52124, 47.89743, 0.0 ], [ 37.52246, 47.89555, 0.0 ], [ 37.52301, 47.89459, 0.0 ], [ 37.52414, 47.89225, 0.0 ], [ 37.52502, 47.89088, 0.0 ], [ 37.5265, 47.8894, 0.0 ], [ 37.52714, 47.8891, 0.0 ], [ 37.52772, 47.88925, 0.0 ], [ 37.52914, 47.88994, 0.0 ], [ 37.53018, 47.89011, 0.0 ], [ 37.53198, 47.89053, 0.0 ], [ 37.53262, 47.89049, 0.0 ], [ 37.53305, 47.89004, 0.0 ], [ 37.53346, 47.88884, 0.0 ], [ 37.53356, 47.88764, 0.0 ], [ 37.53332, 47.88638, 0.0 ], [ 37.53273, 47.885, 0.0 ], [ 37.53229, 47.88425, 0.0 ], [ 37.53152, 47.88321, 0.0 ], [ 37.53074, 47.88247, 0.0 ], [ 37.52994, 47.88193, 0.0 ], [ 37.52762, 47.88067, 0.0 ], [ 37.5269, 47.88008, 0.0 ], [ 37.52622, 47.87925, 0.0 ], [ 37.52558, 47.8781, 0.0 ], [ 37.52416, 47.87505, 0.0 ], [ 37.52191, 47.87037, 0.0 ], [ 37.52108, 47.86842, 0.0 ], [ 37.52043, 47.8665, 0.0 ], [ 37.51995, 47.86447, 0.0 ], [ 37.51964, 47.86215, 0.0 ], [ 37.51948, 47.85939, 0.0 ], [ 37.51948, 47.85603, 0.0 ], [ 37.52008, 47.85033, 0.0 ], [ 37.52144, 47.84543, 0.0 ], [ 37.52326, 47.84116, 0.0 ], [ 37.52705, 47.83378, 0.0 ], [ 37.52841, 47.83033, 0.0 ], [ 37.52901, 47.82681, 0.0 ], [ 37.52854, 47.82304, 0.0 ], [ 37.52671, 47.81886, 0.0 ], [ 37.52318, 47.81361, 0.0 ], [ 37.51955, 47.80962, 0.0 ], [ 37.51572, 47.80662, 0.0 ], [ 37.51158, 47.80432, 0.0 ], [ 37.50703, 47.80244, 0.0 ], [ 37.50197, 47.80069, 0.0 ], [ 37.49628, 47.7988, 0.0 ], [ 37.48987, 47.79649, 0.0 ], [ 37.48263, 47.79346, 0.0 ], [ 37.47515, 47.79038, 0.0 ], [ 37.46885, 47.7883, 0.0 ], [ 37.46341, 47.78693, 0.0 ], [ 37.45853, 47.78594, 0.0 ], [ 37.45389, 47.78503, 0.0 ], [ 37.44918, 47.78387, 0.0 ], [ 37.44409, 47.78217, 0.0 ], [ 37.43831, 47.7796, 0.0 ], [ 37.43152, 47.77586, 0.0 ], [ 37.42834, 47.77341, 0.0 ], [ 37.42621, 47.77067, 0.0 ], [ 37.42482, 47.76777, 0.0 ], [ 37.42388, 47.76482, 0.0 ], [ 37.42309, 47.76192, 0.0 ], [ 37.42216, 47.7592, 0.0 ], [ 37.42078, 47.75676, 0.0 ], [ 37.41866, 47.75473, 0.0 ], [ 37.4155, 47.7532, 0.0 ], [ 37.41074, 47.75195, 0.0 ], [ 37.40666, 47.75147, 0.0 ], [ 37.40302, 47.75163, 0.0 ], [ 37.3996, 47.75229, 0.0 ], [ 37.39617, 47.75332, 0.0 ], [ 37.39251, 47.75458, 0.0 ], [ 37.38839, 47.75593, 0.0 ], [ 37.38358, 47.75723, 0.0 ], [ 37.37702, 47.75852, 0.0 ], [ 37.3758, 47.75891, 0.0 ], [ 37.37385, 47.75973, 0.0 ], [ 37.37233, 47.76004, 0.0 ], [ 37.36366, 47.76124, 0.0 ], [ 37.36039, 47.76152, 0.0 ], [ 37.35848, 47.76158, 0.0 ], [ 37.35619, 47.76159, 0.0 ], [ 37.35335, 47.76154, 0.0 ], [ 37.35029, 47.76135, 0.0 ], [ 37.34781, 47.761, 0.0 ], [ 37.34575, 47.76053, 0.0 ], [ 37.34222, 47.75954, 0.0 ], [ 37.34043, 47.75915, 0.0 ], [ 37.3384, 47.75891, 0.0 ], [ 37.33597, 47.75889, 0.0 ], [ 37.33297, 47.75915, 0.0 ], [ 37.32801, 47.75984, 0.0 ], [ 37.32399, 47.76052, 0.0 ], [ 37.32065, 47.76123, 0.0 ], [ 37.31773, 47.76201, 0.0 ], [ 37.31497, 47.7629, 0.0 ], [ 37.3121, 47.76394, 0.0 ], [ 37.305, 47.76663, 0.0 ], [ 37.30025, 47.76836, 0.0 ], [ 37.29917, 47.76885, 0.0 ], [ 37.29836, 47.76941, 0.0 ], [ 37.29776, 47.77002, 0.0 ], [ 37.29631, 47.77183, 0.0 ], [ 37.2957, 47.77235, 0.0 ], [ 37.29488, 47.77277, 0.0 ], [ 37.29378, 47.77308, 0.0 ], [ 37.29062, 47.77373, 0.0 ], [ 37.28559, 47.77488, 0.0 ], [ 37.28348, 47.77529, 0.0 ], [ 37.28147, 47.77552, 0.0 ], [ 37.27945, 47.77552, 0.0 ], [ 37.27727, 47.77525, 0.0 ], [ 37.27483, 47.77465, 0.0 ], [ 37.27199, 47.77367, 0.0 ], [ 37.26976, 47.77263, 0.0 ], [ 37.2681, 47.77148, 0.0 ], [ 37.26687, 47.77022, 0.0 ], [ 37.2659, 47.76883, 0.0 ], [ 37.26419, 47.76571, 0.0 ], [ 37.26315, 47.76397, 0.0 ], [ 37.26178, 47.7621, 0.0 ], [ 37.25993, 47.7601, 0.0 ], [ 37.25934, 47.75966, 0.0 ], [ 37.25882, 47.75951, 0.0 ], [ 37.2576, 47.75945, 0.0 ], [ 37.25664, 47.75923, 0.0 ], [ 37.25503, 47.7591, 0.0 ], [ 37.2544, 47.7589, 0.0 ], [ 37.25376, 47.75836, 0.0 ], [ 37.25345, 47.75784, 0.0 ], [ 37.25332, 47.75668, 0.0 ], [ 37.25346, 47.75502, 0.0 ], [ 37.25315, 47.75427, 0.0 ], [ 37.2527, 47.75409, 0.0 ], [ 37.25127, 47.75386, 0.0 ], [ 37.24997, 47.75374, 0.0 ], [ 37.24878, 47.75374, 0.0 ], [ 37.24764, 47.75384, 0.0 ], [ 37.2465, 47.75406, 0.0 ], [ 37.2441, 47.75481, 0.0 ], [ 37.2412, 47.75599, 0.0 ], [ 37.24075, 47.7563, 0.0 ], [ 37.24043, 47.75725, 0.0 ], [ 37.24043, 47.75884, 0.0 ], [ 37.24002, 47.75957, 0.0 ], [ 37.23951, 47.75971, 0.0 ], [ 37.2293, 47.76048, 0.0 ], [ 37.22536, 47.76072, 0.0 ], [ 37.22183, 47.76084, 0.0 ], [ 37.21841, 47.76082, 0.0 ], [ 37.21484, 47.76066, 0.0 ], [ 37.21083, 47.76032, 0.0 ], [ 37.20609, 47.7598, 0.0 ], [ 37.20034, 47.75908, 0.0 ], [ 37.19852, 47.75877, 0.0 ], [ 37.19708, 47.75837, 0.0 ], [ 37.19592, 47.75788, 0.0 ], [ 37.19495, 47.75731, 0.0 ], [ 37.19405, 47.75665, 0.0 ], [ 37.19206, 47.75507, 0.0 ], [ 37.19077, 47.75415, 0.0 ], [ 37.18914, 47.75314, 0.0 ], [ 37.18212, 47.74909, 0.0 ], [ 37.17727, 47.74622, 0.0 ], [ 37.17286, 47.74356, 0.0 ], [ 37.16717, 47.74017, 0.0 ], [ 37.1633, 47.7379, 0.0 ], [ 37.16155, 47.73694, 0.0 ], [ 37.15973, 47.73606, 0.0 ], [ 37.15852, 47.73538, 0.0 ], [ 37.15689, 47.73426, 0.0 ], [ 37.15569, 47.7332, 0.0 ], [ 37.15479, 47.7321, 0.0 ], [ 37.15296, 47.72903, 0.0 ], [ 37.15233, 47.72826, 0.0 ], [ 37.15155, 47.7277, 0.0 ], [ 37.1505, 47.72741, 0.0 ], [ 37.14911, 47.72743, 0.0 ], [ 37.14224, 47.72855, 0.0 ], [ 37.13663, 47.72999, 0.0 ], [ 37.1319, 47.73165, 0.0 ], [ 37.1277, 47.73344, 0.0 ], [ 37.12364, 47.73526, 0.0 ], [ 37.11937, 47.73702, 0.0 ], [ 37.11452, 47.73863, 0.0 ], [ 37.10872, 47.73998, 0.0 ], [ 37.10159, 47.74099, 0.0 ], [ 37.09835, 47.74105, 0.0 ], [ 37.09575, 47.74058, 0.0 ], [ 37.0936, 47.73972, 0.0 ], [ 37.09172, 47.73863, 0.0 ], [ 37.08992, 47.73743, 0.0 ], [ 37.08803, 47.73627, 0.0 ], [ 37.08586, 47.73529, 0.0 ], [ 37.08323, 47.73464, 0.0 ], [ 37.07995, 47.73445, 0.0 ], [ 37.07404, 47.7348, 0.0 ], [ 37.06924, 47.73548, 0.0 ], [ 37.06524, 47.7364, 0.0 ], [ 37.06172, 47.73748, 0.0 ], [ 37.05836, 47.73864, 0.0 ], [ 37.05485, 47.73981, 0.0 ], [ 37.05085, 47.74089, 0.0 ], [ 37.04606, 47.74182, 0.0 ], [ 37.04016, 47.7425, 0.0 ], [ 37.03854, 47.74248, 0.0 ], [ 37.03724, 47.74218, 0.0 ], [ 37.03615, 47.74168, 0.0 ], [ 37.03522, 47.74104, 0.0 ], [ 37.03344, 47.73968, 0.0 ], [ 37.03243, 47.73911, 0.0 ], [ 37.03123, 47.73871, 0.0 ], [ 37.02975, 47.73855, 0.0 ], [ 37.02891, 47.73862, 0.0 ], [ 37.02826, 47.73884, 0.0 ], [ 37.02732, 47.7396, 0.0 ], [ 37.02601, 47.74124, 0.0 ], [ 37.0254, 47.74184, 0.0 ], [ 37.02433, 47.74256, 0.0 ], [ 37.02339, 47.74262, 0.0 ], [ 37.01437, 47.74524, 0.0 ], [ 37.00708, 47.74771, 0.0 ], [ 37.00103, 47.75002, 0.0 ], [ 36.99573, 47.75214, 0.0 ], [ 36.99067, 47.75403, 0.0 ], [ 36.98538, 47.75567, 0.0 ], [ 36.97935, 47.75703, 0.0 ], [ 36.97208, 47.75808, 0.0 ], [ 36.96309, 47.75879, 0.0 ], [ 36.95756, 47.75863, 0.0 ], [ 36.95308, 47.75766, 0.0 ], [ 36.94936, 47.75611, 0.0 ], [ 36.9461, 47.75422, 0.0 ], [ 36.943, 47.75221, 0.0 ], [ 36.93978, 47.75033, 0.0 ], [ 36.93612, 47.74881, 0.0 ], [ 36.93174, 47.74789, 0.0 ], [ 36.92635, 47.74779, 0.0 ], [ 36.92059, 47.74862, 0.0 ], [ 36.91591, 47.75015, 0.0 ], [ 36.91201, 47.75216, 0.0 ], [ 36.90861, 47.75448, 0.0 ], [ 36.9054, 47.7569, 0.0 ], [ 36.9021, 47.75923, 0.0 ], [ 36.89841, 47.76126, 0.0 ], [ 36.89403, 47.76282, 0.0 ], [ 36.88867, 47.76369, 0.0 ], [ 36.88634, 47.76358, 0.0 ], [ 36.8846, 47.76291, 0.0 ], [ 36.88326, 47.7618, 0.0 ], [ 36.88216, 47.76034, 0.0 ], [ 36.88006, 47.75685, 0.0 ], [ 36.87873, 47.75504, 0.0 ], [ 36.87698, 47.75334, 0.0 ], [ 36.87466, 47.75185, 0.0 ], [ 36.87189, 47.75063, 0.0 ], [ 36.86952, 47.7499, 0.0 ], [ 36.86743, 47.74953, 0.0 ], [ 36.86366, 47.74925, 0.0 ], [ 36.86176, 47.74905, 0.0 ], [ 36.8597, 47.74863, 0.0 ], [ 36.85738, 47.74783, 0.0 ], [ 36.85467, 47.74652, 0.0 ], [ 36.85197, 47.74477, 0.0 ], [ 36.84991, 47.74296, 0.0 ], [ 36.84831, 47.74112, 0.0 ], [ 36.84701, 47.73931, 0.0 ], [ 36.84581, 47.73755, 0.0 ], [ 36.84455, 47.73589, 0.0 ], [ 36.84303, 47.73437, 0.0 ], [ 36.84109, 47.73302, 0.0 ], [ 36.83854, 47.73188, 0.0 ], [ 36.83703, 47.73158, 0.0 ], [ 36.83577, 47.73176, 0.0 ], [ 36.83468, 47.73231, 0.0 ], [ 36.83368, 47.73311, 0.0 ], [ 36.83163, 47.73503, 0.0 ], [ 36.83042, 47.73591, 0.0 ], [ 36.82899, 47.7366, 0.0 ], [ 36.82725, 47.73697, 0.0 ], [ 36.82582, 47.73693, 0.0 ], [ 36.82464, 47.73658, 0.0 ], [ 36.82363, 47.73601, 0.0 ], [ 36.82188, 47.73466, 0.0 ], [ 36.82101, 47.73406, 0.0 ], [ 36.82005, 47.73366, 0.0 ], [ 36.81894, 47.73355, 0.0 ], [ 36.8176, 47.73382, 0.0 ], [ 36.81456, 47.73508, 0.0 ], [ 36.8122, 47.73649, 0.0 ], [ 36.81032, 47.73799, 0.0 ], [ 36.80872, 47.73957, 0.0 ], [ 36.80719, 47.74116, 0.0 ], [ 36.80553, 47.74275, 0.0 ], [ 36.80354, 47.74429, 0.0 ], [ 36.80102, 47.74574, 0.0 ], [ 36.79776, 47.74706, 0.0 ], [ 36.79194, 47.74893, 0.0 ], [ 36.78716, 47.75027, 0.0 ], [ 36.78311, 47.75118, 0.0 ], [ 36.77948, 47.7518, 0.0 ], [ 36.77596, 47.75222, 0.0 ], [ 36.768, 47.75297, 0.0 ], [ 36.76294, 47.75353, 0.0 ], [ 36.75675, 47.75436, 0.0 ], [ 36.75109, 47.75536, 0.0 ], [ 36.74644, 47.75646, 0.0 ], [ 36.7391, 47.75855, 0.0 ], [ 36.73583, 47.75935, 0.0 ], [ 36.73247, 47.75986, 0.0 ], [ 36.72872, 47.75997, 0.0 ], [ 36.72431, 47.75958, 0.0 ], [ 36.71896, 47.7586, 0.0 ], [ 36.71251, 47.75678, 0.0 ], [ 36.70738, 47.75459, 0.0 ], [ 36.70321, 47.75213, 0.0 ], [ 36.69962, 47.74948, 0.0 ], [ 36.69627, 47.74676, 0.0 ], [ 36.69278, 47.74404, 0.0 ], [ 36.68879, 47.74143, 0.0 ], [ 36.68394, 47.73902, 0.0 ], [ 36.67785, 47.73691, 0.0 ], [ 36.67609, 47.73669, 0.0 ], [ 36.67471, 47.73706, 0.0 ], [ 36.6736, 47.73787, 0.0 ], [ 36.67265, 47.73897, 0.0 ], [ 36.67072, 47.74145, 0.0 ], [ 36.66953, 47.74254, 0.0 ], [ 36.66803, 47.74332, 0.0 ], [ 36.6661, 47.74366, 0.0 ], [ 36.65953, 47.74392, 0.0 ], [ 36.65408, 47.74421, 0.0 ], [ 36.64943, 47.74443, 0.0 ], [ 36.6453, 47.74447, 0.0 ], [ 36.64135, 47.74424, 0.0 ], [ 36.6373, 47.74364, 0.0 ], [ 36.63283, 47.74256, 0.0 ], [ 36.62763, 47.74089, 0.0 ], [ 36.6214, 47.73855, 0.0 ], [ 36.60906, 47.73372, 0.0 ], [ 36.59868, 47.72971, 0.0 ], [ 36.58982, 47.72616, 0.0 ], [ 36.58205, 47.72273, 0.0 ], [ 36.57494, 47.71907, 0.0 ], [ 36.56803, 47.71484, 0.0 ], [ 36.56089, 47.70969, 0.0 ], [ 36.55309, 47.70328, 0.0 ], [ 36.54418, 47.69525, 0.0 ], [ 36.54225, 47.69243, 0.0 ], [ 36.54193, 47.68943, 0.0 ], [ 36.54278, 47.6863, 0.0 ], [ 36.54432, 47.68311, 0.0 ], [ 36.54609, 47.67993, 0.0 ], [ 36.54765, 47.67683, 0.0 ], [ 36.54852, 47.67387, 0.0 ], [ 36.54825, 47.67113, 0.0 ], [ 36.54638, 47.66866, 0.0 ], [ 36.54027, 47.66407, 0.0 ], [ 36.53469, 47.66066, 0.0 ], [ 36.52937, 47.65819, 0.0 ], [ 36.52405, 47.65643, 0.0 ], [ 36.51848, 47.65513, 0.0 ], [ 36.51239, 47.65406, 0.0 ], [ 36.50554, 47.65298, 0.0 ], [ 36.49766, 47.65166, 0.0 ], [ 36.4885, 47.64985, 0.0 ], [ 36.46885, 47.64573, 0.0 ], [ 36.45293, 47.64261, 0.0 ], [ 36.43967, 47.64026, 0.0 ], [ 36.428, 47.6384, 0.0 ], [ 36.41683, 47.63678, 0.0 ], [ 36.4051, 47.63514, 0.0 ], [ 36.39173, 47.63324, 0.0 ], [ 36.37565, 47.63081, 0.0 ], [ 36.35578, 47.62759, 0.0 ], [ 36.35363, 47.62728, 0.0 ], [ 36.35188, 47.62711, 0.0 ], [ 36.34788, 47.62688, 0.0 ], [ 36.34661, 47.62673, 0.0 ], [ 36.3452, 47.62645, 0.0 ], [ 36.34352, 47.626, 0.0 ], [ 36.34148, 47.62531, 0.0 ], [ 36.3308, 47.62136, 0.0 ], [ 36.32221, 47.61804, 0.0 ], [ 36.31511, 47.61517, 0.0 ], [ 36.30891, 47.61256, 0.0 ], [ 36.29685, 47.60733, 0.0 ], [ 36.28979, 47.60435, 0.0 ], [ 36.28127, 47.60086, 0.0 ], [ 36.27067, 47.59668, 0.0 ], [ 36.27006, 47.59654, 0.0 ], [ 36.26867, 47.59692, 0.0 ], [ 36.26611, 47.59695, 0.0 ], [ 36.26424, 47.59713, 0.0 ], [ 36.26119, 47.59765, 0.0 ], [ 36.25986, 47.59782, 0.0 ], [ 36.25854, 47.59783, 0.0 ], [ 36.25717, 47.59759, 0.0 ], [ 36.25568, 47.59702, 0.0 ], [ 36.25397, 47.59604, 0.0 ], [ 36.25145, 47.59391, 0.0 ], [ 36.24973, 47.59158, 0.0 ], [ 36.24856, 47.58915, 0.0 ], [ 36.2469, 47.58434, 0.0 ], [ 36.2459, 47.58216, 0.0 ], [ 36.24446, 47.58025, 0.0 ], [ 36.24233, 47.57872, 0.0 ], [ 36.23926, 47.57766, 0.0 ], [ 36.22601, 47.57506, 0.0 ], [ 36.21505, 47.5735, 0.0 ], [ 36.20569, 47.57276, 0.0 ], [ 36.19724, 47.57259, 0.0 ], [ 36.189, 47.57276, 0.0 ], [ 36.1803, 47.57302, 0.0 ], [ 36.17043, 47.57314, 0.0 ], [ 36.15871, 47.57289, 0.0 ], [ 36.14444, 47.57201, 0.0 ], [ 36.13868, 47.57154, 0.0 ], [ 36.13403, 47.57114, 0.0 ], [ 36.13017, 47.57077, 0.0 ], [ 36.12679, 47.57039, 0.0 ], [ 36.12358, 47.56996, 0.0 ], [ 36.12022, 47.56944, 0.0 ], [ 36.1164, 47.5688, 0.0 ], [ 36.10614, 47.56698, 0.0 ], [ 36.10411, 47.56669, 0.0 ], [ 36.09952, 47.56638, 0.0 ], [ 36.0983, 47.56619, 0.0 ], [ 36.09713, 47.56584, 0.0 ], [ 36.09595, 47.56523, 0.0 ], [ 36.09471, 47.56428, 0.0 ], [ 36.09334, 47.56292, 0.0 ], [ 36.08894, 47.55742, 0.0 ], [ 36.08586, 47.55229, 0.0 ], [ 36.08368, 47.5475, 0.0 ], [ 36.08036, 47.53872, 0.0 ], [ 36.07839, 47.53465, 0.0 ], [ 36.07566, 47.53074, 0.0 ], [ 36.07176, 47.52694, 0.0 ], [ 36.06628, 47.5232, 0.0 ], [ 36.05854, 47.51905, 0.0 ], [ 36.05188, 47.51618, 0.0 ], [ 36.04593, 47.51434, 0.0 ], [ 36.04033, 47.51329, 0.0 ], [ 36.03469, 47.51279, 0.0 ], [ 36.02865, 47.5126, 0.0 ], [ 36.02184, 47.51246, 0.0 ], [ 36.0139, 47.51215, 0.0 ], [ 36.00444, 47.51141, 0.0 ], [ 36.00077, 47.51119, 0.0 ], [ 35.99779, 47.5113, 0.0 ], [ 35.99531, 47.51166, 0.0 ], [ 35.99313, 47.51218, 0.0 ], [ 35.98887, 47.51342, 0.0 ], [ 35.98639, 47.51398, 0.0 ], [ 35.98341, 47.51438, 0.0 ], [ 35.97974, 47.51456, 0.0 ], [ 35.97654, 47.51456, 0.0 ], [ 35.97422, 47.51436, 0.0 ], [ 35.9732, 47.51412, 0.0 ], [ 35.97219, 47.51376, 0.0 ], [ 35.9711, 47.51326, 0.0 ], [ 35.96986, 47.51259, 0.0 ], [ 35.96841, 47.51172, 0.0 ], [ 35.96696, 47.51072, 0.0 ], [ 35.96589, 47.50976, 0.0 ], [ 35.9651, 47.50883, 0.0 ], [ 35.96331, 47.50595, 0.0 ], [ 35.96255, 47.50491, 0.0 ], [ 35.96154, 47.50379, 0.0 ], [ 35.96016, 47.50258, 0.0 ], [ 35.95763, 47.50069, 0.0 ], [ 35.95546, 47.4993, 0.0 ], [ 35.95356, 47.49825, 0.0 ], [ 35.95018, 47.49661, 0.0 ], [ 35.94851, 47.49572, 0.0 ], [ 35.94671, 47.49459, 0.0 ], [ 35.94468, 47.49307, 0.0 ], [ 35.94234, 47.49102, 0.0 ], [ 35.93761, 47.48668, 0.0 ], [ 35.9365, 47.48551, 0.0 ], [ 35.93557, 47.48432, 0.0 ], [ 35.93479, 47.48299, 0.0 ], [ 35.93413, 47.48143, 0.0 ], [ 35.93355, 47.47954, 0.0 ], [ 35.93302, 47.47722, 0.0 ], [ 35.93249, 47.4739, 0.0 ], [ 35.9323, 47.47116, 0.0 ], [ 35.9324, 47.46882, 0.0 ], [ 35.9327, 47.46671, 0.0 ], [ 35.93365, 47.4625, 0.0 ], [ 35.93416, 47.46004, 0.0 ], [ 35.9346, 47.45712, 0.0 ], [ 35.9349, 47.45356, 0.0 ], [ 35.93473, 47.4526, 0.0 ], [ 35.93415, 47.4515, 0.0 ], [ 35.93401, 47.45091, 0.0 ], [ 35.93443, 47.45037, 0.0 ], [ 35.93672, 47.44893, 0.0 ], [ 35.93868, 47.44783, 0.0 ], [ 35.94042, 47.44699, 0.0 ], [ 35.94204, 47.4463, 0.0 ], [ 35.94733, 47.4443, 0.0 ], [ 35.9496, 47.44336, 0.0 ], [ 35.95271, 47.44194, 0.0 ], [ 35.9529, 47.44167, 0.0 ], [ 35.95289, 47.44065, 0.0 ], [ 35.95305, 47.43857, 0.0 ], [ 35.95299, 47.43742, 0.0 ], [ 35.95249, 47.43623, 0.0 ], [ 35.952, 47.43555, 0.0 ], [ 35.95103, 47.43445, 0.0 ], [ 35.95015, 47.43361, 0.0 ], [ 35.94852, 47.43248, 0.0 ], [ 35.94574, 47.43112, 0.0 ], [ 35.94455, 47.4305, 0.0 ], [ 35.94002, 47.42774, 0.0 ], [ 35.9346, 47.42457, 0.0 ], [ 35.93146, 47.42262, 0.0 ], [ 35.93058, 47.42196, 0.0 ], [ 35.92988, 47.42126, 0.0 ], [ 35.92837, 47.41933, 0.0 ], [ 35.92788, 47.41886, 0.0 ], [ 35.9273, 47.41855, 0.0 ], [ 35.92659, 47.41843, 0.0 ], [ 35.92569, 47.41854, 0.0 ], [ 35.92312, 47.41936, 0.0 ], [ 35.92103, 47.42043, 0.0 ], [ 35.91929, 47.42168, 0.0 ], [ 35.91627, 47.42434, 0.0 ], [ 35.91472, 47.42559, 0.0 ], [ 35.91295, 47.42667, 0.0 ], [ 35.91082, 47.42751, 0.0 ], [ 35.9082, 47.42801, 0.0 ], [ 35.90638, 47.42809, 0.0 ], [ 35.90487, 47.42793, 0.0 ], [ 35.90358, 47.42755, 0.0 ], [ 35.90245, 47.42696, 0.0 ], [ 35.90138, 47.42619, 0.0 ], [ 35.9003, 47.42525, 0.0 ], [ 35.89777, 47.42295, 0.0 ], [ 35.89492, 47.42056, 0.0 ], [ 35.894, 47.41957, 0.0 ], [ 35.89331, 47.41866, 0.0 ], [ 35.89174, 47.41602, 0.0 ], [ 35.89108, 47.4151, 0.0 ], [ 35.8902, 47.4141, 0.0 ], [ 35.889, 47.413, 0.0 ], [ 35.8878, 47.41201, 0.0 ], [ 35.88676, 47.41132, 0.0 ], [ 35.88572, 47.411, 0.0 ], [ 35.88456, 47.41112, 0.0 ], [ 35.88388, 47.41138, 0.0 ], [ 35.88259, 47.4121, 0.0 ], [ 35.88162, 47.4129, 0.0 ], [ 35.88087, 47.41376, 0.0 ], [ 35.87904, 47.41648, 0.0 ], [ 35.87824, 47.41736, 0.0 ], [ 35.87721, 47.4182, 0.0 ], [ 35.87583, 47.41896, 0.0 ], [ 35.87453, 47.4195, 0.0 ], [ 35.87343, 47.41986, 0.0 ], [ 35.87246, 47.42005, 0.0 ], [ 35.87067, 47.42008, 0.0 ], [ 35.86739, 47.41971, 0.0 ], [ 35.86588, 47.4196, 0.0 ], [ 35.86235, 47.41925, 0.0 ], [ 35.85927, 47.41867, 0.0 ], [ 35.85656, 47.41796, 0.0 ], [ 35.8519, 47.41661, 0.0 ], [ 35.84977, 47.41619, 0.0 ], [ 35.84766, 47.4161, 0.0 ], [ 35.8455, 47.41643, 0.0 ], [ 35.84318, 47.41731, 0.0 ], [ 35.84209, 47.41817, 0.0 ], [ 35.84161, 47.4193, 0.0 ], [ 35.8416, 47.42066, 0.0 ], [ 35.8419, 47.42219, 0.0 ], [ 35.84281, 47.42562, 0.0 ], [ 35.84311, 47.42742, 0.0 ], [ 35.8431, 47.42923, 0.0 ], [ 35.84263, 47.431, 0.0 ], [ 35.84226, 47.43165, 0.0 ], [ 35.84182, 47.43209, 0.0 ], [ 35.84131, 47.43236, 0.0 ], [ 35.84006, 47.43251, 0.0 ], [ 35.83763, 47.43234, 0.0 ], [ 35.83502, 47.43224, 0.0 ], [ 35.83361, 47.43196, 0.0 ], [ 35.83238, 47.43156, 0.0 ], [ 35.83026, 47.43074, 0.0 ], [ 35.82927, 47.4305, 0.0 ], [ 35.82825, 47.43046, 0.0 ], [ 35.82715, 47.43073, 0.0 ], [ 35.82593, 47.43137, 0.0 ], [ 35.82407, 47.43275, 0.0 ], [ 35.82268, 47.4341, 0.0 ], [ 35.82165, 47.43545, 0.0 ], [ 35.82084, 47.43685, 0.0 ], [ 35.81944, 47.43996, 0.0 ], [ 35.81859, 47.44174, 0.0 ], [ 35.81748, 47.44374, 0.0 ], [ 35.81599, 47.44599, 0.0 ], [ 35.81468, 47.44785, 0.0 ], [ 35.81204, 47.4518, 0.0 ], [ 35.81131, 47.45285, 0.0 ], [ 35.80952, 47.45508, 0.0 ], [ 35.80829, 47.45642, 0.0 ], [ 35.80672, 47.45804, 0.0 ], [ 35.80543, 47.45925, 0.0 ], [ 35.80431, 47.46015, 0.0 ], [ 35.80332, 47.46082, 0.0 ], [ 35.80055, 47.46236, 0.0 ], [ 35.79953, 47.46301, 0.0 ], [ 35.79837, 47.46388, 0.0 ], [ 35.79703, 47.46506, 0.0 ], [ 35.79166, 47.47057, 0.0 ], [ 35.78761, 47.47555, 0.0 ], [ 35.78446, 47.48006, 0.0 ], [ 35.783188, 47.482016, 0.0 ], [ 35.780792, 47.480743, 0.0 ], [ 35.777554, 47.479579, 0.0 ], [ 35.774662, 47.479203, 0.0 ], [ 35.772025, 47.479515, 0.0 ], [ 35.770261, 47.480157, 0.0 ], [ 35.771105, 47.478303, 0.0 ], [ 35.772472, 47.47621, 0.0 ], [ 35.775622, 47.471701, 0.0 ], [ 35.775995, 47.471207, 0.0 ], [ 35.780046, 47.466227, 0.0 ], [ 35.780596, 47.465611, 0.0 ], [ 35.785967, 47.460101, 0.0 ], [ 35.787864, 47.458393, 0.0 ], [ 35.789695, 47.456978, 0.0 ], [ 35.79147, 47.455806, 0.0 ], [ 35.794543, 47.454055, 0.0 ], [ 35.795803, 47.452932, 0.0 ], [ 35.798109, 47.450497, 0.0 ], [ 35.799439, 47.44884, 0.0 ], [ 35.802719, 47.443972, 0.0 ], [ 35.803962, 47.442208, 0.0 ], [ 35.80522, 47.440309, 0.0 ], [ 35.806076, 47.438767, 0.0 ], [ 35.806781, 47.437291, 0.0 ], [ 35.808195, 47.434154, 0.0 ], [ 35.809313, 47.432163, 0.0 ], [ 35.80988, 47.431315, 0.0 ], [ 35.810911, 47.429965, 0.0 ], [ 35.811816, 47.428949, 0.0 ], [ 35.813206, 47.427599, 0.0 ], [ 35.814291, 47.42668, 0.0 ], [ 35.816151, 47.4253, 0.0 ], [ 35.817825, 47.424255, 0.0 ], [ 35.819045, 47.423615, 0.0 ], [ 35.820767, 47.422849, 0.0 ], [ 35.822643, 47.422273, 0.0 ], [ 35.823743, 47.422003, 0.0 ], [ 35.82634, 47.421561, 0.0 ], [ 35.828433, 47.421499, 0.0 ], [ 35.82835, 47.420614, 0.0 ], [ 35.82836, 47.419254, 0.0 ], [ 35.828879, 47.416808, 0.0 ], [ 35.829359, 47.415678, 0.0 ], [ 35.830435, 47.413893, 0.0 ], [ 35.832047, 47.412305, 0.0 ], [ 35.833137, 47.411445, 0.0 ], [ 35.834799, 47.410345, 0.0 ], [ 35.836718, 47.409459, 0.0 ], [ 35.839037, 47.40858, 0.0 ], [ 35.842591, 47.407656, 0.0 ], [ 35.844751, 47.407326, 0.0 ], [ 35.848491, 47.407125, 0.0 ], [ 35.850601, 47.407215, 0.0 ], [ 35.853466, 47.407554, 0.0 ], [ 35.855596, 47.407974, 0.0 ], [ 35.856991, 47.408307, 0.0 ], [ 35.861598, 47.40964, 0.0 ], [ 35.863436, 47.410122, 0.0 ], [ 35.865089, 47.410433, 0.0 ], [ 35.868337, 47.410734, 0.0 ], [ 35.86947, 47.409178, 0.0 ], [ 35.87022, 47.408318, 0.0 ], [ 35.871392, 47.407185, 0.0 ], [ 35.872362, 47.406385, 0.0 ], [ 35.874177, 47.405153, 0.0 ], [ 35.875467, 47.404433, 0.0 ], [ 35.877379, 47.403544, 0.0 ], [ 35.878059, 47.403284, 0.0 ], [ 35.880873, 47.402482, 0.0 ], [ 35.881483, 47.402362, 0.0 ], [ 35.88517, 47.402007, 0.0 ], [ 35.887678, 47.402106, 0.0 ], [ 35.890123, 47.40251, 0.0 ], [ 35.89312, 47.403421, 0.0 ], [ 35.895596, 47.40462, 0.0 ], [ 35.896889, 47.405447, 0.0 ], [ 35.898027, 47.406294, 0.0 ], [ 35.899646, 47.407648, 0.0 ], [ 35.901573, 47.409488, 0.0 ], [ 35.902991, 47.411162, 0.0 ], [ 35.904023, 47.412649, 0.0 ], [ 35.905315, 47.414841, 0.0 ], [ 35.905745, 47.415352, 0.0 ], [ 35.907788, 47.41706, 0.0 ], [ 35.90966, 47.415504, 0.0 ], [ 35.9114, 47.414254, 0.0 ], [ 35.913052, 47.41325, 0.0 ], [ 35.915142, 47.412181, 0.0 ], [ 35.917484, 47.411221, 0.0 ], [ 35.920054, 47.410402, 0.0 ], [ 35.923342, 47.40969, 0.0 ], [ 35.924242, 47.40958, 0.0 ], [ 35.927026, 47.409442, 0.0 ], [ 35.929791, 47.409704, 0.0 ], [ 35.930501, 47.409824, 0.0 ], [ 35.933128, 47.410474, 0.0 ], [ 35.935496, 47.411485, 0.0 ], [ 35.936076, 47.411795, 0.0 ], [ 35.938695, 47.413665, 0.0 ], [ 35.93999, 47.415009, 0.0 ], [ 35.941075, 47.416408, 0.0 ], [ 35.943409, 47.417853, 0.0 ], [ 35.948877, 47.421052, 0.0 ], [ 35.952958, 47.423543, 0.0 ], [ 35.9565, 47.425301, 0.0 ], [ 35.958247, 47.426328, 0.0 ], [ 35.959262, 47.427027, 0.0 ], [ 35.960951, 47.428399, 0.0 ], [ 35.962402, 47.429832, 0.0 ], [ 35.963372, 47.430932, 0.0 ], [ 35.964396, 47.43228, 0.0 ], [ 35.965318, 47.433877, 0.0 ], [ 35.965949, 47.435535, 0.0 ], [ 35.966198, 47.436673, 0.0 ], [ 35.966313, 47.438094, 0.0 ], [ 35.966147, 47.440813, 0.0 ], [ 35.966155, 47.441669, 0.0 ], [ 35.965829, 47.443653, 0.0 ], [ 35.965569, 47.44434, 0.0 ], [ 35.964836, 47.445656, 0.0 ], [ 35.96375, 47.446938, 0.0 ], [ 35.962322, 47.448133, 0.0 ], [ 35.960575, 47.449179, 0.0 ], [ 35.957032, 47.450807, 0.0 ], [ 35.954237, 47.451975, 0.0 ], [ 35.950053, 47.453558, 0.0 ], [ 35.948115, 47.454331, 0.0 ], [ 35.947838, 47.457632, 0.0 ], [ 35.947351, 47.460953, 0.0 ], [ 35.946782, 47.463751, 0.0 ], [ 35.945869, 47.467792, 0.0 ], [ 35.945644, 47.469382, 0.0 ], [ 35.945572, 47.471078, 0.0 ], [ 35.94572, 47.473204, 0.0 ], [ 35.946174, 47.476047, 0.0 ], [ 35.946606, 47.477934, 0.0 ], [ 35.947016, 47.479271, 0.0 ], [ 35.947359, 47.480082, 0.0 ], [ 35.94796, 47.480965, 0.0 ], [ 35.948562, 47.481599, 0.0 ], [ 35.952925, 47.485598, 0.0 ], [ 35.95486, 47.487292, 0.0 ], [ 35.956154, 47.488261, 0.0 ], [ 35.957132, 47.488876, 0.0 ], [ 35.961945, 47.491281, 0.0 ], [ 35.964574, 47.492765, 0.0 ], [ 35.967458, 47.494648, 0.0 ], [ 35.969988, 47.496538, 0.0 ], [ 35.972039, 47.498291, 0.0 ], [ 35.972863, 47.499101, 0.0 ], [ 35.974442, 47.500919, 0.0 ], [ 35.975586, 47.502533, 0.0 ], [ 35.976688, 47.504361, 0.0 ], [ 35.977031, 47.504834, 0.0 ], [ 35.978189, 47.505576, 0.0 ], [ 35.979204, 47.50557, 0.0 ], [ 35.981635, 47.505451, 0.0 ], [ 35.982989, 47.505269, 0.0 ], [ 35.984197, 47.504997, 0.0 ], [ 35.987786, 47.503949, 0.0 ], [ 35.990903, 47.503178, 0.0 ], [ 35.99253, 47.502867, 0.0 ], [ 35.99501, 47.502507, 0.0 ], [ 35.997068, 47.502321, 0.0 ], [ 36.000048, 47.502211, 0.0 ], [ 36.00194, 47.502233, 0.0 ], [ 36.005963, 47.502477, 0.0 ], [ 36.015044, 47.503187, 0.0 ], [ 36.022423, 47.503475, 0.0 ], [ 36.029052, 47.503612, 0.0 ], [ 36.035305, 47.503807, 0.0 ], [ 36.036412, 47.503874, 0.0 ], [ 36.042051, 47.504373, 0.0 ], [ 36.04387, 47.504623, 0.0 ], [ 36.049469, 47.505673, 0.0 ], [ 36.051441, 47.506159, 0.0 ], [ 36.057391, 47.507999, 0.0 ], [ 36.059004, 47.508592, 0.0 ], [ 36.065663, 47.511462, 0.0 ], [ 36.066778, 47.511999, 0.0 ], [ 36.074518, 47.516148, 0.0 ], [ 36.075702, 47.516865, 0.0 ], [ 36.081182, 47.520605, 0.0 ], [ 36.082661, 47.521807, 0.0 ], [ 36.086561, 47.525607, 0.0 ], [ 36.087663, 47.526895, 0.0 ], [ 36.090393, 47.530805, 0.0 ], [ 36.091008, 47.531848, 0.0 ], [ 36.092978, 47.535918, 0.0 ], [ 36.093222, 47.536482, 0.0 ], [ 36.096468, 47.545062, 0.0 ], [ 36.098383, 47.549267, 0.0 ], [ 36.10097, 47.553574, 0.0 ], [ 36.104227, 47.557643, 0.0 ], [ 36.106854, 47.557891, 0.0 ], [ 36.109522, 47.558284, 0.0 ], [ 36.119672, 47.560084, 0.0 ], [ 36.123297, 47.560691, 0.0 ], [ 36.126351, 47.561164, 0.0 ], [ 36.129169, 47.561542, 0.0 ], [ 36.132191, 47.561881, 0.0 ], [ 36.135799, 47.562227, 0.0 ], [ 36.140313, 47.562615, 0.0 ], [ 36.145839, 47.563066, 0.0 ], [ 36.159523, 47.56391, 0.0 ], [ 36.17052, 47.564145, 0.0 ], [ 36.179887, 47.564031, 0.0 ], [ 36.188413, 47.563776, 0.0 ], [ 36.196834, 47.563601, 0.0 ], [ 36.197636, 47.563601, 0.0 ], [ 36.206084, 47.563771, 0.0 ], [ 36.207233, 47.563828, 0.0 ], [ 36.216591, 47.564568, 0.0 ], [ 36.217786, 47.5647, 0.0 ], [ 36.228744, 47.566259, 0.0 ], [ 36.229712, 47.566423, 0.0 ], [ 36.24296, 47.569022, 0.0 ], [ 36.2453, 47.569649, 0.0 ], [ 36.24837, 47.570709, 0.0 ], [ 36.250304, 47.571525, 0.0 ], [ 36.252003, 47.572553, 0.0 ], [ 36.254133, 47.574083, 0.0 ], [ 36.256299, 47.576163, 0.0 ], [ 36.257739, 47.578073, 0.0 ], [ 36.258594, 47.579494, 0.0 ], [ 36.259855, 47.582329, 0.0 ], [ 36.261368, 47.586714, 0.0 ], [ 36.262136, 47.588256, 0.0 ], [ 36.264237, 47.588047, 0.0 ], [ 36.266422, 47.587953, 0.0 ], [ 36.268135, 47.58764, 0.0 ], [ 36.270593, 47.587554, 0.0 ], [ 36.273087, 47.587781, 0.0 ], [ 36.275775, 47.588373, 0.0 ], [ 36.277366, 47.588911, 0.0 ], [ 36.287965, 47.59309, 0.0 ], [ 36.296677, 47.596657, 0.0 ], [ 36.303889, 47.5997, 0.0 ], [ 36.316009, 47.604955, 0.0 ], [ 36.322037, 47.607492, 0.0 ], [ 36.328923, 47.610276, 0.0 ], [ 36.337292, 47.61351, 0.0 ], [ 36.347649, 47.617341, 0.0 ], [ 36.349664, 47.617961, 0.0 ], [ 36.353772, 47.618208, 0.0 ], [ 36.356405, 47.618484, 0.0 ], [ 36.358882, 47.618845, 0.0 ], [ 36.378652, 47.622048, 0.0 ], [ 36.39455, 47.624451, 0.0 ], [ 36.407816, 47.626336, 0.0 ], [ 36.419524, 47.627973, 0.0 ], [ 36.431055, 47.629647, 0.0 ], [ 36.443046, 47.631561, 0.0 ], [ 36.456637, 47.633972, 0.0 ], [ 36.472795, 47.63714, 0.0 ], [ 36.492339, 47.641238, 0.0 ], [ 36.50113, 47.642975, 0.0 ], [ 36.508653, 47.644235, 0.0 ], [ 36.515414, 47.645301, 0.0 ], [ 36.521829, 47.646425, 0.0 ], [ 36.522826, 47.646629, 0.0 ], [ 36.528395, 47.647929, 0.0 ], [ 36.529904, 47.648352, 0.0 ], [ 36.535223, 47.650112, 0.0 ], [ 36.536909, 47.650778, 0.0 ], [ 36.542229, 47.653247, 0.0 ], [ 36.54362, 47.65399, 0.0 ], [ 36.5492, 47.6574, 0.0 ], [ 36.550169, 47.658056, 0.0 ], [ 36.556279, 47.662646, 0.0 ], [ 36.558234, 47.664564, 0.0 ], [ 36.560104, 47.667034, 0.0 ], [ 36.561084, 47.668734, 0.0 ], [ 36.561536, 47.670532, 0.0 ], [ 36.561807, 47.673272, 0.0 ], [ 36.561582, 47.67562, 0.0 ], [ 36.560713, 47.678581, 0.0 ], [ 36.56026, 47.679723, 0.0 ], [ 36.558557, 47.683094, 0.0 ], [ 36.556892, 47.686087, 0.0 ], [ 36.555721, 47.688514, 0.0 ], [ 36.555338, 47.689925, 0.0 ], [ 36.555683, 47.690616, 0.0 ], [ 36.563574, 47.697726, 0.0 ], [ 36.570913, 47.703757, 0.0 ], [ 36.577387, 47.708426, 0.0 ], [ 36.583473, 47.712151, 0.0 ], [ 36.58975, 47.715382, 0.0 ], [ 36.596874, 47.718526, 0.0 ], [ 36.605395, 47.72194, 0.0 ], [ 36.615751, 47.725941, 0.0 ], [ 36.627988, 47.73073, 0.0 ], [ 36.633745, 47.732892, 0.0 ], [ 36.637956, 47.734245, 0.0 ], [ 36.640993, 47.734979, 0.0 ], [ 36.643362, 47.73533, 0.0 ], [ 36.645779, 47.73547, 0.0 ], [ 36.648867, 47.73544, 0.0 ], [ 36.653089, 47.735241, 0.0 ], [ 36.65875, 47.734941, 0.0 ], [ 36.660793, 47.73486, 0.0 ], [ 36.66208, 47.733342, 0.0 ], [ 36.66381, 47.731764, 0.0 ], [ 36.664921, 47.730954, 0.0 ], [ 36.667166, 47.729644, 0.0 ], [ 36.669786, 47.728702, 0.0 ], [ 36.671166, 47.728332, 0.0 ], [ 36.673558, 47.72786, 0.0 ], [ 36.676037, 47.727696, 0.0 ], [ 36.678519, 47.727846, 0.0 ], [ 36.680279, 47.728066, 0.0 ], [ 36.683941, 47.728909, 0.0 ], [ 36.69003, 47.731019, 0.0 ], [ 36.691847, 47.731778, 0.0 ], [ 36.696697, 47.734188, 0.0 ], [ 36.698072, 47.734973, 0.0 ], [ 36.702062, 47.737583, 0.0 ], [ 36.702862, 47.738154, 0.0 ], [ 36.706353, 47.740874, 0.0 ], [ 36.709677, 47.743569, 0.0 ], [ 36.712552, 47.745691, 0.0 ], [ 36.715384, 47.747362, 0.0 ], [ 36.718694, 47.748775, 0.0 ], [ 36.723301, 47.750075, 0.0 ], [ 36.726937, 47.750741, 0.0 ], [ 36.729302, 47.75095, 0.0 ], [ 36.730702, 47.750909, 0.0 ], [ 36.732076, 47.7507, 0.0 ], [ 36.734204, 47.75018, 0.0 ], [ 36.737394, 47.749262, 0.0 ], [ 36.742026, 47.747973, 0.0 ], [ 36.746675, 47.746873, 0.0 ], [ 36.747711, 47.746659, 0.0 ], [ 36.75415, 47.745538, 0.0 ], [ 36.760339, 47.744708, 0.0 ], [ 36.76584, 47.744094, 0.0 ], [ 36.773851, 47.743338, 0.0 ], [ 36.776678, 47.743, 0.0 ], [ 36.779361, 47.742542, 0.0 ], [ 36.782487, 47.741839, 0.0 ], [ 36.78651, 47.740712, 0.0 ], [ 36.791446, 47.739126, 0.0 ], [ 36.793208, 47.738412, 0.0 ], [ 36.794136, 47.737878, 0.0 ], [ 36.795025, 47.73719, 0.0 ], [ 36.796143, 47.73612, 0.0 ], [ 36.797711, 47.734496, 0.0 ], [ 36.799311, 47.732916, 0.0 ], [ 36.800139, 47.732182, 0.0 ], [ 36.802019, 47.730682, 0.0 ], [ 36.803361, 47.729756, 0.0 ], [ 36.805721, 47.728346, 0.0 ], [ 36.807582, 47.727416, 0.0 ], [ 36.810621, 47.726156, 0.0 ], [ 36.813785, 47.725201, 0.0 ], [ 36.815125, 47.724932, 0.0 ], [ 36.817978, 47.724579, 0.0 ], [ 36.820877, 47.724651, 0.0 ], [ 36.821987, 47.724761, 0.0 ], [ 36.824615, 47.725209, 0.0 ], [ 36.825883, 47.725624, 0.0 ], [ 36.826696, 47.725107, 0.0 ], [ 36.827786, 47.724557, 0.0 ], [ 36.830269, 47.723567, 0.0 ], [ 36.833009, 47.72296, 0.0 ], [ 36.834268, 47.72278, 0.0 ], [ 36.836448, 47.722594, 0.0 ], [ 36.838644, 47.722651, 0.0 ], [ 36.840796, 47.722952, 0.0 ], [ 36.842305, 47.723252, 0.0 ], [ 36.844167, 47.723726, 0.0 ], [ 36.845904, 47.724382, 0.0 ], [ 36.848454, 47.725522, 0.0 ], [ 36.850662, 47.726759, 0.0 ], [ 36.852602, 47.728109, 0.0 ], [ 36.854082, 47.729339, 0.0 ], [ 36.855602, 47.730859, 0.0 ], [ 36.856417, 47.73179, 0.0 ], [ 36.857923, 47.733791, 0.0 ], [ 36.860079, 47.736877, 0.0 ], [ 36.860992, 47.737926, 0.0 ], [ 36.861935, 47.738754, 0.0 ], [ 36.863218, 47.739586, 0.0 ], [ 36.864338, 47.740127, 0.0 ], [ 36.865275, 47.740316, 0.0 ], [ 36.869166, 47.740612, 0.0 ], [ 36.870816, 47.74083, 0.0 ], [ 36.872905, 47.7412, 0.0 ], [ 36.87506, 47.741718, 0.0 ], [ 36.87743, 47.742448, 0.0 ], [ 36.879182, 47.743099, 0.0 ], [ 36.881952, 47.744319, 0.0 ], [ 36.883857, 47.745336, 0.0 ], [ 36.886177, 47.746826, 0.0 ], [ 36.887936, 47.74821, 0.0 ], [ 36.889686, 47.74991, 0.0 ], [ 36.890681, 47.751046, 0.0 ], [ 36.892166, 47.753086, 0.0 ], [ 36.893026, 47.752613, 0.0 ], [ 36.895604, 47.750793, 0.0 ], [ 36.899124, 47.748157, 0.0 ], [ 36.902524, 47.745837, 0.0 ], [ 36.903913, 47.745013, 0.0 ], [ 36.907812, 47.743003, 0.0 ], [ 36.910094, 47.742056, 0.0 ], [ 36.914773, 47.740526, 0.0 ], [ 36.917804, 47.739824, 0.0 ], [ 36.923563, 47.738994, 0.0 ], [ 36.926717, 47.738798, 0.0 ], [ 36.932106, 47.738898, 0.0 ], [ 36.935705, 47.739302, 0.0 ], [ 36.940085, 47.740222, 0.0 ], [ 36.943112, 47.741151, 0.0 ], [ 36.946772, 47.74267, 0.0 ], [ 36.948509, 47.743529, 0.0 ], [ 36.951729, 47.745409, 0.0 ], [ 36.955076, 47.747562, 0.0 ], [ 36.957261, 47.748829, 0.0 ], [ 36.958707, 47.749431, 0.0 ], [ 36.959927, 47.749695, 0.0 ], [ 36.962597, 47.749772, 0.0 ], [ 36.969903, 47.749195, 0.0 ], [ 36.975827, 47.74834, 0.0 ], [ 36.980465, 47.747294, 0.0 ], [ 36.984645, 47.745998, 0.0 ], [ 36.989096, 47.744335, 0.0 ], [ 36.99446, 47.742192, 0.0 ], [ 37.001094, 47.739672, 0.0 ], [ 37.008384, 47.737202, 0.0 ], [ 37.009097, 47.736978, 0.0 ], [ 37.01587, 47.735011, 0.0 ], [ 37.016696, 47.734139, 0.0 ], [ 37.01852, 47.732678, 0.0 ], [ 37.020569, 47.731492, 0.0 ], [ 37.022931, 47.73058, 0.0 ], [ 37.025047, 47.730011, 0.0 ], [ 37.027275, 47.729693, 0.0 ], [ 37.028115, 47.729623, 0.0 ], [ 37.03186, 47.729668, 0.0 ], [ 37.03334, 47.729828, 0.0 ], [ 37.035284, 47.730141, 0.0 ], [ 37.037137, 47.730646, 0.0 ], [ 37.038336, 47.731045, 0.0 ], [ 37.040986, 47.732211, 0.0 ], [ 37.042496, 47.733105, 0.0 ], [ 37.043084, 47.733037, 0.0 ], [ 37.046518, 47.732371, 0.0 ], [ 37.049411, 47.73159, 0.0 ], [ 37.0562, 47.729292, 0.0 ], [ 37.05972, 47.728212, 0.0 ], [ 37.060938, 47.727886, 0.0 ], [ 37.064937, 47.726966, 0.0 ], [ 37.0665, 47.726677, 0.0 ], [ 37.0713, 47.725997, 0.0 ], [ 37.072875, 47.725839, 0.0 ], [ 37.078784, 47.725489, 0.0 ], [ 37.081091, 47.725488, 0.0 ], [ 37.08437, 47.725678, 0.0 ], [ 37.087816, 47.726194, 0.0 ], [ 37.090446, 47.726843, 0.0 ], [ 37.093277, 47.727815, 0.0 ], [ 37.095447, 47.728795, 0.0 ], [ 37.097003, 47.729616, 0.0 ], [ 37.098893, 47.730776, 0.0 ], [ 37.100643, 47.731933, 0.0 ], [ 37.105161, 47.731293, 0.0 ], [ 37.109382, 47.73031, 0.0 ], [ 37.112937, 47.72913, 0.0 ], [ 37.116472, 47.727673, 0.0 ], [ 37.12058, 47.725835, 0.0 ], [ 37.12478, 47.724045, 0.0 ], [ 37.125748, 47.723669, 0.0 ], [ 37.130478, 47.72201, 0.0 ], [ 37.13189, 47.721582, 0.0 ], [ 37.137499, 47.720142, 0.0 ], [ 37.13911, 47.719806, 0.0 ], [ 37.145979, 47.718686, 0.0 ], [ 37.148826, 47.718437, 0.0 ], [ 37.150216, 47.718417, 0.0 ], [ 37.152934, 47.718566, 0.0 ], [ 37.15555, 47.719085, 0.0 ], [ 37.1566, 47.719375, 0.0 ], [ 37.159104, 47.720288, 0.0 ], [ 37.161264, 47.721539, 0.0 ], [ 37.162044, 47.722099, 0.0 ], [ 37.164001, 47.723912, 0.0 ], [ 37.165312, 47.725644, 0.0 ], [ 37.166798, 47.728162, 0.0 ], [ 37.16771, 47.728851, 0.0 ], [ 37.169803, 47.729875, 0.0 ], [ 37.172049, 47.731112, 0.0 ], [ 37.175919, 47.733381, 0.0 ], [ 37.181697, 47.736823, 0.0 ], [ 37.186123, 47.739492, 0.0 ], [ 37.190868, 47.7423, 0.0 ], [ 37.197778, 47.746286, 0.0 ], [ 37.199794, 47.747526, 0.0 ], [ 37.201751, 47.748889, 0.0 ], [ 37.203614, 47.750341, 0.0 ], [ 37.208379, 47.750937, 0.0 ], [ 37.212734, 47.751415, 0.0 ], [ 37.216115, 47.751702, 0.0 ], [ 37.218911, 47.751827, 0.0 ], [ 37.221552, 47.751842, 0.0 ], [ 37.224424, 47.751745, 0.0 ], [ 37.229584, 47.75141, 0.0 ], [ 37.231218, 47.750007, 0.0 ], [ 37.231668, 47.749697, 0.0 ], [ 37.234169, 47.748345, 0.0 ], [ 37.237369, 47.747044, 0.0 ], [ 37.23924, 47.74638, 0.0 ], [ 37.24145, 47.745734, 0.0 ], [ 37.24397, 47.745191, 0.0 ], [ 37.24592, 47.744919, 0.0 ], [ 37.24878, 47.744744, 0.0 ], [ 37.251779, 47.744827, 0.0 ], [ 37.254364, 47.74511, 0.0 ], [ 37.255794, 47.74534, 0.0 ], [ 37.257706, 47.745752, 0.0 ], [ 37.259954, 47.746533, 0.0 ], [ 37.261989, 47.747533, 0.0 ], [ 37.263709, 47.748773, 0.0 ], [ 37.265053, 47.750209, 0.0 ], [ 37.266118, 47.751928, 0.0 ], [ 37.268266, 47.752975, 0.0 ], [ 37.270168, 47.754323, 0.0 ], [ 37.271249, 47.755339, 0.0 ], [ 37.273099, 47.757339, 0.0 ], [ 37.273741, 47.758115, 0.0 ], [ 37.275111, 47.759985, 0.0 ], [ 37.276565, 47.762347, 0.0 ], [ 37.278197, 47.765321, 0.0 ], [ 37.278513, 47.765774, 0.0 ], [ 37.280587, 47.76649, 0.0 ], [ 37.281615, 47.76629, 0.0 ], [ 37.286531, 47.765171, 0.0 ], [ 37.28724, 47.764438, 0.0 ], [ 37.288808, 47.763129, 0.0 ], [ 37.289618, 47.762569, 0.0 ], [ 37.291721, 47.761387, 0.0 ], [ 37.293909, 47.760445, 0.0 ], [ 37.298572, 47.758747, 0.0 ], [ 37.305539, 47.756107, 0.0 ], [ 37.308655, 47.754976, 0.0 ], [ 37.311974, 47.753894, 0.0 ], [ 37.315737, 47.752867, 0.0 ], [ 37.316639, 47.75265, 0.0 ], [ 37.320745, 47.751794, 0.0 ], [ 37.325315, 47.75103, 0.0 ], [ 37.330274, 47.75034, 0.0 ], [ 37.334269, 47.749968, 0.0 ], [ 37.336133, 47.749895, 0.0 ], [ 37.338563, 47.749915, 0.0 ], [ 37.340704, 47.750049, 0.0 ], [ 37.342733, 47.750289, 0.0 ], [ 37.344531, 47.75059, 0.0 ], [ 37.347411, 47.751253, 0.0 ], [ 37.350421, 47.752099, 0.0 ], [ 37.352275, 47.752439, 0.0 ], [ 37.354137, 47.752555, 0.0 ], [ 37.356321, 47.752593, 0.0 ], [ 37.359376, 47.752546, 0.0 ], [ 37.361403, 47.752372, 0.0 ], [ 37.368503, 47.751382, 0.0 ], [ 37.370019, 47.750792, 0.0 ], [ 37.371849, 47.750227, 0.0 ], [ 37.373434, 47.749855, 0.0 ], [ 37.379211, 47.748719, 0.0 ], [ 37.382987, 47.747699, 0.0 ], [ 37.386562, 47.746527, 0.0 ], [ 37.390105, 47.745308, 0.0 ], [ 37.394174, 47.744072, 0.0 ], [ 37.395931, 47.743641, 0.0 ], [ 37.39935, 47.742981, 0.0 ], [ 37.402153, 47.742653, 0.0 ], [ 37.405792, 47.742493, 0.0 ], [ 37.408952, 47.742608, 0.0 ], [ 37.413032, 47.743088, 0.0 ], [ 37.41558, 47.743567, 0.0 ], [ 37.420339, 47.744817, 0.0 ], [ 37.423279, 47.745892, 0.0 ], [ 37.426439, 47.747422, 0.0 ], [ 37.428135, 47.748398, 0.0 ], [ 37.429566, 47.74955, 0.0 ], [ 37.431686, 47.75158, 0.0 ], [ 37.433244, 47.753554, 0.0 ], [ 37.434625, 47.755994, 0.0 ], [ 37.43516, 47.757178, 0.0 ], [ 37.436212, 47.760294, 0.0 ], [ 37.436967, 47.763062, 0.0 ], [ 37.437724, 47.765436, 0.0 ], [ 37.438557, 47.767173, 0.0 ], [ 37.439425, 47.768289, 0.0 ], [ 37.440828, 47.76937, 0.0 ], [ 37.446227, 47.772343, 0.0 ], [ 37.450752, 47.774355, 0.0 ], [ 37.454449, 47.77559, 0.0 ], [ 37.458049, 47.776477, 0.0 ], [ 37.462377, 47.777326, 0.0 ], [ 37.468082, 47.778503, 0.0 ], [ 37.473522, 47.779873, 0.0 ], [ 37.474723, 47.780221, 0.0 ], [ 37.481022, 47.782301, 0.0 ], [ 37.48211, 47.782704, 0.0 ], [ 37.489589, 47.785783, 0.0 ], [ 37.496546, 47.788694, 0.0 ], [ 37.502381, 47.790797, 0.0 ], [ 37.507873, 47.792621, 0.0 ], [ 37.513126, 47.794436, 0.0 ], [ 37.51401, 47.794771, 0.0 ], [ 37.51856, 47.796651, 0.0 ], [ 37.520075, 47.797379, 0.0 ], [ 37.524215, 47.799679, 0.0 ], [ 37.525844, 47.800754, 0.0 ], [ 37.529674, 47.803753, 0.0 ], [ 37.530936, 47.804919, 0.0 ], [ 37.534566, 47.808909, 0.0 ], [ 37.535345, 47.809898, 0.0 ], [ 37.538876, 47.815148, 0.0 ], [ 37.539521, 47.816315, 0.0 ], [ 37.541352, 47.820495, 0.0 ], [ 37.541851, 47.822287, 0.0 ], [ 37.542322, 47.826057, 0.0 ], [ 37.542282, 47.827835, 0.0 ], [ 37.541683, 47.831355, 0.0 ], [ 37.541323, 47.832637, 0.0 ], [ 37.539964, 47.836087, 0.0 ], [ 37.53968, 47.836715, 0.0 ], [ 37.536006, 47.843874, 0.0 ], [ 37.534461, 47.847501, 0.0 ], [ 37.533358, 47.851477, 0.0 ], [ 37.532847, 47.856348, 0.0 ], [ 37.532847, 47.859214, 0.0 ], [ 37.532985, 47.861571, 0.0 ], [ 37.533224, 47.863358, 0.0 ], [ 37.533563, 47.864792, 0.0 ], [ 37.534034, 47.86618, 0.0 ], [ 37.534705, 47.867756, 0.0 ], [ 37.536919, 47.87236, 0.0 ], [ 37.538042, 47.87477, 0.0 ], [ 37.540211, 47.876119, 0.0 ], [ 37.541648, 47.877266, 0.0 ], [ 37.542428, 47.878006, 0.0 ], [ 37.54349, 47.879199, 0.0 ], [ 37.54426, 47.880239, 0.0 ], [ 37.54517, 47.881697, 0.0 ], [ 37.545799, 47.882951, 0.0 ], [ 37.546291, 47.884189, 0.0 ], [ 37.546669, 47.885527, 0.0 ], [ 37.546884, 47.886861, 0.0 ], [ 37.546934, 47.887738, 0.0 ], [ 37.546855, 47.889167, 0.0 ], [ 37.546599, 47.890523, 0.0 ], [ 37.545967, 47.892376, 0.0 ], [ 37.545101, 47.893957, 0.0 ], [ 37.543882, 47.895427, 0.0 ], [ 37.542277, 47.896719, 0.0 ], [ 37.54036, 47.897827, 0.0 ], [ 37.538475, 47.898578, 0.0 ], [ 37.536433, 47.899113, 0.0 ], [ 37.53457, 47.89938, 0.0 ], [ 37.533613, 47.900855, 0.0 ], [ 37.532589, 47.902766, 0.0 ], [ 37.53183, 47.903921, 0.0 ], [ 37.531148, 47.904769, 0.0 ], [ 37.530079, 47.905876, 0.0 ], [ 37.528752, 47.907015, 0.0 ], [ 37.524664, 47.909962, 0.0 ], [ 37.520002, 47.913405, 0.0 ], [ 37.517898, 47.914916, 0.0 ], [ 37.515599, 47.916439, 0.0 ], [ 37.512198, 47.918407, 0.0 ], [ 37.509147, 47.919918, 0.0 ], [ 37.505775, 47.921392, 0.0 ], [ 37.502164, 47.922842, 0.0 ], [ 37.500766, 47.923331, 0.0 ], [ 37.498206, 47.924101, 0.0 ], [ 37.495757, 47.924636, 0.0 ], [ 37.497183, 47.925553, 0.0 ], [ 37.499219, 47.927045, 0.0 ], [ 37.49998, 47.927671, 0.0 ], [ 37.502075, 47.929619, 0.0 ], [ 37.503686, 47.931369, 0.0 ], [ 37.504724, 47.93265, 0.0 ], [ 37.505648, 47.93406, 0.0 ], [ 37.506368, 47.935547, 0.0 ], [ 37.506712, 47.936559, 0.0 ], [ 37.506963, 47.93766, 0.0 ], [ 37.507209, 47.939765, 0.0 ], [ 37.507409, 47.940798, 0.0 ], [ 37.507874, 47.942654, 0.0 ], [ 37.508167, 47.944722, 0.0 ], [ 37.508321, 47.946899, 0.0 ], [ 37.508689, 47.949459, 0.0 ], [ 37.508859, 47.951816, 0.0 ], [ 37.508677, 47.953993, 0.0 ], [ 37.510962, 47.95407, 0.0 ], [ 37.512881, 47.95425, 0.0 ], [ 37.515152, 47.954601, 0.0 ], [ 37.517299, 47.95521, 0.0 ], [ 37.519379, 47.95595, 0.0 ], [ 37.521367, 47.956817, 0.0 ], [ 37.523097, 47.957906, 0.0 ], [ 37.524627, 47.959056, 0.0 ], [ 37.525964, 47.960246, 0.0 ], [ 37.52699, 47.961568, 0.0 ], [ 37.52794, 47.963088, 0.0 ], [ 37.528463, 47.964239, 0.0 ], [ 37.530145, 47.96365, 0.0 ], [ 37.532245, 47.96314, 0.0 ], [ 37.535116, 47.962675, 0.0 ], [ 37.53807, 47.962645, 0.0 ], [ 37.540259, 47.962785, 0.0 ], [ 37.54254, 47.963066, 0.0 ], [ 37.544714, 47.963607, 0.0 ], [ 37.546717, 47.964391, 0.0 ], [ 37.547687, 47.964851, 0.0 ], [ 37.549513, 47.965894, 0.0 ], [ 37.551033, 47.967138, 0.0 ], [ 37.5522, 47.968544, 0.0 ], [ 37.55271, 47.969314, 0.0 ], [ 37.55341, 47.970642, 0.0 ], [ 37.553793, 47.972027, 0.0 ], [ 37.55396, 47.973186, 0.0 ], [ 37.556585, 47.973147, 0.0 ], [ 37.558647, 47.973357, 0.0 ], [ 37.559867, 47.973547, 0.0 ], [ 37.562777, 47.974246, 0.0 ], [ 37.565371, 47.975373, 0.0 ], [ 37.566381, 47.975933, 0.0 ], [ 37.568258, 47.977205, 0.0 ], [ 37.569723, 47.978701, 0.0 ], [ 37.570533, 47.979741, 0.0 ], [ 37.571736, 47.981945, 0.0 ], [ 37.572266, 47.983535, 0.0 ], [ 37.572587, 47.985693, 0.0 ], [ 37.572537, 47.987253, 0.0 ], [ 37.572256, 47.988904, 0.0 ], [ 37.571766, 47.990474, 0.0 ], [ 37.571363, 47.991476, 0.0 ], [ 37.570376, 47.993441, 0.0 ], [ 37.568536, 47.996752, 0.0 ], [ 37.56787, 47.998212, 0.0 ], [ 37.567421, 47.999639, 0.0 ], [ 37.567168, 48.001599, 0.0 ], [ 37.567867, 48.00191, 0.0 ], [ 37.570455, 48.002338, 0.0 ], [ 37.572155, 48.002668, 0.0 ], [ 37.573633, 48.003019, 0.0 ], [ 37.575473, 48.003539, 0.0 ], [ 37.577267, 48.004157, 0.0 ], [ 37.579337, 48.005007, 0.0 ], [ 37.580864, 48.005736, 0.0 ], [ 37.583704, 48.007319, 0.0 ], [ 37.587898, 48.009849, 0.0 ], [ 37.589797, 48.01103, 0.0 ], [ 37.591822, 48.012431, 0.0 ], [ 37.593953, 48.014189, 0.0 ], [ 37.594804, 48.015009, 0.0 ], [ 37.595934, 48.016239, 0.0 ], [ 37.596639, 48.017111, 0.0 ], [ 37.598152, 48.019346, 0.0 ], [ 37.599394, 48.021693, 0.0 ], [ 37.600355, 48.023903, 0.0 ], [ 37.601146, 48.026404, 0.0 ], [ 37.601387, 48.027742, 0.0 ], [ 37.601488, 48.029222, 0.0 ], [ 37.601426, 48.030584, 0.0 ], [ 37.601216, 48.031904, 0.0 ], [ 37.6009, 48.03311, 0.0 ], [ 37.600219, 48.034882, 0.0 ], [ 37.599126, 48.037197, 0.0 ], [ 37.598587, 48.038921, 0.0 ], [ 37.598464, 48.040266, 0.0 ], [ 37.598517, 48.043526, 0.0 ], [ 37.598736, 48.045604, 0.0 ], [ 37.599931, 48.05107, 0.0 ], [ 37.600276, 48.052816, 0.0 ], [ 37.604164, 48.054993, 0.0 ], [ 37.606913, 48.056578, 0.0 ], [ 37.608992, 48.057726, 0.0 ], [ 37.61062, 48.058526, 0.0 ], [ 37.6121, 48.05913, 0.0 ], [ 37.613845, 48.05969, 0.0 ], [ 37.615237, 48.060037, 0.0 ], [ 37.616173, 48.05945, 0.0 ], [ 37.618044, 48.05847, 0.0 ], [ 37.619564, 48.05781, 0.0 ], [ 37.622259, 48.056909, 0.0 ], [ 37.624139, 48.056449, 0.0 ], [ 37.626135, 48.056075, 0.0 ], [ 37.629267, 48.055759, 0.0 ], [ 37.63191, 48.05574, 0.0 ], [ 37.634546, 48.055969, 0.0 ], [ 37.637207, 48.056487, 0.0 ], [ 37.637867, 48.056667, 0.0 ], [ 37.640308, 48.057539, 0.0 ], [ 37.642633, 48.058732, 0.0 ], [ 37.644632, 48.060151, 0.0 ], [ 37.646101, 48.061542, 0.0 ], [ 37.646611, 48.062122, 0.0 ], [ 37.647702, 48.063648, 0.0 ], [ 37.648584, 48.065695, 0.0 ], [ 37.648695, 48.066145, 0.0 ], [ 37.648858, 48.068001, 0.0 ], [ 37.648571, 48.069847, 0.0 ], [ 37.648393, 48.070412, 0.0 ], [ 37.649941, 48.071158, 0.0 ], [ 37.65196, 48.072442, 0.0 ], [ 37.65256, 48.072912, 0.0 ], [ 37.654, 48.074279, 0.0 ], [ 37.655375, 48.076067, 0.0 ], [ 37.655885, 48.076927, 0.0 ], [ 37.656685, 48.078629, 0.0 ], [ 37.657201, 48.080173, 0.0 ], [ 37.657534, 48.081891, 0.0 ], [ 37.657606, 48.083629, 0.0 ], [ 37.657395, 48.085405, 0.0 ], [ 37.656851, 48.087247, 0.0 ], [ 37.656051, 48.088925, 0.0 ], [ 37.655388, 48.089969, 0.0 ], [ 37.654105, 48.091555, 0.0 ], [ 37.653435, 48.092245, 0.0 ], [ 37.652032, 48.093452, 0.0 ], [ 37.651092, 48.094132, 0.0 ], [ 37.648207, 48.09571, 0.0 ], [ 37.647297, 48.09608, 0.0 ], [ 37.645269, 48.096755, 0.0 ], [ 37.643101, 48.097192, 0.0 ], [ 37.642181, 48.097322, 0.0 ], [ 37.640506, 48.097439, 0.0 ], [ 37.636883, 48.09986, 0.0 ], [ 37.639277, 48.101072, 0.0 ], [ 37.641636, 48.102542, 0.0 ], [ 37.642678, 48.103268, 0.0 ], [ 37.644538, 48.104717, 0.0 ], [ 37.646747, 48.106711, 0.0 ], [ 37.647914, 48.10598, 0.0 ], [ 37.649455, 48.105148, 0.0 ], [ 37.651465, 48.104219, 0.0 ], [ 37.653678, 48.10339, 0.0 ], [ 37.656147, 48.10266, 0.0 ], [ 37.658171, 48.102187, 0.0 ], [ 37.659541, 48.101947, 0.0 ], [ 37.66246, 48.101628, 0.0 ], [ 37.665123, 48.101592, 0.0 ], [ 37.666063, 48.101642, 0.0 ], [ 37.668422, 48.101911, 0.0 ], [ 37.670699, 48.102371, 0.0 ], [ 37.672913, 48.102975, 0.0 ], [ 37.675607, 48.103332, 0.0 ], [ 37.678511, 48.103909, 0.0 ], [ 37.679563, 48.102832, 0.0 ], [ 37.680729, 48.101511, 0.0 ], [ 37.682428, 48.099758, 0.0 ], [ 37.683311, 48.098956, 0.0 ], [ 37.684941, 48.097636, 0.0 ], [ 37.686477, 48.096582, 0.0 ], [ 37.688537, 48.095382, 0.0 ], [ 37.690581, 48.0944, 0.0 ], [ 37.69324, 48.093361, 0.0 ], [ 37.695671, 48.092617, 0.0 ], [ 37.697551, 48.092187, 0.0 ], [ 37.701256, 48.091714, 0.0 ], [ 37.702836, 48.091664, 0.0 ], [ 37.704868, 48.091703, 0.0 ], [ 37.706868, 48.091947, 0.0 ], [ 37.708237, 48.092187, 0.0 ], [ 37.711087, 48.092927, 0.0 ], [ 37.712898, 48.093589, 0.0 ], [ 37.715374, 48.092671, 0.0 ], [ 37.716825, 48.092242, 0.0 ], [ 37.71861, 48.091822, 0.0 ], [ 37.719279, 48.08992, 0.0 ], [ 37.71976, 48.08893, 0.0 ], [ 37.720781, 48.087075, 0.0 ], [ 37.721331, 48.086211, 0.0 ], [ 37.722239, 48.085062, 0.0 ], [ 37.723518, 48.083824, 0.0 ], [ 37.72516, 48.082634, 0.0 ], [ 37.72696, 48.081655, 0.0 ], [ 37.728804, 48.080886, 0.0 ], [ 37.732404, 48.079735, 0.0 ], [ 37.734642, 48.079077, 0.0 ], [ 37.737424, 48.078342, 0.0 ], [ 37.739638, 48.077858, 0.0 ], [ 37.741993, 48.077445, 0.0 ], [ 37.746071, 48.076953, 0.0 ], [ 37.750777, 48.07651, 0.0 ], [ 37.752509, 48.076383, 0.0 ], [ 37.754551, 48.076318, 0.0 ], [ 37.75673, 48.076375, 0.0 ], [ 37.758387, 48.076522, 0.0 ], [ 37.760053, 48.076764, 0.0 ], [ 37.762481, 48.077244, 0.0 ], [ 37.762998, 48.077211, 0.0 ], [ 37.766066, 48.077259, 0.0 ], [ 37.768687, 48.07763, 0.0 ], [ 37.771116, 48.078321, 0.0 ], [ 37.773744, 48.079504, 0.0 ], [ 37.775887, 48.081065, 0.0 ], [ 37.777292, 48.082571, 0.0 ], [ 37.778292, 48.084332, 0.0 ], [ 37.778815, 48.086012, 0.0 ], [ 37.778966, 48.086922, 0.0 ], [ 37.779009, 48.088016, 0.0 ], [ 37.78126, 48.088199, 0.0 ], [ 37.783789, 48.088717, 0.0 ], [ 37.785479, 48.089223, 0.0 ], [ 37.787718, 48.089989, 0.0 ], [ 37.789661, 48.090392, 0.0 ], [ 37.791775, 48.090973, 0.0 ], [ 37.793903, 48.091798, 0.0 ], [ 37.795928, 48.092884, 0.0 ], [ 37.797487, 48.093993, 0.0 ], [ 37.798912, 48.095288, 0.0 ], [ 37.800375, 48.097038, 0.0 ], [ 37.801265, 48.098543, 0.0 ], [ 37.801751, 48.099768, 0.0 ], [ 37.802082, 48.101293, 0.0 ], [ 37.802136, 48.102709, 0.0 ], [ 37.801901, 48.104837, 0.0 ], [ 37.801814, 48.106102, 0.0 ], [ 37.801622, 48.107309, 0.0 ], [ 37.801363, 48.108275, 0.0 ], [ 37.802807, 48.108941, 0.0 ], [ 37.805444, 48.108848, 0.0 ], [ 37.808442, 48.109177, 0.0 ], [ 37.811097, 48.109781, 0.0 ], [ 37.813507, 48.110741, 0.0 ], [ 37.815825, 48.112073, 0.0 ], [ 37.817661, 48.113704, 0.0 ], [ 37.819149, 48.115763, 0.0 ], [ 37.819931, 48.117741, 0.0 ], [ 37.82017, 48.11893, 0.0 ], [ 37.820394, 48.121042, 0.0 ], [ 37.820516, 48.121604, 0.0 ], [ 37.821074, 48.122773, 0.0 ], [ 37.82277, 48.125213, 0.0 ], [ 37.823722, 48.127049, 0.0 ], [ 37.824216, 48.128563, 0.0 ], [ 37.824397, 48.129493, 0.0 ], [ 37.824496, 48.131036, 0.0 ], [ 37.824426, 48.132126, 0.0 ], [ 37.8242, 48.133429, 0.0 ], [ 37.823688, 48.135171, 0.0 ], [ 37.821708, 48.14069, 0.0 ], [ 37.818735, 48.149695, 0.0 ], [ 37.817288, 48.15366, 0.0 ], [ 37.815508, 48.157608, 0.0 ], [ 37.815131, 48.158325, 0.0 ], [ 37.813162, 48.161615, 0.0 ], [ 37.812599, 48.162433, 0.0 ], [ 37.81004, 48.165714, 0.0 ], [ 37.809348, 48.166501, 0.0 ], [ 37.805988, 48.169911, 0.0 ], [ 37.80532, 48.17053, 0.0 ], [ 37.800971, 48.17422, 0.0 ], [ 37.800196, 48.174821, 0.0 ], [ 37.796066, 48.177751, 0.0 ], [ 37.794647, 48.178624, 0.0 ], [ 37.790976, 48.180574, 0.0 ], [ 37.788778, 48.181524, 0.0 ], [ 37.785388, 48.182694, 0.0 ], [ 37.782814, 48.183369, 0.0 ], [ 37.779523, 48.183979, 0.0 ], [ 37.777413, 48.184251, 0.0 ], [ 37.773278, 48.184543, 0.0 ], [ 37.76977, 48.184668, 0.0 ], [ 37.766366, 48.184835, 0.0 ], [ 37.762899, 48.185195, 0.0 ], [ 37.756276, 48.186388, 0.0 ], [ 37.754103, 48.186679, 0.0 ], [ 37.75356, 48.187515, 0.0 ], [ 37.752703, 48.188579, 0.0 ], [ 37.751402, 48.189853, 0.0 ], [ 37.750107, 48.190847, 0.0 ], [ 37.749046, 48.191518, 0.0 ], [ 37.747473, 48.192371, 0.0 ], [ 37.745296, 48.193869, 0.0 ], [ 37.742941, 48.195334, 0.0 ], [ 37.7408, 48.196513, 0.0 ], [ 37.73654, 48.198603, 0.0 ], [ 37.735314, 48.199138, 0.0 ], [ 37.731174, 48.200738, 0.0 ], [ 37.730271, 48.201057, 0.0 ], [ 37.72635, 48.202318, 0.0 ], [ 37.722617, 48.203441, 0.0 ], [ 37.721047, 48.203951, 0.0 ], [ 37.722355, 48.204741, 0.0 ], [ 37.725378, 48.206333, 0.0 ], [ 37.728878, 48.208222, 0.0 ], [ 37.729652, 48.208674, 0.0 ], [ 37.733191, 48.210903, 0.0 ], [ 37.734315, 48.211702, 0.0 ], [ 37.737695, 48.214422, 0.0 ], [ 37.738877, 48.215535, 0.0 ], [ 37.741918, 48.218915, 0.0 ], [ 37.743112, 48.220627, 0.0 ], [ 37.743662, 48.221697, 0.0 ], [ 37.74437, 48.2241, 0.0 ], [ 37.74446, 48.22514, 0.0 ], [ 37.744287, 48.227176, 0.0 ], [ 37.745929, 48.228647, 0.0 ], [ 37.747197, 48.230618, 0.0 ], [ 37.747764, 48.232296, 0.0 ], [ 37.74788, 48.233048, 0.0 ], [ 37.749553, 48.235764, 0.0 ], [ 37.750387, 48.237049, 0.0 ], [ 37.751996, 48.239066, 0.0 ], [ 37.75354, 48.23989, 0.0 ], [ 37.7546, 48.240547, 0.0 ], [ 37.756039, 48.241585, 0.0 ], [ 37.760179, 48.243961, 0.0 ], [ 37.763688, 48.246262, 0.0 ], [ 37.766501, 48.248324, 0.0 ], [ 37.768547, 48.249898, 0.0 ], [ 37.769918, 48.250888, 0.0 ], [ 37.770897, 48.251476, 0.0 ], [ 37.771813, 48.251899, 0.0 ], [ 37.773185, 48.252348, 0.0 ], [ 37.775198, 48.252812, 0.0 ], [ 37.77749, 48.25308, 0.0 ], [ 37.778832, 48.253029, 0.0 ], [ 37.780419, 48.252753, 0.0 ], [ 37.782762, 48.252117, 0.0 ], [ 37.786577, 48.250995, 0.0 ], [ 37.789726, 48.250215, 0.0 ], [ 37.792153, 48.249781, 0.0 ], [ 37.795413, 48.249411, 0.0 ], [ 37.799212, 48.249343, 0.0 ], [ 37.802721, 48.249613, 0.0 ], [ 37.80653, 48.250294, 0.0 ], [ 37.81044, 48.251424, 0.0 ], [ 37.812698, 48.252256, 0.0 ], [ 37.814677, 48.25336, 0.0 ], [ 37.816377, 48.25451, 0.0 ], [ 37.818232, 48.256081, 0.0 ], [ 37.819521, 48.257887, 0.0 ], [ 37.820371, 48.259527, 0.0 ], [ 37.821069, 48.261747, 0.0 ], [ 37.82131, 48.263737, 0.0 ], [ 37.821343, 48.264811, 0.0 ], [ 37.821186, 48.267353, 0.0 ], [ 37.820945, 48.269498, 0.0 ], [ 37.820892, 48.27044, 0.0 ], [ 37.823317, 48.270223, 0.0 ], [ 37.827118, 48.269793, 0.0 ], [ 37.830627, 48.269523, 0.0 ], [ 37.83212, 48.269464, 0.0 ], [ 37.83616, 48.269454, 0.0 ], [ 37.837991, 48.269533, 0.0 ], [ 37.84347, 48.270035, 0.0 ], [ 37.853571, 48.271329, 0.0 ], [ 37.86175, 48.272267, 0.0 ], [ 37.868707, 48.27302, 0.0 ], [ 37.874978, 48.273731, 0.0 ], [ 37.881764, 48.274622, 0.0 ], [ 37.888386, 48.275714, 0.0 ], [ 37.895636, 48.277156, 0.0 ], [ 37.903902, 48.279064, 0.0 ], [ 37.913451, 48.281494, 0.0 ], [ 37.91611, 48.282353, 0.0 ], [ 37.918668, 48.283516, 0.0 ], [ 37.919638, 48.284076, 0.0 ], [ 37.921681, 48.285552, 0.0 ], [ 37.922441, 48.286242, 0.0 ], [ 37.923832, 48.287818, 0.0 ], [ 37.924382, 48.288618, 0.0 ], [ 37.925164, 48.290073, 0.0 ], [ 37.925524, 48.290983, 0.0 ], [ 37.925885, 48.292265, 0.0 ], [ 37.926141, 48.294279, 0.0 ], [ 37.926091, 48.296129, 0.0 ], [ 37.925796, 48.298027, 0.0 ], [ 37.92528, 48.299883, 0.0 ], [ 37.92432, 48.302443, 0.0 ], [ 37.92394, 48.303282, 0.0 ], [ 37.92286, 48.305302, 0.0 ], [ 37.922269, 48.306238, 0.0 ], [ 37.921079, 48.307858, 0.0 ], [ 37.919271, 48.30993, 0.0 ], [ 37.916732, 48.312584, 0.0 ], [ 37.91588, 48.313642, 0.0 ], [ 37.915033, 48.314993, 0.0 ], [ 37.913998, 48.317168, 0.0 ], [ 37.912281, 48.321343, 0.0 ], [ 37.911712, 48.322848, 0.0 ], [ 37.911358, 48.323996, 0.0 ], [ 37.911052, 48.325937, 0.0 ], [ 37.911059, 48.327143, 0.0 ], [ 37.911197, 48.328792, 0.0 ], [ 37.911484, 48.330893, 0.0 ], [ 37.911673, 48.331881, 0.0 ], [ 37.912781, 48.331681, 0.0 ], [ 37.915379, 48.331402, 0.0 ], [ 37.917058, 48.331332, 0.0 ], [ 37.920787, 48.331522, 0.0 ], [ 37.922567, 48.331782, 0.0 ], [ 37.924558, 48.332182, 0.0 ], [ 37.926433, 48.332782, 0.0 ], [ 37.928352, 48.333522, 0.0 ], [ 37.930127, 48.334338, 0.0 ], [ 37.931684, 48.335333, 0.0 ], [ 37.932524, 48.335963, 0.0 ], [ 37.933987, 48.337286, 0.0 ], [ 37.935065, 48.338765, 0.0 ], [ 37.935495, 48.339524, 0.0 ], [ 37.9363, 48.341827, 0.0 ], [ 37.936431, 48.342717, 0.0 ], [ 37.936483, 48.34396, 0.0 ], [ 37.936416, 48.344881, 0.0 ], [ 37.937646, 48.345341, 0.0 ], [ 37.939859, 48.3464, 0.0 ], [ 37.940979, 48.34706, 0.0 ], [ 37.942757, 48.348331, 0.0 ], [ 37.943917, 48.349341, 0.0 ], [ 37.944786, 48.350196, 0.0 ], [ 37.945997, 48.351546, 0.0 ], [ 37.947452, 48.353482, 0.0 ], [ 37.948551, 48.355351, 0.0 ], [ 37.949331, 48.357099, 0.0 ], [ 37.950182, 48.35944, 0.0 ], [ 37.950954, 48.361106, 0.0 ], [ 37.951675, 48.362244, 0.0 ], [ 37.953091, 48.364177, 0.0 ], [ 37.953996, 48.365217, 0.0 ], [ 37.956224, 48.367509, 0.0 ], [ 37.957377, 48.368755, 0.0 ], [ 37.961135, 48.373111, 0.0 ], [ 37.963243, 48.375511, 0.0 ], [ 37.96828, 48.381142, 0.0 ], [ 37.969943, 48.383085, 0.0 ], [ 37.971765, 48.385302, 0.0 ], [ 37.973865, 48.387953, 0.0 ], [ 37.976315, 48.391143, 0.0 ], [ 37.977139, 48.39239, 0.0 ], [ 37.977812, 48.392576, 0.0 ], [ 37.979814, 48.393429, 0.0 ], [ 37.982011, 48.394832, 0.0 ], [ 37.98382, 48.396512, 0.0 ], [ 37.985006, 48.398423, 0.0 ], [ 37.985266, 48.399033, 0.0 ], [ 37.985721, 48.40065, 0.0 ], [ 37.985911, 48.402, 0.0 ], [ 37.985999, 48.403945, 0.0 ], [ 37.985966, 48.404736, 0.0 ], [ 37.985703, 48.406705, 0.0 ], [ 37.985198, 48.408615, 0.0 ], [ 37.984481, 48.410439, 0.0 ], [ 37.983618, 48.412131, 0.0 ], [ 37.982609, 48.413791, 0.0 ], [ 37.981522, 48.415363, 0.0 ], [ 37.980462, 48.416783, 0.0 ], [ 37.979009, 48.418441, 0.0 ], [ 37.977507, 48.419789, 0.0 ], [ 37.976617, 48.420449, 0.0 ], [ 37.974498, 48.42172, 0.0 ], [ 37.973608, 48.42215, 0.0 ], [ 37.971685, 48.422905, 0.0 ], [ 37.971329, 48.424407, 0.0 ], [ 37.97101, 48.425324, 0.0 ], [ 37.970175, 48.427085, 0.0 ], [ 37.9692, 48.428637, 0.0 ], [ 37.966911, 48.431778, 0.0 ], [ 37.964767, 48.434504, 0.0 ], [ 37.96284, 48.436768, 0.0 ], [ 37.958163, 48.441908, 0.0 ], [ 37.956678, 48.443665, 0.0 ], [ 37.954941, 48.445895, 0.0 ], [ 37.953109, 48.448439, 0.0 ], [ 37.954119, 48.448686, 0.0 ], [ 37.955909, 48.449256, 0.0 ], [ 37.959149, 48.450703, 0.0 ], [ 37.960709, 48.451643, 0.0 ], [ 37.962123, 48.452635, 0.0 ], [ 37.963295, 48.453758, 0.0 ], [ 37.964565, 48.455198, 0.0 ], [ 37.965484, 48.456453, 0.0 ], [ 37.966099, 48.457787, 0.0 ], [ 37.966509, 48.459007, 0.0 ], [ 37.966822, 48.460565, 0.0 ], [ 37.966722, 48.462135, 0.0 ], [ 37.966492, 48.463305, 0.0 ], [ 37.965643, 48.465473, 0.0 ], [ 37.964954, 48.466623, 0.0 ], [ 37.964183, 48.467696, 0.0 ], [ 37.962099, 48.470073, 0.0 ], [ 37.962703, 48.471126, 0.0 ], [ 37.96346, 48.471883, 0.0 ], [ 37.96822, 48.475152, 0.0 ], [ 37.970811, 48.477155, 0.0 ], [ 37.974195, 48.480125, 0.0 ], [ 37.976144, 48.481584, 0.0 ], [ 37.977763, 48.482984, 0.0 ], [ 37.979374, 48.484628, 0.0 ], [ 37.980228, 48.485612, 0.0 ], [ 37.980852, 48.486475, 0.0 ], [ 37.981422, 48.487482, 0.0 ], [ 37.981831, 48.488481, 0.0 ], [ 37.982128, 48.489707, 0.0 ], [ 37.98221, 48.491391, 0.0 ], [ 37.982051, 48.492769, 0.0 ], [ 37.981781, 48.494149, 0.0 ], [ 37.981246, 48.495977, 0.0 ], [ 37.980147, 48.49854, 0.0 ], [ 37.981019, 48.49929, 0.0 ], [ 37.98207, 48.500382, 0.0 ], [ 37.983583, 48.502284, 0.0 ], [ 37.985875, 48.504631, 0.0 ], [ 37.987018, 48.505901, 0.0 ], [ 37.987815, 48.506961, 0.0 ], [ 37.988345, 48.507801, 0.0 ], [ 37.989092, 48.509376, 0.0 ], [ 37.989382, 48.510266, 0.0 ], [ 37.989689, 48.512229, 0.0 ], [ 37.989679, 48.513229, 0.0 ], [ 37.989396, 48.515001, 0.0 ], [ 37.989037, 48.516151, 0.0 ], [ 37.988391, 48.517595, 0.0 ], [ 37.987161, 48.519685, 0.0 ], [ 37.986056, 48.521153, 0.0 ], [ 37.984496, 48.522823, 0.0 ], [ 37.983119, 48.52405, 0.0 ], [ 37.981329, 48.525391, 0.0 ], [ 37.98026, 48.526104, 0.0 ], [ 37.981603, 48.527084, 0.0 ], [ 37.982552, 48.527923, 0.0 ], [ 37.983634, 48.5291, 0.0 ], [ 37.984523, 48.530338, 0.0 ], [ 37.985405, 48.531945, 0.0 ], [ 37.986121, 48.533562, 0.0 ], [ 37.986451, 48.534474, 0.0 ], [ 37.986757, 48.535653, 0.0 ], [ 37.986924, 48.537068, 0.0 ], [ 37.986851, 48.538557, 0.0 ], [ 37.986539, 48.539934, 0.0 ], [ 37.985837, 48.541576, 0.0 ], [ 37.984874, 48.54306, 0.0 ], [ 37.983983, 48.544124, 0.0 ], [ 37.982763, 48.545414, 0.0 ], [ 37.981257, 48.546848, 0.0 ], [ 37.979635, 48.548184, 0.0 ], [ 37.978065, 48.549305, 0.0 ], [ 37.975759, 48.550686, 0.0 ], [ 37.971717, 48.552839, 0.0 ], [ 37.972092, 48.552932, 0.0 ], [ 37.974312, 48.553834, 0.0 ], [ 37.976298, 48.555013, 0.0 ], [ 37.977794, 48.556313, 0.0 ], [ 37.979, 48.557921, 0.0 ], [ 37.979752, 48.559672, 0.0 ], [ 37.979958, 48.561488, 0.0 ], [ 37.979863, 48.562531, 0.0 ], [ 37.979208, 48.56634, 0.0 ], [ 37.978554, 48.569579, 0.0 ], [ 37.977921, 48.571759, 0.0 ], [ 37.97726, 48.57355, 0.0 ], [ 37.976448, 48.575409, 0.0 ], [ 37.975449, 48.577429, 0.0 ], [ 37.974157, 48.579801, 0.0 ], [ 37.972518, 48.582521, 0.0 ], [ 37.970629, 48.585185, 0.0 ], [ 37.968797, 48.587397, 0.0 ], [ 37.967023, 48.589276, 0.0 ], [ 37.964535, 48.591805, 0.0 ], [ 37.963602, 48.592916, 0.0 ], [ 37.962899, 48.593923, 0.0 ], [ 37.964275, 48.595641, 0.0 ], [ 37.966087, 48.595946, 0.0 ], [ 37.968213, 48.596517, 0.0 ], [ 37.970814, 48.597637, 0.0 ], [ 37.972845, 48.598867, 0.0 ], [ 37.974461, 48.600344, 0.0 ], [ 37.975834, 48.602113, 0.0 ], [ 37.976436, 48.603395, 0.0 ], [ 37.97702, 48.60537, 0.0 ], [ 37.977401, 48.60777, 0.0 ], [ 37.977622, 48.61102, 0.0 ], [ 37.977497, 48.613528, 0.0 ], [ 37.97715, 48.615825, 0.0 ], [ 37.976641, 48.617969, 0.0 ], [ 37.976043, 48.619975, 0.0 ], [ 37.974675, 48.62423, 0.0 ], [ 37.973894, 48.626859, 0.0 ], [ 37.973612, 48.627667, 0.0 ], [ 37.972757, 48.629323, 0.0 ], [ 37.971141, 48.631227, 0.0 ], [ 37.968697, 48.633004, 0.0 ], [ 37.965957, 48.634246, 0.0 ], [ 37.964926, 48.634569, 0.0 ], [ 37.963562, 48.635286, 0.0 ], [ 37.961946, 48.63604, 0.0 ], [ 37.960524, 48.636587, 0.0 ], [ 37.957782, 48.637401, 0.0 ], [ 37.953998, 48.638297, 0.0 ], [ 37.947968, 48.639797, 0.0 ], [ 37.945086, 48.640393, 0.0 ], [ 37.94235, 48.64084, 0.0 ], [ 37.939797, 48.64114, 0.0 ], [ 37.936849, 48.641404, 0.0 ], [ 37.933888, 48.641594, 0.0 ], [ 37.932438, 48.641635, 0.0 ], [ 37.929567, 48.641615, 0.0 ], [ 37.926931, 48.641425, 0.0 ], [ 37.924551, 48.641095, 0.0 ], [ 37.922437, 48.640681, 0.0 ], [ 37.920407, 48.640161, 0.0 ], [ 37.918992, 48.639738, 0.0 ], [ 37.916893, 48.640662, 0.0 ], [ 37.914046, 48.642136, 0.0 ], [ 37.91184, 48.643501, 0.0 ], [ 37.909929, 48.644906, 0.0 ], [ 37.908004, 48.646551, 0.0 ], [ 37.905806, 48.648604, 0.0 ], [ 37.903118, 48.65119, 0.0 ], [ 37.901272, 48.652913, 0.0 ], [ 37.905229, 48.658049, 0.0 ], [ 37.907683, 48.661087, 0.0 ], [ 37.911718, 48.665905, 0.0 ], [ 37.913765, 48.668424, 0.0 ], [ 37.915751, 48.67103, 0.0 ], [ 37.917844, 48.674017, 0.0 ], [ 37.920093, 48.677534, 0.0 ], [ 37.922564, 48.681674, 0.0 ], [ 37.923267, 48.683053, 0.0 ], [ 37.923889, 48.684834, 0.0 ], [ 37.924129, 48.68626, 0.0 ], [ 37.9241, 48.688068, 0.0 ], [ 37.923746, 48.689752, 0.0 ], [ 37.925291, 48.690454, 0.0 ], [ 37.927914, 48.691389, 0.0 ], [ 37.93132, 48.692455, 0.0 ], [ 37.932749, 48.692739, 0.0 ], [ 37.935018, 48.692918, 0.0 ], [ 37.937191, 48.693139, 0.0 ], [ 37.939704, 48.693487, 0.0 ], [ 37.950221, 48.695302, 0.0 ], [ 37.956782, 48.69622, 0.0 ], [ 37.962427, 48.696848, 0.0 ], [ 37.967649, 48.697378, 0.0 ], [ 37.973097, 48.698048, 0.0 ], [ 37.979066, 48.69903, 0.0 ], [ 37.980254, 48.699268, 0.0 ], [ 37.985903, 48.700587, 0.0 ], [ 37.986951, 48.700865, 0.0 ], [ 37.99354, 48.702825, 0.0 ], [ 37.994362, 48.703091, 0.0 ], [ 38.002301, 48.705891, 0.0 ], [ 38.003597, 48.706411, 0.0 ], [ 38.006087, 48.707541, 0.0 ], [ 38.00824, 48.708754, 0.0 ], [ 38.01004, 48.710004, 0.0 ], [ 38.011737, 48.711452, 0.0 ], [ 38.013027, 48.712822, 0.0 ], [ 38.014027, 48.714103, 0.0 ], [ 38.015377, 48.716317, 0.0 ], [ 38.016261, 48.718135, 0.0 ], [ 38.016984, 48.719744, 0.0 ], [ 38.017721, 48.721172, 0.0 ], [ 38.018584, 48.722505, 0.0 ], [ 38.019751, 48.723895, 0.0 ], [ 38.021459, 48.724868, 0.0 ], [ 38.022757, 48.72573, 0.0 ], [ 38.025272, 48.727617, 0.0 ], [ 38.026489, 48.728467, 0.0 ], [ 38.030087, 48.730872, 0.0 ], [ 38.032347, 48.732664, 0.0 ], [ 38.033974, 48.734195, 0.0 ], [ 38.035547, 48.735893, 0.0 ], [ 38.036957, 48.737583, 0.0 ], [ 38.037644, 48.738533, 0.0 ], [ 38.038544, 48.739993, 0.0 ], [ 38.039236, 48.741465, 0.0 ], [ 38.03975, 48.743042, 0.0 ], [ 38.045013, 48.741501, 0.0 ], [ 38.049514, 48.74036, 0.0 ], [ 38.053833, 48.73946, 0.0 ], [ 38.054892, 48.73927, 0.0 ], [ 38.057819, 48.738854, 0.0 ], [ 38.060443, 48.738618, 0.0 ], [ 38.061096, 48.737918, 0.0 ], [ 38.061504, 48.737199, 0.0 ], [ 38.062814, 48.734075, 0.0 ], [ 38.063554, 48.732565, 0.0 ], [ 38.064161, 48.731544, 0.0 ], [ 38.065181, 48.730094, 0.0 ], [ 38.06637, 48.728732, 0.0 ], [ 38.06783, 48.727352, 0.0 ], [ 38.069709, 48.725923, 0.0 ], [ 38.071789, 48.724643, 0.0 ], [ 38.073053, 48.723955, 0.0 ], [ 38.076772, 48.722165, 0.0 ], [ 38.080618, 48.720528, 0.0 ], [ 38.084391, 48.719194, 0.0 ], [ 38.085961, 48.718736, 0.0 ], [ 38.08851, 48.718117, 0.0 ], [ 38.089954, 48.717825, 0.0 ], [ 38.092473, 48.717415, 0.0 ], [ 38.093829, 48.717242, 0.0 ], [ 38.097069, 48.716948, 0.0 ], [ 38.103732, 48.716537, 0.0 ], [ 38.110864, 48.716007, 0.0 ], [ 38.113732, 48.715831, 0.0 ], [ 38.116669, 48.715758, 0.0 ], [ 38.119575, 48.715825, 0.0 ], [ 38.121087, 48.715931, 0.0 ], [ 38.124154, 48.716303, 0.0 ], [ 38.127026, 48.716835, 0.0 ], [ 38.129495, 48.717415, 0.0 ], [ 38.145064, 48.721508, 0.0 ], [ 38.160274, 48.725412, 0.0 ], [ 38.166644, 48.727133, 0.0 ], [ 38.173373, 48.729131, 0.0 ], [ 38.179816, 48.731283, 0.0 ], [ 38.186707, 48.733859, 0.0 ], [ 38.194476, 48.737023, 0.0 ], [ 38.203455, 48.740893, 0.0 ], [ 38.205453, 48.741943, 0.0 ], [ 38.206303, 48.742482, 0.0 ], [ 38.20817, 48.743953, 0.0 ], [ 38.209523, 48.745652, 0.0 ], [ 38.209914, 48.746302, 0.0 ], [ 38.210607, 48.74785, 0.0 ], [ 38.21087, 48.749448, 0.0 ], [ 38.213942, 48.748844, 0.0 ], [ 38.216621, 48.748484, 0.0 ], [ 38.220105, 48.748319, 0.0 ], [ 38.222755, 48.748419, 0.0 ], [ 38.225038, 48.748635, 0.0 ], [ 38.227233, 48.749102, 0.0 ], [ 38.229942, 48.749852, 0.0 ], [ 38.231759, 48.750464, 0.0 ], [ 38.233416, 48.751249, 0.0 ], [ 38.236256, 48.752818, 0.0 ], [ 38.238702, 48.754586, 0.0 ], [ 38.240552, 48.756346, 0.0 ], [ 38.241592, 48.757514, 0.0 ], [ 38.242355, 48.758772, 0.0 ], [ 38.243305, 48.760762, 0.0 ], [ 38.243881, 48.762654, 0.0 ], [ 38.244181, 48.764834, 0.0 ], [ 38.244229, 48.765975, 0.0 ], [ 38.244058, 48.768795, 0.0 ], [ 38.243475, 48.773585, 0.0 ], [ 38.243447, 48.77558, 0.0 ], [ 38.243712, 48.777277, 0.0 ], [ 38.244152, 48.778384, 0.0 ], [ 38.245757, 48.77887, 0.0 ], [ 38.247377, 48.77944, 0.0 ], [ 38.24874, 48.779988, 0.0 ], [ 38.250886, 48.780458, 0.0 ], [ 38.253961, 48.781771, 0.0 ], [ 38.254261, 48.781941, 0.0 ], [ 38.256527, 48.783587, 0.0 ], [ 38.257329, 48.784371, 0.0 ], [ 38.261714, 48.789117, 0.0 ], [ 38.26342, 48.791034, 0.0 ], [ 38.264932, 48.792804, 0.0 ], [ 38.266479, 48.794699, 0.0 ], [ 38.267891, 48.796523, 0.0 ], [ 38.269383, 48.798529, 0.0 ], [ 38.274226, 48.805203, 0.0 ], [ 38.274731, 48.806043, 0.0 ], [ 38.275373, 48.807517, 0.0 ], [ 38.275716, 48.80903, 0.0 ], [ 38.275723, 48.810721, 0.0 ], [ 38.275311, 48.812474, 0.0 ], [ 38.274498, 48.814165, 0.0 ], [ 38.273721, 48.815287, 0.0 ], [ 38.271221, 48.818398, 0.0 ], [ 38.268498, 48.82133, 0.0 ], [ 38.265882, 48.823758, 0.0 ], [ 38.26185, 48.827127, 0.0 ], [ 38.260506, 48.828362, 0.0 ], [ 38.259184, 48.829802, 0.0 ], [ 38.257693, 48.831795, 0.0 ], [ 38.255947, 48.834625, 0.0 ], [ 38.254923, 48.836681, 0.0 ], [ 38.254386, 48.838236, 0.0 ], [ 38.254119, 48.839566, 0.0 ], [ 38.254002, 48.840992, 0.0 ], [ 38.253841, 48.845242, 0.0 ], [ 38.253475, 48.84812, 0.0 ], [ 38.252707, 48.851296, 0.0 ], [ 38.251678, 48.854266, 0.0 ], [ 38.250543, 48.856904, 0.0 ], [ 38.249481, 48.858988, 0.0 ], [ 38.248383, 48.860811, 0.0 ], [ 38.247112, 48.862559, 0.0 ], [ 38.245781, 48.86415, 0.0 ], [ 38.243951, 48.86624, 0.0 ], [ 38.242949, 48.867498, 0.0 ], [ 38.241397, 48.869606, 0.0 ], [ 38.239478, 48.871986, 0.0 ], [ 38.238756, 48.872779, 0.0 ], [ 38.236646, 48.874849, 0.0 ], [ 38.233988, 48.877154, 0.0 ], [ 38.232794, 48.878126, 0.0 ], [ 38.232969, 48.878281, 0.0 ], [ 38.235312, 48.879708, 0.0 ], [ 38.237822, 48.880742, 0.0 ], [ 38.241184, 48.881745, 0.0 ], [ 38.245916, 48.882943, 0.0 ], [ 38.250995, 48.884322, 0.0 ], [ 38.252178, 48.884688, 0.0 ], [ 38.257568, 48.886568, 0.0 ], [ 38.259045, 48.887165, 0.0 ], [ 38.264794, 48.889835, 0.0 ], [ 38.266234, 48.890605, 0.0 ], [ 38.272394, 48.894385, 0.0 ], [ 38.273745, 48.895343, 0.0 ], [ 38.275715, 48.896963, 0.0 ], [ 38.277038, 48.898271, 0.0 ], [ 38.278359, 48.899861, 0.0 ], [ 38.279333, 48.901332, 0.0 ], [ 38.280143, 48.902932, 0.0 ], [ 38.280585, 48.904031, 0.0 ], [ 38.281226, 48.906267, 0.0 ], [ 38.28186, 48.909568, 0.0 ], [ 38.282329, 48.911189, 0.0 ], [ 38.283471, 48.911621, 0.0 ], [ 38.285778, 48.912895, 0.0 ], [ 38.287604, 48.914472, 0.0 ], [ 38.289017, 48.916253, 0.0 ], [ 38.28967, 48.917664, 0.0 ], [ 38.290143, 48.919351, 0.0 ], [ 38.290854, 48.9239, 0.0 ], [ 38.291122, 48.926174, 0.0 ], [ 38.291254, 48.928517, 0.0 ], [ 38.291165, 48.930941, 0.0 ], [ 38.29105, 48.931851, 0.0 ], [ 38.290701, 48.933561, 0.0 ], [ 38.290362, 48.934679, 0.0 ], [ 38.289722, 48.936259, 0.0 ], [ 38.288961, 48.93766, 0.0 ], [ 38.287962, 48.93911, 0.0 ], [ 38.286723, 48.940542, 0.0 ], [ 38.285324, 48.941862, 0.0 ], [ 38.283071, 48.943509, 0.0 ], [ 38.281371, 48.944479, 0.0 ], [ 38.279018, 48.945559, 0.0 ], [ 38.276375, 48.946292, 0.0 ], [ 38.274715, 48.946622, 0.0 ], [ 38.271967, 48.946971, 0.0 ], [ 38.269168, 48.946943, 0.0 ], [ 38.267497, 48.946813, 0.0 ], [ 38.263937, 48.946208, 0.0 ], [ 38.261117, 48.94541, 0.0 ], [ 38.25904, 48.94471, 0.0 ], [ 38.256677, 48.945333, 0.0 ], [ 38.254787, 48.9461, 0.0 ], [ 38.249397, 48.948995, 0.0 ], [ 38.246325, 48.950515, 0.0 ], [ 38.243408, 48.951818, 0.0 ], [ 38.241987, 48.952547, 0.0 ], [ 38.239328, 48.954419, 0.0 ], [ 38.237023, 48.955738, 0.0 ], [ 38.23504, 48.956613, 0.0 ], [ 38.23388, 48.957033, 0.0 ], [ 38.23104, 48.957801, 0.0 ], [ 38.2296, 48.958072, 0.0 ], [ 38.226996, 48.958384, 0.0 ], [ 38.225175, 48.958484, 0.0 ], [ 38.22337, 48.958504, 0.0 ], [ 38.217809, 48.958324, 0.0 ], [ 38.216248, 48.958214, 0.0 ], [ 38.211297, 48.957674, 0.0 ], [ 38.210315, 48.957535, 0.0 ], [ 38.210232, 48.957735, 0.0 ], [ 38.208798, 48.959527, 0.0 ], [ 38.206018, 48.961556, 0.0 ], [ 38.206712, 48.962781, 0.0 ], [ 38.207342, 48.964111, 0.0 ], [ 38.207705, 48.965054, 0.0 ], [ 38.208136, 48.966494, 0.0 ], [ 38.20837, 48.967712, 0.0 ], [ 38.20851, 48.969312, 0.0 ], [ 38.208321, 48.971408, 0.0 ], [ 38.207571, 48.973403, 0.0 ], [ 38.20656, 48.974823, 0.0 ], [ 38.205189, 48.976106, 0.0 ], [ 38.204025, 48.976903, 0.0 ], [ 38.204001, 48.97782, 0.0 ], [ 38.203713, 48.97944, 0.0 ], [ 38.203483, 48.98016, 0.0 ], [ 38.202253, 48.982437, 0.0 ], [ 38.201743, 48.983087, 0.0 ], [ 38.199557, 48.985122, 0.0 ], [ 38.197336, 48.986508, 0.0 ], [ 38.194911, 48.987502, 0.0 ], [ 38.192255, 48.988222, 0.0 ], [ 38.189428, 48.98856, 0.0 ], [ 38.186591, 48.98858, 0.0 ], [ 38.184397, 48.988332, 0.0 ], [ 38.181708, 48.987761, 0.0 ], [ 38.179205, 48.986972, 0.0 ], [ 38.17733, 48.986658, 0.0 ], [ 38.17485, 48.986157, 0.0 ], [ 38.170438, 48.98502, 0.0 ], [ 38.168806, 48.984932, 0.0 ], [ 38.167472, 48.98499, 0.0 ], [ 38.1663, 48.985183, 0.0 ], [ 38.163432, 48.985996, 0.0 ], [ 38.160413, 48.986719, 0.0 ], [ 38.158573, 48.987049, 0.0 ], [ 38.156842, 48.987281, 0.0 ], [ 38.154631, 48.987481, 0.0 ], [ 38.152923, 48.987565, 0.0 ], [ 38.150202, 48.987585, 0.0 ], [ 38.147972, 48.987481, 0.0 ], [ 38.146392, 48.987321, 0.0 ], [ 38.143286, 48.986753, 0.0 ], [ 38.142026, 48.986413, 0.0 ], [ 38.139372, 48.985459, 0.0 ], [ 38.138352, 48.984989, 0.0 ], [ 38.136751, 48.984125, 0.0 ], [ 38.134725, 48.9844, 0.0 ], [ 38.131515, 48.9852, 0.0 ], [ 38.128798, 48.985834, 0.0 ], [ 38.125479, 48.986482, 0.0 ], [ 38.122408, 48.986962, 0.0 ], [ 38.119166, 48.987284, 0.0 ], [ 38.117181, 48.987353, 0.0 ], [ 38.115622, 48.987333, 0.0 ], [ 38.11514, 48.98824, 0.0 ], [ 38.113816, 48.991175, 0.0 ], [ 38.112774, 48.993307, 0.0 ], [ 38.109995, 48.99829, 0.0 ], [ 38.108856, 49.000524, 0.0 ], [ 38.107976, 49.002437, 0.0 ], [ 38.106335, 49.00625, 0.0 ], [ 38.105299, 49.008454, 0.0 ], [ 38.104007, 49.010844, 0.0 ], [ 38.102388, 49.01348, 0.0 ], [ 38.098995, 49.018496, 0.0 ], [ 38.098213, 49.019604, 0.0 ], [ 38.097198, 49.020871, 0.0 ], [ 38.095757, 49.022338, 0.0 ], [ 38.093964, 49.023728, 0.0 ], [ 38.093204, 49.024208, 0.0 ], [ 38.090447, 49.025556, 0.0 ], [ 38.087692, 49.02646, 0.0 ], [ 38.085717, 49.026844, 0.0 ], [ 38.084657, 49.026994, 0.0 ], [ 38.081293, 49.027189, 0.0 ], [ 38.080013, 49.027159, 0.0 ], [ 38.077707, 49.026976, 0.0 ], [ 38.074427, 49.026525, 0.0 ], [ 38.072252, 49.026101, 0.0 ], [ 38.069522, 49.025401, 0.0 ], [ 38.067586, 49.024785, 0.0 ], [ 38.064684, 49.023641, 0.0 ], [ 38.064555, 49.0242, 0.0 ], [ 38.063766, 49.025718, 0.0 ], [ 38.063326, 49.026368, 0.0 ], [ 38.062026, 49.027877, 0.0 ], [ 38.06031, 49.029194, 0.0 ], [ 38.058241, 49.03027, 0.0 ], [ 38.057321, 49.03066, 0.0 ], [ 38.055255, 49.03138, 0.0 ], [ 38.053033, 49.031858, 0.0 ], [ 38.048232, 49.032598, 0.0 ], [ 38.045861, 49.032821, 0.0 ], [ 38.04171, 49.032971, 0.0 ], [ 38.03935, 49.032923, 0.0 ], [ 38.035629, 49.032632, 0.0 ], [ 38.034052, 49.032447, 0.0 ], [ 38.03012, 49.031822, 0.0 ], [ 38.026941, 49.031247, 0.0 ], [ 38.024331, 49.030858, 0.0 ], [ 38.022045, 49.030697, 0.0 ], [ 38.019396, 49.030775, 0.0 ], [ 38.015339, 49.031312, 0.0 ], [ 38.009968, 49.032302, 0.0 ], [ 38.005048, 49.033265, 0.0 ], [ 38.001026, 49.034179, 0.0 ], [ 37.997755, 49.035078, 0.0 ], [ 37.995191, 49.035962, 0.0 ], [ 37.992729, 49.037107, 0.0 ], [ 37.993937, 49.037928, 0.0 ], [ 37.995867, 49.039418, 0.0 ], [ 37.997284, 49.040735, 0.0 ], [ 37.998865, 49.042525, 0.0 ], [ 38.000088, 49.044352, 0.0 ], [ 38.000389, 49.044982, 0.0 ], [ 38.000731, 49.046225, 0.0 ], [ 38.004613, 49.047731, 0.0 ], [ 38.008656, 49.049424, 0.0 ], [ 38.012163, 49.050772, 0.0 ], [ 38.015775, 49.051936, 0.0 ], [ 38.0178, 49.051885, 0.0 ], [ 38.02041, 49.05205, 0.0 ], [ 38.021349, 49.05217, 0.0 ], [ 38.023532, 49.052574, 0.0 ], [ 38.025095, 49.052964, 0.0 ], [ 38.031391, 49.054669, 0.0 ], [ 38.036401, 49.055774, 0.0 ], [ 38.040995, 49.056652, 0.0 ], [ 38.045318, 49.057451, 0.0 ], [ 38.050088, 49.058507, 0.0 ], [ 38.051469, 49.058872, 0.0 ], [ 38.055438, 49.060092, 0.0 ], [ 38.057071, 49.060686, 0.0 ], [ 38.061191, 49.062436, 0.0 ], [ 38.062546, 49.063092, 0.0 ], [ 38.067056, 49.065572, 0.0 ], [ 38.068072, 49.06619, 0.0 ], [ 38.073192, 49.06964, 0.0 ], [ 38.074444, 49.070612, 0.0 ], [ 38.076424, 49.072392, 0.0 ], [ 38.077951, 49.07415, 0.0 ], [ 38.079121, 49.07594, 0.0 ], [ 38.079988, 49.077795, 0.0 ], [ 38.080528, 49.079645, 0.0 ], [ 38.080767, 49.081065, 0.0 ], [ 38.080847, 49.083731, 0.0 ], [ 38.080475, 49.088031, 0.0 ], [ 38.080404, 49.090009, 0.0 ], [ 38.080561, 49.091957, 0.0 ], [ 38.081117, 49.094293, 0.0 ], [ 38.081989, 49.096881, 0.0 ], [ 38.08279, 49.099013, 0.0 ], [ 38.083505, 49.100693, 0.0 ], [ 38.084196, 49.102163, 0.0 ], [ 38.086863, 49.107443, 0.0 ], [ 38.088008, 49.109931, 0.0 ], [ 38.089199, 49.112705, 0.0 ], [ 38.090339, 49.115111, 0.0 ], [ 38.091415, 49.116913, 0.0 ], [ 38.093787, 49.120258, 0.0 ], [ 38.095078, 49.122219, 0.0 ], [ 38.095546, 49.123045, 0.0 ], [ 38.096366, 49.124745, 0.0 ], [ 38.096808, 49.125935, 0.0 ], [ 38.097298, 49.127805, 0.0 ], [ 38.097493, 49.129115, 0.0 ], [ 38.097573, 49.131315, 0.0 ], [ 38.097511, 49.132412, 0.0 ], [ 38.097112, 49.135073, 0.0 ], [ 38.096935, 49.135877, 0.0 ], [ 38.095786, 49.139827, 0.0 ], [ 38.095453, 49.14072, 0.0 ], [ 38.094034, 49.143831, 0.0 ], [ 38.093482, 49.144823, 0.0 ], [ 38.091833, 49.147324, 0.0 ], [ 38.091164, 49.148202, 0.0 ], [ 38.088849, 49.15083, 0.0 ], [ 38.084743, 49.15488, 0.0 ], [ 38.082858, 49.156921, 0.0 ], [ 38.080922, 49.159409, 0.0 ], [ 38.078793, 49.162811, 0.0 ], [ 38.077028, 49.166107, 0.0 ], [ 38.075727, 49.168827, 0.0 ], [ 38.074781, 49.171111, 0.0 ], [ 38.074005, 49.173231, 0.0 ], [ 38.072343, 49.178012, 0.0 ], [ 38.071202, 49.180887, 0.0 ], [ 38.069693, 49.184264, 0.0 ], [ 38.065843, 49.191869, 0.0 ], [ 38.061891, 49.200144, 0.0 ], [ 38.060315, 49.203056, 0.0 ], [ 38.058618, 49.205735, 0.0 ], [ 38.056584, 49.2085, 0.0 ], [ 38.054096, 49.2115, 0.0 ], [ 38.050764, 49.215158, 0.0 ], [ 38.047564, 49.218258, 0.0 ], [ 38.046658, 49.219041, 0.0 ], [ 38.043768, 49.221271, 0.0 ], [ 38.042631, 49.222049, 0.0 ], [ 38.039961, 49.223669, 0.0 ], [ 38.03892, 49.22424, 0.0 ], [ 38.0364, 49.225491, 0.0 ], [ 38.03388, 49.22666, 0.0 ], [ 38.032299, 49.227479, 0.0 ], [ 38.0309, 49.228383, 0.0 ], [ 38.029172, 49.229834, 0.0 ], [ 38.026743, 49.232425, 0.0 ], [ 38.024221, 49.235443, 0.0 ], [ 38.022197, 49.23798, 0.0 ], [ 38.020733, 49.240018, 0.0 ], [ 38.019671, 49.241756, 0.0 ], [ 38.018837, 49.243476, 0.0 ], [ 38.018094, 49.245479, 0.0 ], [ 38.017359, 49.248027, 0.0 ], [ 38.01657, 49.2513, 0.0 ], [ 38.015698, 49.255345, 0.0 ], [ 38.014796, 49.260353, 0.0 ], [ 38.014377, 49.264259, 0.0 ], [ 38.014308, 49.267471, 0.0 ], [ 38.01446, 49.270402, 0.0 ], [ 38.015144, 49.276966, 0.0 ], [ 38.015418, 49.281068, 0.0 ], [ 38.015484, 49.285945, 0.0 ], [ 38.015237, 49.291441, 0.0 ], [ 38.015156, 49.294145, 0.0 ], [ 38.015252, 49.296411, 0.0 ], [ 38.015599, 49.300755, 0.0 ], [ 38.015625, 49.303038, 0.0 ], [ 38.015562, 49.303929, 0.0 ], [ 38.015302, 49.305699, 0.0 ], [ 38.014938, 49.307065, 0.0 ], [ 38.014279, 49.308755, 0.0 ], [ 38.013501, 49.310212, 0.0 ], [ 38.012341, 49.311902, 0.0 ], [ 38.011205, 49.31324, 0.0 ], [ 38.009425, 49.31497, 0.0 ], [ 38.008159, 49.316022, 0.0 ], [ 38.004519, 49.318623, 0.0 ], [ 38.002618, 49.319749, 0.0 ], [ 37.999248, 49.321399, 0.0 ], [ 37.996675, 49.322394, 0.0 ], [ 37.993464, 49.323344, 0.0 ], [ 37.991139, 49.323874, 0.0 ], [ 37.987969, 49.324394, 0.0 ], [ 37.981464, 49.325176, 0.0 ], [ 37.97967, 49.325554, 0.0 ], [ 37.977681, 49.326225, 0.0 ], [ 37.974681, 49.327699, 0.0 ], [ 37.972419, 49.329083, 0.0 ], [ 37.97077, 49.330273, 0.0 ], [ 37.969609, 49.331295, 0.0 ], [ 37.968576, 49.332394, 0.0 ], [ 37.964051, 49.3381, 0.0 ], [ 37.9616, 49.340892, 0.0 ], [ 37.957359, 49.345221, 0.0 ], [ 37.95566, 49.347054, 0.0 ], [ 37.953939, 49.34871, 0.0 ], [ 37.951929, 49.3504, 0.0 ], [ 37.950681, 49.351348, 0.0 ], [ 37.949121, 49.352379, 0.0 ], [ 37.949816, 49.353925, 0.0 ], [ 37.950082, 49.35568, 0.0 ], [ 37.94982, 49.357435, 0.0 ], [ 37.949667, 49.357766, 0.0 ], [ 37.950489, 49.358002, 0.0 ], [ 37.952703, 49.359011, 0.0 ], [ 37.954573, 49.360283, 0.0 ], [ 37.956027, 49.361768, 0.0 ], [ 37.956668, 49.362631, 0.0 ], [ 37.958238, 49.365011, 0.0 ], [ 37.958723, 49.365861, 0.0 ], [ 37.960044, 49.368591, 0.0 ], [ 37.960418, 49.369542, 0.0 ], [ 37.961429, 49.372852, 0.0 ], [ 37.961617, 49.373657, 0.0 ], [ 37.962288, 49.377767, 0.0 ], [ 37.962366, 49.37868, 0.0 ], [ 37.962386, 49.38166, 0.0 ], [ 37.962222, 49.383089, 0.0 ], [ 37.961652, 49.385469, 0.0 ], [ 37.961105, 49.386935, 0.0 ], [ 37.960106, 49.388885, 0.0 ], [ 37.959345, 49.390077, 0.0 ], [ 37.957589, 49.392309, 0.0 ], [ 37.954965, 49.395264, 0.0 ], [ 37.954103, 49.396498, 0.0 ], [ 37.953377, 49.397993, 0.0 ], [ 37.952699, 49.400463, 0.0 ], [ 37.950921, 49.409098, 0.0 ], [ 37.949075, 49.416693, 0.0 ], [ 37.947425, 49.423052, 0.0 ], [ 37.946098, 49.428461, 0.0 ], [ 37.945193, 49.433349, 0.0 ], [ 37.944768, 49.438159, 0.0 ], [ 37.944895, 49.443429, 0.0 ], [ 37.945704, 49.44964, 0.0 ], [ 37.947304, 49.457014, 0.0 ], [ 37.948591, 49.460565, 0.0 ], [ 37.949822, 49.462394, 0.0 ], [ 37.951009, 49.463461, 0.0 ], [ 37.952735, 49.46453, 0.0 ], [ 37.955852, 49.46611, 0.0 ], [ 37.959352, 49.467969, 0.0 ], [ 37.9605, 49.468653, 0.0 ], [ 37.96401, 49.470993, 0.0 ], [ 37.965475, 49.472148, 0.0 ], [ 37.968855, 49.475318, 0.0 ], [ 37.970028, 49.476646, 0.0 ], [ 37.973159, 49.481016, 0.0 ], [ 37.973724, 49.481933, 0.0 ], [ 37.975275, 49.484913, 0.0 ], [ 37.975603, 49.485644, 0.0 ], [ 37.976574, 49.488204, 0.0 ], [ 37.976846, 49.489123, 0.0 ], [ 37.977336, 49.491423, 0.0 ], [ 37.977457, 49.492307, 0.0 ], [ 37.977588, 49.49517, 0.0 ], [ 37.97743, 49.497669, 0.0 ], [ 37.976887, 49.502456, 0.0 ], [ 37.97669, 49.505178, 0.0 ], [ 37.976671, 49.50981, 0.0 ], [ 37.976431, 49.51173, 0.0 ], [ 37.976057, 49.512958, 0.0 ], [ 37.975145, 49.514759, 0.0 ], [ 37.974416, 49.515804, 0.0 ], [ 37.972335, 49.518186, 0.0 ], [ 37.970875, 49.519577, 0.0 ], [ 37.969576, 49.520654, 0.0 ], [ 37.966624, 49.522715, 0.0 ], [ 37.967973, 49.523924, 0.0 ], [ 37.969015, 49.525006, 0.0 ], [ 37.970374, 49.526685, 0.0 ], [ 37.971219, 49.527916, 0.0 ], [ 37.972408, 49.529927, 0.0 ], [ 37.972943, 49.531196, 0.0 ], [ 37.973285, 49.53255, 0.0 ], [ 37.973389, 49.533999, 0.0 ], [ 37.973284, 49.535169, 0.0 ], [ 37.973088, 49.536068, 0.0 ], [ 37.972572, 49.537711, 0.0 ], [ 37.972122, 49.539557, 0.0 ], [ 37.971792, 49.540511, 0.0 ], [ 37.971218, 49.541671, 0.0 ], [ 37.970179, 49.543139, 0.0 ], [ 37.969079, 49.544285, 0.0 ], [ 37.967866, 49.545285, 0.0 ], [ 37.966566, 49.546176, 0.0 ], [ 37.964136, 49.547656, 0.0 ], [ 37.963087, 49.548234, 0.0 ], [ 37.960997, 49.549274, 0.0 ], [ 37.959839, 49.549792, 0.0 ], [ 37.957199, 49.550825, 0.0 ], [ 37.954383, 49.55179, 0.0 ], [ 37.953518, 49.552195, 0.0 ], [ 37.952718, 49.552743, 0.0 ], [ 37.951257, 49.553974, 0.0 ], [ 37.948846, 49.556291, 0.0 ], [ 37.947058, 49.558203, 0.0 ], [ 37.945756, 49.559806, 0.0 ], [ 37.944672, 49.561357, 0.0 ], [ 37.942291, 49.565231, 0.0 ], [ 37.940663, 49.567813, 0.0 ], [ 37.93861, 49.570816, 0.0 ], [ 37.9362, 49.574056, 0.0 ], [ 37.934938, 49.575526, 0.0 ], [ 37.933926, 49.57651, 0.0 ], [ 37.932544, 49.577635, 0.0 ], [ 37.932222, 49.585577, 0.0 ], [ 37.932127, 49.592983, 0.0 ], [ 37.932245, 49.599154, 0.0 ], [ 37.93251, 49.604634, 0.0 ], [ 37.933264, 49.615732, 0.0 ], [ 37.933611, 49.622311, 0.0 ], [ 37.933866, 49.630206, 0.0 ], [ 37.933939, 49.639746, 0.0 ], [ 37.933856, 49.642265, 0.0 ], [ 37.933639, 49.644501, 0.0 ], [ 37.933327, 49.646416, 0.0 ], [ 37.932679, 49.649287, 0.0 ], [ 37.932359, 49.651339, 0.0 ], [ 37.932307, 49.652697, 0.0 ], [ 37.932371, 49.654478, 0.0 ], [ 37.93252, 49.655764, 0.0 ], [ 37.932893, 49.657126, 0.0 ], [ 37.934362, 49.66032, 0.0 ], [ 37.935011, 49.662188, 0.0 ], [ 37.935488, 49.664243, 0.0 ], [ 37.935778, 49.666317, 0.0 ], [ 37.936594, 49.674585, 0.0 ], [ 37.936729, 49.676756, 0.0 ], [ 37.936767, 49.679205, 0.0 ], [ 37.936678, 49.681499, 0.0 ], [ 37.936457, 49.683938, 0.0 ], [ 37.936111, 49.686737, 0.0 ], [ 37.935646, 49.689928, 0.0 ], [ 37.934981, 49.695888, 0.0 ], [ 37.934767, 49.700977, 0.0 ], [ 37.934779, 49.709839, 0.0 ], [ 37.934529, 49.714098, 0.0 ], [ 37.934433, 49.714859, 0.0 ], [ 37.933714, 49.718579, 0.0 ], [ 37.9334, 49.71966, 0.0 ], [ 37.931961, 49.72336, 0.0 ], [ 37.93137, 49.724534, 0.0 ], [ 37.928961, 49.728394, 0.0 ], [ 37.928192, 49.72943, 0.0 ], [ 37.924572, 49.7336, 0.0 ], [ 37.923935, 49.734265, 0.0 ], [ 37.918346, 49.739566, 0.0 ], [ 37.91759, 49.740217, 0.0 ], [ 37.91253, 49.744188, 0.0 ], [ 37.911326, 49.745019, 0.0 ], [ 37.906556, 49.747919, 0.0 ], [ 37.904931, 49.748768, 0.0 ], [ 37.9002, 49.750878, 0.0 ], [ 37.898516, 49.751521, 0.0 ], [ 37.893556, 49.753121, 0.0 ], [ 37.892415, 49.753449, 0.0 ], [ 37.886558, 49.754924, 0.0 ], [ 37.880555, 49.756293, 0.0 ], [ 37.873871, 49.757919, 0.0 ], [ 37.865874, 49.760134, 0.0 ], [ 37.853489, 49.763648, 0.0 ], [ 37.842689, 49.766318, 0.0 ], [ 37.842001, 49.766474, 0.0 ], [ 37.833479, 49.768244, 0.0 ], [ 37.825231, 49.769666, 0.0 ], [ 37.817695, 49.770825, 0.0 ], [ 37.810382, 49.771981, 0.0 ], [ 37.802349, 49.77344, 0.0 ], [ 37.792714, 49.775526, 0.0 ], [ 37.781028, 49.778434, 0.0 ], [ 37.778091, 49.779378, 0.0 ], [ 37.776087, 49.780275, 0.0 ], [ 37.774221, 49.78135, 0.0 ], [ 37.769743, 49.784339, 0.0 ], [ 37.766542, 49.786211, 0.0 ], [ 37.764835, 49.787048, 0.0 ], [ 37.762045, 49.788208, 0.0 ], [ 37.759414, 49.789062, 0.0 ], [ 37.756033, 49.789882, 0.0 ], [ 37.753168, 49.790359, 0.0 ], [ 37.748937, 49.790759, 0.0 ], [ 37.745926, 49.79083, 0.0 ], [ 37.742516, 49.79067, 0.0 ], [ 37.738692, 49.790133, 0.0 ], [ 37.735942, 49.789473, 0.0 ], [ 37.732621, 49.788323, 0.0 ], [ 37.730361, 49.787263, 0.0 ], [ 37.72851, 49.786221, 0.0 ], [ 37.725774, 49.78434, 0.0 ], [ 37.722552, 49.781827, 0.0 ], [ 37.721075, 49.782438, 0.0 ], [ 37.718218, 49.783425, 0.0 ], [ 37.716228, 49.783995, 0.0 ], [ 37.713866, 49.784586, 0.0 ], [ 37.710799, 49.78522, 0.0 ], [ 37.709414, 49.786044, 0.0 ], [ 37.707614, 49.787264, 0.0 ], [ 37.706324, 49.788211, 0.0 ], [ 37.705459, 49.788935, 0.0 ], [ 37.703939, 49.790474, 0.0 ], [ 37.700114, 49.794911, 0.0 ], [ 37.698255, 49.796951, 0.0 ], [ 37.696643, 49.798535, 0.0 ], [ 37.694413, 49.800396, 0.0 ], [ 37.694891, 49.801194, 0.0 ], [ 37.696112, 49.802517, 0.0 ], [ 37.697143, 49.803343, 0.0 ], [ 37.700963, 49.806124, 0.0 ], [ 37.703642, 49.80819, 0.0 ], [ 37.704786, 49.809156, 0.0 ], [ 37.705572, 49.809399, 0.0 ], [ 37.708629, 49.810737, 0.0 ], [ 37.710667, 49.812063, 0.0 ], [ 37.712357, 49.813721, 0.0 ], [ 37.713648, 49.815644, 0.0 ], [ 37.713988, 49.816374, 0.0 ], [ 37.714427, 49.817641, 0.0 ], [ 37.714757, 49.819071, 0.0 ], [ 37.714909, 49.820261, 0.0 ], [ 37.714939, 49.821521, 0.0 ], [ 37.714869, 49.822573, 0.0 ], [ 37.714508, 49.824508, 0.0 ], [ 37.71361, 49.827373, 0.0 ], [ 37.713542, 49.828137, 0.0 ], [ 37.713664, 49.828813, 0.0 ], [ 37.714232, 49.830299, 0.0 ], [ 37.714758, 49.831007, 0.0 ], [ 37.71629, 49.832702, 0.0 ], [ 37.717468, 49.834183, 0.0 ], [ 37.718755, 49.836171, 0.0 ], [ 37.719923, 49.838553, 0.0 ], [ 37.720423, 49.840112, 0.0 ], [ 37.720568, 49.842003, 0.0 ], [ 37.720308, 49.843241, 0.0 ], [ 37.722181, 49.845388, 0.0 ], [ 37.726354, 49.849535, 0.0 ], [ 37.72776, 49.849824, 0.0 ], [ 37.729222, 49.850218, 0.0 ], [ 37.73111, 49.850839, 0.0 ], [ 37.732956, 49.851566, 0.0 ], [ 37.735747, 49.852889, 0.0 ], [ 37.737365, 49.853835, 0.0 ], [ 37.738337, 49.8545, 0.0 ], [ 37.74056, 49.856516, 0.0 ], [ 37.741542, 49.857733, 0.0 ], [ 37.743211, 49.859672, 0.0 ], [ 37.744822, 49.86187, 0.0 ], [ 37.745998, 49.864248, 0.0 ], [ 37.746225, 49.865099, 0.0 ], [ 37.746435, 49.867117, 0.0 ], [ 37.746159, 49.869003, 0.0 ], [ 37.745626, 49.870231, 0.0 ], [ 37.745546, 49.87126, 0.0 ], [ 37.745614, 49.872056, 0.0 ], [ 37.746028, 49.872339, 0.0 ], [ 37.747327, 49.873598, 0.0 ], [ 37.749066, 49.875769, 0.0 ], [ 37.750175, 49.8774, 0.0 ], [ 37.75103, 49.878547, 0.0 ], [ 37.752952, 49.879718, 0.0 ], [ 37.754787, 49.881287, 0.0 ], [ 37.755826, 49.882646, 0.0 ], [ 37.7561, 49.883115, 0.0 ], [ 37.757076, 49.884375, 0.0 ], [ 37.757868, 49.886249, 0.0 ], [ 37.758088, 49.887986, 0.0 ], [ 37.758821, 49.889409, 0.0 ], [ 37.760567, 49.890843, 0.0 ], [ 37.762343, 49.890912, 0.0 ], [ 37.764602, 49.89123, 0.0 ], [ 37.766562, 49.891243, 0.0 ], [ 37.769023, 49.891549, 0.0 ], [ 37.771358, 49.892135, 0.0 ], [ 37.773783, 49.893063, 0.0 ], [ 37.775595, 49.894091, 0.0 ], [ 37.777105, 49.895306, 0.0 ], [ 37.778472, 49.896968, 0.0 ], [ 37.779449, 49.899037, 0.0 ], [ 37.779471, 49.8993, 0.0 ], [ 37.780647, 49.899884, 0.0 ], [ 37.78218, 49.900839, 0.0 ], [ 37.78347, 49.901933, 0.0 ], [ 37.784093, 49.902555, 0.0 ], [ 37.785664, 49.904698, 0.0 ], [ 37.785996, 49.905368, 0.0 ], [ 37.78652, 49.90684, 0.0 ], [ 37.786611, 49.907861, 0.0 ], [ 37.787037, 49.908652, 0.0 ], [ 37.787518, 49.910387, 0.0 ], [ 37.787466, 49.912149, 0.0 ], [ 37.786874, 49.914035, 0.0 ], [ 37.786006, 49.915363, 0.0 ], [ 37.786394, 49.915715, 0.0 ], [ 37.787867, 49.917417, 0.0 ], [ 37.788736, 49.919284, 0.0 ], [ 37.789098, 49.921272, 0.0 ], [ 37.78892, 49.922814, 0.0 ], [ 37.788335, 49.924313, 0.0 ], [ 37.787351, 49.925865, 0.0 ], [ 37.789801, 49.927327, 0.0 ], [ 37.790417, 49.927916, 0.0 ], [ 37.791644, 49.928406, 0.0 ], [ 37.793159, 49.928604, 0.0 ], [ 37.795911, 49.92933, 0.0 ], [ 37.798363, 49.930415, 0.0 ], [ 37.800402, 49.931812, 0.0 ], [ 37.802014, 49.933306, 0.0 ], [ 37.804861, 49.933598, 0.0 ], [ 37.807394, 49.934149, 0.0 ], [ 37.809717, 49.935003, 0.0 ], [ 37.810447, 49.935335, 0.0 ], [ 37.813406, 49.937154, 0.0 ], [ 37.814007, 49.937651, 0.0 ], [ 37.815337, 49.938975, 0.0 ], [ 37.816257, 49.940383, 0.0 ], [ 37.817308, 49.941489, 0.0 ], [ 37.818216, 49.94282, 0.0 ], [ 37.818778, 49.944223, 0.0 ], [ 37.8201, 49.945598, 0.0 ], [ 37.821353, 49.947674, 0.0 ], [ 37.824311, 49.948362, 0.0 ], [ 37.826408, 49.949176, 0.0 ], [ 37.828252, 49.950214, 0.0 ], [ 37.829786, 49.951443, 0.0 ], [ 37.830258, 49.951898, 0.0 ], [ 37.831596, 49.953526, 0.0 ], [ 37.832391, 49.955296, 0.0 ], [ 37.832552, 49.955869, 0.0 ], [ 37.832772, 49.957698, 0.0 ], [ 37.832625, 49.958437, 0.0 ], [ 37.833014, 49.958948, 0.0 ], [ 37.83372, 49.959368, 0.0 ], [ 37.835353, 49.960823, 0.0 ], [ 37.835999, 49.961666, 0.0 ], [ 37.837367, 49.962864, 0.0 ], [ 37.839241, 49.962898, 0.0 ], [ 37.842207, 49.963115, 0.0 ], [ 37.844985, 49.962449, 0.0 ], [ 37.847705, 49.962196, 0.0 ], [ 37.84916, 49.962165, 0.0 ], [ 37.850859, 49.96196, 0.0 ], [ 37.852906, 49.961801, 0.0 ], [ 37.855951, 49.961841, 0.0 ], [ 37.85891, 49.962307, 0.0 ], [ 37.861641, 49.963176, 0.0 ], [ 37.862295, 49.963445, 0.0 ], [ 37.864518, 49.96458, 0.0 ], [ 37.866587, 49.966216, 0.0 ], [ 37.867935, 49.967833, 0.0 ], [ 37.868533, 49.969128, 0.0 ], [ 37.870977, 49.970401, 0.0 ], [ 37.872173, 49.970866, 0.0 ], [ 37.873455, 49.971644, 0.0 ], [ 37.875007, 49.971977, 0.0 ], [ 37.876515, 49.971692, 0.0 ], [ 37.878777, 49.971504, 0.0 ], [ 37.881057, 49.971557, 0.0 ], [ 37.883852, 49.971952, 0.0 ], [ 37.885886, 49.972485, 0.0 ], [ 37.886612, 49.972462, 0.0 ], [ 37.889557, 49.972778, 0.0 ], [ 37.892331, 49.973492, 0.0 ], [ 37.894805, 49.97457, 0.0 ], [ 37.896974, 49.975973, 0.0 ], [ 37.898453, 49.977437, 0.0 ], [ 37.899465, 49.979057, 0.0 ], [ 37.899973, 49.980773, 0.0 ], [ 37.89996, 49.982148, 0.0 ], [ 37.901019, 49.982703, 0.0 ], [ 37.90293, 49.984163, 0.0 ], [ 37.904355, 49.985723, 0.0 ], [ 37.905267, 49.987435, 0.0 ], [ 37.905629, 49.989231, 0.0 ], [ 37.905624, 49.990573, 0.0 ], [ 37.905533, 49.9917, 0.0 ], [ 37.906277, 49.992871, 0.0 ], [ 37.906389, 49.993294, 0.0 ], [ 37.908303, 49.994724, 0.0 ], [ 37.908995, 49.994663, 0.0 ], [ 37.911809, 49.994601, 0.0 ], [ 37.914585, 49.994904, 0.0 ], [ 37.91753, 49.995657, 0.0 ], [ 37.920036, 49.996586, 0.0 ], [ 37.922191, 49.997828, 0.0 ], [ 37.923902, 49.999329, 0.0 ], [ 37.924918, 50.000446, 0.0 ], [ 37.925808, 50.001704, 0.0 ], [ 37.926808, 50.002081, 0.0 ], [ 37.928682, 50.003111, 0.0 ], [ 37.930246, 50.004336, 0.0 ], [ 37.931288, 50.005532, 0.0 ], [ 37.936126, 50.006201, 0.0 ], [ 37.937737, 50.006235, 0.0 ], [ 37.939911, 50.006506, 0.0 ], [ 37.940491, 50.00663, 0.0 ], [ 37.942216, 50.00677, 0.0 ], [ 37.94485, 50.007342, 0.0 ], [ 37.947256, 50.008239, 0.0 ], [ 37.949338, 50.009425, 0.0 ], [ 37.951014, 50.010854, 0.0 ], [ 37.952218, 50.012469, 0.0 ], [ 37.952901, 50.014205, 0.0 ], [ 37.953037, 50.015994, 0.0 ], [ 37.95262, 50.017765, 0.0 ], [ 37.951666, 50.019448, 0.0 ], [ 37.949958, 50.021654, 0.0 ], [ 37.948273, 50.023329, 0.0 ], [ 37.947242, 50.024017, 0.0 ], [ 37.943181, 50.030143, 0.0 ], [ 37.939746, 50.036683, 0.0 ], [ 37.938707, 50.038189, 0.0 ], [ 37.93726, 50.039547, 0.0 ], [ 37.933894, 50.042156, 0.0 ], [ 37.931639, 50.043552, 0.0 ], [ 37.928029, 50.045269, 0.0 ], [ 37.920219, 50.049263, 0.0 ], [ 37.911752, 50.053473, 0.0 ], [ 37.910823, 50.054003, 0.0 ], [ 37.909305, 50.054524, 0.0 ], [ 37.90553, 50.056242, 0.0 ], [ 37.901069, 50.058132, 0.0 ], [ 37.899839, 50.058624, 0.0 ], [ 37.896556, 50.059572, 0.0 ], [ 37.89331, 50.060201, 0.0 ], [ 37.865994, 50.06355, 0.0 ], [ 37.862961, 50.064989, 0.0 ], [ 37.857879, 50.066778, 0.0 ], [ 37.855163, 50.067506, 0.0 ], [ 37.852868, 50.06778, 0.0 ], [ 37.851696, 50.068599, 0.0 ], [ 37.849339, 50.069679, 0.0 ], [ 37.841756, 50.072441, 0.0 ], [ 37.838894, 50.073227, 0.0 ], [ 37.837898, 50.073344, 0.0 ], [ 37.836691, 50.073938, 0.0 ], [ 37.834404, 50.074849, 0.0 ], [ 37.832728, 50.076004, 0.0 ], [ 37.806587, 50.09097, 0.0 ], [ 37.804508, 50.091954, 0.0 ], [ 37.802184, 50.092676, 0.0 ], [ 37.799693, 50.09311, 0.0 ], [ 37.797121, 50.093242, 0.0 ], [ 37.794555, 50.093068, 0.0 ], [ 37.772514, 50.090228, 0.0 ], [ 37.767882, 50.089514, 0.0 ], [ 37.762643, 50.08849, 0.0 ], [ 37.762111, 50.089077, 0.0 ], [ 37.756208, 50.097935, 0.0 ], [ 37.754499, 50.099824, 0.0 ], [ 37.74437, 50.108415, 0.0 ], [ 37.741522, 50.110221, 0.0 ], [ 37.738594, 50.111608, 0.0 ], [ 37.736446, 50.113073, 0.0 ], [ 37.732028, 50.117893, 0.0 ], [ 37.721839, 50.129153, 0.0 ], [ 37.722164, 50.130652, 0.0 ], [ 37.722382, 50.133278, 0.0 ], [ 37.722281, 50.134937, 0.0 ], [ 37.721707, 50.136556, 0.0 ], [ 37.720679, 50.13808, 0.0 ], [ 37.719234, 50.139456, 0.0 ], [ 37.717419, 50.140637, 0.0 ], [ 37.715297, 50.141584, 0.0 ], [ 37.71294, 50.142265, 0.0 ], [ 37.710429, 50.142655, 0.0 ], [ 37.708547, 50.142831, 0.0 ], [ 37.706593, 50.144466, 0.0 ], [ 37.705256, 50.145792, 0.0 ], [ 37.703659, 50.146893, 0.0 ], [ 37.702253, 50.147712, 0.0 ], [ 37.701479, 50.148295, 0.0 ], [ 37.699618, 50.149459, 0.0 ], [ 37.697455, 50.150381, 0.0 ], [ 37.69611, 50.150846, 0.0 ], [ 37.69506, 50.151731, 0.0 ], [ 37.693426, 50.152725, 0.0 ], [ 37.688786, 50.155125, 0.0 ], [ 37.686776, 50.155992, 0.0 ], [ 37.684563, 50.156624, 0.0 ], [ 37.684102, 50.156698, 0.0 ], [ 37.682182, 50.15774, 0.0 ], [ 37.680906, 50.158325, 0.0 ], [ 37.680738, 50.158609, 0.0 ], [ 37.679372, 50.160042, 0.0 ], [ 37.678781, 50.160461, 0.0 ], [ 37.677242, 50.162577, 0.0 ], [ 37.67505, 50.164725, 0.0 ], [ 37.668089, 50.169784, 0.0 ], [ 37.667416, 50.171237, 0.0 ], [ 37.666177, 50.172763, 0.0 ], [ 37.66573, 50.173153, 0.0 ], [ 37.664697, 50.174717, 0.0 ], [ 37.663225, 50.176128, 0.0 ], [ 37.661366, 50.177337, 0.0 ], [ 37.660502, 50.177718, 0.0 ], [ 37.658741, 50.179093, 0.0 ], [ 37.658026, 50.179455, 0.0 ], [ 37.656957, 50.180349, 0.0 ], [ 37.654973, 50.18148, 0.0 ], [ 37.653795, 50.18193, 0.0 ], [ 37.653866, 50.182243, 0.0 ], [ 37.655531, 50.185434, 0.0 ], [ 37.656158, 50.187088, 0.0 ], [ 37.657102, 50.188857, 0.0 ], [ 37.657455, 50.190712, 0.0 ], [ 37.657204, 50.192575, 0.0 ], [ 37.656358, 50.194363, 0.0 ], [ 37.654954, 50.196001, 0.0 ], [ 37.649056, 50.20145, 0.0 ], [ 37.647818, 50.202437, 0.0 ], [ 37.645034, 50.204315, 0.0 ], [ 37.6425, 50.206105, 0.0 ], [ 37.641152, 50.207133, 0.0 ], [ 37.639671, 50.208466, 0.0 ], [ 37.638603, 50.209505, 0.0 ], [ 37.635468, 50.212789, 0.0 ], [ 37.63382, 50.215461, 0.0 ], [ 37.63224, 50.217335, 0.0 ], [ 37.630018, 50.218918, 0.0 ], [ 37.628592, 50.219718, 0.0 ], [ 37.628634, 50.219915, 0.0 ], [ 37.634246, 50.227967, 0.0 ], [ 37.636255, 50.230786, 0.0 ], [ 37.637748, 50.233196, 0.0 ], [ 37.639437, 50.235844, 0.0 ], [ 37.640368, 50.23772, 0.0 ], [ 37.64086, 50.239352, 0.0 ], [ 37.641094, 50.24087, 0.0 ], [ 37.641141, 50.242237, 0.0 ], [ 37.640865, 50.243593, 0.0 ], [ 37.640234, 50.245527, 0.0 ], [ 37.639622, 50.246807, 0.0 ], [ 37.63963, 50.246981, 0.0 ], [ 37.640656, 50.25365, 0.0 ], [ 37.640656, 50.255413, 0.0 ], [ 37.64012, 50.257142, 0.0 ], [ 37.639068, 50.258771, 0.0 ], [ 37.637541, 50.260237, 0.0 ], [ 37.635596, 50.261483, 0.0 ], [ 37.63331, 50.262463, 0.0 ], [ 37.630769, 50.263137, 0.0 ], [ 37.628072, 50.263481, 0.0 ], [ 37.627115, 50.263481, 0.0 ], [ 37.627219, 50.262238, 0.0 ], [ 37.628049, 50.260893, 0.0 ], [ 37.626699, 50.25454, 0.0 ], [ 37.625629, 50.247569, 0.0 ], [ 37.62555, 50.24601, 0.0 ], [ 37.625614, 50.245083, 0.0 ], [ 37.626508, 50.243686, 0.0 ], [ 37.627139, 50.241752, 0.0 ], [ 37.626906, 50.240234, 0.0 ], [ 37.626458, 50.239247, 0.0 ], [ 37.62473, 50.236535, 0.0 ], [ 37.623504, 50.234524, 0.0 ], [ 37.621472, 50.231671, 0.0 ], [ 37.615012, 50.2224, 0.0 ], [ 37.61444, 50.219668, 0.0 ], [ 37.614613, 50.217851, 0.0 ], [ 37.614901, 50.216795, 0.0 ], [ 37.615679, 50.215654, 0.0 ], [ 37.617197, 50.214166, 0.0 ], [ 37.62079, 50.21215, 0.0 ], [ 37.622886, 50.208754, 0.0 ], [ 37.626778, 50.204679, 0.0 ], [ 37.628114, 50.203379, 0.0 ], [ 37.630069, 50.201619, 0.0 ], [ 37.631952, 50.200183, 0.0 ], [ 37.634817, 50.19816, 0.0 ], [ 37.637552, 50.196318, 0.0 ], [ 37.64345, 50.19087, 0.0 ], [ 37.64225, 50.18984, 0.0 ], [ 37.64225, 50.18829, 0.0 ], [ 37.64019, 50.18434, 0.0 ], [ 37.63933, 50.18057, 0.0 ], [ 37.63899, 50.17988, 0.0 ], [ 37.63899, 50.17937, 0.0 ], [ 37.64088, 50.17748, 0.0 ], [ 37.6407, 50.17593, 0.0 ], [ 37.64379, 50.17404, 0.0 ], [ 37.64517, 50.17422, 0.0 ], [ 37.64568, 50.17439, 0.0 ], [ 37.64671, 50.17422, 0.0 ], [ 37.64723, 50.17336, 0.0 ], [ 37.64894, 50.17267, 0.0 ], [ 37.64997, 50.17095, 0.0 ], [ 37.65238, 50.17044, 0.0 ], [ 37.65272, 50.16975, 0.0 ], [ 37.65289, 50.16889, 0.0 ], [ 37.65444, 50.16786, 0.0 ], [ 37.65512, 50.16563, 0.0 ], [ 37.66456, 50.15877, 0.0 ], [ 37.66731, 50.15499, 0.0 ], [ 37.66817, 50.15465, 0.0 ], [ 37.668, 50.15362, 0.0 ], [ 37.66851, 50.15276, 0.0 ], [ 37.67109, 50.15139, 0.0 ], [ 37.67315, 50.15087, 0.0 ], [ 37.677476, 50.148522, 0.0 ], [ 37.677647, 50.148362, 0.0 ], [ 37.68001, 50.14812, 0.0 ], [ 37.68465, 50.14572, 0.0 ], [ 37.68637, 50.144, 0.0 ], [ 37.69083, 50.14246, 0.0 ], [ 37.6922, 50.14143, 0.0 ], [ 37.69426, 50.14023, 0.0 ], [ 37.694462, 50.139853, 0.0 ], [ 37.69976, 50.13542, 0.0 ], [ 37.70164, 50.13439, 0.0 ], [ 37.708411, 50.133756, 0.0 ], [ 37.708194, 50.13113, 0.0 ], [ 37.707071, 50.129349, 0.0 ], [ 37.706678, 50.12802, 0.0 ], [ 37.71996, 50.113348, 0.0 ], [ 37.725196, 50.107637, 0.0 ], [ 37.729286, 50.104848, 0.0 ], [ 37.73323, 50.10298, 0.0 ], [ 37.74336, 50.09439, 0.0 ], [ 37.749602, 50.085028, 0.0 ], [ 37.756155, 50.077785, 0.0 ], [ 37.771169, 50.080773, 0.0 ], [ 37.775261, 50.08141, 0.0 ], [ 37.797298, 50.08425, 0.0 ], [ 37.823439, 50.069286, 0.0 ], [ 37.823902, 50.068457, 0.0 ], [ 37.829334, 50.066292, 0.0 ], [ 37.829393, 50.065262, 0.0 ], [ 37.830708, 50.064196, 0.0 ], [ 37.834875, 50.064614, 0.0 ], [ 37.842458, 50.061852, 0.0 ], [ 37.84219, 50.060948, 0.0 ], [ 37.842347, 50.060397, 0.0 ], [ 37.843058, 50.060046, 0.0 ], [ 37.843842, 50.060125, 0.0 ], [ 37.847687, 50.059062, 0.0 ], [ 37.851179, 50.058886, 0.0 ], [ 37.856261, 50.057098, 0.0 ], [ 37.85895, 50.055426, 0.0 ], [ 37.862687, 50.0548, 0.0 ], [ 37.882428, 50.052381, 0.0 ], [ 37.887686, 50.051748, 0.0 ], [ 37.889284, 50.051589, 0.0 ], [ 37.89253, 50.05096, 0.0 ], [ 37.89785, 50.04873, 0.0 ], [ 37.90197, 50.04684, 0.0 ], [ 37.902851, 50.046619, 0.0 ], [ 37.903216, 50.046355, 0.0 ], [ 37.911683, 50.042145, 0.0 ], [ 37.919564, 50.038114, 0.0 ], [ 37.923154, 50.036409, 0.0 ], [ 37.92652, 50.0338, 0.0 ], [ 37.93013, 50.02693, 0.0 ], [ 37.934795, 50.019896, 0.0 ], [ 37.93682, 50.01783, 0.0 ], [ 37.937473, 50.017632, 0.0 ], [ 37.939098, 50.015536, 0.0 ], [ 37.937089, 50.01542, 0.0 ], [ 37.936177, 50.015172, 0.0 ], [ 37.934949, 50.015209, 0.0 ], [ 37.934251, 50.01514, 0.0 ], [ 37.926438, 50.014059, 0.0 ], [ 37.925835, 50.014067, 0.0 ], [ 37.924568, 50.013813, 0.0 ], [ 37.923228, 50.013058, 0.0 ], [ 37.921599, 50.012449, 0.0 ], [ 37.919718, 50.010829, 0.0 ], [ 37.918729, 50.009414, 0.0 ], [ 37.91594, 50.008566, 0.0 ], [ 37.913236, 50.006885, 0.0 ], [ 37.912878, 50.004992, 0.0 ], [ 37.911863, 50.003875, 0.0 ], [ 37.910879, 50.003574, 0.0 ], [ 37.909934, 50.003657, 0.0 ], [ 37.90869, 50.003912, 0.0 ], [ 37.906834, 50.00416, 0.0 ], [ 37.90516, 50.004188, 0.0 ], [ 37.904345, 50.004284, 0.0 ], [ 37.902703, 50.004615, 0.0 ], [ 37.901223, 50.004608, 0.0 ], [ 37.900182, 50.004381, 0.0 ], [ 37.899227, 50.003698, 0.0 ], [ 37.898519, 50.002864, 0.0 ], [ 37.898401, 50.002388, 0.0 ], [ 37.898498, 50.001767, 0.0 ], [ 37.898122, 50.000781, 0.0 ], [ 37.89692, 50.000057, 0.0 ], [ 37.89662, 49.999685, 0.0 ], [ 37.895096, 49.999257, 0.0 ], [ 37.894292, 49.998664, 0.0 ], [ 37.894067, 49.99763, 0.0 ], [ 37.893809, 49.997278, 0.0 ], [ 37.893112, 49.99696, 0.0 ], [ 37.892693, 49.996374, 0.0 ], [ 37.892908, 49.995809, 0.0 ], [ 37.892865, 49.995347, 0.0 ], [ 37.892243, 49.994767, 0.0 ], [ 37.891674, 49.993084, 0.0 ], [ 37.891578, 49.991188, 0.0 ], [ 37.891685, 49.989484, 0.0 ], [ 37.891331, 49.989173, 0.0 ], [ 37.890794, 49.989015, 0.0 ], [ 37.889689, 49.989084, 0.0 ], [ 37.888155, 49.989001, 0.0 ], [ 37.887114, 49.988587, 0.0 ], [ 37.886696, 49.986794, 0.0 ], [ 37.886106, 49.985476, 0.0 ], [ 37.885741, 49.984255, 0.0 ], [ 37.885505, 49.983779, 0.0 ], [ 37.884936, 49.983234, 0.0 ], [ 37.88485, 49.982475, 0.0 ], [ 37.885923, 49.98193, 0.0 ], [ 37.886084, 49.981592, 0.0 ], [ 37.885805, 49.98144, 0.0 ], [ 37.88499, 49.981523, 0.0 ], [ 37.883424, 49.981827, 0.0 ], [ 37.881718, 49.981475, 0.0 ], [ 37.87998, 49.980592, 0.0 ], [ 37.878971, 49.98055, 0.0 ], [ 37.878531, 49.981392, 0.0 ], [ 37.878242, 49.981626, 0.0 ], [ 37.875774, 49.981896, 0.0 ], [ 37.874765, 49.98213, 0.0 ], [ 37.873939, 49.981889, 0.0 ], [ 37.87322, 49.98153, 0.0 ], [ 37.872083, 49.981268, 0.0 ], [ 37.870109, 49.980364, 0.0 ], [ 37.867695, 49.98004, 0.0 ], [ 37.866912, 49.97984, 0.0 ], [ 37.864906, 49.978929, 0.0 ], [ 37.863747, 49.978032, 0.0 ], [ 37.862964, 49.977797, 0.0 ], [ 37.859777, 49.976072, 0.0 ], [ 37.857631, 49.975203, 0.0 ], [ 37.855196, 49.974327, 0.0 ], [ 37.85452, 49.973892, 0.0 ], [ 37.854402, 49.972968, 0.0 ], [ 37.855035, 49.971663, 0.0 ], [ 37.855046, 49.971263, 0.0 ], [ 37.854145, 49.970759, 0.0 ], [ 37.853415, 49.970801, 0.0 ], [ 37.850572, 49.971173, 0.0 ], [ 37.84833, 49.97118, 0.0 ], [ 37.847761, 49.971794, 0.0 ], [ 37.846538, 49.972091, 0.0 ], [ 37.844038, 49.972229, 0.0 ], [ 37.841238, 49.972105, 0.0 ], [ 37.838695, 49.971884, 0.0 ], [ 37.837075, 49.971843, 0.0 ], [ 37.836367, 49.972077, 0.0 ], [ 37.83568, 49.973106, 0.0 ], [ 37.834897, 49.973423, 0.0 ], [ 37.832462, 49.973651, 0.0 ], [ 37.830777, 49.973733, 0.0 ], [ 37.83009, 49.973444, 0.0 ], [ 37.829146, 49.972478, 0.0 ], [ 37.829018, 49.97196, 0.0 ], [ 37.828299, 49.971339, 0.0 ], [ 37.827387, 49.970822, 0.0 ] ] ] }, { "type": "Polygon", "coordinates": [ [ [ 37.377726, 50.432738, 0.0 ], [ 37.396718, 50.4312, 0.0 ], [ 37.403623, 50.432278, 0.0 ], [ 37.408101, 50.432768, 0.0 ], [ 37.412695, 50.43328, 0.0 ], [ 37.421258, 50.434852, 0.0 ], [ 37.430666, 50.441821, 0.0 ], [ 37.43159, 50.443445, 0.0 ], [ 37.433405, 50.444025, 0.0 ], [ 37.437543, 50.445348, 0.0 ], [ 37.443701, 50.447305, 0.0 ], [ 37.451521, 50.449097, 0.0 ], [ 37.45258, 50.44934, 0.0 ], [ 37.452742, 50.449384, 0.0 ], [ 37.458227, 50.450893, 0.0 ], [ 37.468887, 50.453619, 0.0 ], [ 37.473126, 50.455616, 0.0 ], [ 37.47386, 50.456276, 0.0 ], [ 37.47689, 50.459439, 0.0 ], [ 37.49102, 50.45746, 0.0 ], [ 37.48999, 50.4554, 0.0 ], [ 37.48861, 50.45299, 0.0 ], [ 37.48604, 50.44784, 0.0 ], [ 37.48488, 50.445663, 0.0 ], [ 37.48449, 50.44493, 0.0 ], [ 37.485308, 50.436365, 0.0 ], [ 37.484704, 50.434692, 0.0 ], [ 37.481447, 50.432541, 0.0 ], [ 37.477893, 50.431227, 0.0 ], [ 37.465534, 50.430959, 0.0 ], [ 37.465114, 50.43095, 0.0 ], [ 37.463729, 50.424376, 0.0 ], [ 37.46369, 50.423129, 0.0 ], [ 37.462927, 50.422742, 0.0 ], [ 37.464199, 50.419924, 0.0 ], [ 37.462398, 50.418478, 0.0 ], [ 37.463592, 50.415784, 0.0 ], [ 37.465062, 50.415215, 0.0 ], [ 37.464473, 50.414122, 0.0 ], [ 37.4646, 50.413687, 0.0 ], [ 37.466891, 50.413957, 0.0 ], [ 37.469454, 50.414609, 0.0 ], [ 37.471769, 50.415568, 0.0 ], [ 37.473747, 50.416797, 0.0 ], [ 37.474143, 50.417164, 0.0 ], [ 37.474635, 50.417476, 0.0 ], [ 37.476302, 50.419137, 0.0 ], [ 37.477362, 50.420991, 0.0 ], [ 37.477614, 50.422224, 0.0 ], [ 37.478369, 50.42224, 0.0 ], [ 37.480655, 50.42241, 0.0 ], [ 37.482866, 50.422815, 0.0 ], [ 37.484945, 50.423445, 0.0 ], [ 37.488498, 50.424758, 0.0 ], [ 37.491566, 50.426289, 0.0 ], [ 37.494823, 50.42844, 0.0 ], [ 37.496417, 50.429703, 0.0 ], [ 37.49763, 50.431129, 0.0 ], [ 37.498422, 50.432671, 0.0 ], [ 37.499027, 50.434344, 0.0 ], [ 37.499361, 50.436912, 0.0 ], [ 37.498714, 50.443712, 0.0 ], [ 37.499457, 50.44511, 0.0 ], [ 37.501939, 50.450079, 0.0 ], [ 37.503218, 50.452312, 0.0 ], [ 37.504438, 50.454725, 0.0 ], [ 37.505033, 50.456552, 0.0 ], [ 37.505025, 50.458419, 0.0 ], [ 37.504414, 50.460244, 0.0 ], [ 37.503225, 50.46195, 0.0 ], [ 37.50151, 50.463462, 0.0 ], [ 37.499342, 50.464715, 0.0 ], [ 37.496816, 50.465656, 0.0 ], [ 37.49404, 50.466243, 0.0 ], [ 37.479908, 50.468222, 0.0 ], [ 37.477025, 50.468431, 0.0 ], [ 37.474136, 50.468258, 0.0 ], [ 37.471365, 50.46771, 0.0 ], [ 37.468827, 50.466813, 0.0 ], [ 37.466632, 50.465602, 0.0 ], [ 37.464872, 50.46413, 0.0 ], [ 37.462731, 50.461894, 0.0 ], [ 37.461975, 50.461538, 0.0 ], [ 37.452989, 50.45924, 0.0 ], [ 37.447421, 50.457711, 0.0 ], [ 37.44676, 50.45756, 0.0 ], [ 37.438942, 50.455768, 0.0 ], [ 37.437426, 50.455355, 0.0 ], [ 37.431267, 50.453398, 0.0 ], [ 37.427101, 50.452066, 0.0 ], [ 37.425287, 50.451486, 0.0 ], [ 37.423027, 50.450584, 0.0 ], [ 37.421074, 50.449425, 0.0 ], [ 37.419497, 50.448053, 0.0 ], [ 37.418354, 50.446515, 0.0 ], [ 37.418313, 50.446442, 0.0 ], [ 37.413334, 50.442754, 0.0 ], [ 37.409531, 50.442055, 0.0 ], [ 37.405702, 50.441628, 0.0 ], [ 37.401245, 50.441141, 0.0 ], [ 37.400281, 50.441013, 0.0 ], [ 37.395906, 50.44033, 0.0 ], [ 37.379703, 50.441642, 0.0 ], [ 37.376944, 50.441691, 0.0 ], [ 37.374223, 50.441395, 0.0 ], [ 37.371644, 50.440766, 0.0 ], [ 37.369308, 50.439828, 0.0 ], [ 37.367303, 50.438616, 0.0 ], [ 37.365707, 50.437178, 0.0 ], [ 37.36458, 50.435569, 0.0 ], [ 37.364332, 50.434874, 0.0 ], [ 37.366706, 50.434365, 0.0 ], [ 37.368418, 50.434112, 0.0 ], [ 37.377726, 50.432738, 0.0 ] ] ] }, { "type": "Polygon", "coordinates": [ [ [ 36.715814, 50.274495, 0.0 ], [ 36.716995, 50.275247, 0.0 ], [ 36.718175, 50.27608, 0.0 ], [ 36.718926, 50.276605, 0.0 ], [ 36.719715, 50.277133, 0.0 ], [ 36.720144, 50.277246, 0.0 ], [ 36.720536, 50.277277, 0.0 ], [ 36.724935, 50.277225, 0.0 ], [ 36.729087, 50.277033, 0.0 ], [ 36.73983, 50.28305, 0.0 ], [ 36.74103, 50.28305, 0.0 ], [ 36.74188, 50.28202, 0.0 ], [ 36.74274, 50.28185, 0.0 ], [ 36.7448, 50.28202, 0.0 ], [ 36.74446, 50.28047, 0.0 ], [ 36.74703, 50.28013, 0.0 ], [ 36.74824, 50.28013, 0.0 ], [ 36.74892, 50.28013, 0.0 ], [ 36.74978, 50.28082, 0.0 ], [ 36.75115, 50.28253, 0.0 ], [ 36.74909, 50.287, 0.0 ], [ 36.74858, 50.28734, 0.0 ], [ 36.74841, 50.28786, 0.0 ], [ 36.75167, 50.28906, 0.0 ], [ 36.75321, 50.2894, 0.0 ], [ 36.7551, 50.29043, 0.0 ], [ 36.759406, 50.289805, 0.0 ], [ 36.76005, 50.289908, 0.0 ], [ 36.761037, 50.289744, 0.0 ], [ 36.76196, 50.289319, 0.0 ], [ 36.762206, 50.289284, 0.0 ], [ 36.762185, 50.289442, 0.0 ], [ 36.762031, 50.289506, 0.0 ], [ 36.761882, 50.289584, 0.0 ], [ 36.761803, 50.289667, 0.0 ], [ 36.761806, 50.289759, 0.0 ], [ 36.761933, 50.289856, 0.0 ], [ 36.76231, 50.289904, 0.0 ], [ 36.762467, 50.289914, 0.0 ], [ 36.76266, 50.29009, 0.0 ], [ 36.763124, 50.290304, 0.0 ], [ 36.763483, 50.290537, 0.0 ], [ 36.763671, 50.29065, 0.0 ], [ 36.763848, 50.290676, 0.0 ], [ 36.764653, 50.290669, 0.0 ], [ 36.765457, 50.290511, 0.0 ], [ 36.765994, 50.290333, 0.0 ], [ 36.766123, 50.290073, 0.0 ], [ 36.765994, 50.289846, 0.0 ], [ 36.765962, 50.28962, 0.0 ], [ 36.766166, 50.289524, 0.0 ], [ 36.766305, 50.289703, 0.0 ], [ 36.766627, 50.289977, 0.0 ], [ 36.766927, 50.290038, 0.0 ], [ 36.769792, 50.28949, 0.0 ], [ 36.7705, 50.289387, 0.0 ], [ 36.771927, 50.288777, 0.0 ], [ 36.772378, 50.289284, 0.0 ], [ 36.770393, 50.290018, 0.0 ], [ 36.769588, 50.290313, 0.0 ], [ 36.767249, 50.291074, 0.0 ], [ 36.764738, 50.291855, 0.0 ], [ 36.764191, 50.291951, 0.0 ], [ 36.76609, 50.2961, 0.0 ], [ 36.768006, 50.301707, 0.0 ], [ 36.768478, 50.301704, 0.0 ], [ 36.769111, 50.301717, 0.0 ], [ 36.769947, 50.301998, 0.0 ], [ 36.770538, 50.302423, 0.0 ], [ 36.771294, 50.302872, 0.0 ], [ 36.772597, 50.302995, 0.0 ], [ 36.773102, 50.303013, 0.0 ], [ 36.773922, 50.302985, 0.0 ], [ 36.774609, 50.30291, 0.0 ], [ 36.775312, 50.302965, 0.0 ], [ 36.776572, 50.303023, 0.0 ], [ 36.778337, 50.302845, 0.0 ], [ 36.779099, 50.302684, 0.0 ], [ 36.779324, 50.302536, 0.0 ], [ 36.77941, 50.302303, 0.0 ], [ 36.779475, 50.302101, 0.0 ], [ 36.779625, 50.302026, 0.0 ], [ 36.779893, 50.302029, 0.0 ], [ 36.780167, 50.302135, 0.0 ], [ 36.780285, 50.30231, 0.0 ], [ 36.780338, 50.302516, 0.0 ], [ 36.780462, 50.302711, 0.0 ], [ 36.780751, 50.302862, 0.0 ], [ 36.781567, 50.303023, 0.0 ], [ 36.781712, 50.303143, 0.0 ], [ 36.78205, 50.30317, 0.0 ], [ 36.782919, 50.303434, 0.0 ], [ 36.783739, 50.303509, 0.0 ], [ 36.784866, 50.303598, 0.0 ], [ 36.784957, 50.303866, 0.0 ], [ 36.784989, 50.304047, 0.0 ], [ 36.785204, 50.304321, 0.0 ], [ 36.785526, 50.304534, 0.0 ], [ 36.785756, 50.304633, 0.0 ], [ 36.78617, 50.30468, 0.0 ], [ 36.78964, 50.304924, 0.0 ], [ 36.79081, 50.305103, 0.0 ], [ 36.793835, 50.30564, 0.0 ], [ 36.795058, 50.305716, 0.0 ], [ 36.797011, 50.305692, 0.0 ], [ 36.80008, 50.30605, 0.0 ], [ 36.80368, 50.30914, 0.0 ], [ 36.80969, 50.31155, 0.0 ], [ 36.81923, 50.313058, 0.0 ], [ 36.820942, 50.313404, 0.0 ], [ 36.826698, 50.312849, 0.0 ], [ 36.828548, 50.312684, 0.0 ], [ 36.829259, 50.312668, 0.0 ], [ 36.829568, 50.312438, 0.0 ], [ 36.829991, 50.312194, 0.0 ], [ 36.830262, 50.312085, 0.0 ], [ 36.830643, 50.312042, 0.0 ], [ 36.830957, 50.312153, 0.0 ], [ 36.831284, 50.312462, 0.0 ], [ 36.831638, 50.31266, 0.0 ], [ 36.832185, 50.312808, 0.0 ], [ 36.832658, 50.312857, 0.0 ], [ 36.83287, 50.31309, 0.0 ], [ 36.85226, 50.32768, 0.0 ], [ 36.854435, 50.32873, 0.0 ], [ 36.858565, 50.330888, 0.0 ], [ 36.860802, 50.33133, 0.0 ], [ 36.862322, 50.332, 0.0 ], [ 36.863597, 50.33269, 0.0 ], [ 36.864593, 50.333506, 0.0 ], [ 36.869941, 50.335967, 0.0 ], [ 36.870386, 50.336779, 0.0 ], [ 36.870278, 50.337728, 0.0 ], [ 36.873734, 50.338546, 0.0 ], [ 36.87659, 50.338128, 0.0 ], [ 36.878738, 50.337307, 0.0 ], [ 36.882041, 50.337566, 0.0 ], [ 36.882941, 50.339058, 0.0 ], [ 36.883509, 50.338109, 0.0 ], [ 36.884977, 50.337746, 0.0 ], [ 36.886643, 50.337945, 0.0 ], [ 36.890504, 50.338946, 0.0 ], [ 36.911276, 50.345256, 0.0 ], [ 36.916077, 50.346662, 0.0 ], [ 36.920077, 50.347333, 0.0 ], [ 36.920449, 50.347323, 0.0 ], [ 36.92062, 50.34732, 0.0 ], [ 36.920999, 50.347349, 0.0 ], [ 36.921327, 50.347421, 0.0 ], [ 36.921429, 50.34748, 0.0 ], [ 36.93761, 50.350456, 0.0 ], [ 36.957746, 50.349377, 0.0 ], [ 36.978375, 50.349334, 0.0 ], [ 36.97911, 50.349691, 0.0 ], [ 36.980128, 50.349868, 0.0 ], [ 36.981425, 50.349578, 0.0 ], [ 36.982154, 50.349906, 0.0 ], [ 37.002599, 50.349118, 0.0 ], [ 37.005152, 50.349098, 0.0 ], [ 37.007662, 50.349127, 0.0 ], [ 37.01103, 50.349079, 0.0 ], [ 37.020837, 50.348941, 0.0 ], [ 37.028167, 50.348906, 0.0 ], [ 37.037534, 50.348753, 0.0 ], [ 37.044529, 50.344956, 0.0 ], [ 37.052184, 50.346309, 0.0 ], [ 37.059255, 50.347242, 0.0 ], [ 37.06132, 50.34726, 0.0 ], [ 37.069204, 50.346828, 0.0 ], [ 37.070801, 50.346657, 0.0 ], [ 37.082355, 50.348134, 0.0 ], [ 37.093356, 50.349981, 0.0 ], [ 37.102345, 50.351258, 0.0 ], [ 37.105321, 50.351851, 0.0 ], [ 37.105455, 50.353326, 0.0 ], [ 37.104329, 50.354554, 0.0 ], [ 37.102585, 50.35732, 0.0 ], [ 37.13835, 50.361129, 0.0 ], [ 37.147569, 50.356476, 0.0 ], [ 37.148902, 50.356084, 0.0 ], [ 37.15108, 50.356314, 0.0 ], [ 37.152979, 50.356464, 0.0 ], [ 37.161846, 50.359421, 0.0 ], [ 37.171286, 50.361141, 0.0 ], [ 37.172496, 50.361311, 0.0 ], [ 37.176859, 50.362099, 0.0 ], [ 37.178144, 50.362306, 0.0 ], [ 37.18167, 50.363059, 0.0 ], [ 37.187696, 50.36568, 0.0 ], [ 37.198586, 50.369891, 0.0 ], [ 37.210256, 50.373671, 0.0 ], [ 37.213013, 50.374218, 0.0 ], [ 37.215159, 50.374922, 0.0 ], [ 37.222993, 50.378062, 0.0 ], [ 37.22178, 50.379288, 0.0 ], [ 37.226686, 50.381238, 0.0 ], [ 37.233624, 50.383909, 0.0 ], [ 37.233118, 50.384324, 0.0 ], [ 37.231031, 50.385476, 0.0 ], [ 37.228633, 50.386346, 0.0 ], [ 37.226015, 50.386899, 0.0 ], [ 37.223279, 50.387116, 0.0 ], [ 37.220529, 50.386987, 0.0 ], [ 37.217872, 50.386517, 0.0 ], [ 37.215409, 50.385725, 0.0 ], [ 37.214487, 50.385265, 0.0 ], [ 37.208202, 50.382746, 0.0 ], [ 37.207681, 50.382575, 0.0 ], [ 37.206089, 50.382259, 0.0 ], [ 37.203903, 50.381693, 0.0 ], [ 37.192232, 50.377912, 0.0 ], [ 37.191312, 50.377586, 0.0 ], [ 37.180421, 50.373374, 0.0 ], [ 37.179791, 50.373115, 0.0 ], [ 37.175373, 50.371194, 0.0 ], [ 37.174196, 50.370942, 0.0 ], [ 37.173039, 50.370752, 0.0 ], [ 37.169075, 50.370036, 0.0 ], [ 37.16827, 50.369923, 0.0 ], [ 37.167436, 50.369789, 0.0 ], [ 37.157994, 50.368068, 0.0 ], [ 37.155348, 50.367394, 0.0 ], [ 37.151303, 50.366045, 0.0 ], [ 37.147057, 50.368188, 0.0 ], [ 37.144588, 50.369187, 0.0 ], [ 37.14185, 50.369837, 0.0 ], [ 37.13896, 50.370112, 0.0 ], [ 37.136045, 50.369999, 0.0 ], [ 37.100273, 50.366189, 0.0 ], [ 37.097581, 50.365722, 0.0 ], [ 37.095085, 50.364925, 0.0 ], [ 37.092885, 50.363827, 0.0 ], [ 37.091068, 50.362474, 0.0 ], [ 37.089704, 50.360917, 0.0 ], [ 37.088847, 50.359219, 0.0 ], [ 37.088719, 50.358498, 0.0 ], [ 37.079192, 50.356899, 0.0 ], [ 37.070457, 50.355782, 0.0 ], [ 37.070404, 50.355787, 0.0 ], [ 37.062518, 50.356219, 0.0 ], [ 37.061129, 50.356251, 0.0 ], [ 37.059063, 50.356233, 0.0 ], [ 37.056417, 50.356048, 0.0 ], [ 37.049345, 50.355115, 0.0 ], [ 37.048443, 50.354976, 0.0 ], [ 37.047952, 50.354889, 0.0 ], [ 37.046625, 50.35561, 0.0 ], [ 37.043993, 50.356738, 0.0 ], [ 37.041032, 50.357461, 0.0 ], [ 37.037894, 50.357741, 0.0 ], [ 37.028525, 50.357894, 0.0 ], [ 37.021044, 50.357932, 0.0 ], [ 37.011341, 50.358068, 0.0 ], [ 37.007975, 50.358116, 0.0 ], [ 37.005111, 50.35809, 0.0 ], [ 37.003109, 50.358106, 0.0 ], [ 36.982997, 50.358881, 0.0 ], [ 36.980742, 50.358806, 0.0 ], [ 36.979217, 50.35884, 0.0 ], [ 36.976442, 50.358545, 0.0 ], [ 36.975424, 50.358367, 0.0 ], [ 36.975277, 50.358332, 0.0 ], [ 36.958356, 50.358367, 0.0 ], [ 36.938781, 50.359416, 0.0 ], [ 36.936232, 50.359404, 0.0 ], [ 36.933729, 50.359097, 0.0 ], [ 36.918007, 50.356206, 0.0 ], [ 36.916513, 50.35603, 0.0 ], [ 36.912513, 50.355359, 0.0 ], [ 36.910229, 50.354838, 0.0 ], [ 36.905252, 50.353379, 0.0 ], [ 36.886571, 50.347704, 0.0 ], [ 36.885759, 50.347866, 0.0 ], [ 36.882959, 50.348049, 0.0 ], [ 36.880159, 50.347871, 0.0 ], [ 36.87747, 50.347339, 0.0 ], [ 36.877234, 50.347257, 0.0 ], [ 36.876866, 50.347311, 0.0 ], [ 36.874181, 50.347532, 0.0 ], [ 36.871479, 50.34742, 0.0 ], [ 36.868861, 50.346979, 0.0 ], [ 36.865404, 50.346161, 0.0 ], [ 36.863073, 50.345447, 0.0 ], [ 36.860986, 50.344472, 0.0 ], [ 36.859213, 50.343268, 0.0 ], [ 36.857815, 50.341878, 0.0 ], [ 36.857439, 50.341288, 0.0 ], [ 36.856392, 50.340806, 0.0 ], [ 36.854091, 50.339391, 0.0 ], [ 36.851929, 50.338812, 0.0 ], [ 36.849682, 50.337853, 0.0 ], [ 36.845761, 50.335804, 0.0 ], [ 36.843802, 50.334858, 0.0 ], [ 36.841563, 50.333507, 0.0 ], [ 36.826251, 50.321984, 0.0 ], [ 36.823032, 50.322295, 0.0 ], [ 36.819846, 50.322367, 0.0 ], [ 36.816715, 50.321978, 0.0 ], [ 36.81543, 50.321718, 0.0 ], [ 36.806324, 50.320279, 0.0 ], [ 36.804212, 50.319828, 0.0 ], [ 36.802238, 50.31917, 0.0 ], [ 36.796227, 50.31676, 0.0 ], [ 36.794164, 50.315751, 0.0 ], [ 36.792533, 50.314592, 0.0 ], [ 36.792479, 50.314589, 0.0 ], [ 36.790085, 50.314304, 0.0 ], [ 36.787302, 50.31381, 0.0 ], [ 36.787233, 50.3138, 0.0 ], [ 36.784637, 50.313617, 0.0 ], [ 36.783719, 50.313533, 0.0 ], [ 36.783305, 50.313486, 0.0 ], [ 36.780502, 50.31297, 0.0 ], [ 36.777925, 50.312095, 0.0 ], [ 36.777695, 50.311996, 0.0 ], [ 36.777583, 50.311936, 0.0 ], [ 36.775565, 50.311991, 0.0 ], [ 36.774786, 50.311955, 0.0 ], [ 36.77467, 50.311963, 0.0 ], [ 36.773849, 50.311991, 0.0 ], [ 36.772322, 50.31199, 0.0 ], [ 36.771817, 50.311972, 0.0 ], [ 36.77055, 50.31189, 0.0 ], [ 36.769247, 50.311767, 0.0 ], [ 36.766522, 50.311327, 0.0 ], [ 36.763989, 50.31055, 0.0 ], [ 36.763077, 50.310108, 0.0 ], [ 36.762796, 50.310056, 0.0 ], [ 36.760369, 50.309251, 0.0 ], [ 36.758231, 50.30816, 0.0 ], [ 36.756464, 50.306824, 0.0 ], [ 36.755134, 50.305294, 0.0 ], [ 36.754293, 50.303629, 0.0 ], [ 36.752811, 50.299288, 0.0 ], [ 36.750501, 50.298924, 0.0 ], [ 36.748134, 50.298235, 0.0 ], [ 36.746006, 50.297278, 0.0 ], [ 36.745865, 50.297201, 0.0 ], [ 36.744678, 50.296856, 0.0 ], [ 36.741418, 50.295655, 0.0 ], [ 36.739042, 50.294554, 0.0 ], [ 36.737075, 50.293161, 0.0 ], [ 36.735663, 50.291602, 0.0 ], [ 36.734898, 50.291467, 0.0 ], [ 36.732631, 50.290767, 0.0 ], [ 36.730595, 50.289819, 0.0 ], [ 36.719969, 50.283867, 0.0 ], [ 36.718086, 50.282583, 0.0 ], [ 36.71663, 50.281087, 0.0 ], [ 36.715658, 50.279439, 0.0 ], [ 36.715206, 50.2777, 0.0 ], [ 36.715292, 50.275938, 0.0 ], [ 36.715814, 50.274495, 0.0 ] ] ] }, { "type": "Polygon", "coordinates": [ [ [ 36.359575, 50.296111, 0.0 ], [ 36.357324, 50.295907, 0.0 ], [ 36.354727, 50.295325, 0.0 ], [ 36.352358, 50.294429, 0.0 ], [ 36.350307, 50.293255, 0.0 ], [ 36.348653, 50.291846, 0.0 ], [ 36.34746, 50.290258, 0.0 ], [ 36.346774, 50.288553, 0.0 ], [ 36.347663, 50.288518, 0.0 ], [ 36.348538, 50.288513, 0.0 ], [ 36.349954, 50.288508, 0.0 ], [ 36.350407, 50.288505, 0.0 ], [ 36.350855, 50.28852, 0.0 ], [ 36.352201, 50.288582, 0.0 ], [ 36.352867, 50.288606, 0.0 ], [ 36.353164, 50.288618, 0.0 ], [ 36.353669, 50.288568, 0.0 ], [ 36.353977, 50.288536, 0.0 ], [ 36.354417, 50.288481, 0.0 ], [ 36.355117, 50.288419, 0.0 ], [ 36.35567, 50.288253, 0.0 ], [ 36.356305, 50.288049, 0.0 ], [ 36.356917, 50.287944, 0.0 ], [ 36.357641, 50.287835, 0.0 ], [ 36.357952, 50.287771, 0.0 ], [ 36.358577, 50.28759, 0.0 ], [ 36.359223, 50.287416, 0.0 ], [ 36.359706, 50.28731, 0.0 ], [ 36.360433, 50.287166, 0.0 ], [ 36.361211, 50.287187, 0.0 ], [ 36.361973, 50.287207, 0.0 ], [ 36.363013, 50.287305, 0.0 ], [ 36.363138, 50.287438, 0.0 ], [ 36.364464, 50.287636, 0.0 ], [ 36.365349, 50.287769, 0.0 ], [ 36.36627, 50.287989, 0.0 ], [ 36.366886, 50.288213, 0.0 ], [ 36.36779, 50.288657, 0.0 ], [ 36.368239, 50.288843, 0.0 ], [ 36.370434, 50.289676, 0.0 ], [ 36.377492, 50.293452, 0.0 ], [ 36.378189, 50.293788, 0.0 ], [ 36.378468, 50.294089, 0.0 ], [ 36.378329, 50.294514, 0.0 ], [ 36.377599, 50.295268, 0.0 ], [ 36.377084, 50.295748, 0.0 ], [ 36.376644, 50.29666, 0.0 ], [ 36.37658, 50.296764, 0.0 ], [ 36.376529, 50.296791, 0.0 ], [ 36.376497, 50.296832, 0.0 ], [ 36.376427, 50.296827, 0.0 ], [ 36.376403, 50.296876, 0.0 ], [ 36.375883, 50.297712, 0.0 ], [ 36.375349, 50.29855, 0.0 ], [ 36.374735, 50.299518, 0.0 ], [ 36.374445, 50.300032, 0.0 ], [ 36.374477, 50.300271, 0.0 ], [ 36.374499, 50.300374, 0.0 ], [ 36.374745, 50.300525, 0.0 ], [ 36.375443, 50.300662, 0.0 ], [ 36.375915, 50.30082, 0.0 ], [ 36.376226, 50.301012, 0.0 ], [ 36.377181, 50.301114, 0.0 ], [ 36.378651, 50.301395, 0.0 ], [ 36.379241, 50.301594, 0.0 ], [ 36.381365, 50.302094, 0.0 ], [ 36.381751, 50.302183, 0.0 ], [ 36.382374, 50.302471, 0.0 ], [ 36.383318, 50.302697, 0.0 ], [ 36.387266, 50.303609, 0.0 ], [ 36.389927, 50.304191, 0.0 ], [ 36.391579, 50.304582, 0.0 ], [ 36.392244, 50.304746, 0.0 ], [ 36.394529, 50.305288, 0.0 ], [ 36.39675, 50.30598, 0.0 ], [ 36.399304, 50.306723, 0.0 ], [ 36.400119, 50.307049, 0.0 ], [ 36.400393, 50.307299, 0.0 ], [ 36.400602, 50.307525, 0.0 ], [ 36.400763, 50.30773, 0.0 ], [ 36.401063, 50.307885, 0.0 ], [ 36.401154, 50.307991, 0.0 ], [ 36.401406, 50.308114, 0.0 ], [ 36.401841, 50.308073, 0.0 ], [ 36.402163, 50.308104, 0.0 ], [ 36.40249, 50.308248, 0.0 ], [ 36.402898, 50.308375, 0.0 ], [ 36.403381, 50.308618, 0.0 ], [ 36.403944, 50.308933, 0.0 ], [ 36.404443, 50.309019, 0.0 ], [ 36.405355, 50.309426, 0.0 ], [ 36.4055, 50.309611, 0.0 ], [ 36.40565, 50.309851, 0.0 ], [ 36.405913, 50.310077, 0.0 ], [ 36.406251, 50.310382, 0.0 ], [ 36.406782, 50.310708, 0.0 ], [ 36.407833, 50.3114, 0.0 ], [ 36.408595, 50.311848, 0.0 ], [ 36.409834, 50.312818, 0.0 ], [ 36.411116, 50.313729, 0.0 ], [ 36.412221, 50.314651, 0.0 ], [ 36.413235, 50.3156, 0.0 ], [ 36.413557, 50.316024, 0.0 ], [ 36.414088, 50.316161, 0.0 ], [ 36.414383, 50.316678, 0.0 ], [ 36.414415, 50.316819, 0.0 ], [ 36.414303, 50.316973, 0.0 ], [ 36.414313, 50.317237, 0.0 ], [ 36.414742, 50.31762, 0.0 ], [ 36.415139, 50.318117, 0.0 ], [ 36.415322, 50.318278, 0.0 ], [ 36.415976, 50.318521, 0.0 ], [ 36.416818, 50.319241, 0.0 ], [ 36.417387, 50.319583, 0.0 ], [ 36.417688, 50.319919, 0.0 ], [ 36.418385, 50.32044, 0.0 ], [ 36.419232, 50.321402, 0.0 ], [ 36.419758, 50.321929, 0.0 ], [ 36.420241, 50.322563, 0.0 ], [ 36.421255, 50.323542, 0.0 ], [ 36.421942, 50.324258, 0.0 ], [ 36.422355, 50.325063, 0.0 ], [ 36.422408, 50.325416, 0.0 ], [ 36.422676, 50.325796, 0.0 ], [ 36.422998, 50.325954, 0.0 ], [ 36.423347, 50.326269, 0.0 ], [ 36.423744, 50.326508, 0.0 ], [ 36.424382, 50.326848, 0.0 ], [ 36.424602, 50.327022, 0.0 ], [ 36.424769, 50.327519, 0.0 ], [ 36.425031, 50.327772, 0.0 ], [ 36.425675, 50.328186, 0.0 ], [ 36.426249, 50.328498, 0.0 ], [ 36.427145, 50.328779, 0.0 ], [ 36.429752, 50.329515, 0.0 ], [ 36.431356, 50.32995, 0.0 ], [ 36.432204, 50.330214, 0.0 ], [ 36.433502, 50.330649, 0.0 ], [ 36.436994, 50.319929, 0.0 ], [ 36.438239, 50.316374, 0.0 ], [ 36.439199, 50.313503, 0.0 ], [ 36.440004, 50.311249, 0.0 ], [ 36.440148, 50.310978, 0.0 ], [ 36.440449, 50.310906, 0.0 ], [ 36.441253, 50.311084, 0.0 ], [ 36.442798, 50.311239, 0.0 ], [ 36.444263, 50.311417, 0.0 ], [ 36.445996, 50.311544, 0.0 ], [ 36.45018, 50.311701, 0.0 ], [ 36.453549, 50.311879, 0.0 ], [ 36.458473, 50.312085, 0.0 ], [ 36.463602, 50.312345, 0.0 ], [ 36.466606, 50.312612, 0.0 ], [ 36.471627, 50.312917, 0.0 ], [ 36.47278, 50.312952, 0.0 ], [ 36.473316, 50.312921, 0.0 ], [ 36.476621, 50.312678, 0.0 ], [ 36.481819, 50.312181, 0.0 ], [ 36.486545, 50.311612, 0.0 ], [ 36.486706, 50.311698, 0.0 ], [ 36.48742, 50.311578, 0.0 ], [ 36.4875, 50.311307, 0.0 ], [ 36.487795, 50.311033, 0.0 ], [ 36.48813, 50.310715, 0.0 ], [ 36.489093, 50.310598, 0.0 ], [ 36.490402, 50.31066, 0.0 ], [ 36.490896, 50.310653, 0.0 ], [ 36.491175, 50.310838, 0.0 ], [ 36.491754, 50.310639, 0.0 ], [ 36.493373, 50.310647, 0.0 ], [ 36.493531, 50.309661, 0.0 ], [ 36.494047, 50.309171, 0.0 ], [ 36.494021, 50.308726, 0.0 ], [ 36.493875, 50.308329, 0.0 ], [ 36.493517, 50.308092, 0.0 ], [ 36.493338, 50.307872, 0.0 ], [ 36.493206, 50.307686, 0.0 ], [ 36.493458, 50.307386, 0.0 ], [ 36.493517, 50.30714, 0.0 ], [ 36.493663, 50.306895, 0.0 ], [ 36.494021, 50.306743, 0.0 ], [ 36.494418, 50.306493, 0.0 ], [ 36.494776, 50.306104, 0.0 ], [ 36.494928, 50.305736, 0.0 ], [ 36.494908, 50.305503, 0.0 ], [ 36.494716, 50.30519, 0.0 ], [ 36.494789, 50.304704, 0.0 ], [ 36.495816, 50.304192, 0.0 ], [ 36.497274, 50.302894, 0.0 ], [ 36.49846, 50.301704, 0.0 ], [ 36.4989, 50.30119, 0.0 ], [ 36.499205, 50.300785, 0.0 ], [ 36.499561, 50.30046, 0.0 ], [ 36.499893, 50.300116, 0.0 ], [ 36.500139, 50.299833, 0.0 ], [ 36.50046, 50.299466, 0.0 ], [ 36.501077, 50.299154, 0.0 ], [ 36.502231, 50.298716, 0.0 ], [ 36.503556, 50.298236, 0.0 ], [ 36.504629, 50.297825, 0.0 ], [ 36.505964, 50.297355, 0.0 ], [ 36.507402, 50.296821, 0.0 ], [ 36.508126, 50.296567, 0.0 ], [ 36.508985, 50.296197, 0.0 ], [ 36.509709, 50.295926, 0.0 ], [ 36.510143, 50.295748, 0.0 ], [ 36.51032, 50.295769, 0.0 ], [ 36.510728, 50.295601, 0.0 ], [ 36.511211, 50.295385, 0.0 ], [ 36.511661, 50.295381, 0.0 ], [ 36.51223, 50.295525, 0.0 ], [ 36.513265, 50.295169, 0.0 ], [ 36.513812, 50.295018, 0.0 ], [ 36.513947, 50.294891, 0.0 ], [ 36.51407, 50.294754, 0.0 ], [ 36.514751, 50.294638, 0.0 ], [ 36.515384, 50.294463, 0.0 ], [ 36.515958, 50.294343, 0.0 ], [ 36.516538, 50.294007, 0.0 ], [ 36.516979, 50.293829, 0.0 ], [ 36.517391, 50.293822, 0.0 ], [ 36.517702, 50.293805, 0.0 ], [ 36.517975, 50.293829, 0.0 ], [ 36.518249, 50.293784, 0.0 ], [ 36.518512, 50.293874, 0.0 ], [ 36.518555, 50.293945, 0.0 ], [ 36.518839, 50.293997, 0.0 ], [ 36.519327, 50.293891, 0.0 ], [ 36.519392, 50.29364, 0.0 ], [ 36.520014, 50.293397, 0.0 ], [ 36.520475, 50.293332, 0.0 ], [ 36.520979, 50.293298, 0.0 ], [ 36.521961, 50.293363, 0.0 ], [ 36.522954, 50.293466, 0.0 ], [ 36.523613, 50.293551, 0.0 ], [ 36.524048, 50.293586, 0.0 ], [ 36.524407, 50.293517, 0.0 ], [ 36.524498, 50.293493, 0.0 ], [ 36.524692, 50.293325, 0.0 ], [ 36.524563, 50.293157, 0.0 ], [ 36.524509, 50.29288, 0.0 ], [ 36.524402, 50.29278, 0.0 ], [ 36.524171, 50.292629, 0.0 ], [ 36.524182, 50.292448, 0.0 ], [ 36.524407, 50.292174, 0.0 ], [ 36.524702, 50.292115, 0.0 ], [ 36.525019, 50.292122, 0.0 ], [ 36.525173, 50.292072, 0.0 ], [ 36.52533, 50.291118, 0.0 ], [ 36.52518, 50.290758, 0.0 ], [ 36.525024, 50.290662, 0.0 ], [ 36.524525, 50.290272, 0.0 ], [ 36.524144, 50.290011, 0.0 ], [ 36.523898, 50.289874, 0.0 ], [ 36.523517, 50.289726, 0.0 ], [ 36.52297, 50.289264, 0.0 ], [ 36.522776, 50.288825, 0.0 ], [ 36.522852, 50.288654, 0.0 ], [ 36.523179, 50.2884, 0.0 ], [ 36.523498, 50.288036, 0.0 ], [ 36.523699, 50.287581, 0.0 ], [ 36.523839, 50.287078, 0.0 ], [ 36.523744, 50.286636, 0.0 ], [ 36.526161, 50.286275, 0.0 ], [ 36.5299, 50.285096, 0.0 ], [ 36.53263, 50.28477, 0.0 ], [ 36.533983, 50.284506, 0.0 ], [ 36.53503, 50.28408, 0.0 ], [ 36.535772, 50.283835, 0.0 ], [ 36.536166, 50.283567, 0.0 ], [ 36.536654, 50.283423, 0.0 ], [ 36.536861, 50.283446, 0.0 ], [ 36.536933, 50.283492, 0.0 ], [ 36.536839, 50.28367, 0.0 ], [ 36.536922, 50.284062, 0.0 ], [ 36.536959, 50.28415, 0.0 ], [ 36.5405, 50.283728, 0.0 ], [ 36.543606, 50.282995, 0.0 ], [ 36.545468, 50.282576, 0.0 ], [ 36.547426, 50.282258, 0.0 ], [ 36.54877, 50.28202, 0.0 ], [ 36.54911, 50.28202, 0.0 ], [ 36.550043, 50.281838, 0.0 ], [ 36.55035, 50.281778, 0.0 ], [ 36.552206, 50.281668, 0.0 ], [ 36.552919, 50.281984, 0.0 ], [ 36.553295, 50.282001, 0.0 ], [ 36.553788, 50.281812, 0.0 ], [ 36.554872, 50.281637, 0.0 ], [ 36.556084, 50.281277, 0.0 ], [ 36.556851, 50.28126, 0.0 ], [ 36.55765, 50.281637, 0.0 ], [ 36.558745, 50.282587, 0.0 ], [ 36.560183, 50.283615, 0.0 ], [ 36.560698, 50.284013, 0.0 ], [ 36.561481, 50.284122, 0.0 ], [ 36.563702, 50.284376, 0.0 ], [ 36.568197, 50.284836, 0.0 ], [ 36.572252, 50.284938, 0.0 ], [ 36.576448, 50.285254, 0.0 ], [ 36.579398, 50.285411, 0.0 ], [ 36.581072, 50.2855, 0.0 ], [ 36.58325, 50.285494, 0.0 ], [ 36.584966, 50.285295, 0.0 ], [ 36.5859, 50.285007, 0.0 ], [ 36.586597, 50.284664, 0.0 ], [ 36.58693, 50.284253, 0.0 ], [ 36.58709, 50.28393, 0.0 ], [ 36.587241, 50.28365, 0.0 ], [ 36.587396, 50.283197, 0.0 ], [ 36.587412, 50.282799, 0.0 ], [ 36.587557, 50.28223, 0.0 ], [ 36.588024, 50.28112, 0.0 ], [ 36.588662, 50.280191, 0.0 ], [ 36.589408, 50.279255, 0.0 ], [ 36.589896, 50.278998, 0.0 ], [ 36.59054, 50.278703, 0.0 ], [ 36.591189, 50.278466, 0.0 ], [ 36.592374, 50.278202, 0.0 ], [ 36.59341, 50.277993, 0.0 ], [ 36.59364, 50.276217, 0.0 ], [ 36.593587, 50.275984, 0.0 ], [ 36.582482, 50.275666, 0.0 ], [ 36.581281, 50.275635, 0.0 ], [ 36.580943, 50.275686, 0.0 ], [ 36.580905, 50.27595, 0.0 ], [ 36.58075, 50.276087, 0.0 ], [ 36.580186, 50.276169, 0.0 ], [ 36.577933, 50.276447, 0.0 ], [ 36.577311, 50.276485, 0.0 ], [ 36.576286, 50.276224, 0.0 ], [ 36.575562, 50.275916, 0.0 ], [ 36.57494, 50.275796, 0.0 ], [ 36.574736, 50.275837, 0.0 ], [ 36.57413, 50.275364, 0.0 ], [ 36.576117, 50.272695, 0.0 ], [ 36.578188, 50.267272, 0.0 ], [ 36.578357, 50.266336, 0.0 ], [ 36.57935, 50.264316, 0.0 ], [ 36.580149, 50.262787, 0.0 ], [ 36.580085, 50.26268, 0.0 ], [ 36.579897, 50.262584, 0.0 ], [ 36.579473, 50.262468, 0.0 ], [ 36.57832, 50.262084, 0.0 ], [ 36.575112, 50.260856, 0.0 ], [ 36.574935, 50.260774, 0.0 ], [ 36.574924, 50.260633, 0.0 ], [ 36.57714, 50.259028, 0.0 ], [ 36.577563, 50.258743, 0.0 ], [ 36.577638, 50.258541, 0.0 ], [ 36.577515, 50.258445, 0.0 ], [ 36.574951, 50.256182, 0.0 ], [ 36.57472, 50.256, 0.0 ], [ 36.57457, 50.255989, 0.0 ], [ 36.572944, 50.256586, 0.0 ], [ 36.571829, 50.256939, 0.0 ], [ 36.570402, 50.257385, 0.0 ], [ 36.570091, 50.257512, 0.0 ], [ 36.569501, 50.25779, 0.0 ], [ 36.569061, 50.257869, 0.0 ], [ 36.568674, 50.257869, 0.0 ], [ 36.568519, 50.257804, 0.0 ], [ 36.568143, 50.257365, 0.0 ], [ 36.567183, 50.256572, 0.0 ], [ 36.56464, 50.254532, 0.0 ], [ 36.560901, 50.251561, 0.0 ], [ 36.560585, 50.25116, 0.0 ], [ 36.56037, 50.250872, 0.0 ], [ 36.559732, 50.250495, 0.0 ], [ 36.559501, 50.250052, 0.0 ], [ 36.559523, 50.249939, 0.0 ], [ 36.559716, 50.249784, 0.0 ], [ 36.560451, 50.249366, 0.0 ], [ 36.560569, 50.249294, 0.0 ], [ 36.560794, 50.249339, 0.0 ], [ 36.561207, 50.249555, 0.0 ], [ 36.561363, 50.249527, 0.0 ], [ 36.561958, 50.249119, 0.0 ], [ 36.56331, 50.24815, 0.0 ], [ 36.565214, 50.246941, 0.0 ], [ 36.567124, 50.245675, 0.0 ], [ 36.56891, 50.244512, 0.0 ], [ 36.569318, 50.244279, 0.0 ], [ 36.569769, 50.243929, 0.0 ], [ 36.570042, 50.243812, 0.0 ], [ 36.570327, 50.243802, 0.0 ], [ 36.570847, 50.243874, 0.0 ], [ 36.571244, 50.243829, 0.0 ], [ 36.57163, 50.243778, 0.0 ], [ 36.572269, 50.243575, 0.0 ], [ 36.57281, 50.243356, 0.0 ], [ 36.573245, 50.243133, 0.0 ], [ 36.574264, 50.242505, 0.0 ], [ 36.57501, 50.241853, 0.0 ], [ 36.575809, 50.240913, 0.0 ], [ 36.576142, 50.240759, 0.0 ], [ 36.576351, 50.240683, 0.0 ], [ 36.576485, 50.240546, 0.0 ], [ 36.576968, 50.240206, 0.0 ], [ 36.57752, 50.239908, 0.0 ], [ 36.577933, 50.239723, 0.0 ], [ 36.578186, 50.239644, 0.0 ], [ 36.578835, 50.239242, 0.0 ], [ 36.579124, 50.238992, 0.0 ], [ 36.579403, 50.238793, 0.0 ], [ 36.580551, 50.238137, 0.0 ], [ 36.581533, 50.237554, 0.0 ], [ 36.582225, 50.237074, 0.0 ], [ 36.583072, 50.236621, 0.0 ], [ 36.584006, 50.236219, 0.0 ], [ 36.584666, 50.235966, 0.0 ], [ 36.585969, 50.235416, 0.0 ], [ 36.58715, 50.234912, 0.0 ], [ 36.588505, 50.23443, 0.0 ], [ 36.589753, 50.235596, 0.0 ], [ 36.590836, 50.237215, 0.0 ], [ 36.591406, 50.238939, 0.0 ], [ 36.591441, 50.240702, 0.0 ], [ 36.590939, 50.242434, 0.0 ], [ 36.58992, 50.244071, 0.0 ], [ 36.588422, 50.245549, 0.0 ], [ 36.587224, 50.246336, 0.0 ], [ 36.587115, 50.246413, 0.0 ], [ 36.586844, 50.246645, 0.0 ], [ 36.58682, 50.24666, 0.0 ], [ 36.586314, 50.247171, 0.0 ], [ 36.585568, 50.247823, 0.0 ], [ 36.583979, 50.248987, 0.0 ], [ 36.58375, 50.249128, 0.0 ], [ 36.585596, 50.250325, 0.0 ], [ 36.585827, 50.250507, 0.0 ], [ 36.586296, 50.250898, 0.0 ], [ 36.58886, 50.253161, 0.0 ], [ 36.588832, 50.253174, 0.0 ], [ 36.589921, 50.254204, 0.0 ], [ 36.590953, 50.25572, 0.0 ], [ 36.591534, 50.257332, 0.0 ], [ 36.591549, 50.257559, 0.0 ], [ 36.592088, 50.25803, 0.0 ], [ 36.59318, 50.259461, 0.0 ], [ 36.593244, 50.259568, 0.0 ], [ 36.593911, 50.261055, 0.0 ], [ 36.594171, 50.262593, 0.0 ], [ 36.594015, 50.264138, 0.0 ], [ 36.593448, 50.265642, 0.0 ], [ 36.592759, 50.266961, 0.0 ], [ 36.594212, 50.267003, 0.0 ], [ 36.596947, 50.267255, 0.0 ], [ 36.599552, 50.267847, 0.0 ], [ 36.601926, 50.268755, 0.0 ], [ 36.603976, 50.269943, 0.0 ], [ 36.605622, 50.271365, 0.0 ], [ 36.606802, 50.272967, 0.0 ], [ 36.607469, 50.274686, 0.0 ], [ 36.607522, 50.274919, 0.0 ], [ 36.607621, 50.27696, 0.0 ], [ 36.607392, 50.278736, 0.0 ], [ 36.606894, 50.280476, 0.0 ], [ 36.605874, 50.282121, 0.0 ], [ 36.60437, 50.283606, 0.0 ], [ 36.602442, 50.284873, 0.0 ], [ 36.600965, 50.285521, 0.0 ], [ 36.600947, 50.285575, 0.0 ], [ 36.600504, 50.286585, 0.0 ], [ 36.600411, 50.286758, 0.0 ], [ 36.600305, 50.286972, 0.0 ], [ 36.599384, 50.288395, 0.0 ], [ 36.599051, 50.288806, 0.0 ], [ 36.597354, 50.290437, 0.0 ], [ 36.595145, 50.291794, 0.0 ], [ 36.594448, 50.292137, 0.0 ], [ 36.591986, 50.293108, 0.0 ], [ 36.591052, 50.293396, 0.0 ], [ 36.587466, 50.294142, 0.0 ], [ 36.585749, 50.294341, 0.0 ], [ 36.583311, 50.294484, 0.0 ], [ 36.581132, 50.29449, 0.0 ], [ 36.579912, 50.29446, 0.0 ], [ 36.578237, 50.29437, 0.0 ], [ 36.57481, 50.294183, 0.0 ], [ 36.571156, 50.293908, 0.0 ], [ 36.567646, 50.293819, 0.0 ], [ 36.565984, 50.293714, 0.0 ], [ 36.561488, 50.293254, 0.0 ], [ 36.559015, 50.292972, 0.0 ], [ 36.557718, 50.292798, 0.0 ], [ 36.554778, 50.292164, 0.0 ], [ 36.552127, 50.291131, 0.0 ], [ 36.551818, 50.29094, 0.0 ], [ 36.551339, 50.290891, 0.0 ], [ 36.550874, 50.290973, 0.0 ], [ 36.549525, 50.291192, 0.0 ], [ 36.548356, 50.291455, 0.0 ], [ 36.54535, 50.292164, 0.0 ], [ 36.543066, 50.292567, 0.0 ], [ 36.539525, 50.292989, 0.0 ], [ 36.53913, 50.293012, 0.0 ], [ 36.539129, 50.293014, 0.0 ], [ 36.538562, 50.294766, 0.0 ], [ 36.538433, 50.294959, 0.0 ], [ 36.53821, 50.295741, 0.0 ], [ 36.537302, 50.297272, 0.0 ], [ 36.535976, 50.298671, 0.0 ], [ 36.535782, 50.298839, 0.0 ], [ 36.534093, 50.300054, 0.0 ], [ 36.532091, 50.301054, 0.0 ], [ 36.52984, 50.301806, 0.0 ], [ 36.529749, 50.30183, 0.0 ], [ 36.528441, 50.302128, 0.0 ], [ 36.528082, 50.302197, 0.0 ], [ 36.525215, 50.302545, 0.0 ], [ 36.52329, 50.302519, 0.0 ], [ 36.520591, 50.302917, 0.0 ], [ 36.520375, 50.30292, 0.0 ], [ 36.519903, 50.303086, 0.0 ], [ 36.519905, 50.303089, 0.0 ], [ 36.51887, 50.303445, 0.0 ], [ 36.516049, 50.304176, 0.0 ], [ 36.515396, 50.304246, 0.0 ], [ 36.514869, 50.304452, 0.0 ], [ 36.514294, 50.304653, 0.0 ], [ 36.513004, 50.305133, 0.0 ], [ 36.511614, 50.305625, 0.0 ], [ 36.510869, 50.305908, 0.0 ], [ 36.510769, 50.306026, 0.0 ], [ 36.510292, 50.306541, 0.0 ], [ 36.509106, 50.307731, 0.0 ], [ 36.508669, 50.308144, 0.0 ], [ 36.508303, 50.30847, 0.0 ], [ 36.508075, 50.308821, 0.0 ], [ 36.508075, 50.308834, 0.0 ], [ 36.507876, 50.310716, 0.0 ], [ 36.507069, 50.312531, 0.0 ], [ 36.507025, 50.312583, 0.0 ], [ 36.506839, 50.313189, 0.0 ], [ 36.505882, 50.314728, 0.0 ], [ 36.5045, 50.316129, 0.0 ], [ 36.502741, 50.317343, 0.0 ], [ 36.500663, 50.31833, 0.0 ], [ 36.498337, 50.319056, 0.0 ], [ 36.495843, 50.319497, 0.0 ], [ 36.494101, 50.319591, 0.0 ], [ 36.493511, 50.319674, 0.0 ], [ 36.493459, 50.319694, 0.0 ], [ 36.490985, 50.320273, 0.0 ], [ 36.490271, 50.320393, 0.0 ], [ 36.487636, 50.320668, 0.0 ], [ 36.487332, 50.320663, 0.0 ], [ 36.483893, 50.321072, 0.0 ], [ 36.478694, 50.321569, 0.0 ], [ 36.474917, 50.321852, 0.0 ], [ 36.474043, 50.321906, 0.0 ], [ 36.472115, 50.321932, 0.0 ], [ 36.470301, 50.321867, 0.0 ], [ 36.465279, 50.321562, 0.0 ], [ 36.462081, 50.321286, 0.0 ], [ 36.457461, 50.321052, 0.0 ], [ 36.452633, 50.32085, 0.0 ], [ 36.45109, 50.320769, 0.0 ], [ 36.450719, 50.321829, 0.0 ], [ 36.447251, 50.332484, 0.0 ], [ 36.446378, 50.334239, 0.0 ], [ 36.444965, 50.335844, 0.0 ], [ 36.44307, 50.33723, 0.0 ], [ 36.440773, 50.338341, 0.0 ], [ 36.43817, 50.339128, 0.0 ], [ 36.435372, 50.339559, 0.0 ], [ 36.432495, 50.339616, 0.0 ], [ 36.42966, 50.339296, 0.0 ], [ 36.426987, 50.338613, 0.0 ], [ 36.425873, 50.33824, 0.0 ], [ 36.425541, 50.338136, 0.0 ], [ 36.424084, 50.33774, 0.0 ], [ 36.421477, 50.337004, 0.0 ], [ 36.420069, 50.336571, 0.0 ], [ 36.417158, 50.33535, 0.0 ], [ 36.416584, 50.335038, 0.0 ], [ 36.415723, 50.334529, 0.0 ], [ 36.415079, 50.334115, 0.0 ], [ 36.413325, 50.332739, 0.0 ], [ 36.413063, 50.332486, 0.0 ], [ 36.412778, 50.332145, 0.0 ], [ 36.412425, 50.33194, 0.0 ], [ 36.410993, 50.330785, 0.0 ], [ 36.409876, 50.329495, 0.0 ], [ 36.409608, 50.329115, 0.0 ], [ 36.408949, 50.327928, 0.0 ], [ 36.408537, 50.32753, 0.0 ], [ 36.407619, 50.326503, 0.0 ], [ 36.40749, 50.326334, 0.0 ], [ 36.407399, 50.326242, 0.0 ], [ 36.406999, 50.325816, 0.0 ], [ 36.406689, 50.325464, 0.0 ], [ 36.406483, 50.325277, 0.0 ], [ 36.406245, 50.325107, 0.0 ], [ 36.405918, 50.324954, 0.0 ], [ 36.403968, 50.323567, 0.0 ], [ 36.403785, 50.323406, 0.0 ], [ 36.402638, 50.32221, 0.0 ], [ 36.402432, 50.321953, 0.0 ], [ 36.401508, 50.320925, 0.0 ], [ 36.40112, 50.320183, 0.0 ], [ 36.400849, 50.319929, 0.0 ], [ 36.400314, 50.319483, 0.0 ], [ 36.398966, 50.318509, 0.0 ], [ 36.398361, 50.318036, 0.0 ], [ 36.398337, 50.318022, 0.0 ], [ 36.397768, 50.317667, 0.0 ], [ 36.396888, 50.317088, 0.0 ], [ 36.396535, 50.316871, 0.0 ], [ 36.395799, 50.316324, 0.0 ], [ 36.395275, 50.316201, 0.0 ], [ 36.392895, 50.315263, 0.0 ], [ 36.392643, 50.31514, 0.0 ], [ 36.392012, 50.31476, 0.0 ], [ 36.391947, 50.314726, 0.0 ], [ 36.391796, 50.314629, 0.0 ], [ 36.391103, 50.314211, 0.0 ], [ 36.390943, 50.314165, 0.0 ], [ 36.389007, 50.313565, 0.0 ], [ 36.387368, 50.313176, 0.0 ], [ 36.386623, 50.312993, 0.0 ], [ 36.385225, 50.312662, 0.0 ], [ 36.382503, 50.312066, 0.0 ], [ 36.378555, 50.311153, 0.0 ], [ 36.377459, 50.310892, 0.0 ], [ 36.376162, 50.310447, 0.0 ], [ 36.374398, 50.310032, 0.0 ], [ 36.373778, 50.309855, 0.0 ], [ 36.371205, 50.309407, 0.0 ], [ 36.368694, 50.308598, 0.0 ], [ 36.36859, 50.308545, 0.0 ], [ 36.36764, 50.308278, 0.0 ], [ 36.365033, 50.307015, 0.0 ], [ 36.364787, 50.306864, 0.0 ], [ 36.362782, 50.305323, 0.0 ], [ 36.36136, 50.303536, 0.0 ], [ 36.360593, 50.301591, 0.0 ], [ 36.360571, 50.301488, 0.0 ], [ 36.360493, 50.301038, 0.0 ], [ 36.360461, 50.300799, 0.0 ], [ 36.36053, 50.29886, 0.0 ], [ 36.361246, 50.296976, 0.0 ], [ 36.361407, 50.296699, 0.0 ], [ 36.361086, 50.296577, 0.0 ], [ 36.360247, 50.296237, 0.0 ], [ 36.359953, 50.296193, 0.0 ], [ 36.359575, 50.296111, 0.0 ] ] ] }, { "type": "Polygon", "coordinates": [ [ [ 36.170325, 50.410053, 0.0 ], [ 36.17077, 50.40888, 0.0 ], [ 36.177139, 50.401744, 0.0 ], [ 36.17733, 50.401732, 0.0 ], [ 36.178227, 50.402384, 0.0 ], [ 36.180843, 50.404065, 0.0 ], [ 36.184617, 50.406482, 0.0 ], [ 36.184789, 50.406564, 0.0 ], [ 36.187701, 50.405404, 0.0 ], [ 36.189095, 50.404848, 0.0 ], [ 36.192132, 50.403608, 0.0 ], [ 36.193151, 50.40361, 0.0 ], [ 36.193526, 50.403077, 0.0 ], [ 36.193954, 50.402192, 0.0 ], [ 36.197508, 50.399864, 0.0 ], [ 36.204707, 50.394934, 0.0 ], [ 36.20579, 50.39411, 0.0 ], [ 36.21076, 50.38673, 0.0 ], [ 36.22124, 50.37781, 0.0 ], [ 36.23085, 50.3718, 0.0 ], [ 36.230966, 50.371522, 0.0 ], [ 36.231092, 50.371454, 0.0 ], [ 36.231194, 50.371356, 0.0 ], [ 36.231223, 50.371238, 0.0 ], [ 36.231204, 50.371161, 0.0 ], [ 36.231126, 50.371091, 0.0 ], [ 36.23342, 50.36373, 0.0 ], [ 36.24252, 50.35789, 0.0 ], [ 36.243661, 50.357669, 0.0 ], [ 36.245092, 50.358785, 0.0 ], [ 36.24639, 50.360339, 0.0 ], [ 36.247189, 50.362026, 0.0 ], [ 36.247459, 50.363779, 0.0 ], [ 36.247188, 50.365533, 0.0 ], [ 36.245192, 50.371944, 0.0 ], [ 36.245108, 50.372633, 0.0 ], [ 36.245079, 50.372751, 0.0 ], [ 36.244291, 50.374619, 0.0 ], [ 36.243799, 50.375225, 0.0 ], [ 36.243572, 50.375623, 0.0 ], [ 36.242308, 50.377007, 0.0 ], [ 36.240679, 50.378226, 0.0 ], [ 36.231836, 50.383757, 0.0 ], [ 36.223011, 50.39127, 0.0 ], [ 36.218707, 50.397664, 0.0 ], [ 36.216558, 50.399892, 0.0 ], [ 36.215475, 50.400716, 0.0 ], [ 36.214989, 50.401067, 0.0 ], [ 36.20779, 50.405998, 0.0 ], [ 36.206124, 50.40709, 0.0 ], [ 36.20598, 50.407296, 0.0 ], [ 36.204644, 50.408792, 0.0 ], [ 36.202887, 50.410098, 0.0 ], [ 36.200772, 50.411165, 0.0 ], [ 36.198378, 50.411955, 0.0 ], [ 36.197336, 50.41215, 0.0 ], [ 36.196668, 50.412423, 0.0 ], [ 36.195142, 50.413032, 0.0 ], [ 36.19223, 50.414192, 0.0 ], [ 36.189714, 50.414984, 0.0 ], [ 36.187002, 50.415441, 0.0 ], [ 36.184202, 50.415545, 0.0 ], [ 36.181425, 50.415292, 0.0 ], [ 36.178782, 50.414692, 0.0 ], [ 36.176378, 50.413769, 0.0 ], [ 36.176206, 50.413687, 0.0 ], [ 36.17466, 50.412831, 0.0 ], [ 36.170886, 50.410414, 0.0 ], [ 36.170325, 50.410053, 0.0 ] ] ] }, { "type": "Polygon", "coordinates": [ [ [ 35.417513, 50.821828, 0.0 ], [ 35.41667, 50.819563, 0.0 ], [ 35.413668, 50.816175, 0.0 ], [ 35.413653, 50.816136, 0.0 ], [ 35.412643, 50.813426, 0.0 ], [ 35.412177, 50.812065, 0.0 ], [ 35.410351, 50.807812, 0.0 ], [ 35.410202, 50.80643, 0.0 ], [ 35.410406, 50.805311, 0.0 ], [ 35.410898, 50.804121, 0.0 ], [ 35.411406, 50.802563, 0.0 ], [ 35.414961, 50.799029, 0.0 ], [ 35.420386, 50.797277, 0.0 ], [ 35.432679, 50.794415, 0.0 ], [ 35.433162, 50.794188, 0.0 ], [ 35.435012, 50.792392, 0.0 ], [ 35.436865, 50.791217, 0.0 ], [ 35.437, 50.791134, 0.0 ], [ 35.439366, 50.789689, 0.0 ], [ 35.44656, 50.785264, 0.0 ], [ 35.449667, 50.782956, 0.0 ], [ 35.450636, 50.782955, 0.0 ], [ 35.451265, 50.782854, 0.0 ], [ 35.452366, 50.782268, 0.0 ], [ 35.453467, 50.781974, 0.0 ], [ 35.454664, 50.782011, 0.0 ], [ 35.456944, 50.782176, 0.0 ], [ 35.462741, 50.783197, 0.0 ], [ 35.464476, 50.78333, 0.0 ], [ 35.467171, 50.783147, 0.0 ], [ 35.468701, 50.78312, 0.0 ], [ 35.470097, 50.783367, 0.0 ], [ 35.471648, 50.783877, 0.0 ], [ 35.472887, 50.784284, 0.0 ], [ 35.474648, 50.784612, 0.0 ], [ 35.476326, 50.783513, 0.0 ], [ 35.488713, 50.776804, 0.0 ], [ 35.487949, 50.775689, 0.0 ], [ 35.485018, 50.771605, 0.0 ], [ 35.482503, 50.767985, 0.0 ], [ 35.480434, 50.764556, 0.0 ], [ 35.475302, 50.757279, 0.0 ], [ 35.473484, 50.755149, 0.0 ], [ 35.476001, 50.753562, 0.0 ], [ 35.476415, 50.7533, 0.0 ], [ 35.476419, 50.752915, 0.0 ], [ 35.47637, 50.752657, 0.0 ], [ 35.476244, 50.752252, 0.0 ], [ 35.476063, 50.751896, 0.0 ], [ 35.475882, 50.7517, 0.0 ], [ 35.475255, 50.751184, 0.0 ], [ 35.474608, 50.750796, 0.0 ], [ 35.473793, 50.750374, 0.0 ], [ 35.473198, 50.749957, 0.0 ], [ 35.471963, 50.748967, 0.0 ], [ 35.471008, 50.748016, 0.0 ], [ 35.470353, 50.747304, 0.0 ], [ 35.469741, 50.746724, 0.0 ], [ 35.4696, 50.744155, 0.0 ], [ 35.470063, 50.744038, 0.0 ], [ 35.470297, 50.743906, 0.0 ], [ 35.471035, 50.74342, 0.0 ], [ 35.472133, 50.742272, 0.0 ], [ 35.473628, 50.74043, 0.0 ], [ 35.471468, 50.737759, 0.0 ], [ 35.47158, 50.737518, 0.0 ], [ 35.471663, 50.73733, 0.0 ], [ 35.47171, 50.737223, 0.0 ], [ 35.466536, 50.736224, 0.0 ], [ 35.463877, 50.734965, 0.0 ], [ 35.464353, 50.73448, 0.0 ], [ 35.473154, 50.725539, 0.0 ], [ 35.467427, 50.71661, 0.0 ], [ 35.467196, 50.710921, 0.0 ], [ 35.467093, 50.710457, 0.0 ], [ 35.46638, 50.709375, 0.0 ], [ 35.466327, 50.709174, 0.0 ], [ 35.466333, 50.70913, 0.0 ], [ 35.466317, 50.709082, 0.0 ], [ 35.466234, 50.708889, 0.0 ], [ 35.466064, 50.708482, 0.0 ], [ 35.46562, 50.708222, 0.0 ], [ 35.465095, 50.708228, 0.0 ], [ 35.464392, 50.708235, 0.0 ], [ 35.463486, 50.708245, 0.0 ], [ 35.462865, 50.708252, 0.0 ], [ 35.462358, 50.707806, 0.0 ], [ 35.46192, 50.707659, 0.0 ], [ 35.461653, 50.706973, 0.0 ], [ 35.46139, 50.706298, 0.0 ], [ 35.460299, 50.705996, 0.0 ], [ 35.459763, 50.704735, 0.0 ], [ 35.459788, 50.704199, 0.0 ], [ 35.460859, 50.70345, 0.0 ], [ 35.461502, 50.703001, 0.0 ], [ 35.461432, 50.701514, 0.0 ], [ 35.461099, 50.701113, 0.0 ], [ 35.460844, 50.700371, 0.0 ], [ 35.460654, 50.699822, 0.0 ], [ 35.460621, 50.699444, 0.0 ], [ 35.460855, 50.698043, 0.0 ], [ 35.460943, 50.697321, 0.0 ], [ 35.460931, 50.696737, 0.0 ], [ 35.461011, 50.696598, 0.0 ], [ 35.461165, 50.696524, 0.0 ], [ 35.461321, 50.696293, 0.0 ], [ 35.461502, 50.695973, 0.0 ], [ 35.461763, 50.695691, 0.0 ], [ 35.46293, 50.694779, 0.0 ], [ 35.463232, 50.694346, 0.0 ], [ 35.463351, 50.693959, 0.0 ], [ 35.463302, 50.693477, 0.0 ], [ 35.463029, 50.692798, 0.0 ], [ 35.462494, 50.692072, 0.0 ], [ 35.462012, 50.691543, 0.0 ], [ 35.461511, 50.691102, 0.0 ], [ 35.461336, 50.69098, 0.0 ], [ 35.461295, 50.690952, 0.0 ], [ 35.461236, 50.690911, 0.0 ], [ 35.461156, 50.690856, 0.0 ], [ 35.460713, 50.690674, 0.0 ], [ 35.459992, 50.690105, 0.0 ], [ 35.4595, 50.68952, 0.0 ], [ 35.459298, 50.689088, 0.0 ], [ 35.459374, 50.688903, 0.0 ], [ 35.459476, 50.688367, 0.0 ], [ 35.459584, 50.688177, 0.0 ], [ 35.459878, 50.68793, 0.0 ], [ 35.461127, 50.687279, 0.0 ], [ 35.461584, 50.686814, 0.0 ], [ 35.461788, 50.686518, 0.0 ], [ 35.461991, 50.685832, 0.0 ], [ 35.462177, 50.685598, 0.0 ], [ 35.462333, 50.685503, 0.0 ], [ 35.463342, 50.685028, 0.0 ], [ 35.463786, 50.684621, 0.0 ], [ 35.463888, 50.684301, 0.0 ], [ 35.464098, 50.68416, 0.0 ], [ 35.464567, 50.684046, 0.0 ], [ 35.46495, 50.683992, 0.0 ], [ 35.465185, 50.683841, 0.0 ], [ 35.465474, 50.683537, 0.0 ], [ 35.466483, 50.683011, 0.0 ], [ 35.467485, 50.682726, 0.0 ], [ 35.46779, 50.682398, 0.0 ], [ 35.468385, 50.682016, 0.0 ], [ 35.469752, 50.681618, 0.0 ], [ 35.470657, 50.681257, 0.0 ], [ 35.471725, 50.680583, 0.0 ], [ 35.472029, 50.680467, 0.0 ], [ 35.472254, 50.680438, 0.0 ], [ 35.47253, 50.680489, 0.0 ], [ 35.473363, 50.680871, 0.0 ], [ 35.473656, 50.680973, 0.0 ], [ 35.473962, 50.681015, 0.0 ], [ 35.474433, 50.680995, 0.0 ], [ 35.474848, 50.68099, 0.0 ], [ 35.474966, 50.681104, 0.0 ], [ 35.474896, 50.681309, 0.0 ], [ 35.474984, 50.681406, 0.0 ], [ 35.475093, 50.681454, 0.0 ], [ 35.475133, 50.68153, 0.0 ], [ 35.475306, 50.681599, 0.0 ], [ 35.475541, 50.68161, 0.0 ], [ 35.475823, 50.681536, 0.0 ], [ 35.476343, 50.681197, 0.0 ], [ 35.477408, 50.681201, 0.0 ], [ 35.478166, 50.681137, 0.0 ], [ 35.479277, 50.681309, 0.0 ], [ 35.479781, 50.681458, 0.0 ], [ 35.480505, 50.681474, 0.0 ], [ 35.48109, 50.681216, 0.0 ], [ 35.482016, 50.680962, 0.0 ], [ 35.482919, 50.681108, 0.0 ], [ 35.483024, 50.681056, 0.0 ], [ 35.483374, 50.680897, 0.0 ], [ 35.483447, 50.680768, 0.0 ], [ 35.483684, 50.680636, 0.0 ], [ 35.486728, 50.680453, 0.0 ], [ 35.487443, 50.68032, 0.0 ], [ 35.488503, 50.68002, 0.0 ], [ 35.488928, 50.679809, 0.0 ], [ 35.489543, 50.679634, 0.0 ], [ 35.489646, 50.679536, 0.0 ], [ 35.49016, 50.679437, 0.0 ], [ 35.490987, 50.679305, 0.0 ], [ 35.491589, 50.679377, 0.0 ], [ 35.492101, 50.679325, 0.0 ], [ 35.492808, 50.679366, 0.0 ], [ 35.493585, 50.679334, 0.0 ], [ 35.494011, 50.679469, 0.0 ], [ 35.494312, 50.679536, 0.0 ], [ 35.494474, 50.679428, 0.0 ], [ 35.494612, 50.67914, 0.0 ], [ 35.495027, 50.678841, 0.0 ], [ 35.495198, 50.678831, 0.0 ], [ 35.495352, 50.678918, 0.0 ], [ 35.495758, 50.678918, 0.0 ], [ 35.496181, 50.678792, 0.0 ], [ 35.48715, 50.670654, 0.0 ], [ 35.488877, 50.658555, 0.0 ], [ 35.487909, 50.657724, 0.0 ], [ 35.485952, 50.65602, 0.0 ], [ 35.485751, 50.655928, 0.0 ], [ 35.485258, 50.656143, 0.0 ], [ 35.48378, 50.656686, 0.0 ], [ 35.479593, 50.658123, 0.0 ], [ 35.467619, 50.663608, 0.0 ], [ 35.462711, 50.666297, 0.0 ], [ 35.460317, 50.66551, 0.0 ], [ 35.459699, 50.665163, 0.0 ], [ 35.45818, 50.664889, 0.0 ], [ 35.456624, 50.664392, 0.0 ], [ 35.445873, 50.66096, 0.0 ], [ 35.427263, 50.655049, 0.0 ], [ 35.426835, 50.654995, 0.0 ], [ 35.424542, 50.655215, 0.0 ], [ 35.422243, 50.655516, 0.0 ], [ 35.420869, 50.655609, 0.0 ], [ 35.414672, 50.655512, 0.0 ], [ 35.408729, 50.655517, 0.0 ], [ 35.406046, 50.655706, 0.0 ], [ 35.40054, 50.65635, 0.0 ], [ 35.400204, 50.655943, 0.0 ], [ 35.399864, 50.655696, 0.0 ], [ 35.399058, 50.655335, 0.0 ], [ 35.398841, 50.655138, 0.0 ], [ 35.398593, 50.654599, 0.0 ], [ 35.397591, 50.653556, 0.0 ], [ 35.397053, 50.653092, 0.0 ], [ 35.396896, 50.65275, 0.0 ], [ 35.396743, 50.652589, 0.0 ], [ 35.396518, 50.652473, 0.0 ], [ 35.395125, 50.651339, 0.0 ], [ 35.394009, 50.650787, 0.0 ], [ 35.392916, 50.649999, 0.0 ], [ 35.392842, 50.649776, 0.0 ], [ 35.392986, 50.649458, 0.0 ], [ 35.393048, 50.649198, 0.0 ], [ 35.39306, 50.649139, 0.0 ], [ 35.393006, 50.649065, 0.0 ], [ 35.392973, 50.64882, 0.0 ], [ 35.392949, 50.648774, 0.0 ], [ 35.395327, 50.647995, 0.0 ], [ 35.397991, 50.647507, 0.0 ], [ 35.403487, 50.646865, 0.0 ], [ 35.404489, 50.646771, 0.0 ], [ 35.407171, 50.646582, 0.0 ], [ 35.408711, 50.646527, 0.0 ], [ 35.415021, 50.646525, 0.0 ], [ 35.420193, 50.646606, 0.0 ], [ 35.42169, 50.64641, 0.0 ], [ 35.422432, 50.646326, 0.0 ], [ 35.424725, 50.646106, 0.0 ], [ 35.427161, 50.646008, 0.0 ], [ 35.429587, 50.646177, 0.0 ], [ 35.430015, 50.646231, 0.0 ], [ 35.433584, 50.647008, 0.0 ], [ 35.452192, 50.652918, 0.0 ], [ 35.460781, 50.65566, 0.0 ], [ 35.471325, 50.65083, 0.0 ], [ 35.472876, 50.650212, 0.0 ], [ 35.476882, 50.648837, 0.0 ], [ 35.47771, 50.648533, 0.0 ], [ 35.477752, 50.648515, 0.0 ], [ 35.480283, 50.647638, 0.0 ], [ 35.483041, 50.647105, 0.0 ], [ 35.485912, 50.646939, 0.0 ], [ 35.488776, 50.647146, 0.0 ], [ 35.491514, 50.647719, 0.0 ], [ 35.494013, 50.648632, 0.0 ], [ 35.494214, 50.648724, 0.0 ], [ 35.495917, 50.649642, 0.0 ], [ 35.497372, 50.650719, 0.0 ], [ 35.499301, 50.652398, 0.0 ], [ 35.500241, 50.653205, 0.0 ], [ 35.501577, 50.6546, 0.0 ], [ 35.502493, 50.656126, 0.0 ], [ 35.50296, 50.657733, 0.0 ], [ 35.502962, 50.659366, 0.0 ], [ 35.501707, 50.668174, 0.0 ], [ 35.507742, 50.67361, 0.0 ], [ 35.509098, 50.675124, 0.0 ], [ 35.509969, 50.676776, 0.0 ], [ 35.510322, 50.678503, 0.0 ], [ 35.510144, 50.680241, 0.0 ], [ 35.509442, 50.681925, 0.0 ], [ 35.508243, 50.683491, 0.0 ], [ 35.50659, 50.684881, 0.0 ], [ 35.504546, 50.686042, 0.0 ], [ 35.502819, 50.686693, 0.0 ], [ 35.502515, 50.686861, 0.0 ], [ 35.500176, 50.687717, 0.0 ], [ 35.497624, 50.688276, 0.0 ], [ 35.494951, 50.688516, 0.0 ], [ 35.493427, 50.688468, 0.0 ], [ 35.493201, 50.688532, 0.0 ], [ 35.491419, 50.688947, 0.0 ], [ 35.490704, 50.68908, 0.0 ], [ 35.488361, 50.689366, 0.0 ], [ 35.487069, 50.689702, 0.0 ], [ 35.484548, 50.690038, 0.0 ], [ 35.484534, 50.690038, 0.0 ], [ 35.483026, 50.69032, 0.0 ], [ 35.480013, 50.690458, 0.0 ], [ 35.479289, 50.690442, 0.0 ], [ 35.478437, 50.690369, 0.0 ], [ 35.477783, 50.690486, 0.0 ], [ 35.476708, 50.690515, 0.0 ], [ 35.476741, 50.690573, 0.0 ], [ 35.477014, 50.691252, 0.0 ], [ 35.477425, 50.692897, 0.0 ], [ 35.477474, 50.693379, 0.0 ], [ 35.477242, 50.695681, 0.0 ], [ 35.477123, 50.696068, 0.0 ], [ 35.476173, 50.697986, 0.0 ], [ 35.475871, 50.698419, 0.0 ], [ 35.47511, 50.699208, 0.0 ], [ 35.475119, 50.699223, 0.0 ], [ 35.475581, 50.701245, 0.0 ], [ 35.475609, 50.701843, 0.0 ], [ 35.47566, 50.701873, 0.0 ], [ 35.477444, 50.703135, 0.0 ], [ 35.478822, 50.704586, 0.0 ], [ 35.479748, 50.706177, 0.0 ], [ 35.479904, 50.706552, 0.0 ], [ 35.479974, 50.706713, 0.0 ], [ 35.479975, 50.706717, 0.0 ], [ 35.480153, 50.706986, 0.0 ], [ 35.481112, 50.709201, 0.0 ], [ 35.481215, 50.709665, 0.0 ], [ 35.481349, 50.710689, 0.0 ], [ 35.481515, 50.714738, 0.0 ], [ 35.48627, 50.722148, 0.0 ], [ 35.48704, 50.723773, 0.0 ], [ 35.487316, 50.72546, 0.0 ], [ 35.487087, 50.727151, 0.0 ], [ 35.486362, 50.728784, 0.0 ], [ 35.485167, 50.730301, 0.0 ], [ 35.483336, 50.732161, 0.0 ], [ 35.484128, 50.732898, 0.0 ], [ 35.485207, 50.734494, 0.0 ], [ 35.485537, 50.735467, 0.0 ], [ 35.486231, 50.736325, 0.0 ], [ 35.487226, 50.737909, 0.0 ], [ 35.487732, 50.739583, 0.0 ], [ 35.48773, 50.741288, 0.0 ], [ 35.487222, 50.742962, 0.0 ], [ 35.486224, 50.744545, 0.0 ], [ 35.485721, 50.745165, 0.0 ], [ 35.486477, 50.745695, 0.0 ], [ 35.487104, 50.746211, 0.0 ], [ 35.488108, 50.747155, 0.0 ], [ 35.488289, 50.747351, 0.0 ], [ 35.489548, 50.749136, 0.0 ], [ 35.48973, 50.749492, 0.0 ], [ 35.490146, 50.750511, 0.0 ], [ 35.490272, 50.750915, 0.0 ], [ 35.490439, 50.751581, 0.0 ], [ 35.490488, 50.751839, 0.0 ], [ 35.490589, 50.752973, 0.0 ], [ 35.490586, 50.753358, 0.0 ], [ 35.490299, 50.755099, 0.0 ], [ 35.489888, 50.755947, 0.0 ], [ 35.493372, 50.760884, 0.0 ], [ 35.493671, 50.761343, 0.0 ], [ 35.495616, 50.764564, 0.0 ], [ 35.497956, 50.76793, 0.0 ], [ 35.500852, 50.771965, 0.0 ], [ 35.501716, 50.773221, 0.0 ], [ 35.502614, 50.775038, 0.0 ], [ 35.502889, 50.776935, 0.0 ], [ 35.502528, 50.778826, 0.0 ], [ 35.501546, 50.780626, 0.0 ], [ 35.499988, 50.782254, 0.0 ], [ 35.497924, 50.783638, 0.0 ], [ 35.486048, 50.790071, 0.0 ], [ 35.484838, 50.790864, 0.0 ], [ 35.482894, 50.791926, 0.0 ], [ 35.480679, 50.792748, 0.0 ], [ 35.478266, 50.793304, 0.0 ], [ 35.475735, 50.793575, 0.0 ], [ 35.473168, 50.793552, 0.0 ], [ 35.47065, 50.793237, 0.0 ], [ 35.468889, 50.792909, 0.0 ], [ 35.466362, 50.792265, 0.0 ], [ 35.466305, 50.792247, 0.0 ], [ 35.465986, 50.792268, 0.0 ], [ 35.462774, 50.792254, 0.0 ], [ 35.461038, 50.792121, 0.0 ], [ 35.458945, 50.791859, 0.0 ], [ 35.456787, 50.791478, 0.0 ], [ 35.456437, 50.791715, 0.0 ], [ 35.449243, 50.79614, 0.0 ], [ 35.446859, 50.797597, 0.0 ], [ 35.44682, 50.797621, 0.0 ], [ 35.446085, 50.798087, 0.0 ], [ 35.445039, 50.799102, 0.0 ], [ 35.443487, 50.800352, 0.0 ], [ 35.441611, 50.801409, 0.0 ], [ 35.441128, 50.801636, 0.0 ], [ 35.437572, 50.802853, 0.0 ], [ 35.426072, 50.80553, 0.0 ], [ 35.424846, 50.805926, 0.0 ], [ 35.424767, 50.806005, 0.0 ], [ 35.424622, 50.806398, 0.0 ], [ 35.424536, 50.806606, 0.0 ], [ 35.425868, 50.809704, 0.0 ], [ 35.426043, 50.810158, 0.0 ], [ 35.426508, 50.811516, 0.0 ], [ 35.426829, 50.813267, 0.0 ], [ 35.426605, 50.815023, 0.0 ], [ 35.425844, 50.816718, 0.0 ], [ 35.424575, 50.818287, 0.0 ], [ 35.422848, 50.819668, 0.0 ], [ 35.420729, 50.82081, 0.0 ], [ 35.418298, 50.821667, 0.0 ], [ 35.417513, 50.821828, 0.0 ] ] ] }, { "type": "Polygon", "coordinates": [ [ [ 35.333014, 50.954505, 0.0 ], [ 35.331328, 50.952657, 0.0 ], [ 35.329819, 50.952039, 0.0 ], [ 35.329306, 50.947865, 0.0 ], [ 35.325686, 50.946752, 0.0 ], [ 35.331824, 50.936896, 0.0 ], [ 35.333172, 50.934626, 0.0 ], [ 35.337732, 50.934312, 0.0 ], [ 35.339267, 50.934342, 0.0 ], [ 35.341707, 50.934799, 0.0 ], [ 35.343784, 50.935449, 0.0 ], [ 35.343778, 50.935258, 0.0 ], [ 35.34401, 50.934644, 0.0 ], [ 35.344569, 50.933639, 0.0 ], [ 35.344806, 50.933356, 0.0 ], [ 35.344824, 50.933377, 0.0 ], [ 35.345682, 50.935054, 0.0 ], [ 35.346005, 50.936804, 0.0 ], [ 35.345782, 50.938561, 0.0 ], [ 35.345021, 50.940256, 0.0 ], [ 35.339292, 50.94946, 0.0 ], [ 35.338559, 50.950709, 0.0 ], [ 35.337099, 50.952211, 0.0 ], [ 35.335202, 50.953503, 0.0 ], [ 35.333014, 50.954505, 0.0 ] ] ] }, { "type": "Polygon", "coordinates": [ [ [ 35.347268, 50.979982, 0.0 ], [ 35.348594, 50.980431, 0.0 ], [ 35.35075, 50.981551, 0.0 ], [ 35.352518, 50.982914, 0.0 ], [ 35.353831, 50.98447, 0.0 ], [ 35.354638, 50.986157, 0.0 ], [ 35.354909, 50.987911, 0.0 ], [ 35.354632, 50.989664, 0.0 ], [ 35.353818, 50.99135, 0.0 ], [ 35.352499, 50.992903, 0.0 ], [ 35.350725, 50.994264, 0.0 ], [ 35.350159, 50.994556, 0.0 ], [ 35.351129, 50.995893, 0.0 ], [ 35.351489, 50.996859, 0.0 ], [ 35.352891, 50.996745, 0.0 ], [ 35.354203, 50.996744, 0.0 ], [ 35.355466, 50.996624, 0.0 ], [ 35.356009, 50.996549, 0.0 ], [ 35.358494, 50.99635, 0.0 ], [ 35.360996, 50.996429, 0.0 ], [ 35.363437, 50.996782, 0.0 ], [ 35.364805, 50.997062, 0.0 ], [ 35.366824, 50.997586, 0.0 ], [ 35.369988, 50.998593, 0.0 ], [ 35.370687, 50.998831, 0.0 ], [ 35.371238, 50.999031, 0.0 ], [ 35.372347, 50.999343, 0.0 ], [ 35.373192, 50.999609, 0.0 ], [ 35.374927, 50.999634, 0.0 ], [ 35.376027, 50.999721, 0.0 ], [ 35.380016, 51.000419, 0.0 ], [ 35.380482, 51.000549, 0.0 ], [ 35.382839, 51.001384, 0.0 ], [ 35.384904, 51.002484, 0.0 ], [ 35.385253, 51.002708, 0.0 ], [ 35.386681, 51.003785, 0.0 ], [ 35.387307, 51.004445, 0.0 ], [ 35.388963, 51.004851, 0.0 ], [ 35.391326, 51.005803, 0.0 ], [ 35.393347, 51.007028, 0.0 ], [ 35.39495, 51.008479, 0.0 ], [ 35.396071, 51.010101, 0.0 ], [ 35.396481, 51.011289, 0.0 ], [ 35.397022, 51.011332, 0.0 ], [ 35.399718, 51.011912, 0.0 ], [ 35.402179, 51.012818, 0.0 ], [ 35.404304, 51.014014, 0.0 ], [ 35.404391, 51.014088, 0.0 ], [ 35.406212, 51.014168, 0.0 ], [ 35.408783, 51.014593, 0.0 ], [ 35.411184, 51.015312, 0.0 ], [ 35.413332, 51.0163, 0.0 ], [ 35.415152, 51.017522, 0.0 ], [ 35.416253, 51.018612, 0.0 ], [ 35.417581, 51.019191, 0.0 ], [ 35.419665, 51.020299, 0.0 ], [ 35.421377, 51.021638, 0.0 ], [ 35.422653, 51.023157, 0.0 ], [ 35.423447, 51.024802, 0.0 ], [ 35.423731, 51.026512, 0.0 ], [ 35.423493, 51.028225, 0.0 ], [ 35.422742, 51.029878, 0.0 ], [ 35.421157, 51.032417, 0.0 ], [ 35.420263, 51.033502, 0.0 ], [ 35.421482, 51.034584, 0.0 ], [ 35.422611, 51.036155, 0.0 ], [ 35.423244, 51.037832, 0.0 ], [ 35.423358, 51.039555, 0.0 ], [ 35.422947, 51.04126, 0.0 ], [ 35.421616, 51.044592, 0.0 ], [ 35.420627, 51.046308, 0.0 ], [ 35.420138, 51.046809, 0.0 ], [ 35.420269, 51.048394, 0.0 ], [ 35.41993, 51.050019, 0.0 ], [ 35.419129, 51.051579, 0.0 ], [ 35.417891, 51.053021, 0.0 ], [ 35.416258, 51.054298, 0.0 ], [ 35.414284, 51.055366, 0.0 ], [ 35.413676, 51.055638, 0.0 ], [ 35.411565, 51.056855, 0.0 ], [ 35.408618, 51.058611, 0.0 ], [ 35.406973, 51.05968, 0.0 ], [ 35.406742, 51.059902, 0.0 ], [ 35.4051, 51.061198, 0.0 ], [ 35.403108, 51.062282, 0.0 ], [ 35.400835, 51.063117, 0.0 ], [ 35.398356, 51.063674, 0.0 ], [ 35.395757, 51.063935, 0.0 ], [ 35.394407, 51.063912, 0.0 ], [ 35.393082, 51.065421, 0.0 ], [ 35.392359, 51.066158, 0.0 ], [ 35.39071, 51.06767, 0.0 ], [ 35.387582, 51.071322, 0.0 ], [ 35.386064, 51.072749, 0.0 ], [ 35.384142, 51.073968, 0.0 ], [ 35.381887, 51.074934, 0.0 ], [ 35.379381, 51.075613, 0.0 ], [ 35.376716, 51.075978, 0.0 ], [ 35.373989, 51.076018, 0.0 ], [ 35.371301, 51.075729, 0.0 ], [ 35.368748, 51.075124, 0.0 ], [ 35.368453, 51.07501, 0.0 ], [ 35.364941, 51.074891, 0.0 ], [ 35.360875, 51.0751, 0.0 ], [ 35.357593, 51.075029, 0.0 ], [ 35.354423, 51.074488, 0.0 ], [ 35.352861, 51.074095, 0.0 ], [ 35.351444, 51.07368, 0.0 ], [ 35.350661, 51.073417, 0.0 ], [ 35.34808, 51.072305, 0.0 ], [ 35.347468, 51.071974, 0.0 ], [ 35.346419, 51.071346, 0.0 ], [ 35.346011, 51.071075, 0.0 ], [ 35.345038, 51.070809, 0.0 ], [ 35.343747, 51.070511, 0.0 ], [ 35.341359, 51.069594, 0.0 ], [ 35.339301, 51.068401, 0.0 ], [ 35.337828, 51.067129, 0.0 ], [ 35.339874, 51.066226, 0.0 ], [ 35.344874, 51.064297, 0.0 ], [ 35.350041, 51.062378, 0.0 ], [ 35.353489, 51.06332, 0.0 ], [ 35.354444, 51.063643, 0.0 ], [ 35.354809, 51.063859, 0.0 ], [ 35.356761, 51.065153, 0.0 ], [ 35.357373, 51.065484, 0.0 ], [ 35.358156, 51.065747, 0.0 ], [ 35.359717, 51.06614, 0.0 ], [ 35.364744, 51.065882, 0.0 ], [ 35.370119, 51.066064, 0.0 ], [ 35.371213, 51.066016, 0.0 ], [ 35.372475, 51.065837, 0.0 ], [ 35.375027, 51.067052, 0.0 ], [ 35.378519, 51.062976, 0.0 ], [ 35.380601, 51.061067, 0.0 ], [ 35.384066, 51.057123, 0.0 ], [ 35.386688, 51.05353, 0.0 ], [ 35.389512, 51.053274, 0.0 ], [ 35.392306, 51.054122, 0.0 ], [ 35.394822, 51.054965, 0.0 ], [ 35.395793, 51.054034, 0.0 ], [ 35.398593, 51.052213, 0.0 ], [ 35.401854, 51.050271, 0.0 ], [ 35.404698, 51.048632, 0.0 ], [ 35.406019, 51.04804, 0.0 ], [ 35.405642, 51.046392, 0.0 ], [ 35.405277, 51.044625, 0.0 ], [ 35.405701, 51.042532, 0.0 ], [ 35.407789, 51.042396, 0.0 ], [ 35.409121, 51.039064, 0.0 ], [ 35.403837, 51.038768, 0.0 ], [ 35.403823, 51.036115, 0.0 ], [ 35.403727, 51.036098, 0.0 ], [ 35.403582, 51.035983, 0.0 ], [ 35.403521, 51.035471, 0.0 ], [ 35.40363, 51.034921, 0.0 ], [ 35.403678, 51.034796, 0.0 ], [ 35.40348, 51.034486, 0.0 ], [ 35.403147, 51.034253, 0.0 ], [ 35.402766, 51.034111, 0.0 ], [ 35.401028, 51.0337, 0.0 ], [ 35.400225, 51.033668, 0.0 ], [ 35.400047, 51.032647, 0.0 ], [ 35.399953, 51.0316, 0.0 ], [ 35.400819, 51.031635, 0.0 ], [ 35.401554, 51.031591, 0.0 ], [ 35.402927, 51.03143, 0.0 ], [ 35.403024, 51.030731, 0.0 ], [ 35.403684, 51.028971, 0.0 ], [ 35.407892, 51.029125, 0.0 ], [ 35.409477, 51.026586, 0.0 ], [ 35.404779, 51.024538, 0.0 ], [ 35.40444, 51.024196, 0.0 ], [ 35.403898, 51.023038, 0.0 ], [ 35.394495, 51.023178, 0.0 ], [ 35.393799, 51.020089, 0.0 ], [ 35.383811, 51.019913, 0.0 ], [ 35.382513, 51.012867, 0.0 ], [ 35.375458, 51.011622, 0.0 ], [ 35.37551, 51.011382, 0.0 ], [ 35.375746, 51.010764, 0.0 ], [ 35.37573, 51.010299, 0.0 ], [ 35.375622, 51.009775, 0.0 ], [ 35.375328, 51.009323, 0.0 ], [ 35.37507, 51.008996, 0.0 ], [ 35.374721, 51.008771, 0.0 ], [ 35.374255, 51.008641, 0.0 ], [ 35.373155, 51.008554, 0.0 ], [ 35.371336, 51.008645, 0.0 ], [ 35.370349, 51.008709, 0.0 ], [ 35.368788, 51.008591, 0.0 ], [ 35.368369, 51.008512, 0.0 ], [ 35.368123, 51.008392, 0.0 ], [ 35.367426, 51.007841, 0.0 ], [ 35.365972, 51.007382, 0.0 ], [ 35.365029, 51.007149, 0.0 ], [ 35.363574, 51.00662, 0.0 ], [ 35.360409, 51.005613, 0.0 ], [ 35.359041, 51.005333, 0.0 ], [ 35.358044, 51.00547, 0.0 ], [ 35.355431, 51.005718, 0.0 ], [ 35.354712, 51.005661, 0.0 ], [ 35.348489, 51.006167, 0.0 ], [ 35.348017, 51.006424, 0.0 ], [ 35.344166, 51.007052, 0.0 ], [ 35.342932, 51.007045, 0.0 ], [ 35.340368, 51.007423, 0.0 ], [ 35.338242, 51.008057, 0.0 ], [ 35.333392, 51.009038, 0.0 ], [ 35.332482, 51.009394, 0.0 ], [ 35.329349, 51.011136, 0.0 ], [ 35.32598, 51.013674, 0.0 ], [ 35.325275, 51.014528, 0.0 ], [ 35.322969, 51.013712, 0.0 ], [ 35.329024, 51.008682, 0.0 ], [ 35.33143, 51.002546, 0.0 ], [ 35.335481, 50.99999, 0.0 ], [ 35.337653, 50.998808, 0.0 ], [ 35.337353, 50.998595, 0.0 ], [ 35.337004, 50.998359, 0.0 ], [ 35.336377, 50.998091, 0.0 ], [ 35.335164, 50.997653, 0.0 ], [ 35.334677, 50.997487, 0.0 ], [ 35.333173, 50.997242, 0.0 ], [ 35.329869, 50.996238, 0.0 ], [ 35.331429, 50.99368, 0.0 ], [ 35.332184, 50.992677, 0.0 ], [ 35.3327, 50.992355, 0.0 ], [ 35.335103, 50.990852, 0.0 ], [ 35.337695, 50.989491, 0.0 ], [ 35.340651, 50.987899, 0.0 ], [ 35.342641, 50.987901, 0.0 ], [ 35.347268, 50.979982, 0.0 ] ] ] }, { "type": "Polygon", "coordinates": [ [ [ 35.247249, 51.064901, 0.0 ], [ 35.248272, 51.065154, 0.0 ], [ 35.253924, 51.061651, 0.0 ], [ 35.256297, 51.062266, 0.0 ], [ 35.257997, 51.061641, 0.0 ], [ 35.257595, 51.059705, 0.0 ], [ 35.25753, 51.05921, 0.0 ], [ 35.257589, 51.058849, 0.0 ], [ 35.257821, 51.05873, 0.0 ], [ 35.257997, 51.058721, 0.0 ], [ 35.258201, 51.058758, 0.0 ], [ 35.259177, 51.059752, 0.0 ], [ 35.260188, 51.060724, 0.0 ], [ 35.260663, 51.06103, 0.0 ], [ 35.261433, 51.061347, 0.0 ], [ 35.265761, 51.063189, 0.0 ], [ 35.266334, 51.062054, 0.0 ], [ 35.26475, 51.059927, 0.0 ], [ 35.26712, 51.057976, 0.0 ], [ 35.273616, 51.058199, 0.0 ], [ 35.273291, 51.058512, 0.0 ], [ 35.272648, 51.059011, 0.0 ], [ 35.272776, 51.059162, 0.0 ], [ 35.273518, 51.059486, 0.0 ], [ 35.273693, 51.059476, 0.0 ], [ 35.274192, 51.058997, 0.0 ], [ 35.274691, 51.058771, 0.0 ], [ 35.27537, 51.058679, 0.0 ], [ 35.275929, 51.058713, 0.0 ], [ 35.275903, 51.05899, 0.0 ], [ 35.275541, 51.060478, 0.0 ], [ 35.275726, 51.060717, 0.0 ], [ 35.276445, 51.061826, 0.0 ], [ 35.276402, 51.062365, 0.0 ], [ 35.276091, 51.062969, 0.0 ], [ 35.274689, 51.062795, 0.0 ], [ 35.274471, 51.062918, 0.0 ], [ 35.274299, 51.063073, 0.0 ], [ 35.273881, 51.063667, 0.0 ], [ 35.273742, 51.064024, 0.0 ], [ 35.273786, 51.065008, 0.0 ], [ 35.274074, 51.065538, 0.0 ], [ 35.274444, 51.065831, 0.0 ], [ 35.274925, 51.066068, 0.0 ], [ 35.275892, 51.066376, 0.0 ], [ 35.275909, 51.065969, 0.0 ], [ 35.276005, 51.065598, 0.0 ], [ 35.276193, 51.065072, 0.0 ], [ 35.276733, 51.064438, 0.0 ], [ 35.27696, 51.064334, 0.0 ], [ 35.2774, 51.064375, 0.0 ], [ 35.278162, 51.064722, 0.0 ], [ 35.278425, 51.064813, 0.0 ], [ 35.278596, 51.064961, 0.0 ], [ 35.278736, 51.065872, 0.0 ], [ 35.278886, 51.06608, 0.0 ], [ 35.279186, 51.066182, 0.0 ], [ 35.279685, 51.066175, 0.0 ], [ 35.279941, 51.066289, 0.0 ], [ 35.28041, 51.066729, 0.0 ], [ 35.280501, 51.067146, 0.0 ], [ 35.280568, 51.06721, 0.0 ], [ 35.280721, 51.06724, 0.0 ], [ 35.281035, 51.067253, 0.0 ], [ 35.280584, 51.067384, 0.0 ], [ 35.280267, 51.067432, 0.0 ], [ 35.279902, 51.06757, 0.0 ], [ 35.277618, 51.068112, 0.0 ], [ 35.276482, 51.06912, 0.0 ], [ 35.274326, 51.070378, 0.0 ], [ 35.271807, 51.071332, 0.0 ], [ 35.269031, 51.071939, 0.0 ], [ 35.266117, 51.072176, 0.0 ], [ 35.263187, 51.072031, 0.0 ], [ 35.260367, 51.071511, 0.0 ], [ 35.257775, 51.070639, 0.0 ], [ 35.253538, 51.068835, 0.0 ], [ 35.252859, 51.068556, 0.0 ], [ 35.250464, 51.067316, 0.0 ], [ 35.249989, 51.06701, 0.0 ], [ 35.248256, 51.065652, 0.0 ], [ 35.247921, 51.065328, 0.0 ], [ 35.247249, 51.064901, 0.0 ] ] ] }, { "type": "Polygon", "coordinates": [ [ [ 34.757899, 51.17826, 0.0 ], [ 34.758108, 51.178072, 0.0 ], [ 34.758269, 51.178011, 0.0 ], [ 34.758403, 51.1779, 0.0 ], [ 34.758421, 51.17765, 0.0 ], [ 34.758983, 51.177218, 0.0 ], [ 34.760077, 51.176955, 0.0 ], [ 34.76145, 51.176585, 0.0 ], [ 34.765967, 51.175664, 0.0 ], [ 34.76837, 51.175314, 0.0 ], [ 34.770784, 51.17489, 0.0 ], [ 34.771621, 51.174927, 0.0 ], [ 34.771986, 51.175015, 0.0 ], [ 34.773939, 51.175338, 0.0 ], [ 34.775297, 51.175809, 0.0 ], [ 34.775992, 51.176123, 0.0 ], [ 34.776567, 51.176256, 0.0 ], [ 34.777442, 51.17669, 0.0 ], [ 34.778646, 51.177164, 0.0 ], [ 34.779359, 51.177787, 0.0 ], [ 34.779863, 51.178269, 0.0 ], [ 34.779851, 51.178548, 0.0 ], [ 34.779766, 51.178866, 0.0 ], [ 34.779882, 51.179121, 0.0 ], [ 34.780083, 51.179338, 0.0 ], [ 34.780349, 51.179851, 0.0 ], [ 34.780602, 51.180641, 0.0 ], [ 34.780859, 51.180944, 0.0 ], [ 34.781342, 51.18127, 0.0 ], [ 34.781497, 51.18167, 0.0 ], [ 34.781808, 51.181927, 0.0 ], [ 34.782866, 51.183204, 0.0 ], [ 34.784451, 51.184781, 0.0 ], [ 34.785888, 51.183843, 0.0 ], [ 34.786144, 51.183664, 0.0 ], [ 34.786314, 51.183627, 0.0 ], [ 34.786593, 51.183647, 0.0 ], [ 34.786744, 51.183614, 0.0 ], [ 34.786749, 51.183536, 0.0 ], [ 34.787017, 51.183422, 0.0 ], [ 34.788203, 51.183102, 0.0 ], [ 34.788288, 51.183018, 0.0 ], [ 34.788466, 51.182477, 0.0 ], [ 34.788723, 51.182285, 0.0 ], [ 34.789522, 51.181842, 0.0 ], [ 34.789721, 51.181643, 0.0 ], [ 34.789828, 51.180789, 0.0 ], [ 34.790631, 51.179892, 0.0 ], [ 34.79118, 51.179612, 0.0 ], [ 34.791638, 51.179447, 0.0 ], [ 34.791968, 51.179272, 0.0 ], [ 34.792446, 51.178896, 0.0 ], [ 34.792752, 51.178711, 0.0 ], [ 34.79324, 51.178627, 0.0 ], [ 34.793871, 51.178396, 0.0 ], [ 34.79515, 51.177981, 0.0 ], [ 34.795681, 51.177705, 0.0 ], [ 34.796188, 51.177395, 0.0 ], [ 34.796721, 51.176881, 0.0 ], [ 34.796963, 51.176542, 0.0 ], [ 34.797204, 51.176326, 0.0 ], [ 34.797919, 51.175967, 0.0 ], [ 34.79862, 51.175768, 0.0 ], [ 34.799784, 51.175533, 0.0 ], [ 34.800526, 51.175456, 0.0 ], [ 34.802472, 51.175465, 0.0 ], [ 34.803041, 51.175546, 0.0 ], [ 34.803464, 51.175656, 0.0 ], [ 34.804387, 51.176067, 0.0 ], [ 34.805701, 51.176545, 0.0 ], [ 34.806672, 51.176767, 0.0 ], [ 34.808121, 51.17677, 0.0 ], [ 34.808644, 51.17667, 0.0 ], [ 34.809081, 51.176508, 0.0 ], [ 34.809285, 51.176219, 0.0 ], [ 34.809451, 51.175721, 0.0 ], [ 34.80944, 51.175442, 0.0 ], [ 34.809263, 51.175203, 0.0 ], [ 34.80892, 51.174843, 0.0 ], [ 34.808598, 51.174305, 0.0 ], [ 34.808463, 51.173939, 0.0 ], [ 34.808528, 51.173232, 0.0 ], [ 34.808991, 51.172393, 0.0 ], [ 34.809269, 51.172267, 0.0 ], [ 34.810599, 51.172042, 0.0 ], [ 34.813503, 51.171387, 0.0 ], [ 34.814343, 51.170404, 0.0 ], [ 34.814472, 51.170333, 0.0 ], [ 34.814608, 51.17029, 0.0 ], [ 34.81821, 51.169167, 0.0 ], [ 34.819613, 51.169182, 0.0 ], [ 34.81978, 51.169184, 0.0 ], [ 34.826049, 51.16926, 0.0 ], [ 34.834803, 51.16934, 0.0 ], [ 34.834785, 51.177341, 0.0 ], [ 34.834471, 51.178482, 0.0 ], [ 34.833499, 51.179445, 0.0 ], [ 34.833252, 51.179903, 0.0 ], [ 34.833232, 51.182007, 0.0 ], [ 34.833315, 51.183249, 0.0 ], [ 34.836942, 51.183764, 0.0 ], [ 34.837754, 51.18399, 0.0 ], [ 34.83879, 51.184307, 0.0 ], [ 34.844708, 51.187945, 0.0 ], [ 34.846646, 51.188927, 0.0 ], [ 34.845596, 51.19089, 0.0 ], [ 34.846103, 51.19112, 0.0 ], [ 34.849, 51.192645, 0.0 ], [ 34.853636, 51.194908, 0.0 ], [ 34.856152, 51.196101, 0.0 ], [ 34.862314, 51.199156, 0.0 ], [ 34.865034, 51.197281, 0.0 ], [ 34.869913, 51.193794, 0.0 ], [ 34.870405, 51.193135, 0.0 ], [ 34.870459, 51.193122, 0.0 ], [ 34.870512, 51.193111, 0.0 ], [ 34.871012, 51.192984, 0.0 ], [ 34.872283, 51.19214, 0.0 ], [ 34.872743, 51.191885, 0.0 ], [ 34.874243, 51.191622, 0.0 ], [ 34.875775, 51.191351, 0.0 ], [ 34.876384, 51.191268, 0.0 ], [ 34.876437, 51.191444, 0.0 ], [ 34.87723, 51.192376, 0.0 ], [ 34.877686, 51.192752, 0.0 ], [ 34.878496, 51.193603, 0.0 ], [ 34.879425, 51.194305, 0.0 ], [ 34.880002, 51.194638, 0.0 ], [ 34.880674, 51.19484, 0.0 ], [ 34.881254, 51.194978, 0.0 ], [ 34.881635, 51.194964, 0.0 ], [ 34.881951, 51.194984, 0.0 ], [ 34.882461, 51.195038, 0.0 ], [ 34.883008, 51.195304, 0.0 ], [ 34.883555, 51.195687, 0.0 ], [ 34.883835, 51.195791, 0.0 ], [ 34.884049, 51.195798, 0.0 ], [ 34.884548, 51.195724, 0.0 ], [ 34.885036, 51.1956, 0.0 ], [ 34.88539, 51.195428, 0.0 ], [ 34.88613, 51.195317, 0.0 ], [ 34.886613, 51.1953, 0.0 ], [ 34.88701, 51.195337, 0.0 ], [ 34.887568, 51.195448, 0.0 ], [ 34.888158, 51.195499, 0.0 ], [ 34.888868, 51.195426, 0.0 ], [ 34.889585, 51.195173, 0.0 ], [ 34.889907, 51.194927, 0.0 ], [ 34.89092, 51.194578, 0.0 ], [ 34.892063, 51.194527, 0.0 ], [ 34.8932, 51.194342, 0.0 ], [ 34.894016, 51.194181, 0.0 ], [ 34.895298, 51.193808, 0.0 ], [ 34.895539, 51.193579, 0.0 ], [ 34.896119, 51.193424, 0.0 ], [ 34.896553, 51.193354, 0.0 ], [ 34.897262, 51.193096, 0.0 ], [ 34.897986, 51.192988, 0.0 ], [ 34.8982, 51.193014, 0.0 ], [ 34.898366, 51.193085, 0.0 ], [ 34.898533, 51.193273, 0.0 ], [ 34.898613, 51.193451, 0.0 ], [ 34.89901, 51.193916, 0.0 ], [ 34.89989, 51.194762, 0.0 ], [ 34.900464, 51.195391, 0.0 ], [ 34.900727, 51.19566, 0.0 ], [ 34.901365, 51.196124, 0.0 ], [ 34.901446, 51.19643, 0.0 ], [ 34.901488, 51.196564, 0.0 ], [ 34.902229, 51.196968, 0.0 ], [ 34.90306, 51.19726, 0.0 ], [ 34.90358, 51.197576, 0.0 ], [ 34.904074, 51.197926, 0.0 ], [ 34.904482, 51.198289, 0.0 ], [ 34.904895, 51.198859, 0.0 ], [ 34.905329, 51.200215, 0.0 ], [ 34.905362, 51.201233, 0.0 ], [ 34.905249, 51.201469, 0.0 ], [ 34.904846, 51.201781, 0.0 ], [ 34.904589, 51.201849, 0.0 ], [ 34.904326, 51.20204, 0.0 ], [ 34.904144, 51.202289, 0.0 ], [ 34.904031, 51.202867, 0.0 ], [ 34.904063, 51.203163, 0.0 ], [ 34.904313, 51.203477, 0.0 ], [ 34.904632, 51.203714, 0.0 ], [ 34.906735, 51.204742, 0.0 ], [ 34.907508, 51.205068, 0.0 ], [ 34.909744, 51.205596, 0.0 ], [ 34.911852, 51.205897, 0.0 ], [ 34.913076, 51.205916, 0.0 ], [ 34.914347, 51.205875, 0.0 ], [ 34.916509, 51.205687, 0.0 ], [ 34.91712, 51.205522, 0.0 ], [ 34.917501, 51.205509, 0.0 ], [ 34.917984, 51.205586, 0.0 ], [ 34.921535, 51.205531, 0.0 ], [ 34.924336, 51.205193, 0.0 ], [ 34.925269, 51.205166, 0.0 ], [ 34.926197, 51.20529, 0.0 ], [ 34.927254, 51.205378, 0.0 ], [ 34.928107, 51.205425, 0.0 ], [ 34.929137, 51.205529, 0.0 ], [ 34.929913, 51.205662, 0.0 ], [ 34.931315, 51.2061, 0.0 ], [ 34.933042, 51.206766, 0.0 ], [ 34.934501, 51.207337, 0.0 ], [ 34.936324, 51.208352, 0.0 ], [ 34.937027, 51.209023, 0.0 ], [ 34.937623, 51.20971, 0.0 ], [ 34.937689, 51.209846, 0.0 ], [ 34.937859, 51.210194, 0.0 ], [ 34.938621, 51.210889, 0.0 ], [ 34.938884, 51.21103, 0.0 ], [ 34.939361, 51.211629, 0.0 ], [ 34.939397, 51.212124, 0.0 ], [ 34.939195, 51.21263, 0.0 ], [ 34.939249, 51.213709, 0.0 ], [ 34.939163, 51.215134, 0.0 ], [ 34.939362, 51.216056, 0.0 ], [ 34.939678, 51.216773, 0.0 ], [ 34.940128, 51.21725, 0.0 ], [ 34.942735, 51.218181, 0.0 ], [ 34.943905, 51.218437, 0.0 ], [ 34.945038, 51.21848, 0.0 ], [ 34.94854, 51.218403, 0.0 ], [ 34.950038, 51.218462, 0.0 ], [ 34.951203, 51.21868, 0.0 ], [ 34.951978, 51.218988, 0.0 ], [ 34.952418, 51.219374, 0.0 ], [ 34.952526, 51.220076, 0.0 ], [ 34.952279, 51.221319, 0.0 ], [ 34.951973, 51.222499, 0.0 ], [ 34.951367, 51.223728, 0.0 ], [ 34.950804, 51.224447, 0.0 ], [ 34.950176, 51.225196, 0.0 ], [ 34.95017, 51.225996, 0.0 ], [ 34.950893, 51.226701, 0.0 ], [ 34.952134, 51.227242, 0.0 ], [ 34.953168, 51.227628, 0.0 ], [ 34.953883, 51.22783, 0.0 ], [ 34.954602, 51.227951, 0.0 ], [ 34.955149, 51.227958, 0.0 ], [ 34.956028, 51.228112, 0.0 ], [ 34.957337, 51.228455, 0.0 ], [ 34.958818, 51.228952, 0.0 ], [ 34.960859, 51.229796, 0.0 ], [ 34.962037, 51.230168, 0.0 ], [ 34.962707, 51.230457, 0.0 ], [ 34.963802, 51.23077, 0.0 ], [ 34.965368, 51.231589, 0.0 ], [ 34.965695, 51.231683, 0.0 ], [ 34.966087, 51.2317, 0.0 ], [ 34.966827, 51.231707, 0.0 ], [ 34.967557, 51.231784, 0.0 ], [ 34.968571, 51.231952, 0.0 ], [ 34.971521, 51.232607, 0.0 ], [ 34.971693, 51.232691, 0.0 ], [ 34.971907, 51.233024, 0.0 ], [ 34.972202, 51.23307, 0.0 ], [ 34.973404, 51.233124, 0.0 ], [ 34.973737, 51.233212, 0.0 ], [ 34.974376, 51.23354, 0.0 ], [ 34.975314, 51.233776, 0.0 ], [ 34.976569, 51.233984, 0.0 ], [ 34.977019, 51.234089, 0.0 ], [ 34.977668, 51.234407, 0.0 ], [ 34.979042, 51.234911, 0.0 ], [ 34.979352, 51.235094, 0.0 ], [ 34.979568, 51.235297, 0.0 ], [ 34.979809, 51.235509, 0.0 ], [ 34.979959, 51.235543, 0.0 ], [ 34.980211, 51.235559, 0.0 ], [ 34.980179, 51.235059, 0.0 ], [ 34.980903, 51.234411, 0.0 ], [ 34.981686, 51.233957, 0.0 ], [ 34.98226, 51.233799, 0.0 ], [ 34.98266, 51.233612, 0.0 ], [ 34.982732, 51.23344, 0.0 ], [ 34.982732, 51.233275, 0.0 ], [ 34.98262, 51.232976, 0.0 ], [ 34.982218, 51.232372, 0.0 ], [ 34.982057, 51.232332, 0.0 ], [ 34.981998, 51.232207, 0.0 ], [ 34.982083, 51.232096, 0.0 ], [ 34.982384, 51.231851, 0.0 ], [ 34.983065, 51.231582, 0.0 ], [ 34.983408, 51.231482, 0.0 ], [ 34.984009, 51.231394, 0.0 ], [ 34.984589, 51.231368, 0.0 ], [ 34.985313, 51.231236, 0.0 ], [ 34.986504, 51.230954, 0.0 ], [ 34.987571, 51.230541, 0.0 ], [ 34.990591, 51.229496, 0.0 ], [ 34.990919, 51.229416, 0.0 ], [ 34.991455, 51.229332, 0.0 ], [ 34.991648, 51.229137, 0.0 ], [ 34.991874, 51.229124, 0.0 ], [ 34.99219, 51.229221, 0.0 ], [ 34.992372, 51.229201, 0.0 ], [ 34.992582, 51.22911, 0.0 ], [ 34.993054, 51.228878, 0.0 ], [ 34.993268, 51.228821, 0.0 ], [ 34.993821, 51.228798, 0.0 ], [ 34.994261, 51.228895, 0.0 ], [ 34.994577, 51.228892, 0.0 ], [ 34.994819, 51.228764, 0.0 ], [ 34.995006, 51.22871, 0.0 ], [ 34.995281, 51.228738, 0.0 ], [ 34.995409, 51.228865, 0.0 ], [ 34.995666, 51.228919, 0.0 ], [ 34.995993, 51.228919, 0.0 ], [ 34.996406, 51.229103, 0.0 ], [ 34.996728, 51.229154, 0.0 ], [ 34.997023, 51.22911, 0.0 ], [ 34.997195, 51.229103, 0.0 ], [ 34.997458, 51.229204, 0.0 ], [ 34.997699, 51.229211, 0.0 ], [ 34.997957, 51.229157, 0.0 ], [ 34.998155, 51.229184, 0.0 ], [ 34.998225, 51.229308, 0.0 ], [ 34.998638, 51.229617, 0.0 ], [ 34.998778, 51.229621, 0.0 ], [ 34.999217, 51.229466, 0.0 ], [ 34.99941, 51.229446, 0.0 ], [ 34.999722, 51.229265, 0.0 ], [ 34.999877, 51.229244, 0.0 ], [ 35.000333, 51.229456, 0.0 ], [ 35.001197, 51.229759, 0.0 ], [ 35.00154, 51.229812, 0.0 ], [ 35.002286, 51.230172, 0.0 ], [ 35.003069, 51.230817, 0.0 ], [ 35.005454, 51.231912, 0.0 ], [ 35.005858, 51.231999, 0.0 ], [ 35.006282, 51.232022, 0.0 ], [ 35.007302, 51.231952, 0.0 ], [ 35.008434, 51.231808, 0.0 ], [ 35.00958, 51.231778, 0.0 ], [ 35.01007, 51.23167, 0.0 ], [ 35.011496, 51.231025, 0.0 ], [ 35.012033, 51.230746, 0.0 ], [ 35.01229, 51.230477, 0.0 ], [ 35.012387, 51.230101, 0.0 ], [ 35.012526, 51.229752, 0.0 ], [ 35.013669, 51.228096, 0.0 ], [ 35.014606, 51.227461, 0.0 ], [ 35.015922, 51.226712, 0.0 ], [ 35.016759, 51.226161, 0.0 ], [ 35.017521, 51.225778, 0.0 ], [ 35.018921, 51.225092, 0.0 ], [ 35.019495, 51.224676, 0.0 ], [ 35.020246, 51.224407, 0.0 ], [ 35.020777, 51.224084, 0.0 ], [ 35.020922, 51.22396, 0.0 ], [ 35.021341, 51.223552, 0.0 ], [ 35.021984, 51.222613, 0.0 ], [ 35.022284, 51.22179, 0.0 ], [ 35.022527, 51.221318, 0.0 ], [ 35.022783, 51.221084, 0.0 ], [ 35.023159, 51.220836, 0.0 ], [ 35.023556, 51.220617, 0.0 ], [ 35.02414, 51.220416, 0.0 ], [ 35.02625, 51.219791, 0.0 ], [ 35.027418, 51.219616, 0.0 ], [ 35.027863, 51.219562, 0.0 ], [ 35.028732, 51.219576, 0.0 ], [ 35.029188, 51.219644, 0.0 ], [ 35.029832, 51.219707, 0.0 ], [ 35.03061, 51.219892, 0.0 ], [ 35.031291, 51.219932, 0.0 ], [ 35.031758, 51.219895, 0.0 ], [ 35.032304, 51.219798, 0.0 ], [ 35.034129, 51.219189, 0.0 ], [ 35.034966, 51.218951, 0.0 ], [ 35.038042, 51.217811, 0.0 ], [ 35.038329, 51.21136, 0.0 ], [ 35.038756, 51.204421, 0.0 ], [ 35.040776, 51.204894, 0.0 ], [ 35.042771, 51.205499, 0.0 ], [ 35.043522, 51.205889, 0.0 ], [ 35.044767, 51.206944, 0.0 ], [ 35.047804, 51.208439, 0.0 ], [ 35.048479, 51.208634, 0.0 ], [ 35.049203, 51.208735, 0.0 ], [ 35.049997, 51.208842, 0.0 ], [ 35.050898, 51.209128, 0.0 ], [ 35.05144, 51.20935, 0.0 ], [ 35.051585, 51.209458, 0.0 ], [ 35.051928, 51.209844, 0.0 ], [ 35.052255, 51.21009, 0.0 ], [ 35.052709, 51.210311, 0.0 ], [ 35.053135, 51.210459, 0.0 ], [ 35.054331, 51.210742, 0.0 ], [ 35.054927, 51.210923, 0.0 ], [ 35.05519, 51.211081, 0.0 ], [ 35.05563, 51.211467, 0.0 ], [ 35.055957, 51.211992, 0.0 ], [ 35.056386, 51.212848, 0.0 ], [ 35.056658, 51.213064, 0.0 ], [ 35.058725, 51.213984, 0.0 ], [ 35.060838, 51.215063, 0.0 ], [ 35.061418, 51.215399, 0.0 ], [ 35.061944, 51.215748, 0.0 ], [ 35.062185, 51.216061, 0.0 ], [ 35.062405, 51.216464, 0.0 ], [ 35.062448, 51.217298, 0.0 ], [ 35.062571, 51.217509, 0.0 ], [ 35.063118, 51.218033, 0.0 ], [ 35.063221, 51.218195, 0.0 ], [ 35.063242, 51.21839, 0.0 ], [ 35.063177, 51.218584, 0.0 ], [ 35.061992, 51.220352, 0.0 ], [ 35.061192, 51.221598, 0.0 ], [ 35.061218, 51.221972, 0.0 ], [ 35.061648, 51.223127, 0.0 ], [ 35.061799, 51.22339, 0.0 ], [ 35.062185, 51.223863, 0.0 ], [ 35.062614, 51.22431, 0.0 ], [ 35.063049, 51.224639, 0.0 ], [ 35.06351, 51.225039, 0.0 ], [ 35.063875, 51.225277, 0.0 ], [ 35.064631, 51.225878, 0.0 ], [ 35.064921, 51.226252, 0.0 ], [ 35.064996, 51.226765, 0.0 ], [ 35.065151, 51.22699, 0.0 ], [ 35.065645, 51.227437, 0.0 ], [ 35.065747, 51.227692, 0.0 ], [ 35.065919, 51.22866, 0.0 ], [ 35.06608, 51.228858, 0.0 ], [ 35.066324, 51.229048, 0.0 ], [ 35.067415, 51.229567, 0.0 ], [ 35.068499, 51.230057, 0.0 ], [ 35.069667, 51.230522, 0.0 ], [ 35.075192, 51.232027, 0.0 ], [ 35.084645, 51.230358, 0.0 ], [ 35.093138, 51.231371, 0.0 ], [ 35.099138, 51.232073, 0.0 ], [ 35.105108, 51.23274, 0.0 ], [ 35.113813, 51.231004, 0.0 ], [ 35.11742, 51.229702, 0.0 ], [ 35.119607, 51.231503, 0.0 ], [ 35.134878, 51.22732, 0.0 ], [ 35.150266, 51.22342, 0.0 ], [ 35.150172, 51.22102, 0.0 ], [ 35.148296, 51.220545, 0.0 ], [ 35.145618, 51.220117, 0.0 ], [ 35.145339, 51.220022, 0.0 ], [ 35.145162, 51.219905, 0.0 ], [ 35.144829, 51.219539, 0.0 ], [ 35.144531, 51.219328, 0.0 ], [ 35.141643, 51.21841, 0.0 ], [ 35.140296, 51.218111, 0.0 ], [ 35.139851, 51.217862, 0.0 ], [ 35.138817, 51.2171, 0.0 ], [ 35.138644, 51.216826, 0.0 ], [ 35.138515, 51.216232, 0.0 ], [ 35.138231, 51.21591, 0.0 ], [ 35.13763, 51.215496, 0.0 ], [ 35.137474, 51.215232, 0.0 ], [ 35.137576, 51.215023, 0.0 ], [ 35.137829, 51.214868, 0.0 ], [ 35.138065, 51.214586, 0.0 ], [ 35.13807, 51.214414, 0.0 ], [ 35.137947, 51.214119, 0.0 ], [ 35.137646, 51.213655, 0.0 ], [ 35.137646, 51.21341, 0.0 ], [ 35.137748, 51.213212, 0.0 ], [ 35.137775, 51.212996, 0.0 ], [ 35.13777, 51.212607, 0.0 ], [ 35.1377, 51.212432, 0.0 ], [ 35.137476, 51.212188, 0.0 ], [ 35.137212, 51.211239, 0.0 ], [ 35.136895, 51.210772, 0.0 ], [ 35.136777, 51.210389, 0.0 ], [ 35.1369, 51.209686, 0.0 ], [ 35.137036, 51.209467, 0.0 ], [ 35.138392, 51.208339, 0.0 ], [ 35.138622, 51.208191, 0.0 ], [ 35.139325, 51.207972, 0.0 ], [ 35.140146, 51.207791, 0.0 ], [ 35.141473, 51.207346, 0.0 ], [ 35.142265, 51.206954, 0.0 ], [ 35.142534, 51.206706, 0.0 ], [ 35.14264, 51.206427, 0.0 ], [ 35.142898, 51.205962, 0.0 ], [ 35.143161, 51.205492, 0.0 ], [ 35.143311, 51.204702, 0.0 ], [ 35.143343, 51.203963, 0.0 ], [ 35.143268, 51.203616, 0.0 ], [ 35.143092, 51.203304, 0.0 ], [ 35.142544, 51.202827, 0.0 ], [ 35.141093, 51.201866, 0.0 ], [ 35.138478, 51.199926, 0.0 ], [ 35.136874, 51.198262, 0.0 ], [ 35.135082, 51.197028, 0.0 ], [ 35.133677, 51.196109, 0.0 ], [ 35.132099, 51.195186, 0.0 ], [ 35.131193, 51.194759, 0.0 ], [ 35.13027, 51.194406, 0.0 ], [ 35.130215, 51.190916, 0.0 ], [ 35.130355, 51.187667, 0.0 ], [ 35.130398, 51.185187, 0.0 ], [ 35.130603, 51.181108, 0.0 ], [ 35.130761, 51.17766, 0.0 ], [ 35.130921, 51.17379, 0.0 ], [ 35.133366, 51.171648, 0.0 ], [ 35.13401, 51.171064, 0.0 ], [ 35.134504, 51.170698, 0.0 ], [ 35.13352, 51.170206, 0.0 ], [ 35.128277, 51.167611, 0.0 ], [ 35.12761, 51.167262, 0.0 ], [ 35.127057, 51.166975, 0.0 ], [ 35.123351, 51.165138, 0.0 ], [ 35.123793, 51.164273, 0.0 ], [ 35.124599, 51.162331, 0.0 ], [ 35.12499, 51.161486, 0.0 ], [ 35.125691, 51.160873, 0.0 ], [ 35.12644, 51.160217, 0.0 ], [ 35.127871, 51.158981, 0.0 ], [ 35.130018, 51.157446, 0.0 ], [ 35.130431, 51.15727, 0.0 ], [ 35.131382, 51.156983, 0.0 ], [ 35.132607, 51.156613, 0.0 ], [ 35.133642, 51.156249, 0.0 ], [ 35.134063, 51.156065, 0.0 ], [ 35.136235, 51.156485, 0.0 ], [ 35.140595, 51.156835, 0.0 ], [ 35.14475, 51.156557, 0.0 ], [ 35.148294, 51.155668, 0.0 ], [ 35.14834, 51.155915, 0.0 ], [ 35.148114, 51.157671, 0.0 ], [ 35.147348, 51.159367, 0.0 ], [ 35.146071, 51.160935, 0.0 ], [ 35.144331, 51.162317, 0.0 ], [ 35.142583, 51.163252, 0.0 ], [ 35.143404, 51.163662, 0.0 ], [ 35.145453, 51.164916, 0.0 ], [ 35.147064, 51.166401, 0.0 ], [ 35.148173, 51.168058, 0.0 ], [ 35.148735, 51.169821, 0.0 ], [ 35.148729, 51.171619, 0.0 ], [ 35.148153, 51.17338, 0.0 ], [ 35.147032, 51.175033, 0.0 ], [ 35.145409, 51.176514, 0.0 ], [ 35.145366, 51.176545, 0.0 ], [ 35.145104, 51.176782, 0.0 ], [ 35.145058, 51.177893, 0.0 ], [ 35.144899, 51.181391, 0.0 ], [ 35.1447, 51.185377, 0.0 ], [ 35.144655, 51.187909, 0.0 ], [ 35.144555, 51.190249, 0.0 ], [ 35.14565, 51.190968, 0.0 ], [ 35.147442, 51.192202, 0.0 ], [ 35.149112, 51.193605, 0.0 ], [ 35.150129, 51.194659, 0.0 ], [ 35.151751, 51.195863, 0.0 ], [ 35.152925, 51.19664, 0.0 ], [ 35.154146, 51.197565, 0.0 ], [ 35.154694, 51.198042, 0.0 ], [ 35.156579, 51.2003, 0.0 ], [ 35.156755, 51.200612, 0.0 ], [ 35.157447, 51.202405, 0.0 ], [ 35.157523, 51.202752, 0.0 ], [ 35.157648, 51.204207, 0.0 ], [ 35.157616, 51.204946, 0.0 ], [ 35.157521, 51.205766, 0.0 ], [ 35.157371, 51.206556, 0.0 ], [ 35.156663, 51.208472, 0.0 ], [ 35.156406, 51.208931, 0.0 ], [ 35.156154, 51.209385, 0.0 ], [ 35.156138, 51.209382, 0.0 ], [ 35.155624, 51.21034, 0.0 ], [ 35.154362, 51.211767, 0.0 ], [ 35.154093, 51.212015, 0.0 ], [ 35.1538, 51.212246, 0.0 ], [ 35.155524, 51.212682, 0.0 ], [ 35.157981, 51.213486, 0.0 ], [ 35.160145, 51.214571, 0.0 ], [ 35.161936, 51.215899, 0.0 ], [ 35.163287, 51.217417, 0.0 ], [ 35.164147, 51.219071, 0.0 ], [ 35.164483, 51.220798, 0.0 ], [ 35.164578, 51.223198, 0.0 ], [ 35.164358, 51.225005, 0.0 ], [ 35.163566, 51.226748, 0.0 ], [ 35.162232, 51.228355, 0.0 ], [ 35.160413, 51.229762, 0.0 ], [ 35.158181, 51.230911, 0.0 ], [ 35.155627, 51.231756, 0.0 ], [ 35.140422, 51.235609, 0.0 ], [ 35.125332, 51.239743, 0.0 ], [ 35.122749, 51.240274, 0.0 ], [ 35.120052, 51.240488, 0.0 ], [ 35.117339, 51.240379, 0.0 ], [ 35.115557, 51.240089, 0.0 ], [ 35.109443, 51.241308, 0.0 ], [ 35.106049, 51.24171, 0.0 ], [ 35.102599, 51.241591, 0.0 ], [ 35.096515, 51.240911, 0.0 ], [ 35.090466, 51.240203, 0.0 ], [ 35.08528, 51.239584, 0.0 ], [ 35.079068, 51.240681, 0.0 ], [ 35.075855, 51.241007, 0.0 ], [ 35.072607, 51.240869, 0.0 ], [ 35.069492, 51.240274, 0.0 ], [ 35.063966, 51.238769, 0.0 ], [ 35.061998, 51.238114, 0.0 ], [ 35.06083, 51.237649, 0.0 ], [ 35.060132, 51.237352, 0.0 ], [ 35.058767, 51.236732, 0.0 ], [ 35.057676, 51.236213, 0.0 ], [ 35.055176, 51.23469, 0.0 ], [ 35.054933, 51.2345, 0.0 ], [ 35.053327, 51.232945, 0.0 ], [ 35.053166, 51.232747, 0.0 ], [ 35.052204, 51.231243, 0.0 ], [ 35.051958, 51.230484, 0.0 ], [ 35.051854, 51.230333, 0.0 ], [ 35.051779, 51.230195, 0.0 ], [ 35.051728, 51.230151, 0.0 ], [ 35.051597, 51.230052, 0.0 ], [ 35.050351, 51.22895, 0.0 ], [ 35.049922, 51.228503, 0.0 ], [ 35.049443, 51.227962, 0.0 ], [ 35.049057, 51.227489, 0.0 ], [ 35.04833, 51.226438, 0.0 ], [ 35.048179, 51.226175, 0.0 ], [ 35.047707, 51.225173, 0.0 ], [ 35.047477, 51.224556, 0.0 ], [ 35.045319, 51.225553, 0.0 ], [ 35.042242, 51.226693, 0.0 ], [ 35.040872, 51.22714, 0.0 ], [ 35.040447, 51.227261, 0.0 ], [ 35.039022, 51.227737, 0.0 ], [ 35.036202, 51.228448, 0.0 ], [ 35.035655, 51.228545, 0.0 ], [ 35.033551, 51.228814, 0.0 ], [ 35.033083, 51.228851, 0.0 ], [ 35.032932, 51.228853, 0.0 ], [ 35.032463, 51.22928, 0.0 ], [ 35.032318, 51.229404, 0.0 ], [ 35.03074, 51.230541, 0.0 ], [ 35.030209, 51.230864, 0.0 ], [ 35.028905, 51.231478, 0.0 ], [ 35.02773, 51.232179, 0.0 ], [ 35.026453, 51.232805, 0.0 ], [ 35.026284, 51.232916, 0.0 ], [ 35.025914, 51.233143, 0.0 ], [ 35.025739, 51.233563, 0.0 ], [ 35.02457, 51.235101, 0.0 ], [ 35.024313, 51.23537, 0.0 ], [ 35.022894, 51.236605, 0.0 ], [ 35.021163, 51.237672, 0.0 ], [ 35.020626, 51.237951, 0.0 ], [ 35.019867, 51.238319, 0.0 ], [ 35.018441, 51.238964, 0.0 ], [ 35.014814, 51.240152, 0.0 ], [ 35.014324, 51.24026, 0.0 ], [ 35.01228, 51.240607, 0.0 ], [ 35.010177, 51.24076, 0.0 ], [ 35.010165, 51.24076, 0.0 ], [ 35.010146, 51.240763, 0.0 ], [ 35.008859, 51.240889, 0.0 ], [ 35.007838, 51.240959, 0.0 ], [ 35.005049, 51.240979, 0.0 ], [ 35.004625, 51.240956, 0.0 ], [ 35.001211, 51.240503, 0.0 ], [ 35.000807, 51.240416, 0.0 ], [ 34.998829, 51.239882, 0.0 ], [ 34.997, 51.239168, 0.0 ], [ 34.995182, 51.238334, 0.0 ], [ 34.995064, 51.238323, 0.0 ], [ 34.994876, 51.238279, 0.0 ], [ 34.994789, 51.238308, 0.0 ], [ 34.994772, 51.238315, 0.0 ], [ 34.993557, 51.239445, 0.0 ], [ 34.992668, 51.239968, 0.0 ], [ 34.992565, 51.240106, 0.0 ], [ 34.990973, 51.241491, 0.0 ], [ 34.988992, 51.242661, 0.0 ], [ 34.986695, 51.243575, 0.0 ], [ 34.984164, 51.2442, 0.0 ], [ 34.98149, 51.244513, 0.0 ], [ 34.97877, 51.244503, 0.0 ], [ 34.978518, 51.244487, 0.0 ], [ 34.975095, 51.243999, 0.0 ], [ 34.974945, 51.243965, 0.0 ], [ 34.972347, 51.243182, 0.0 ], [ 34.970218, 51.242169, 0.0 ], [ 34.969986, 51.242121, 0.0 ], [ 34.969048, 51.241885, 0.0 ], [ 34.968761, 51.241796, 0.0 ], [ 34.96875, 51.241795, 0.0 ], [ 34.968455, 51.241749, 0.0 ], [ 34.965908, 51.241187, 0.0 ], [ 34.964339, 51.240614, 0.0 ], [ 34.962163, 51.240395, 0.0 ], [ 34.959733, 51.239857, 0.0 ], [ 34.959406, 51.239763, 0.0 ], [ 34.956202, 51.238496, 0.0 ], [ 34.955845, 51.238309, 0.0 ], [ 34.954991, 51.238006, 0.0 ], [ 34.954424, 51.237827, 0.0 ], [ 34.952982, 51.237304, 0.0 ], [ 34.951493, 51.236688, 0.0 ], [ 34.950895, 51.236635, 0.0 ], [ 34.950175, 51.236514, 0.0 ], [ 34.948007, 51.236028, 0.0 ], [ 34.947292, 51.235826, 0.0 ], [ 34.94585, 51.235355, 0.0 ], [ 34.944816, 51.234969, 0.0 ], [ 34.943967, 51.234626, 0.0 ], [ 34.942726, 51.234085, 0.0 ], [ 34.940593, 51.232946, 0.0 ], [ 34.938854, 51.231568, 0.0 ], [ 34.938131, 51.230863, 0.0 ], [ 34.936872, 51.229328, 0.0 ], [ 34.936103, 51.227671, 0.0 ], [ 34.935868, 51.226056, 0.0 ], [ 34.935658, 51.225996, 0.0 ], [ 34.933051, 51.225065, 0.0 ], [ 34.931014, 51.224183, 0.0 ], [ 34.92925, 51.223095, 0.0 ], [ 34.927811, 51.221832, 0.0 ], [ 34.927361, 51.221355, 0.0 ], [ 34.925881, 51.21917, 0.0 ], [ 34.925565, 51.218453, 0.0 ], [ 34.925177, 51.217263, 0.0 ], [ 34.924978, 51.216341, 0.0 ], [ 34.924859, 51.214793, 0.0 ], [ 34.92489, 51.214281, 0.0 ], [ 34.924235, 51.21436, 0.0 ], [ 34.921888, 51.214518, 0.0 ], [ 34.918603, 51.214569, 0.0 ], [ 34.918472, 51.214592, 0.0 ], [ 34.91631, 51.21478, 0.0 ], [ 34.915081, 51.214853, 0.0 ], [ 34.91381, 51.214894, 0.0 ], [ 34.912722, 51.214903, 0.0 ], [ 34.911498, 51.214884, 0.0 ], [ 34.908679, 51.214664, 0.0 ], [ 34.906571, 51.214363, 0.0 ], [ 34.904708, 51.214011, 0.0 ], [ 34.902471, 51.213483, 0.0 ], [ 34.89953, 51.212532, 0.0 ], [ 34.898757, 51.212206, 0.0 ], [ 34.897945, 51.211837, 0.0 ], [ 34.895842, 51.210809, 0.0 ], [ 34.893703, 51.209518, 0.0 ], [ 34.893384, 51.209281, 0.0 ], [ 34.891513, 51.207498, 0.0 ], [ 34.891263, 51.207184, 0.0 ], [ 34.890254, 51.205524, 0.0 ], [ 34.889953, 51.2044, 0.0 ], [ 34.88834, 51.204489, 0.0 ], [ 34.887856, 51.20447, 0.0 ], [ 34.887835, 51.204474, 0.0 ], [ 34.887336, 51.204548, 0.0 ], [ 34.883305, 51.204776, 0.0 ], [ 34.883091, 51.204769, 0.0 ], [ 34.879702, 51.204398, 0.0 ], [ 34.876553, 51.20353, 0.0 ], [ 34.876273, 51.203426, 0.0 ], [ 34.876174, 51.203383, 0.0 ], [ 34.875703, 51.203271, 0.0 ], [ 34.872891, 51.205212, 0.0 ], [ 34.870909, 51.206344, 0.0 ], [ 34.868626, 51.207225, 0.0 ], [ 34.866122, 51.207822, 0.0 ], [ 34.863484, 51.208116, 0.0 ], [ 34.860805, 51.208096, 0.0 ], [ 34.858179, 51.207763, 0.0 ], [ 34.855698, 51.207128, 0.0 ], [ 34.853449, 51.206214, 0.0 ], [ 34.847408, 51.203218, 0.0 ], [ 34.844857, 51.202008, 0.0 ], [ 34.840221, 51.199744, 0.0 ], [ 34.837309, 51.198219, 0.0 ], [ 34.83722, 51.198179, 0.0 ], [ 34.83497, 51.196911, 0.0 ], [ 34.833195, 51.195374, 0.0 ], [ 34.831973, 51.193637, 0.0 ], [ 34.831582, 51.192453, 0.0 ], [ 34.831089, 51.19215, 0.0 ], [ 34.830162, 51.192018, 0.0 ], [ 34.827627, 51.191498, 0.0 ], [ 34.825289, 51.190691, 0.0 ], [ 34.823231, 51.189626, 0.0 ], [ 34.821523, 51.188339, 0.0 ], [ 34.820225, 51.186875, 0.0 ], [ 34.819382, 51.185286, 0.0 ], [ 34.819023, 51.183625, 0.0 ], [ 34.818985, 51.182964, 0.0 ], [ 34.818723, 51.183149, 0.0 ], [ 34.816348, 51.184252, 0.0 ], [ 34.815911, 51.184414, 0.0 ], [ 34.812807, 51.185271, 0.0 ], [ 34.812284, 51.185371, 0.0 ], [ 34.810202, 51.185665, 0.0 ], [ 34.808074, 51.18576, 0.0 ], [ 34.806625, 51.185757, 0.0 ], [ 34.804166, 51.185618, 0.0 ], [ 34.803023, 51.185425, 0.0 ], [ 34.802385, 51.18569, 0.0 ], [ 34.801833, 51.186426, 0.0 ], [ 34.801634, 51.186626, 0.0 ], [ 34.80093, 51.187146, 0.0 ], [ 34.80036, 51.187842, 0.0 ], [ 34.800275, 51.187926, 0.0 ], [ 34.798513, 51.189335, 0.0 ], [ 34.796342, 51.190496, 0.0 ], [ 34.794594, 51.191104, 0.0 ], [ 34.792565, 51.192186, 0.0 ], [ 34.790045, 51.193056, 0.0 ], [ 34.787299, 51.193592, 0.0 ], [ 34.784438, 51.193771, 0.0 ], [ 34.781578, 51.193588, 0.0 ], [ 34.778833, 51.193049, 0.0 ], [ 34.776316, 51.192176, 0.0 ], [ 34.774127, 51.191005, 0.0 ], [ 34.772355, 51.189582, 0.0 ], [ 34.770771, 51.188005, 0.0 ], [ 34.770177, 51.187356, 0.0 ], [ 34.769185, 51.186158, 0.0 ], [ 34.768582, 51.185536, 0.0 ], [ 34.768517, 51.185421, 0.0 ], [ 34.768235, 51.185173, 0.0 ], [ 34.767978, 51.18487, 0.0 ], [ 34.767895, 51.184723, 0.0 ], [ 34.766486, 51.18501, 0.0 ], [ 34.765714, 51.185218, 0.0 ], [ 34.764124, 51.185608, 0.0 ], [ 34.761419, 51.186073, 0.0 ], [ 34.758621, 51.186198, 0.0 ], [ 34.755839, 51.185977, 0.0 ], [ 34.753179, 51.185419, 0.0 ], [ 34.750743, 51.184546, 0.0 ], [ 34.748625, 51.183391, 0.0 ], [ 34.746906, 51.181998, 0.0 ], [ 34.745653, 51.180421, 0.0 ], [ 34.745326, 51.17967, 0.0 ], [ 34.745897, 51.179707, 0.0 ], [ 34.747974, 51.179849, 0.0 ], [ 34.750122, 51.179984, 0.0 ], [ 34.751687, 51.180248, 0.0 ], [ 34.752583, 51.180365, 0.0 ], [ 34.753377, 51.18044, 0.0 ], [ 34.754053, 51.180303, 0.0 ], [ 34.754601, 51.180157, 0.0 ], [ 34.755216, 51.179827, 0.0 ], [ 34.755587, 51.179518, 0.0 ], [ 34.756472, 51.179013, 0.0 ], [ 34.757057, 51.17859, 0.0 ], [ 34.75733, 51.178422, 0.0 ], [ 34.757899, 51.17826, 0.0 ] ] ] }, { "type": "Polygon", "coordinates": [ [ [ 34.264829, 51.702391, 0.0 ], [ 34.265313, 51.701547, 0.0 ], [ 34.266768, 51.700034, 0.0 ], [ 34.268669, 51.698726, 0.0 ], [ 34.270945, 51.697675, 0.0 ], [ 34.271587, 51.697485, 0.0 ], [ 34.271779, 51.697394, 0.0 ], [ 34.27201, 51.697307, 0.0 ], [ 34.274672, 51.696522, 0.0 ], [ 34.277534, 51.696089, 0.0 ], [ 34.280478, 51.696025, 0.0 ], [ 34.280728, 51.696051, 0.0 ], [ 34.282431, 51.695944, 0.0 ], [ 34.283523, 51.695748, 0.0 ], [ 34.2864, 51.695601, 0.0 ], [ 34.288102, 51.695726, 0.0 ], [ 34.28835, 51.695715, 0.0 ], [ 34.290952, 51.695894, 0.0 ], [ 34.291762, 51.696045, 0.0 ], [ 34.29249, 51.696104, 0.0 ], [ 34.293008, 51.696214, 0.0 ], [ 34.294592, 51.696359, 0.0 ], [ 34.297379, 51.696996, 0.0 ], [ 34.299899, 51.697973, 0.0 ], [ 34.300679, 51.698437, 0.0 ], [ 34.300892, 51.698524, 0.0 ], [ 34.301068, 51.698633, 0.0 ], [ 34.301455, 51.698784, 0.0 ], [ 34.301988, 51.69909, 0.0 ], [ 34.302226, 51.699142, 0.0 ], [ 34.302781, 51.699309, 0.0 ], [ 34.305161, 51.700211, 0.0 ], [ 34.30722, 51.70138, 0.0 ], [ 34.307683, 51.701699, 0.0 ], [ 34.307744, 51.701749, 0.0 ], [ 34.308363, 51.702095, 0.0 ], [ 34.309976, 51.7034, 0.0 ], [ 34.31118, 51.704866, 0.0 ], [ 34.311933, 51.706443, 0.0 ], [ 34.311949, 51.70654, 0.0 ], [ 34.312573, 51.706947, 0.0 ], [ 34.313909, 51.708173, 0.0 ], [ 34.314002, 51.708299, 0.0 ], [ 34.314546, 51.708816, 0.0 ], [ 34.314763, 51.709145, 0.0 ], [ 34.314999, 51.709321, 0.0 ], [ 34.316312, 51.710797, 0.0 ], [ 34.316533, 51.711215, 0.0 ], [ 34.316732, 51.711241, 0.0 ], [ 34.319343, 51.71193, 0.0 ], [ 34.321687, 51.712923, 0.0 ], [ 34.323674, 51.714181, 0.0 ], [ 34.325229, 51.715655, 0.0 ], [ 34.325278, 51.715731, 0.0 ], [ 34.325255, 51.71586, 0.0 ], [ 34.325319, 51.71599, 0.0 ], [ 34.32528, 51.716076, 0.0 ], [ 34.325102, 51.716111, 0.0 ], [ 34.324881, 51.716102, 0.0 ], [ 34.324782, 51.716014, 0.0 ], [ 34.324807, 51.71591, 0.0 ], [ 34.32486, 51.715796, 0.0 ], [ 34.324839, 51.715745, 0.0 ], [ 34.324672, 51.715694, 0.0 ], [ 34.324593, 51.715736, 0.0 ], [ 34.324462, 51.715818, 0.0 ], [ 34.324238, 51.715831, 0.0 ], [ 34.324046, 51.715829, 0.0 ], [ 34.32396, 51.715719, 0.0 ], [ 34.323765, 51.715628, 0.0 ], [ 34.323622, 51.715652, 0.0 ], [ 34.323423, 51.715723, 0.0 ], [ 34.323245, 51.715743, 0.0 ], [ 34.323011, 51.71584, 0.0 ], [ 34.322758, 51.715952, 0.0 ], [ 34.322541, 51.715904, 0.0 ], [ 34.322399, 51.715904, 0.0 ], [ 34.322331, 51.715864, 0.0 ], [ 34.322328, 51.715785, 0.0 ], [ 34.322388, 51.715738, 0.0 ], [ 34.322349, 51.715672, 0.0 ], [ 34.322153, 51.715562, 0.0 ], [ 34.321904, 51.715593, 0.0 ], [ 34.321784, 51.715622, 0.0 ], [ 34.32151, 51.7156, 0.0 ], [ 34.321278, 51.715791, 0.0 ], [ 34.321357, 51.715912, 0.0 ], [ 34.321449, 51.715974, 0.0 ], [ 34.321435, 51.716029, 0.0 ], [ 34.3213, 51.716073, 0.0 ], [ 34.320855, 51.716025, 0.0 ], [ 34.32066, 51.716195, 0.0 ], [ 34.320578, 51.716248, 0.0 ], [ 34.320055, 51.71615, 0.0 ], [ 34.319682, 51.716084, 0.0 ], [ 34.319635, 51.715992, 0.0 ], [ 34.319621, 51.715924, 0.0 ], [ 34.31944, 51.715798, 0.0 ], [ 34.319319, 51.715805, 0.0 ], [ 34.319233, 51.715917, 0.0 ], [ 34.319208, 51.715974, 0.0 ], [ 34.319013, 51.716073, 0.0 ], [ 34.318757, 51.716225, 0.0 ], [ 34.318298, 51.716309, 0.0 ], [ 34.318074, 51.716391, 0.0 ], [ 34.317957, 51.716408, 0.0 ], [ 34.317814, 51.716516, 0.0 ], [ 34.317651, 51.716455, 0.0 ], [ 34.317164, 51.71636, 0.0 ], [ 34.317078, 51.716338, 0.0 ], [ 34.316865, 51.7163, 0.0 ], [ 34.316762, 51.716362, 0.0 ], [ 34.316626, 51.716457, 0.0 ], [ 34.316434, 51.716536, 0.0 ], [ 34.316217, 51.716538, 0.0 ], [ 34.316086, 51.716604, 0.0 ], [ 34.315926, 51.716679, 0.0 ], [ 34.31573, 51.716618, 0.0 ], [ 34.315552, 51.716596, 0.0 ], [ 34.315406, 51.716675, 0.0 ], [ 34.315282, 51.716772, 0.0 ], [ 34.315232, 51.717019, 0.0 ], [ 34.31514, 51.717114, 0.0 ], [ 34.315019, 51.717305, 0.0 ], [ 34.314898, 51.717495, 0.0 ], [ 34.314823, 51.71755, 0.0 ], [ 34.31393, 51.717931, 0.0 ], [ 34.31366, 51.718068, 0.0 ], [ 34.313539, 51.718167, 0.0 ], [ 34.313457, 51.718352, 0.0 ], [ 34.313504, 51.718535, 0.0 ], [ 34.313425, 51.718693, 0.0 ], [ 34.313155, 51.718914, 0.0 ], [ 34.31275, 51.719114, 0.0 ], [ 34.312614, 51.71924, 0.0 ], [ 34.312572, 51.719403, 0.0 ], [ 34.312622, 51.719623, 0.0 ], [ 34.312568, 51.719736, 0.0 ], [ 34.312362, 51.719839, 0.0 ], [ 34.31207, 51.719848, 0.0 ], [ 34.311846, 51.719786, 0.0 ], [ 34.311395, 51.719696, 0.0 ], [ 34.310936, 51.719643, 0.0 ], [ 34.310559, 51.719685, 0.0 ], [ 34.310409, 51.719771, 0.0 ], [ 34.310281, 51.719888, 0.0 ], [ 34.310096, 51.72, 0.0 ], [ 34.309783, 51.720156, 0.0 ], [ 34.309531, 51.720247, 0.0 ], [ 34.309125, 51.720271, 0.0 ], [ 34.308898, 51.720262, 0.0 ], [ 34.308631, 51.720079, 0.0 ], [ 34.308411, 51.719952, 0.0 ], [ 34.307906, 51.719824, 0.0 ], [ 34.307507, 51.719665, 0.0 ], [ 34.307255, 51.719434, 0.0 ], [ 34.306981, 51.719123, 0.0 ], [ 34.306664, 51.718991, 0.0 ], [ 34.306223, 51.718854, 0.0 ], [ 34.306038, 51.718733, 0.0 ], [ 34.305668, 51.718294, 0.0 ], [ 34.305416, 51.718043, 0.0 ], [ 34.305, 51.717702, 0.0 ], [ 34.304712, 51.717374, 0.0 ], [ 34.304381, 51.717032, 0.0 ], [ 34.303662, 51.716322, 0.0 ], [ 34.302841, 51.71563, 0.0 ], [ 34.302713, 51.715414, 0.0 ], [ 34.302727, 51.7153, 0.0 ], [ 34.303243, 51.715106, 0.0 ], [ 34.303264, 51.714991, 0.0 ], [ 34.303044, 51.714388, 0.0 ], [ 34.302852, 51.714269, 0.0 ], [ 34.302439, 51.714218, 0.0 ], [ 34.302098, 51.714194, 0.0 ], [ 34.301728, 51.714086, 0.0 ], [ 34.301716, 51.713728, 0.0 ], [ 34.301817, 51.713628, 0.0 ], [ 34.301927, 51.713488, 0.0 ], [ 34.301877, 51.713338, 0.0 ], [ 34.301716, 51.713145, 0.0 ], [ 34.301736, 51.712999, 0.0 ], [ 34.301379, 51.712721, 0.0 ], [ 34.301299, 51.712584, 0.0 ], [ 34.30081, 51.712313, 0.0 ], [ 34.300554, 51.71219, 0.0 ], [ 34.300386, 51.712027, 0.0 ], [ 34.300251, 51.711989, 0.0 ], [ 34.300066, 51.712022, 0.0 ], [ 34.299995, 51.712117, 0.0 ], [ 34.299921, 51.712181, 0.0 ], [ 34.299554, 51.712186, 0.0 ], [ 34.299323, 51.712186, 0.0 ], [ 34.298932, 51.712049, 0.0 ], [ 34.298829, 51.711954, 0.0 ], [ 34.298882, 51.711859, 0.0 ], [ 34.298942, 51.711663, 0.0 ], [ 34.298925, 51.711408, 0.0 ], [ 34.298761, 51.711077, 0.0 ], [ 34.298477, 51.710749, 0.0 ], [ 34.297918, 51.710176, 0.0 ], [ 34.297619, 51.709719, 0.0 ], [ 34.29757, 51.709521, 0.0 ], [ 34.297701, 51.709041, 0.0 ], [ 34.297748, 51.708754, 0.0 ], [ 34.297744, 51.70834, 0.0 ], [ 34.297741, 51.7082, 0.0 ], [ 34.297545, 51.70814, 0.0 ], [ 34.297238, 51.708153, 0.0 ], [ 34.296937, 51.70772, 0.0 ], [ 34.296474, 51.707401, 0.0 ], [ 34.295919, 51.707234, 0.0 ], [ 34.295343, 51.707234, 0.0 ], [ 34.29488, 51.707322, 0.0 ], [ 34.294276, 51.707194, 0.0 ], [ 34.29414, 51.707022, 0.0 ], [ 34.29392, 51.706775, 0.0 ], [ 34.293486, 51.706498, 0.0 ], [ 34.292648, 51.705917, 0.0 ], [ 34.292286, 51.705895, 0.0 ], [ 34.291973, 51.705948, 0.0 ], [ 34.29183, 51.705789, 0.0 ], [ 34.291788, 51.705512, 0.0 ], [ 34.291252, 51.705338, 0.0 ], [ 34.291018, 51.705071, 0.0 ], [ 34.290579, 51.705059, 0.0 ], [ 34.289885, 51.705028, 0.0 ], [ 34.289397, 51.704947, 0.0 ], [ 34.289201, 51.704859, 0.0 ], [ 34.288426, 51.704844, 0.0 ], [ 34.288069, 51.704704, 0.0 ], [ 34.287863, 51.704778, 0.0 ], [ 34.28785, 51.704898, 0.0 ], [ 34.287709, 51.705036, 0.0 ], [ 34.287472, 51.705073, 0.0 ], [ 34.287015, 51.705036, 0.0 ], [ 34.286788, 51.70488, 0.0 ], [ 34.286557, 51.704705, 0.0 ], [ 34.28614, 51.70459, 0.0 ], [ 34.28529, 51.704802, 0.0 ], [ 34.284897, 51.704926, 0.0 ], [ 34.28461, 51.705201, 0.0 ], [ 34.284364, 51.70536, 0.0 ], [ 34.283841, 51.705488, 0.0 ], [ 34.283625, 51.705378, 0.0 ], [ 34.283625, 51.705176, 0.0 ], [ 34.283589, 51.704995, 0.0 ], [ 34.283293, 51.704892, 0.0 ], [ 34.282946, 51.704933, 0.0 ], [ 34.28284, 51.705036, 0.0 ], [ 34.282936, 51.705285, 0.0 ], [ 34.282915, 51.705394, 0.0 ], [ 34.282679, 51.70559, 0.0 ], [ 34.282352, 51.705662, 0.0 ], [ 34.281678, 51.705606, 0.0 ], [ 34.281376, 51.705466, 0.0 ], [ 34.280989, 51.705288, 0.0 ], [ 34.280516, 51.705266, 0.0 ], [ 34.280149, 51.705235, 0.0 ], [ 34.280064, 51.705335, 0.0 ], [ 34.280084, 51.705456, 0.0 ], [ 34.280114, 51.705566, 0.0 ], [ 34.279938, 51.705687, 0.0 ], [ 34.279737, 51.70569, 0.0 ], [ 34.279636, 51.70555, 0.0 ], [ 34.279676, 51.705375, 0.0 ], [ 34.279732, 51.705257, 0.0 ], [ 34.279726, 51.705064, 0.0 ], [ 34.27951, 51.704995, 0.0 ], [ 34.279279, 51.705082, 0.0 ], [ 34.279193, 51.70522, 0.0 ], [ 34.278826, 51.705301, 0.0 ], [ 34.278605, 51.705385, 0.0 ], [ 34.278368, 51.705378, 0.0 ], [ 34.278182, 51.705269, 0.0 ], [ 34.278042, 51.70521, 0.0 ], [ 34.277981, 51.705058, 0.0 ], [ 34.277684, 51.704983, 0.0 ], [ 34.277478, 51.704973, 0.0 ], [ 34.277282, 51.704849, 0.0 ], [ 34.277322, 51.704718, 0.0 ], [ 34.277383, 51.704521, 0.0 ], [ 34.277227, 51.704431, 0.0 ], [ 34.277096, 51.704337, 0.0 ], [ 34.277086, 51.704241, 0.0 ], [ 34.276945, 51.704175, 0.0 ], [ 34.276492, 51.704085, 0.0 ], [ 34.276281, 51.704029, 0.0 ], [ 34.276115, 51.704088, 0.0 ], [ 34.276004, 51.704085, 0.0 ], [ 34.275748, 51.704076, 0.0 ], [ 34.275637, 51.70416, 0.0 ], [ 34.275501, 51.704222, 0.0 ], [ 34.275159, 51.704138, 0.0 ], [ 34.27443, 51.70392, 0.0 ], [ 34.274254, 51.703954, 0.0 ], [ 34.274023, 51.704013, 0.0 ], [ 34.273922, 51.703923, 0.0 ], [ 34.273982, 51.703817, 0.0 ], [ 34.274194, 51.703602, 0.0 ], [ 34.274168, 51.703468, 0.0 ], [ 34.273962, 51.703415, 0.0 ], [ 34.273474, 51.703465, 0.0 ], [ 34.273203, 51.703468, 0.0 ], [ 34.27272, 51.70329, 0.0 ], [ 34.272499, 51.703296, 0.0 ], [ 34.272297, 51.703415, 0.0 ], [ 34.27194, 51.703474, 0.0 ], [ 34.271729, 51.703443, 0.0 ], [ 34.271226, 51.703106, 0.0 ], [ 34.270939, 51.703031, 0.0 ], [ 34.27074, 51.703009, 0.0 ], [ 34.270512, 51.70308, 0.0 ], [ 34.270316, 51.703141, 0.0 ], [ 34.270149, 51.703168, 0.0 ], [ 34.2699, 51.703122, 0.0 ], [ 34.269538, 51.703207, 0.0 ], [ 34.269314, 51.703149, 0.0 ], [ 34.269076, 51.703222, 0.0 ], [ 34.268843, 51.703137, 0.0 ], [ 34.26861, 51.703275, 0.0 ], [ 34.268223, 51.703265, 0.0 ], [ 34.2682, 51.703397, 0.0 ], [ 34.26842, 51.703529, 0.0 ], [ 34.268393, 51.703654, 0.0 ], [ 34.268211, 51.70371, 0.0 ], [ 34.267943, 51.70374, 0.0 ], [ 34.267681, 51.703705, 0.0 ], [ 34.267593, 51.703654, 0.0 ], [ 34.267334, 51.703556, 0.0 ], [ 34.267046, 51.703468, 0.0 ], [ 34.266803, 51.703414, 0.0 ], [ 34.266719, 51.703472, 0.0 ], [ 34.266447, 51.703444, 0.0 ], [ 34.266235, 51.703323, 0.0 ], [ 34.266122, 51.703273, 0.0 ], [ 34.265956, 51.703255, 0.0 ], [ 34.265749, 51.703299, 0.0 ], [ 34.265646, 51.703369, 0.0 ], [ 34.265529, 51.703532, 0.0 ], [ 34.265461, 51.70358, 0.0 ], [ 34.264998, 51.703518, 0.0 ], [ 34.264668, 51.703457, 0.0 ], [ 34.264454, 51.703299, 0.0 ], [ 34.264361, 51.703207, 0.0 ], [ 34.264603, 51.702785, 0.0 ], [ 34.264612, 51.702781, 0.0 ], [ 34.264988, 51.702673, 0.0 ], [ 34.265043, 51.702594, 0.0 ], [ 34.265004, 51.702466, 0.0 ], [ 34.264904, 51.702408, 0.0 ], [ 34.264829, 51.702391, 0.0 ] ] ] }, { "type": "Polygon", "coordinates": [ [ [ 34.407751, 51.718504, 0.0 ], [ 34.407739, 51.718497, 0.0 ], [ 34.407571, 51.71838, 0.0 ], [ 34.407107, 51.718314, 0.0 ], [ 34.40708, 51.71821, 0.0 ], [ 34.407054, 51.718089, 0.0 ], [ 34.406812, 51.717989, 0.0 ], [ 34.406522, 51.717989, 0.0 ], [ 34.406381, 51.718101, 0.0 ], [ 34.406146, 51.718276, 0.0 ], [ 34.405635, 51.718389, 0.0 ], [ 34.404983, 51.71848, 0.0 ], [ 34.404916, 51.718663, 0.0 ], [ 34.404674, 51.718672, 0.0 ], [ 34.404486, 51.718609, 0.0 ], [ 34.404069, 51.718293, 0.0 ], [ 34.403841, 51.718118, 0.0 ], [ 34.403485, 51.718064, 0.0 ], [ 34.403216, 51.71813, 0.0 ], [ 34.403061, 51.718106, 0.0 ], [ 34.403048, 51.717931, 0.0 ], [ 34.403243, 51.717818, 0.0 ], [ 34.403505, 51.717739, 0.0 ], [ 34.403693, 51.717639, 0.0 ], [ 34.40372, 51.717452, 0.0 ], [ 34.403619, 51.717352, 0.0 ], [ 34.403357, 51.717252, 0.0 ], [ 34.4029, 51.71726, 0.0 ], [ 34.402315, 51.71736, 0.0 ], [ 34.402214, 51.717472, 0.0 ], [ 34.402127, 51.717589, 0.0 ], [ 34.401569, 51.717793, 0.0 ], [ 34.401253, 51.717743, 0.0 ], [ 34.401172, 51.717652, 0.0 ], [ 34.401273, 51.717527, 0.0 ], [ 34.401552, 51.71746, 0.0 ], [ 34.401562, 51.717298, 0.0 ], [ 34.401401, 51.717137, 0.0 ], [ 34.401556, 51.717008, 0.0 ], [ 34.401764, 51.716723, 0.0 ], [ 34.401606, 51.716608, 0.0 ], [ 34.40124, 51.716365, 0.0 ], [ 34.401146, 51.716257, 0.0 ], [ 34.401172, 51.71614, 0.0 ], [ 34.401391, 51.716021, 0.0 ], [ 34.401507, 51.715865, 0.0 ], [ 34.401526, 51.715641, 0.0 ], [ 34.40154, 51.715506, 0.0 ], [ 34.401531, 51.715402, 0.0 ], [ 34.401412, 51.71532, 0.0 ], [ 34.401198, 51.715267, 0.0 ], [ 34.401018, 51.715273, 0.0 ], [ 34.400728, 51.715285, 0.0 ], [ 34.400599, 51.715255, 0.0 ], [ 34.400542, 51.715208, 0.0 ], [ 34.400523, 51.715143, 0.0 ], [ 34.400438, 51.715064, 0.0 ], [ 34.400343, 51.714958, 0.0 ], [ 34.400172, 51.714928, 0.0 ], [ 34.399991, 51.714978, 0.0 ], [ 34.39981, 51.71509, 0.0 ], [ 34.39972, 51.71524, 0.0 ], [ 34.399554, 51.715411, 0.0 ], [ 34.399421, 51.715579, 0.0 ], [ 34.399269, 51.71565, 0.0 ], [ 34.399169, 51.71565, 0.0 ], [ 34.399093, 51.715729, 0.0 ], [ 34.398915, 51.715818, 0.0 ], [ 34.398793, 51.715785, 0.0 ], [ 34.398648, 51.71579, 0.0 ], [ 34.398582, 51.715822, 0.0 ], [ 34.398575, 51.715897, 0.0 ], [ 34.398442, 51.715922, 0.0 ], [ 34.398347, 51.715913, 0.0 ], [ 34.398038, 51.715888, 0.0 ], [ 34.397898, 51.71591, 0.0 ], [ 34.397774, 51.715974, 0.0 ], [ 34.39756, 51.716081, 0.0 ], [ 34.397425, 51.716178, 0.0 ], [ 34.39723, 51.716258, 0.0 ], [ 34.396998, 51.716262, 0.0 ], [ 34.3968, 51.716306, 0.0 ], [ 34.396682, 51.716406, 0.0 ], [ 34.396309, 51.716389, 0.0 ], [ 34.396232, 51.716426, 0.0 ], [ 34.396148, 51.716497, 0.0 ], [ 34.395916, 51.716505, 0.0 ], [ 34.395775, 51.716516, 0.0 ], [ 34.395697, 51.716584, 0.0 ], [ 34.395721, 51.716741, 0.0 ], [ 34.395526, 51.716853, 0.0 ], [ 34.395432, 51.716995, 0.0 ], [ 34.395197, 51.717013, 0.0 ], [ 34.39476, 51.717105, 0.0 ], [ 34.394501, 51.717165, 0.0 ], [ 34.394333, 51.71727, 0.0 ], [ 34.39436, 51.717386, 0.0 ], [ 34.394279, 51.717465, 0.0 ], [ 34.394094, 51.717569, 0.0 ], [ 34.393936, 51.717773, 0.0 ], [ 34.393782, 51.71783, 0.0 ], [ 34.393449, 51.717794, 0.0 ], [ 34.393412, 51.717828, 0.0 ], [ 34.393352, 51.718015, 0.0 ], [ 34.393268, 51.718032, 0.0 ], [ 34.393046, 51.717925, 0.0 ], [ 34.392895, 51.717959, 0.0 ], [ 34.392834, 51.717934, 0.0 ], [ 34.392828, 51.717832, 0.0 ], [ 34.39275, 51.717784, 0.0 ], [ 34.392643, 51.717792, 0.0 ], [ 34.392545, 51.717859, 0.0 ], [ 34.392421, 51.717873, 0.0 ], [ 34.392401, 51.71793, 0.0 ], [ 34.392491, 51.717994, 0.0 ], [ 34.392552, 51.718061, 0.0 ], [ 34.392505, 51.718127, 0.0 ], [ 34.392397, 51.71814, 0.0 ], [ 34.392226, 51.718098, 0.0 ], [ 34.392048, 51.718098, 0.0 ], [ 34.391873, 51.718154, 0.0 ], [ 34.391752, 51.718158, 0.0 ], [ 34.391655, 51.718117, 0.0 ], [ 34.391598, 51.718069, 0.0 ], [ 34.391456, 51.718038, 0.0 ], [ 34.391174, 51.718025, 0.0 ], [ 34.391097, 51.71814, 0.0 ], [ 34.390972, 51.718169, 0.0 ], [ 34.390778, 51.718132, 0.0 ], [ 34.390616, 51.718075, 0.0 ], [ 34.390505, 51.718054, 0.0 ], [ 34.390428, 51.71809, 0.0 ], [ 34.390331, 51.718011, 0.0 ], [ 34.390358, 51.717927, 0.0 ], [ 34.389971, 51.717755, 0.0 ], [ 34.389884, 51.717782, 0.0 ], [ 34.389769, 51.717913, 0.0 ], [ 34.389682, 51.717965, 0.0 ], [ 34.389524, 51.717867, 0.0 ], [ 34.389501, 51.71779, 0.0 ], [ 34.389564, 51.717644, 0.0 ], [ 34.389608, 51.717501, 0.0 ], [ 34.38947, 51.717413, 0.0 ], [ 34.389376, 51.71733, 0.0 ], [ 34.389464, 51.717209, 0.0 ], [ 34.389571, 51.717126, 0.0 ], [ 34.38949, 51.717043, 0.0 ], [ 34.389312, 51.716999, 0.0 ], [ 34.389084, 51.717024, 0.0 ], [ 34.388902, 51.717013, 0.0 ], [ 34.388818, 51.716909, 0.0 ], [ 34.388835, 51.716812, 0.0 ], [ 34.388758, 51.716743, 0.0 ], [ 34.388674, 51.716736, 0.0 ], [ 34.38856, 51.716745, 0.0 ], [ 34.388412, 51.716716, 0.0 ], [ 34.388254, 51.71656, 0.0 ], [ 34.388123, 51.716482, 0.0 ], [ 34.388025, 51.716482, 0.0 ], [ 34.38778, 51.716682, 0.0 ], [ 34.387629, 51.716678, 0.0 ], [ 34.387508, 51.716722, 0.0 ], [ 34.387461, 51.716807, 0.0 ], [ 34.387508, 51.716845, 0.0 ], [ 34.387625, 51.716901, 0.0 ], [ 34.387619, 51.71699, 0.0 ], [ 34.38744, 51.717072, 0.0 ], [ 34.387313, 51.71713, 0.0 ], [ 34.387135, 51.717124, 0.0 ], [ 34.386994, 51.717066, 0.0 ], [ 34.386916, 51.716964, 0.0 ], [ 34.386879, 51.716886, 0.0 ], [ 34.386738, 51.716764, 0.0 ], [ 34.386694, 51.716664, 0.0 ], [ 34.386503, 51.716634, 0.0 ], [ 34.386382, 51.716662, 0.0 ], [ 34.386305, 51.716749, 0.0 ], [ 34.386204, 51.716847, 0.0 ], [ 34.386032, 51.716938, 0.0 ], [ 34.385891, 51.716907, 0.0 ], [ 34.38571, 51.716957, 0.0 ], [ 34.385518, 51.716951, 0.0 ], [ 34.385354, 51.716803, 0.0 ], [ 34.385229, 51.71663, 0.0 ], [ 34.385092, 51.716591, 0.0 ], [ 34.384924, 51.716568, 0.0 ], [ 34.384567, 51.716366, 0.0 ], [ 34.384376, 51.716266, 0.0 ], [ 34.384171, 51.716239, 0.0 ], [ 34.38408, 51.716199, 0.0 ], [ 34.383946, 51.716056, 0.0 ], [ 34.383821, 51.71601, 0.0 ], [ 34.38364, 51.715989, 0.0 ], [ 34.383512, 51.715943, 0.0 ], [ 34.383415, 51.715858, 0.0 ], [ 34.383263, 51.715822, 0.0 ], [ 34.383092, 51.715881, 0.0 ], [ 34.382874, 51.715927, 0.0 ], [ 34.382682, 51.715893, 0.0 ], [ 34.382275, 51.715772, 0.0 ], [ 34.382158, 51.715843, 0.0 ], [ 34.382013, 51.715893, 0.0 ], [ 34.381832, 51.715993, 0.0 ], [ 34.381677, 51.716008, 0.0 ], [ 34.381634, 51.715939, 0.0 ], [ 34.381694, 51.715893, 0.0 ], [ 34.381768, 51.715833, 0.0 ], [ 34.381751, 51.715764, 0.0 ], [ 34.381677, 51.715746, 0.0 ], [ 34.381422, 51.715822, 0.0 ], [ 34.381106, 51.715833, 0.0 ], [ 34.380844, 51.71575, 0.0 ], [ 34.38083, 51.715687, 0.0 ], [ 34.38076, 51.715556, 0.0 ], [ 34.380636, 51.715423, 0.0 ], [ 34.38039, 51.715227, 0.0 ], [ 34.380246, 51.71516, 0.0 ], [ 34.37996, 51.715123, 0.0 ], [ 34.379795, 51.715144, 0.0 ], [ 34.379862, 51.715281, 0.0 ], [ 34.379816, 51.715398, 0.0 ], [ 34.379694, 51.715398, 0.0 ], [ 34.379479, 51.715329, 0.0 ], [ 34.379261, 51.715219, 0.0 ], [ 34.379116, 51.71511, 0.0 ], [ 34.379039, 51.715065, 0.0 ], [ 34.378945, 51.715071, 0.0 ], [ 34.378572, 51.715152, 0.0 ], [ 34.378196, 51.715206, 0.0 ], [ 34.378081, 51.715121, 0.0 ], [ 34.377954, 51.714983, 0.0 ], [ 34.377668, 51.71489, 0.0 ], [ 34.37743, 51.714934, 0.0 ], [ 34.377154, 51.714934, 0.0 ], [ 34.377016, 51.714725, 0.0 ], [ 34.376939, 51.71453, 0.0 ], [ 34.376841, 51.714438, 0.0 ], [ 34.376566, 51.714417, 0.0 ], [ 34.376428, 51.714513, 0.0 ], [ 34.376196, 51.714604, 0.0 ], [ 34.376011, 51.714538, 0.0 ], [ 34.375833, 51.714432, 0.0 ], [ 34.375682, 51.714392, 0.0 ], [ 34.37542, 51.714448, 0.0 ], [ 34.374983, 51.714388, 0.0 ], [ 34.374953, 51.714446, 0.0 ], [ 34.374812, 51.714607, 0.0 ], [ 34.374647, 51.714706, 0.0 ], [ 34.374492, 51.714719, 0.0 ], [ 34.374405, 51.714654, 0.0 ], [ 34.374298, 51.714559, 0.0 ], [ 34.374079, 51.714463, 0.0 ], [ 34.373756, 51.714332, 0.0 ], [ 34.373467, 51.714288, 0.0 ], [ 34.373239, 51.714328, 0.0 ], [ 34.373014, 51.714417, 0.0 ], [ 34.372775, 51.714361, 0.0 ], [ 34.37251, 51.714315, 0.0 ], [ 34.372311, 51.714311, 0.0 ], [ 34.372157, 51.714303, 0.0 ], [ 34.372002, 51.714192, 0.0 ], [ 34.371895, 51.714046, 0.0 ], [ 34.371754, 51.713963, 0.0 ], [ 34.371532, 51.713953, 0.0 ], [ 34.37136, 51.713915, 0.0 ], [ 34.37127, 51.71388, 0.0 ], [ 34.371008, 51.713824, 0.0 ], [ 34.370624, 51.713682, 0.0 ], [ 34.370524, 51.713563, 0.0 ], [ 34.370423, 51.713495, 0.0 ], [ 34.370231, 51.71343, 0.0 ], [ 34.369781, 51.713303, 0.0 ], [ 34.369589, 51.713147, 0.0 ], [ 34.369381, 51.712997, 0.0 ], [ 34.369122, 51.712916, 0.0 ], [ 34.368941, 51.712856, 0.0 ], [ 34.368803, 51.71273, 0.0 ], [ 34.368712, 51.712641, 0.0 ], [ 34.368554, 51.712687, 0.0 ], [ 34.368433, 51.712824, 0.0 ], [ 34.368309, 51.712889, 0.0 ], [ 34.368131, 51.71282, 0.0 ], [ 34.367922, 51.712704, 0.0 ], [ 34.367623, 51.712716, 0.0 ], [ 34.367294, 51.712774, 0.0 ], [ 34.367045, 51.712758, 0.0 ], [ 34.366827, 51.712772, 0.0 ], [ 34.366763, 51.712633, 0.0 ], [ 34.366649, 51.712426, 0.0 ], [ 34.366192, 51.712302, 0.0 ], [ 34.365822, 51.712262, 0.0 ], [ 34.36553, 51.712314, 0.0 ], [ 34.365416, 51.712418, 0.0 ], [ 34.365368, 51.712543, 0.0 ], [ 34.365439, 51.712645, 0.0 ], [ 34.365658, 51.712689, 0.0 ], [ 34.365745, 51.712753, 0.0 ], [ 34.365708, 51.712849, 0.0 ], [ 34.365496, 51.71297, 0.0 ], [ 34.365211, 51.712937, 0.0 ], [ 34.364942, 51.712889, 0.0 ], [ 34.36472, 51.712795, 0.0 ], [ 34.364061, 51.71252, 0.0 ], [ 34.363288, 51.712145, 0.0 ], [ 34.363117, 51.712175, 0.0 ], [ 34.362741, 51.712329, 0.0 ], [ 34.362559, 51.712472, 0.0 ], [ 34.362304, 51.712472, 0.0 ], [ 34.361877, 51.7124, 0.0 ], [ 34.361712, 51.712466, 0.0 ], [ 34.361669, 51.712585, 0.0 ], [ 34.361494, 51.713041, 0.0 ], [ 34.361292, 51.713222, 0.0 ], [ 34.361242, 51.713376, 0.0 ], [ 34.361171, 51.713434, 0.0 ], [ 34.360956, 51.713438, 0.0 ], [ 34.360422, 51.713443, 0.0 ], [ 34.360257, 51.713578, 0.0 ], [ 34.360089, 51.713724, 0.0 ], [ 34.359938, 51.713803, 0.0 ], [ 34.359659, 51.713705, 0.0 ], [ 34.359454, 51.713632, 0.0 ], [ 34.359246, 51.713653, 0.0 ], [ 34.359071, 51.713711, 0.0 ], [ 34.358821, 51.713632, 0.0 ], [ 34.358702, 51.71347, 0.0 ], [ 34.358602, 51.713323, 0.0 ], [ 34.358422, 51.713232, 0.0 ], [ 34.358198, 51.713158, 0.0 ], [ 34.357861, 51.713126, 0.0 ], [ 34.357728, 51.713182, 0.0 ], [ 34.357604, 51.713312, 0.0 ], [ 34.357657, 51.713482, 0.0 ], [ 34.357699, 51.71363, 0.0 ], [ 34.35758, 51.713688, 0.0 ], [ 34.357181, 51.713612, 0.0 ], [ 34.356739, 51.713532, 0.0 ], [ 34.35644, 51.713438, 0.0 ], [ 34.356378, 51.713353, 0.0 ], [ 34.356283, 51.713167, 0.0 ], [ 34.356183, 51.712988, 0.0 ], [ 34.355865, 51.712952, 0.0 ], [ 34.35547, 51.713058, 0.0 ], [ 34.355347, 51.713023, 0.0 ], [ 34.355242, 51.712861, 0.0 ], [ 34.355033, 51.71274, 0.0 ], [ 34.354734, 51.71277, 0.0 ], [ 34.354401, 51.712979, 0.0 ], [ 34.35384, 51.713235, 0.0 ], [ 34.353579, 51.71345, 0.0 ], [ 34.35336, 51.713671, 0.0 ], [ 34.353184, 51.713948, 0.0 ], [ 34.353028, 51.714062, 0.0 ], [ 34.352647, 51.714157, 0.0 ], [ 34.352262, 51.714218, 0.0 ], [ 34.352106, 51.714316, 0.0 ], [ 34.351819, 51.71431, 0.0 ], [ 34.351389, 51.714198, 0.0 ], [ 34.351083, 51.71418, 0.0 ], [ 34.351012, 51.714231, 0.0 ], [ 34.351044, 51.714383, 0.0 ], [ 34.350955, 51.714555, 0.0 ], [ 34.350749, 51.714606, 0.0 ], [ 34.35056, 51.71459, 0.0 ], [ 34.350318, 51.714491, 0.0 ], [ 34.350169, 51.714511, 0.0 ], [ 34.350077, 51.714601, 0.0 ], [ 34.350013, 51.714813, 0.0 ], [ 34.349892, 51.714916, 0.0 ], [ 34.349568, 51.714919, 0.0 ], [ 34.349223, 51.714906, 0.0 ], [ 34.349052, 51.714985, 0.0 ], [ 34.348946, 51.715122, 0.0 ], [ 34.348135, 51.715362, 0.0 ], [ 34.347815, 51.715309, 0.0 ], [ 34.347075, 51.715075, 0.0 ], [ 34.346712, 51.714928, 0.0 ], [ 34.346417, 51.714727, 0.0 ], [ 34.346168, 51.714727, 0.0 ], [ 34.345994, 51.714718, 0.0 ], [ 34.345823, 51.714745, 0.0 ], [ 34.345716, 51.714692, 0.0 ], [ 34.345663, 51.714606, 0.0 ], [ 34.345567, 51.714544, 0.0 ], [ 34.345514, 51.71453, 0.0 ], [ 34.345495, 51.714463, 0.0 ], [ 34.345564, 51.712701, 0.0 ], [ 34.346185, 51.710982, 0.0 ], [ 34.347335, 51.70937, 0.0 ], [ 34.348323, 51.708498, 0.0 ], [ 34.348316, 51.708495, 0.0 ], [ 34.348484, 51.708349, 0.0 ], [ 34.348611, 51.708243, 0.0 ], [ 34.348968, 51.707929, 0.0 ], [ 34.34929, 51.707738, 0.0 ], [ 34.349752, 51.707424, 0.0 ], [ 34.349849, 51.707317, 0.0 ], [ 34.351674, 51.70599, 0.0 ], [ 34.353878, 51.704907, 0.0 ], [ 34.354043, 51.704841, 0.0 ], [ 34.356741, 51.703995, 0.0 ], [ 34.358078, 51.703776, 0.0 ], [ 34.359185, 51.703523, 0.0 ], [ 34.359356, 51.703493, 0.0 ], [ 34.362023, 51.703189, 0.0 ], [ 34.364734, 51.7032, 0.0 ], [ 34.365595, 51.703305, 0.0 ], [ 34.368303, 51.703405, 0.0 ], [ 34.368673, 51.703445, 0.0 ], [ 34.370295, 51.703748, 0.0 ], [ 34.371306, 51.703796, 0.0 ], [ 34.374165, 51.704313, 0.0 ], [ 34.376794, 51.705183, 0.0 ], [ 34.377362, 51.705478, 0.0 ], [ 34.378332, 51.705494, 0.0 ], [ 34.378607, 51.705515, 0.0 ], [ 34.381644, 51.705957, 0.0 ], [ 34.382858, 51.706318, 0.0 ], [ 34.382911, 51.706321, 0.0 ], [ 34.383197, 51.706358, 0.0 ], [ 34.386201, 51.706966, 0.0 ], [ 34.386669, 51.707138, 0.0 ], [ 34.388418, 51.707421, 0.0 ], [ 34.38857, 51.707457, 0.0 ], [ 34.388813, 51.707533, 0.0 ], [ 34.390871, 51.707655, 0.0 ], [ 34.393519, 51.70814, 0.0 ], [ 34.395971, 51.708928, 0.0 ], [ 34.396202, 51.709042, 0.0 ], [ 34.39631, 51.709074, 0.0 ], [ 34.396321, 51.709079, 0.0 ], [ 34.398658, 51.709577, 0.0 ], [ 34.400929, 51.710367, 0.0 ], [ 34.400955, 51.71038, 0.0 ], [ 34.401398, 51.710528, 0.0 ], [ 34.403591, 51.711646, 0.0 ], [ 34.405391, 51.713008, 0.0 ], [ 34.406728, 51.714562, 0.0 ], [ 34.407552, 51.716249, 0.0 ], [ 34.40783, 51.718003, 0.0 ], [ 34.407751, 51.718504, 0.0 ] ] ] }, { "type": "Polygon", "coordinates": [ [ [ 34.389, 51.837067, 0.0 ], [ 34.39048, 51.83804, 0.0 ], [ 34.390524, 51.838075, 0.0 ], [ 34.392038, 51.839567, 0.0 ], [ 34.393054, 51.841214, 0.0 ], [ 34.393531, 51.842951, 0.0 ], [ 34.393452, 51.844713, 0.0 ], [ 34.39282, 51.846431, 0.0 ], [ 34.391659, 51.84804, 0.0 ], [ 34.390013, 51.849478, 0.0 ], [ 34.387945, 51.850689, 0.0 ], [ 34.385536, 51.851627, 0.0 ], [ 34.383044, 51.852216, 0.0 ], [ 34.382762, 51.853647, 0.0 ], [ 34.381801, 51.855398, 0.0 ], [ 34.381456, 51.855863, 0.0 ], [ 34.380091, 51.857324, 0.0 ], [ 34.378935, 51.858152, 0.0 ], [ 34.378796, 51.859152, 0.0 ], [ 34.37799, 51.86086, 0.0 ], [ 34.376657, 51.862436, 0.0 ], [ 34.375494, 51.863325, 0.0 ], [ 34.375316, 51.863563, 0.0 ], [ 34.375258, 51.863623, 0.0 ], [ 34.373795, 51.864878, 0.0 ], [ 34.373717, 51.864934, 0.0 ], [ 34.371102, 51.866404, 0.0 ], [ 34.37001, 51.866768, 0.0 ], [ 34.36976, 51.866915, 0.0 ], [ 34.368129, 51.867549, 0.0 ], [ 34.368137, 51.867558, 0.0 ], [ 34.367829, 51.867679, 0.0 ], [ 34.367652, 51.867735, 0.0 ], [ 34.367319, 51.867864, 0.0 ], [ 34.366822, 51.868017, 0.0 ], [ 34.366808, 51.868, 0.0 ], [ 34.36535, 51.868458, 0.0 ], [ 34.364929, 51.868532, 0.0 ], [ 34.364461, 51.868685, 0.0 ], [ 34.363778, 51.868819, 0.0 ], [ 34.363172, 51.869052, 0.0 ], [ 34.362365, 51.869305, 0.0 ], [ 34.36196, 51.869449, 0.0 ], [ 34.361588, 51.86956, 0.0 ], [ 34.361568, 51.869573, 0.0 ], [ 34.359242, 51.870542, 0.0 ], [ 34.358426, 51.870755, 0.0 ], [ 34.357551, 51.871073, 0.0 ], [ 34.355573, 51.871516, 0.0 ], [ 34.355581, 51.871531, 0.0 ], [ 34.355407, 51.871566, 0.0 ], [ 34.355234, 51.871592, 0.0 ], [ 34.355043, 51.871634, 0.0 ], [ 34.354917, 51.871655, 0.0 ], [ 34.353707, 51.872248, 0.0 ], [ 34.353121, 51.872436, 0.0 ], [ 34.352546, 51.872783, 0.0 ], [ 34.352321, 51.872902, 0.0 ], [ 34.349225, 51.874156, 0.0 ], [ 34.348349, 51.874419, 0.0 ], [ 34.347744, 51.874557, 0.0 ], [ 34.346923, 51.874827, 0.0 ], [ 34.339835, 51.877558, 0.0 ], [ 34.338821, 51.878651, 0.0 ], [ 34.338731, 51.878847, 0.0 ], [ 34.33741, 51.880436, 0.0 ], [ 34.337277, 51.880563, 0.0 ], [ 34.335605, 51.881874, 0.0 ], [ 34.333571, 51.882971, 0.0 ], [ 34.331245, 51.883817, 0.0 ], [ 34.328705, 51.884381, 0.0 ], [ 34.326041, 51.884645, 0.0 ], [ 34.323344, 51.884599, 0.0 ], [ 34.320707, 51.884246, 0.0 ], [ 34.316906, 51.883502, 0.0 ], [ 34.314288, 51.882808, 0.0 ], [ 34.311939, 51.881811, 0.0 ], [ 34.310445, 51.880864, 0.0 ], [ 34.311802, 51.879821, 0.0 ], [ 34.318506, 51.87649, 0.0 ], [ 34.319634, 51.876194, 0.0 ], [ 34.319934, 51.876088, 0.0 ], [ 34.320148, 51.875964, 0.0 ], [ 34.32122, 51.874917, 0.0 ], [ 34.325087, 51.875674, 0.0 ], [ 34.325184, 51.87558, 0.0 ], [ 34.32522, 51.875547, 0.0 ], [ 34.324439, 51.875095, 0.0 ], [ 34.32464, 51.874897, 0.0 ], [ 34.32527, 51.874274, 0.0 ], [ 34.325373, 51.8742, 0.0 ], [ 34.325458, 51.874169, 0.0 ], [ 34.325549, 51.874153, 0.0 ], [ 34.325663, 51.874132, 0.0 ], [ 34.325705, 51.874134, 0.0 ], [ 34.325748, 51.874142, 0.0 ], [ 34.325797, 51.874151, 0.0 ], [ 34.32584, 51.87416, 0.0 ], [ 34.325893, 51.874171, 0.0 ], [ 34.325946, 51.874178, 0.0 ], [ 34.325993, 51.874179, 0.0 ], [ 34.326038, 51.874186, 0.0 ], [ 34.326088, 51.874191, 0.0 ], [ 34.326134, 51.874191, 0.0 ], [ 34.32619, 51.874191, 0.0 ], [ 34.326233, 51.874182, 0.0 ], [ 34.326293, 51.874171, 0.0 ], [ 34.326335, 51.87416, 0.0 ], [ 34.326374, 51.874145, 0.0 ], [ 34.32641, 51.874127, 0.0 ], [ 34.326441, 51.874099, 0.0 ], [ 34.32647, 51.874079, 0.0 ], [ 34.326487, 51.874053, 0.0 ], [ 34.326502, 51.874022, 0.0 ], [ 34.326519, 51.873998, 0.0 ], [ 34.32654, 51.873966, 0.0 ], [ 34.326555, 51.873939, 0.0 ], [ 34.326588, 51.873786, 0.0 ], [ 34.326795, 51.873215, 0.0 ], [ 34.326833, 51.873144, 0.0 ], [ 34.326872, 51.873082, 0.0 ], [ 34.326872, 51.87305, 0.0 ], [ 34.326872, 51.873017, 0.0 ], [ 34.326876, 51.872979, 0.0 ], [ 34.326876, 51.872947, 0.0 ], [ 34.326876, 51.87287, 0.0 ], [ 34.326876, 51.872799, 0.0 ], [ 34.32688, 51.872764, 0.0 ], [ 34.326884, 51.872723, 0.0 ], [ 34.3269, 51.872686, 0.0 ], [ 34.326921, 51.872653, 0.0 ], [ 34.326949, 51.872613, 0.0 ], [ 34.326969, 51.872585, 0.0 ], [ 34.327002, 51.872555, 0.0 ], [ 34.327226, 51.872309, 0.0 ], [ 34.327547, 51.87191, 0.0 ], [ 34.327581, 51.871817, 0.0 ], [ 34.327628, 51.871692, 0.0 ], [ 34.327628, 51.871647, 0.0 ], [ 34.327628, 51.871601, 0.0 ], [ 34.327632, 51.871571, 0.0 ], [ 34.327648, 51.871536, 0.0 ], [ 34.327673, 51.871494, 0.0 ], [ 34.327705, 51.871458, 0.0 ], [ 34.327734, 51.871426, 0.0 ], [ 34.327754, 51.871398, 0.0 ], [ 34.327782, 51.871368, 0.0 ], [ 34.327934, 51.871303, 0.0 ], [ 34.328008, 51.871275, 0.0 ], [ 34.328062, 51.871262, 0.0 ], [ 34.328111, 51.871253, 0.0 ], [ 34.328157, 51.871249, 0.0 ], [ 34.32821, 51.871247, 0.0 ], [ 34.328256, 51.871247, 0.0 ], [ 34.328309, 51.871247, 0.0 ], [ 34.328369, 51.871242, 0.0 ], [ 34.328412, 51.871238, 0.0 ], [ 34.328458, 51.871234, 0.0 ], [ 34.328476, 51.871231, 0.0 ], [ 34.328511, 51.871225, 0.0 ], [ 34.328557, 51.871218, 0.0 ], [ 34.328614, 51.87121, 0.0 ], [ 34.32866, 51.871201, 0.0 ], [ 34.328682, 51.871196, 0.0 ], [ 34.328727, 51.871188, 0.0 ], [ 34.328769, 51.871174, 0.0 ], [ 34.328826, 51.871159, 0.0 ], [ 34.328847, 51.871156, 0.0 ], [ 34.328907, 51.871146, 0.0 ], [ 34.329391, 51.870992, 0.0 ], [ 34.339668, 51.867033, 0.0 ], [ 34.341606, 51.866395, 0.0 ], [ 34.342011, 51.86633, 0.0 ], [ 34.342887, 51.866067, 0.0 ], [ 34.343112, 51.865948, 0.0 ], [ 34.343437, 51.865724, 0.0 ], [ 34.34363, 51.865563, 0.0 ], [ 34.343749, 51.865507, 0.0 ], [ 34.343854, 51.865411, 0.0 ], [ 34.34391, 51.865299, 0.0 ], [ 34.34402, 51.865291, 0.0 ], [ 34.344068, 51.865263, 0.0 ], [ 34.344098, 51.865228, 0.0 ], [ 34.344172, 51.8651, 0.0 ], [ 34.344567, 51.865039, 0.0 ], [ 34.344771, 51.865, 0.0 ], [ 34.344836, 51.864974, 0.0 ], [ 34.344937, 51.864914, 0.0 ], [ 34.345259, 51.864872, 0.0 ], [ 34.345429, 51.864771, 0.0 ], [ 34.345398, 51.864653, 0.0 ], [ 34.345553, 51.864699, 0.0 ], [ 34.345653, 51.864698, 0.0 ], [ 34.345822, 51.864698, 0.0 ], [ 34.345933, 51.864632, 0.0 ], [ 34.346077, 51.864545, 0.0 ], [ 34.346139, 51.864437, 0.0 ], [ 34.346154, 51.864351, 0.0 ], [ 34.346303, 51.864292, 0.0 ], [ 34.346372, 51.864214, 0.0 ], [ 34.346471, 51.864058, 0.0 ], [ 34.346506, 51.86385, 0.0 ], [ 34.346742, 51.863711, 0.0 ], [ 34.348732, 51.863169, 0.0 ], [ 34.350708, 51.863014, 0.0 ], [ 34.35092, 51.863016, 0.0 ], [ 34.351094, 51.862981, 0.0 ], [ 34.351379, 51.862935, 0.0 ], [ 34.351526, 51.86284, 0.0 ], [ 34.351643, 51.862762, 0.0 ], [ 34.351798, 51.862656, 0.0 ], [ 34.351877, 51.862586, 0.0 ], [ 34.352025, 51.862582, 0.0 ], [ 34.352189, 51.862643, 0.0 ], [ 34.352337, 51.862633, 0.0 ], [ 34.352442, 51.862554, 0.0 ], [ 34.3526, 51.862477, 0.0 ], [ 34.352744, 51.862375, 0.0 ], [ 34.352846, 51.862282, 0.0 ], [ 34.353034, 51.86217, 0.0 ], [ 34.353296, 51.862077, 0.0 ], [ 34.353559, 51.86201, 0.0 ], [ 34.35372, 51.861922, 0.0 ], [ 34.353773, 51.861851, 0.0 ], [ 34.353894, 51.861805, 0.0 ], [ 34.354085, 51.861748, 0.0 ], [ 34.354236, 51.861691, 0.0 ], [ 34.354315, 51.861703, 0.0 ], [ 34.354416, 51.861718, 0.0 ], [ 34.354541, 51.861701, 0.0 ], [ 34.354712, 51.861659, 0.0 ], [ 34.355458, 51.861393, 0.0 ], [ 34.356617, 51.86103, 0.0 ], [ 34.356904, 51.860839, 0.0 ], [ 34.357088, 51.860831, 0.0 ], [ 34.357594, 51.860636, 0.0 ], [ 34.357764, 51.860478, 0.0 ], [ 34.357888, 51.860398, 0.0 ], [ 34.357934, 51.860422, 0.0 ], [ 34.358019, 51.860372, 0.0 ], [ 34.358056, 51.860306, 0.0 ], [ 34.358323, 51.860316, 0.0 ], [ 34.358645, 51.860352, 0.0 ], [ 34.358698, 51.860394, 0.0 ], [ 34.358861, 51.86039, 0.0 ], [ 34.359443, 51.860157, 0.0 ], [ 34.360049, 51.860088, 0.0 ], [ 34.360357, 51.859967, 0.0 ], [ 34.360854, 51.859814, 0.0 ], [ 34.361015, 51.859637, 0.0 ], [ 34.361739, 51.859305, 0.0 ], [ 34.362174, 51.859205, 0.0 ], [ 34.362306, 51.85916, 0.0 ], [ 34.36238, 51.859145, 0.0 ], [ 34.362599, 51.859085, 0.0 ], [ 34.36272, 51.859063, 0.0 ], [ 34.362798, 51.859007, 0.0 ], [ 34.362856, 51.858947, 0.0 ], [ 34.362832, 51.858782, 0.0 ], [ 34.362729, 51.858601, 0.0 ], [ 34.362632, 51.858492, 0.0 ], [ 34.362676, 51.85847, 0.0 ], [ 34.362706, 51.858333, 0.0 ], [ 34.362933, 51.858123, 0.0 ], [ 34.363495, 51.857807, 0.0 ], [ 34.363851, 51.857778, 0.0 ], [ 34.364525, 51.857497, 0.0 ], [ 34.36375, 51.856807, 0.0 ], [ 34.363624, 51.856557, 0.0 ], [ 34.363598, 51.856038, 0.0 ], [ 34.363491, 51.855746, 0.0 ], [ 34.363283, 51.855555, 0.0 ], [ 34.363215, 51.855364, 0.0 ], [ 34.363446, 51.854941, 0.0 ], [ 34.364057, 51.854628, 0.0 ], [ 34.364454, 51.85436, 0.0 ], [ 34.365078, 51.854064, 0.0 ], [ 34.365635, 51.853681, 0.0 ], [ 34.366184, 51.853347, 0.0 ], [ 34.366903, 51.853087, 0.0 ], [ 34.367595, 51.852194, 0.0 ], [ 34.368264, 51.85211, 0.0 ], [ 34.368609, 51.851645, 0.0 ], [ 34.368235, 51.8515, 0.0 ], [ 34.367812, 51.851322, 0.0 ], [ 34.367334, 51.850033, 0.0 ], [ 34.36732, 51.849681, 0.0 ], [ 34.367592, 51.848906, 0.0 ], [ 34.367836, 51.848562, 0.0 ], [ 34.367992, 51.848407, 0.0 ], [ 34.368447, 51.84836, 0.0 ], [ 34.368726, 51.848021, 0.0 ], [ 34.368766, 51.847962, 0.0 ], [ 34.36861, 51.84784, 0.0 ], [ 34.368644, 51.847669, 0.0 ], [ 34.368868, 51.847547, 0.0 ], [ 34.368922, 51.847191, 0.0 ], [ 34.368563, 51.846625, 0.0 ], [ 34.368366, 51.846394, 0.0 ], [ 34.369234, 51.846528, 0.0 ], [ 34.369438, 51.846344, 0.0 ], [ 34.36937, 51.846193, 0.0 ], [ 34.371304, 51.846107, 0.0 ], [ 34.372594, 51.845742, 0.0 ], [ 34.376137, 51.843981, 0.0 ], [ 34.378344, 51.843598, 0.0 ], [ 34.378765, 51.84346, 0.0 ], [ 34.379009, 51.843548, 0.0 ], [ 34.379213, 51.843711, 0.0 ], [ 34.379314, 51.844051, 0.0 ], [ 34.3796, 51.844181, 0.0 ], [ 34.380682, 51.843858, 0.0 ], [ 34.382419, 51.84393, 0.0 ], [ 34.383627, 51.843989, 0.0 ], [ 34.38474, 51.844374, 0.0 ], [ 34.386301, 51.844601, 0.0 ], [ 34.387183, 51.844123, 0.0 ], [ 34.387787, 51.843848, 0.0 ], [ 34.387768, 51.843664, 0.0 ], [ 34.38748, 51.843522, 0.0 ], [ 34.386942, 51.842057, 0.0 ], [ 34.386722, 51.841582, 0.0 ], [ 34.386558, 51.841286, 0.0 ], [ 34.387048, 51.840438, 0.0 ], [ 34.387566, 51.840165, 0.0 ], [ 34.38796, 51.839916, 0.0 ], [ 34.387989, 51.839584, 0.0 ], [ 34.387509, 51.83886, 0.0 ], [ 34.387806, 51.838522, 0.0 ], [ 34.387816, 51.83784, 0.0 ], [ 34.388863, 51.837274, 0.0 ], [ 34.389, 51.837067, 0.0 ] ] ] } ] } },
{ "type": "Feature", "properties": { "Name": "", "description": "<br><br>описание: <br>name: ", "tessellate": 1, "extrude": 0, "visibility": -1, "________________": "" }, "geometry": { "type": "LineString", "coordinates": [ [ 35.621861, 47.503199, 0.0 ], [ 35.622768, 47.502649, 0.0 ], [ 35.62373, 47.502413, 0.0 ], [ 35.624602, 47.502465, 0.0 ], [ 35.625434, 47.502742, 0.0 ], [ 35.629348, 47.504872, 0.0 ], [ 35.634319, 47.506302, 0.0 ], [ 35.634973, 47.504596, 0.0 ], [ 35.6405709, 47.5017709, 0.0 ], [ 35.6591103, 47.5032205, 0.0 ], [ 35.6713841, 47.5032785, 0.0 ], [ 35.6858895, 47.5031625, 0.0 ], [ 35.6996345, 47.4946649, 0.0 ], [ 35.7168007, 47.4877054, 0.0 ], [ 35.7374, 47.4856173, 0.0 ], [ 35.7658958, 47.4879374, 0.0 ], [ 35.7768822, 47.4853853, 0.0 ], [ 35.783242, 47.481932, 0.0 ] ] } }
]
}
