{
  "type": "FeatureCollection",
  "features": [
    {
      "type": "Feature",
      "properties": {
        "Name": "Advance 64",
        "_advanceId": "adv-1791556555749"
      },
      "geometry": {
        "type": "Polygon",
        "coordinates": [
          [
            [
              36.871104,
              48.191211
            ],
            [
              36.878314,
              48.191296
            ],
            [
              36.877799,
              48.193042
            ],
            [
              36.877027,
              48.1941
            ],
            [
              36.88282,
              48.194672
            ],
            [
              36.883378,
              48.190095
            ],
            [
              36.879237,
              48.189351
            ],
            [
              36.879516,
              48.187048
            ],
            [
              36.880159,
              48.186805
            ],
            [
              36.881082,
              48.183986
            ],
            [
              36.881962,
              48.183629
            ],
            [
              36.882584,
              48.183171
            ],
            [
              36.881983,
              48.182484
            ],
            [
              36.880803,
              48.181869
            ],
            [
              36.878378,
              48.18237
            ],
            [
              36.874902,
              48.183142
            ],
            [
              36.872566,
              48.18387,
              0
            ],
            [
              36.871834,
              48.188636
            ],
            [
              36.871104,
              48.191211
            ]
          ]
        ]
      }
    },
    {
      "type": "Feature",
      "properties": {
        "Name": "Advance 55",
        "_advanceId": "adv-1791373772485"
      },
      "geometry": {
        "type": "Polygon",
        "coordinates": [
          [
            [
              37.007618,
              48.421454
            ],
            [
              37.023325,
              48.420486
            ],
            [
              37.028346,
              48.419803
            ],
            [
              37.034483,
              48.418037
            ],
            [
              37.045469,
              48.418094
            ],
            [
              37.046757,
              48.415758
            ],
            [
              37.055597,
              48.414391
            ],
            [
              37.062228,
              48.412924
            ],
            [
              37.066905,
              48.412212
            ],
            [
              37.068708,
              48.411756
            ],
            [
              37.070253,
              48.411029
            ],
            [
              37.07212,
              48.41177
            ],
            [
              37.072635,
              48.409263
            ],
            [
              37.076712,
              48.408893
            ],
            [
              37.077999,
              48.406813
            ],
            [
              37.073579,
              48.406443
            ],
            [
              37.069631,
              48.405902
            ],
            [
              37.068386,
              48.406044
            ],
            [
              37.067699,
              48.40499
            ],
            [
              37.065597,
              48.405332
            ],
            [
              37.065339,
              48.406699
            ],
            [
              37.065425,
              48.407525
            ],
            [
              37.058601,
              48.407041
            ],
            [
              37.057528,
              48.408038
            ],
            [
              37.051177,
              48.407269
            ],
            [
              37.04813,
              48.407269
            ],
            [
              37.036371,
              48.406471
            ],
            [
              37.034998,
              48.407896
            ],
            [
              37.027187,
              48.407497
            ],
            [
              37.01869,
              48.407896
            ],
            [
              37.004614,
              48.411485
            ],
            [
              37.005901,
              48.419518
            ],
            [
              37.007618,
              48.421454
            ]
          ]
        ]
      }
    },
    {
      "type": "Feature",
      "properties": {
        "Name": "Advance 46",
        "_advanceId": "adv-1791102376416"
      },
      "geometry": {
        "type": "Polygon",
        "coordinates": [
          [
            [
              37.191192,
              50.225317,
              0
            ],
            [
              37.192175,
              50.229805,
              0
            ],
            [
              37.223549,
              50.216654,
              0
            ],
            [
              37.228546,
              50.221072
            ],
            [
              37.233009,
              50.230736
            ],
            [
              37.20211,
              50.23985
            ],
            [
              37.19593,
              50.237873
            ],
            [
              37.185631,
              50.247864
            ],
            [
              37.180738,
              50.246436
            ],
            [
              37.177134,
              50.242704
            ],
            [
              37.178507,
              50.241222
            ],
            [
              37.175846,
              50.237983
            ],
            [
              37.17576,
              50.234964
            ],
            [
              37.188892,
              50.227167
            ],
            [
              37.191192,
              50.225317,
              0
            ]
          ]
        ]
      }
    },
    {
      "type": "Feature",
      "properties": {
        "Name": "Advance 42",
        "_advanceId": "adv-1791029987687"
      },
      "geometry": {
        "type": "Polygon",
        "coordinates": [
          [
            [
              35.236748,
              50.982812,
              0
            ],
            [
              35.229502,
              50.993368,
              0
            ],
            [
              35.22497,
              51.005402,
              0
            ],
            [
              35.225945,
              51.008354
            ],
            [
              35.214084,
              51.009322,
              0
            ],
            [
              35.199791,
              51.004104,
              0
            ],
            [
              35.186041,
              51.011159,
              0
            ],
            [
              35.172971,
              51.0221,
              0
            ],
            [
              35.199337,
              51.028116
            ],
            [
              35.214701,
              51.026119
            ],
            [
              35.224228,
              51.028656
            ],
            [
              35.231438,
              51.02261
            ],
            [
              35.244827,
              51.02153
            ],
            [
              35.255814,
              51.015591
            ],
            [
              35.266972,
              51.011595
            ],
            [
              35.263882,
              51.001657
            ],
            [
              35.264225,
              50.997336
            ],
            [
              35.267143,
              50.989773
            ],
            [
              35.26062,
              50.98491
            ],
            [
              35.266628,
              50.980047
            ],
            [
              35.276444,
              50.964274,
              0
            ],
            [
              35.253606,
              50.976794,
              0
            ],
            [
              35.236748,
              50.982812,
              0
            ]
          ]
        ]
      }
    },
    {
      "type": "Feature",
      "properties": {
        "Name": "Advance 41",
        "_advanceId": "adv-1791029336005"
      },
      "geometry": {
        "type": "Polygon",
        "coordinates": [
          [
            [
              35.015302,
              51.084058,
              0
            ],
            [
              35.037145,
              51.089583,
              0
            ],
            [
              35.053196,
              51.092172,
              0
            ],
            [
              35.061264,
              51.083357,
              0
            ],
            [
              35.077443,
              51.083519,
              0
            ],
            [
              35.092206,
              51.079206,
              0
            ],
            [
              35.093079,
              51.080449
            ],
            [
              35.096684,
              51.083523
            ],
            [
              35.099945,
              51.086812
            ],
            [
              35.105438,
              51.089292
            ],
            [
              35.109386,
              51.094413
            ],
            [
              35.108442,
              51.095868
            ],
            [
              35.106812,
              51.097809
            ],
            [
              35.109215,
              51.09824
            ],
            [
              35.107584,
              51.101582
            ],
            [
              35.105395,
              51.105947
            ],
            [
              35.101662,
              51.107968
            ],
            [
              35.100331,
              51.109073
            ],
            [
              35.096855,
              51.108049
            ],
            [
              35.094023,
              51.108965
            ],
            [
              35.090418,
              51.108264
            ],
            [
              35.086555,
              51.108211
            ],
            [
              35.079603,
              51.108049
            ],
            [
              35.077715,
              51.108857
            ],
            [
              35.068016,
              51.10848
            ],
            [
              35.067501,
              51.103468
            ],
            [
              35.044155,
              51.106109
            ],
            [
              35.044241,
              51.109234
            ],
            [
              35.044584,
              51.113006
            ],
            [
              35.04467,
              51.114569
            ],
            [
              35.040464,
              51.115162
            ],
            [
              35.036259,
              51.115162
            ],
            [
              35.033598,
              51.112845
            ],
            [
              35.029135,
              51.111605
            ],
            [
              35.027075,
              51.110474
            ],
            [
              35.03068,
              51.108588
            ],
            [
              35.016174,
              51.090208
            ],
            [
              35.011527,
              51.084735
            ],
            [
              35.015302,
              51.084058,
              0
            ]
          ]
        ]
      }
    },
    {
      "type": "Feature",
      "properties": {
        "Name": "Advance 40",
        "_advanceId": "adv-1790881780638"
      },
      "geometry": {
        "type": "Polygon",
        "coordinates": [
          [
            [
              34.854544,
              51.069511,
              0
            ],
            [
              34.834539,
              51.07628,
              0
            ],
            [
              34.839363,
              51.08142
            ],
            [
              34.848289,
              51.08293
            ],
            [
              34.854813,
              51.085733
            ],
            [
              34.857731,
              51.09479
            ],
            [
              34.877129,
              51.102983
            ],
            [
              34.882107,
              51.099965
            ],
            [
              34.892235,
              51.101474
            ],
            [
              34.898586,
              51.097485
            ],
            [
              34.910603,
              51.098671
            ],
            [
              34.918499,
              51.099749
            ],
            [
              34.930515,
              51.099749
            ],
            [
              34.94236,
              51.096946
            ],
            [
              34.950085,
              51.088645
            ],
            [
              34.958997,
              51.083627,
              0
            ],
            [
              34.924827,
              51.078103,
              0
            ],
            [
              34.902288,
              51.074493,
              0
            ],
            [
              34.898458,
              51.071363
            ],
            [
              34.875283,
              51.070662
            ],
            [
              34.871979,
              51.073897
            ],
            [
              34.867001,
              51.070176
            ],
            [
              34.863052,
              51.069421
            ],
            [
              34.859405,
              51.070014
            ],
            [
              34.854544,
              51.069511,
              0
            ]
          ]
        ]
      }
    },
    {
      "type": "Feature",
      "properties": {
        "Name": "Advance 35",
        "_advanceId": "adv-1790690705575"
      },
      "geometry": {
        "type": "Polygon",
        "coordinates": [
          [
            [
              36.629859,
              47.961324
            ],
            [
              36.63244,
              47.950725
            ],
            [
              36.633861,
              47.943954
            ],
            [
              36.634666,
              47.938099
            ],
            [
              36.640091,
              47.920254
            ],
            [
              36.645756,
              47.920886
            ],
            [
              36.648588,
              47.909611
            ],
            [
              36.649446,
              47.904433
            ],
            [
              36.653137,
              47.903512
            ],
            [
              36.660604,
              47.902246
            ],
            [
              36.669617,
              47.902592
            ],
            [
              36.678543,
              47.901326
            ],
            [
              36.681032,
              47.907367
            ],
            [
              36.66172,
              47.908576
            ],
            [
              36.65863,
              47.928248
            ],
            [
              36.654339,
              47.946016
            ],
            [
              36.652365,
              47.951363
            ],
            [
              36.65318,
              47.953001
            ],
            [
              36.653266,
              47.956651
            ],
            [
              36.65112,
              47.95645
            ],
            [
              36.650391,
              47.959037
            ],
            [
              36.649429,
              47.962646
            ],
            [
              36.639902,
              47.961382
            ],
            [
              36.639043,
              47.962876
            ],
            [
              36.629859,
              47.961324
            ]
          ]
        ]
      }
    },
    {
      "type": "Feature",
      "properties": {
        "Name": "Advance 25",
        "_advanceId": "adv-1790334122034"
      },
      "geometry": {
        "type": "Polygon",
        "coordinates": [
          [
            [
              37.757506,
              48.869348
            ],
            [
              37.770807,
              48.865022
            ],
            [
              37.768664,
              48.862916
            ],
            [
              37.768225,
              48.858182
            ],
            [
              37.768413,
              48.852667
            ],
            [
              37.773099,
              48.853024
            ],
            [
              37.776249,
              48.853218
            ],
            [
              37.782258,
              48.852794
            ],
            [
              37.784518,
              48.851616
            ],
            [
              37.782065,
              48.849148
            ],
            [
              37.784033,
              48.843603
            ],
            [
              37.794477,
              48.84294
            ],
            [
              37.794809,
              48.835343
            ],
            [
              37.804828,
              48.819811
            ],
            [
              37.800801,
              48.803937
            ],
            [
              37.80673,
              48.802551
            ],
            [
              37.802446,
              48.796134
            ],
            [
              37.794893,
              48.789802
            ],
            [
              37.813311,
              48.792503
            ],
            [
              37.819405,
              48.789167
            ],
            [
              37.82876,
              48.784304
            ],
            [
              37.840347,
              48.793804
            ],
            [
              37.851334,
              48.80155
            ],
            [
              37.859745,
              48.806185
            ],
            [
              37.866869,
              48.802737
            ],
            [
              37.875538,
              48.811838
            ],
            [
              37.870002,
              48.815285
            ],
            [
              37.865667,
              48.817659
            ],
            [
              37.86365,
              48.821304
            ],
            [
              37.85923,
              48.820428
            ],
            [
              37.844124,
              48.82122
            ],
            [
              37.838802,
              48.82834
            ],
            [
              37.829704,
              48.829922
            ],
            [
              37.825241,
              48.834442
            ],
            [
              37.830906,
              48.83591
            ],
            [
              37.830477,
              48.83834
            ],
            [
              37.826443,
              48.838848
            ],
            [
              37.826271,
              48.848846
            ],
            [
              37.82567,
              48.856979
            ],
            [
              37.824039,
              48.866917
            ],
            [
              37.821808,
              48.874595
            ],
            [
              37.821808,
              48.87753
            ],
            [
              37.827559,
              48.879449
            ],
            [
              37.828803,
              48.885856
            ],
            [
              37.825038,
              48.893696
            ],
            [
              37.816874,
              48.887388
            ],
            [
              37.81031,
              48.88596
            ],
            [
              37.807951,
              48.881022
            ],
            [
              37.789714,
              48.886183
            ],
            [
              37.774812,
              48.882254
            ],
            [
              37.764716,
              48.877947
            ],
            [
              37.757506,
              48.869348
            ]
          ]
        ]
      }
    },
    {
      "type": "Feature",
      "properties": {
        "Name": "Advance 25",
        "_advanceId": "adv-1790334122034"
      },
      "geometry": {
        "type": "Polygon",
        "coordinates": [
          [
            [
              37.88802,
              48.889084,
              0
            ],
            [
              37.893751,
              48.88863,
              0
            ],
            [
              37.897656,
              48.888234,
              0
            ],
            [
              37.90478,
              48.888488,
              0
            ],
            [
              37.904119,
              48.883118
            ],
            [
              37.910128,
              48.879619
            ],
            [
              37.910557,
              48.876853
            ],
            [
              37.904763,
              48.874877
            ],
            [
              37.900858,
              48.8742
            ],
            [
              37.896352,
              48.874821
            ],
            [
              37.895665,
              48.875272
            ],
            [
              37.892876,
              48.877163
            ],
            [
              37.890558,
              48.879703
            ],
            [
              37.885435,
              48.880442,
              0
            ],
            [
              37.884808,
              48.88182
            ],
            [
              37.882748,
              48.884134
            ],
            [
              37.883735,
              48.885856
            ],
            [
              37.887125,
              48.886251
            ],
            [
              37.88802,
              48.889084,
              0
            ]
          ]
        ]
      }
    },
    {
      "type": "Feature",
      "properties": {
        "Name": "Advance 25",
        "_advanceId": "adv-1790334122034"
      },
      "geometry": {
        "type": "Polygon",
        "coordinates": [
          [
            [
              37.781478,
              48.910002
            ],
            [
              37.786198,
              48.904868
            ],
            [
              37.808686,
              48.90893
            ],
            [
              37.815209,
              48.90735
            ],
            [
              37.825845,
              48.907079
            ],
            [
              37.838739,
              48.905348
            ],
            [
              37.861069,
              48.907451
            ],
            [
              37.866011,
              48.908624
            ],
            [
              37.874336,
              48.91009
            ],
            [
              37.87322,
              48.913136
            ],
            [
              37.877941,
              48.914095
            ],
            [
              37.880259,
              48.917085
            ],
            [
              37.884722,
              48.917198
            ],
            [
              37.886953,
              48.913306
            ],
            [
              37.887125,
              48.910711
            ],
            [
              37.897227,
              48.905445
            ],
            [
              37.908557,
              48.904768
            ],
            [
              37.916539,
              48.900931
            ],
            [
              37.919741,
              48.908906
            ],
            [
              37.927723,
              48.916521
            ],
            [
              37.937078,
              48.916634
            ],
            [
              37.938452,
              48.919792
            ],
            [
              37.944546,
              48.926898
            ],
            [
              37.951069,
              48.936484
            ],
            [
              37.948923,
              48.940402
            ],
            [
              37.937379,
              48.941276
            ],
            [
              37.941971,
              48.947759
            ],
            [
              37.924805,
              48.946068
            ],
            [
              37.911415,
              48.947534
            ],
            [
              37.911587,
              48.953734
            ],
            [
              37.863865,
              48.956552
            ],
            [
              37.864037,
              48.970527
            ],
            [
              37.853479,
              48.969118
            ],
            [
              37.843866,
              48.969006
            ],
            [
              37.836871,
              48.964244
            ],
            [
              37.835197,
              48.961624
            ],
            [
              37.834597,
              48.955453
            ],
            [
              37.83288,
              48.953734
            ],
            [
              37.830262,
              48.953621
            ],
            [
              37.827215,
              48.957172
            ],
            [
              37.821851,
              48.958722
            ],
            [
              37.818117,
              48.960102
            ],
            [
              37.812366,
              48.962131
            ],
            [
              37.809277,
              48.962835
            ],
            [
              37.808067,
              48.965068
            ],
            [
              37.804115,
              48.964862
            ],
            [
              37.791203,
              48.964904
            ],
            [
              37.792146,
              48.939315
            ],
            [
              37.802361,
              48.929955
            ],
            [
              37.803536,
              48.925287
            ],
            [
              37.805939,
              48.919986
            ],
            [
              37.804555,
              48.919994
            ],
            [
              37.796498,
              48.920042
            ],
            [
              37.790919,
              48.914063
            ],
            [
              37.781478,
              48.910002
            ]
          ]
        ]
      }
    },
    {
      "type": "Feature",
      "properties": {
        "Name": "New polygon 4"
      },
      "geometry": {
        "type": "Polygon",
        "coordinates": [
          [
            [
              37.878825,
              48.903727,
              0
            ],
            [
              37.875233,
              48.903671,
              0
            ],
            [
              37.867079,
              48.904743,
              0
            ],
            [
              37.861069,
              48.907451,
              0
            ],
            [
              37.866011,
              48.908624
            ],
            [
              37.874336,
              48.91009
            ],
            [
              37.87322,
              48.913136
            ],
            [
              37.877941,
              48.914095
            ],
            [
              37.880259,
              48.917085
            ],
            [
              37.884722,
              48.917198
            ],
            [
              37.886953,
              48.913306
            ],
            [
              37.887125,
              48.910711
            ],
            [
              37.897227,
              48.905445,
              0
            ],
            [
              37.878825,
              48.903727,
              0
            ]
          ]
        ]
      }
    },
    {
      "type": "Feature",
      "properties": {
        "Name": "New polygon 3"
      },
      "geometry": {
        "type": "Polygon",
        "coordinates": [
          [
            [
              35.10093,
              51.016781,
              0
            ],
            [
              35.083384,
              51.028401,
              0
            ],
            [
              35.079749,
              51.040958,
              0
            ],
            [
              35.095357,
              51.050041,
              0
            ],
            [
              35.101919,
              51.047276
            ],
            [
              35.117283,
              51.044983
            ],
            [
              35.122175,
              51.043445
            ],
            [
              35.123076,
              51.03991
            ],
            [
              35.128398,
              51.032489
            ],
            [
              35.138836,
              51.030523,
              0
            ],
            [
              35.138329,
              51.027067,
              0
            ],
            [
              35.13655,
              51.026121,
              0
            ],
            [
              35.136893,
              51.024717,
              0
            ],
            [
              35.138688,
              51.024005,
              0
            ],
            [
              35.138999,
              51.023849,
              0
            ],
            [
              35.138935,
              51.023525,
              0
            ],
            [
              35.138516,
              51.023337,
              0
            ],
            [
              35.137712,
              51.023364,
              0
            ],
            [
              35.137089,
              51.023613,
              0
            ],
            [
              35.136328,
              51.023998,
              0
            ],
            [
              35.13578,
              51.023951,
              0
            ],
            [
              35.132744,
              51.020738,
              0
            ],
            [
              35.128538,
              51.01812,
              0
            ],
            [
              35.123432,
              51.016959,
              0
            ],
            [
              35.120342,
              51.022196,
              0
            ],
            [
              35.116479,
              51.02333,
              0
            ],
            [
              35.10987,
              51.023006,
              0
            ],
            [
              35.105579,
              51.021278,
              0
            ],
            [
              35.10093,
              51.016781,
              0
            ]
          ]
        ]
      }
    },
    {
      "type": "Feature",
      "properties": {
        "Name": "New polygon 1"
      },
      "geometry": {
        "type": "Polygon",
        "coordinates": [
          [
            [
              34.854544,
              51.069511,
              0
            ],
            [
              34.857528,
              51.060644,
              0
            ],
            [
              34.86962,
              51.0588,
              0
            ],
            [
              34.886776,
              51.057872,
              0
            ],
            [
              34.895321,
              51.068456,
              0
            ],
            [
              34.898458,
              51.071363
            ],
            [
              34.875283,
              51.070662
            ],
            [
              34.871979,
              51.073897
            ],
            [
              34.867001,
              51.070176
            ],
            [
              34.863052,
              51.069421
            ],
            [
              34.859405,
              51.070014
            ],
            [
              34.854544,
              51.069511,
              0
            ]
          ]
        ]
      }
    },
    {
      "type": "Feature",
      "properties": {
        "Name": "New polygon 1"
      },
      "geometry": {
        "type": "Polygon",
        "coordinates": [
          [
            [
              37.452148,
              50.198972,
              0
            ],
            [
              37.443675,
              50.211691,
              0
            ],
            [
              37.453399,
              50.217488,
              0
            ],
            [
              37.45059,
              50.222075,
              0
            ],
            [
              37.454521,
              50.225138,
              0
            ],
            [
              37.458452,
              50.227321,
              0
            ],
            [
              37.457577,
              50.23428,
              0
            ],
            [
              37.458342,
              50.24775,
              0
            ],
            [
              37.445251,
              50.252343,
              0
            ],
            [
              37.452566,
              50.259113,
              0
            ],
            [
              37.464432,
              50.26193,
              0
            ],
            [
              37.474786,
              50.25982,
              0
            ],
            [
              37.487029,
              50.254691,
              0
            ],
            [
              37.498664,
              50.256245
            ],
            [
              37.49754,
              50.251376
            ],
            [
              37.497711,
              50.245119
            ],
            [
              37.497754,
              50.239493
            ],
            [
              37.49136,
              50.239355
            ],
            [
              37.490845,
              50.23403
            ],
            [
              37.50226,
              50.233866
            ],
            [
              37.502432,
              50.229034
            ],
            [
              37.509298,
              50.229638
            ],
            [
              37.515907,
              50.230956
            ],
            [
              37.514577,
              50.223543
            ],
            [
              37.501316,
              50.213383
            ],
            [
              37.474365,
              50.212724
            ],
            [
              37.463379,
              50.213822
            ],
            [
              37.462006,
              50.208824
            ],
            [
              37.455311,
              50.205967
            ],
            [
              37.452148,
              50.198972,
              0
            ]
          ]
        ]
      }
    },
    {
      "type": "Feature",
      "properties": {
        "Name": "New polygon 1"
      },
      "geometry": {
        "type": "Polygon",
        "coordinates": [
          [
            [
              37.668078,
              49.183232,
              0
            ],
            [
              37.699021,
              49.19243,
              0
            ],
            [
              37.714471,
              49.196052,
              0
            ],
            [
              37.729406,
              49.190892,
              0
            ],
            [
              37.739305,
              49.18998,
              0
            ],
            [
              37.749357,
              49.184071,
              0
            ],
            [
              37.755693,
              49.189686,
              0
            ],
            [
              37.766424,
              49.190775,
              0
            ],
            [
              37.782855,
              49.188814,
              0
            ],
            [
              37.79041,
              49.187572,
              0
            ],
            [
              37.802426,
              49.187572,
              0
            ],
            [
              37.820622,
              49.182747,
              0
            ],
            [
              37.829205,
              49.175453,
              0
            ],
            [
              37.839418,
              49.180951,
              0
            ],
            [
              37.841478,
              49.187964,
              0
            ],
            [
              37.874207,
              49.183835
            ],
            [
              37.869875,
              49.175923,
              0
            ],
            [
              37.870561,
              49.167057,
              0
            ],
            [
              37.86833,
              49.155157,
              0
            ],
            [
              37.862837,
              49.147859,
              0
            ],
            [
              37.854082,
              49.141459,
              0
            ],
            [
              37.858373,
              49.133597,
              0
            ],
            [
              37.84979,
              49.131238,
              0
            ],
            [
              37.843094,
              49.131408
            ],
            [
              37.835197,
              49.130398
            ],
            [
              37.823524,
              49.129836
            ],
            [
              37.821121,
              49.122759
            ],
            [
              37.826958,
              49.114332
            ],
            [
              37.835026,
              49.106916
            ],
            [
              37.837944,
              49.10287
            ],
            [
              37.841045,
              49.100946
            ],
            [
              37.843008,
              49.101184
            ],
            [
              37.853394,
              49.105174
            ],
            [
              37.861462,
              49.099274
            ],
            [
              37.871246,
              49.100285
            ],
            [
              37.879314,
              49.097981
            ],
            [
              37.890816,
              49.098487
            ],
            [
              37.892994,
              49.092935
            ],
            [
              37.895923,
              49.086881
            ],
            [
              37.899313,
              49.084969
            ],
            [
              37.899313,
              49.083199
            ],
            [
              37.899914,
              49.07679
            ],
            [
              37.91193,
              49.077239
            ],
            [
              37.9212,
              49.075412
            ],
            [
              37.922745,
              49.074822
            ],
            [
              37.927637,
              49.075215
            ],
            [
              37.933044,
              49.069424
            ],
            [
              37.930899,
              49.063182
            ],
            [
              37.925663,
              49.053958
            ],
            [
              37.919569,
              49.051539
            ],
            [
              37.912531,
              49.053789
            ],
            [
              37.893133,
              49.05542
            ],
            [
              37.8794,
              49.055814
            ],
            [
              37.880087,
              49.049795
            ],
            [
              37.866526,
              49.055701
            ],
            [
              37.867556,
              49.047657
            ],
            [
              37.852309,
              49.050349,
              0
            ],
            [
              37.852996,
              49.038196,
              0
            ],
            [
              37.856655,
              49.038206
            ],
            [
              37.855089,
              49.023222
            ],
            [
              37.842751,
              49.023236
            ],
            [
              37.828159,
              49.024587
            ],
            [
              37.828331,
              49.026388
            ],
            [
              37.82198,
              49.029491,
              0
            ],
            [
              37.818248,
              49.031049,
              0
            ],
            [
              37.810632,
              49.025305,
              0
            ],
            [
              37.804218,
              49.028677,
              0
            ],
            [
              37.794995,
              49.027768,
              0
            ],
            [
              37.795368,
              49.024885,
              0
            ],
            [
              37.791654,
              49.019498,
              0
            ],
            [
              37.788162,
              49.015694
            ],
            [
              37.790909,
              49.012823
            ],
            [
              37.799921,
              49.009614
            ],
            [
              37.806787,
              49.005335
            ],
            [
              37.808933,
              49.006799
            ],
            [
              37.807217,
              49.007812
            ],
            [
              37.807388,
              49.011359
            ],
            [
              37.810736,
              49.011697
            ],
            [
              37.809792,
              49.0086
            ],
            [
              37.813826,
              49.005954
            ],
            [
              37.82095,
              49.005391
            ],
            [
              37.818975,
              49.002125
            ],
            [
              37.817774,
              48.99672
            ],
            [
              37.817345,
              48.990806
            ],
            [
              37.813783,
              48.986441
            ],
            [
              37.820606,
              48.985315
            ],
            [
              37.821808,
              48.984132
            ],
            [
              37.82361,
              48.983203
            ],
            [
              37.82346,
              48.981597
            ],
            [
              37.829318,
              48.977978
            ],
            [
              37.827902,
              48.976809
            ],
            [
              37.828395,
              48.976471
            ],
            [
              37.829168,
              48.976936
            ],
            [
              37.830133,
              48.976372
            ],
            [
              37.82964,
              48.975569
            ],
            [
              37.833671,
              48.973002,
              0
            ],
            [
              37.828542,
              48.969831,
              0
            ],
            [
              37.825793,
              48.9718,
              0
            ],
            [
              37.820208,
              48.971314,
              0
            ],
            [
              37.81244,
              48.972075,
              0
            ],
            [
              37.81081,
              48.976469,
              0
            ],
            [
              37.806175,
              48.979793,
              0
            ],
            [
              37.810037,
              48.984919,
              0
            ],
            [
              37.812269,
              48.989988,
              0
            ],
            [
              37.812526,
              48.995901,
              0
            ],
            [
              37.810037,
              48.996436,
              0
            ],
            [
              37.807205,
              48.996464,
              0
            ],
            [
              37.782371,
              49.004215,
              0
            ],
            [
              37.778852,
              49.009338,
              0
            ],
            [
              37.781684,
              49.014124,
              0
            ],
            [
              37.781608,
              49.018889,
              0
            ],
            [
              37.782258,
              49.022167,
              0
            ],
            [
              37.773548,
              49.022022,
              0
            ],
            [
              37.765154,
              49.022489,
              0
            ],
            [
              37.760562,
              49.021954,
              0
            ],
            [
              37.74588,
              49.023983,
              0
            ],
            [
              37.743508,
              49.036022,
              0
            ],
            [
              37.729922,
              49.035202,
              0
            ],
            [
              37.713714,
              49.035903,
              0
            ],
            [
              37.701619,
              49.041361,
              0
            ],
            [
              37.682274,
              49.040403,
              0
            ],
            [
              37.644108,
              49.049459,
              0
            ],
            [
              37.620576,
              49.051857,
              0
            ],
            [
              37.603199,
              49.051361,
              0
            ],
            [
              37.590406,
              49.046468,
              0
            ],
            [
              37.587616,
              49.051011,
              0
            ],
            [
              37.588167,
              49.064779,
              0
            ],
            [
              37.570743,
              49.065341,
              0
            ],
            [
              37.571087,
              49.082097,
              0
            ],
            [
              37.56576,
              49.08884,
              0
            ],
            [
              37.582891,
              49.108884,
              0
            ],
            [
              37.595658,
              49.117677,
              0
            ],
            [
              37.593621,
              49.122153,
              0
            ],
            [
              37.6204,
              49.143943,
              0
            ],
            [
              37.617647,
              49.163814,
              0
            ],
            [
              37.649057,
              49.162357,
              0
            ],
            [
              37.661508,
              49.172684,
              0
            ],
            [
              37.668078,
              49.183232,
              0
            ]
          ]
        ]
      }
    },
    {
      "type": "Feature",
      "properties": {
        "Name": "Многоугольник 4",
        "tessellate": -1,
        "extrude": 0,
        "visibility": -1
      },
      "geometry": {
        "type": "Polygon",
        "coordinates": [
          [
            [
              35.10093,
              51.016781,
              0
            ],
            [
              35.117731,
              51.010344,
              0
            ],
            [
              35.129257,
              51.009906,
              0
            ],
            [
              35.140955,
              51.016594,
              0
            ],
            [
              35.138329,
              51.027067,
              0
            ],
            [
              35.13655,
              51.026121,
              0
            ],
            [
              35.136893,
              51.024717,
              0
            ],
            [
              35.138688,
              51.024005,
              0
            ],
            [
              35.138999,
              51.023849,
              0
            ],
            [
              35.138935,
              51.023525,
              0
            ],
            [
              35.138516,
              51.023337,
              0
            ],
            [
              35.137712,
              51.023364,
              0
            ],
            [
              35.137089,
              51.023613,
              0
            ],
            [
              35.136328,
              51.023998,
              0
            ],
            [
              35.13578,
              51.023951,
              0
            ],
            [
              35.135019,
              51.023168,
              0
            ],
            [
              35.132744,
              51.020738,
              0
            ],
            [
              35.128538,
              51.01812,
              0
            ],
            [
              35.123432,
              51.016959,
              0
            ],
            [
              35.120342,
              51.022196,
              0
            ],
            [
              35.116479,
              51.02333,
              0
            ],
            [
              35.10987,
              51.023006,
              0
            ],
            [
              35.105579,
              51.021278,
              0
            ],
            [
              35.10093,
              51.016781,
              0
            ]
          ]
        ]
      }
    },
    {
      "type": "Feature",
      "properties": {
        "Name": "New polygon 26",
        "description": "",
        "tessellate": -1,
        "extrude": 0,
        "visibility": -1,
        "________________": "",
        "________": ""
      },
      "geometry": {
        "type": "Polygon",
        "coordinates": [
          [
            [
              37.583836,
              49.842589,
              0
            ],
            [
              37.575253,
              49.825094,
              0
            ],
            [
              37.590874,
              49.816788,
              0
            ],
            [
              37.603283,
              49.816555
            ],
            [
              37.615299,
              49.82021
            ],
            [
              37.622809,
              49.823698
            ],
            [
              37.629193,
              49.827018,
              0
            ],
            [
              37.630909,
              49.829011,
              0
            ],
            [
              37.630223,
              49.832665,
              0
            ],
            [
              37.625245,
              49.833329,
              0
            ],
            [
              37.623013,
              49.836651,
              0
            ],
            [
              37.623528,
              49.842187,
              0
            ],
            [
              37.633484,
              49.853034,
              0
            ],
            [
              37.636156,
              49.854476
            ],
            [
              37.645597,
              49.854421
            ],
            [
              37.656412,
              49.85514
            ],
            [
              37.656112,
              49.856938
            ],
            [
              37.659287,
              49.858294
            ],
            [
              37.66624,
              49.856966
            ],
            [
              37.666368,
              49.858764
            ],
            [
              37.665725,
              49.86095
            ],
            [
              37.662978,
              49.862057
            ],
            [
              37.658858,
              49.861669
            ],
            [
              37.657142,
              49.859511
            ],
            [
              37.648001,
              49.861116
            ],
            [
              37.636156,
              49.862831
            ],
            [
              37.629976,
              49.864214
            ],
            [
              37.62989,
              49.866925
            ],
            [
              37.620792,
              49.867976
            ],
            [
              37.616274,
              49.868004,
              0
            ],
            [
              37.605984,
              49.863006,
              0
            ],
            [
              37.598947,
              49.853075,
              0
            ],
            [
              37.583836,
              49.842589,
              0
            ]
          ]
        ]
      }
    },
    {
      "type": "Feature",
      "properties": {
        "Name": "New polygon 29",
        "description": "",
        "tessellate": -1,
        "extrude": 0,
        "visibility": -1,
        "________________": "",
        "________": ""
      },
      "geometry": {
        "type": "Polygon",
        "coordinates": [
          [
            [
              37.621475,
              48.555973,
              0
            ],
            [
              37.626566,
              48.558782,
              0
            ],
            [
              37.622907,
              48.562385,
              0
            ],
            [
              37.624206,
              48.563042,
              0
            ],
            [
              37.62824,
              48.566478,
              0
            ],
            [
              37.625793,
              48.568608,
              0
            ],
            [
              37.628497,
              48.570511,
              0
            ],
            [
              37.63369,
              48.572158,
              0
            ],
            [
              37.637466,
              48.573833,
              0
            ],
            [
              37.640513,
              48.575367,
              0
            ],
            [
              37.644419,
              48.575395,
              0
            ],
            [
              37.645952,
              48.576363,
              0
            ],
            [
              37.64097,
              48.577031,
              0
            ],
            [
              37.633156,
              48.57395,
              0
            ],
            [
              37.628872,
              48.574475,
              0
            ],
            [
              37.626605,
              48.573553,
              0
            ],
            [
              37.622157,
              48.575682,
              0
            ],
            [
              37.617838,
              48.572828,
              0
            ],
            [
              37.621929,
              48.568697,
              0
            ],
            [
              37.613548,
              48.566595,
              0
            ],
            [
              37.611067,
              48.564025,
              0
            ],
            [
              37.621475,
              48.555973,
              0
            ]
          ]
        ]
      }
    },
    {
      "type": "Feature",
      "properties": {
        "Name": "New polygon 32",
        "description": "",
        "tessellate": -1,
        "extrude": 0,
        "visibility": -1,
        "________________": "",
        "________": ""
      },
      "geometry": {
        "type": "Polygon",
        "coordinates": [
          [
            [
              37.886284,
              48.900341,
              0
            ],
            [
              37.885435,
              48.894486,
              0
            ],
            [
              37.88802,
              48.889084,
              0
            ],
            [
              37.893751,
              48.88863,
              0
            ],
            [
              37.897656,
              48.888234,
              0
            ],
            [
              37.90478,
              48.888488,
              0
            ],
            [
              37.907184,
              48.892552,
              0
            ],
            [
              37.910617,
              48.894809,
              0
            ],
            [
              37.916539,
              48.900931,
              0
            ],
            [
              37.908557,
              48.904768,
              0
            ],
            [
              37.897227,
              48.905445,
              0
            ],
            [
              37.878825,
              48.903727,
              0
            ],
            [
              37.886284,
              48.900341,
              0
            ]
          ]
        ]
      }
    },
    {
      "type": "Feature",
      "properties": {
        "Name": "New polygon 35",
        "description": "",
        "tessellate": -1,
        "extrude": 0,
        "visibility": -1,
        "________________": "",
        "________": ""
      },
      "geometry": {
        "type": "Polygon",
        "coordinates": [
          [
            [
              37.833003,
              49.260199,
              0
            ],
            [
              37.834934,
              49.253197,
              0
            ],
            [
              37.846265,
              49.246299,
              0
            ],
            [
              37.847508,
              49.229661,
              0
            ],
            [
              37.835492,
              49.214189,
              0
            ],
            [
              37.79395,
              49.21217,
              0
            ],
            [
              37.80605,
              49.202424,
              0
            ],
            [
              37.813088,
              49.200573,
              0
            ],
            [
              37.811028,
              49.192328,
              0
            ],
            [
              37.841478,
              49.187964,
              0
            ],
            [
              37.843266,
              49.194045
            ],
            [
              37.844081,
              49.201466
            ],
            [
              37.850814,
              49.229431,
              0
            ],
            [
              37.860084,
              49.238398,
              0
            ],
            [
              37.870384,
              49.237726,
              0
            ],
            [
              37.866779,
              49.245907,
              0
            ],
            [
              37.875705,
              49.247532,
              0
            ],
            [
              37.885747,
              49.250109,
              0
            ],
            [
              37.894588,
              49.253022,
              0
            ],
            [
              37.897425,
              49.248591
            ],
            [
              37.900944,
              49.249151
            ],
            [
              37.908669,
              49.247526
            ],
            [
              37.912531,
              49.241586
            ],
            [
              37.915707,
              49.241306
            ],
            [
              37.919054,
              49.23856
            ],
            [
              37.922916,
              49.234553
            ],
            [
              37.924933,
              49.234609
            ],
            [
              37.929783,
              49.235478
            ],
            [
              37.932272,
              49.23744
            ],
            [
              37.931757,
              49.24324
            ],
            [
              37.936134,
              49.246293
            ],
            [
              37.922831,
              49.254305
            ],
            [
              37.916479,
              49.257106
            ],
            [
              37.908786,
              49.259841,
              0
            ],
            [
              37.898926,
              49.257757,
              0
            ],
            [
              37.89465,
              49.266733,
              0
            ],
            [
              37.885699,
              49.269931,
              0
            ],
            [
              37.855057,
              49.271845,
              0
            ],
            [
              37.833815,
              49.268487,
              0
            ],
            [
              37.833003,
              49.260199,
              0
            ]
          ]
        ]
      }
    },
    {
      "type": "Feature",
      "properties": {
        "Name": "New polygon 37",
        "description": "",
        "tessellate": -1,
        "extrude": 0,
        "visibility": -1,
        "________________": "опис: Добропільський контрнаступ — це успішна операція українських сил оборони на Донеччині, проведена восени 2025 року з метою ліквідації російського виступу, який загрожував Покровсько-Краматорському напрямку\nназвание: 131км2",
        "________": "Добропільський контрнаступ — це успішна операція українських сил оборони на Донеччині, проведена восени 2025 року з метою ліквідації російського виступу, який загрожував Покровсько-Краматорському напрямку"
      },
      "geometry": {
        "type": "Polygon",
        "coordinates": [
          [
            [
              37.254639,
              48.531384
            ],
            [
              37.258415,
              48.535931
            ],
            [
              37.265282,
              48.541841
            ],
            [
              37.278843,
              48.550592
            ],
            [
              37.291889,
              48.554342
            ],
            [
              37.303253,
              48.554811,
              0
            ],
            [
              37.301118,
              48.561429,
              0
            ],
            [
              37.286656,
              48.561736,
              0
            ],
            [
              37.273567,
              48.567465,
              0
            ],
            [
              37.257685,
              48.565864,
              0
            ],
            [
              37.24895,
              48.566883,
              0
            ],
            [
              37.241915,
              48.568062,
              0
            ],
            [
              37.236252,
              48.568935,
              0
            ],
            [
              37.22945,
              48.568978,
              0
            ],
            [
              37.22091,
              48.568284,
              0
            ],
            [
              37.21244,
              48.566418,
              0
            ],
            [
              37.202312,
              48.559601,
              0
            ],
            [
              37.192098,
              48.554261,
              0
            ],
            [
              37.183258,
              48.542159,
              0
            ],
            [
              37.17725,
              48.535055,
              0
            ],
            [
              37.169537,
              48.52727,
              0
            ],
            [
              37.166289,
              48.519542,
              0
            ],
            [
              37.167603,
              48.515343,
              0
            ],
            [
              37.17322,
              48.51437,
              0
            ],
            [
              37.174644,
              48.510009
            ],
            [
              37.184601,
              48.510009
            ],
            [
              37.194042,
              48.508758
            ],
            [
              37.211895,
              48.51035
            ],
            [
              37.215843,
              48.514899
            ],
            [
              37.22271,
              48.513307
            ],
            [
              37.226658,
              48.519333
            ],
            [
              37.229919,
              48.519561
            ],
            [
              37.234039,
              48.518083
            ],
            [
              37.240391,
              48.516377
            ],
            [
              37.243309,
              48.511146
            ],
            [
              37.248459,
              48.512852
            ],
            [
              37.245541,
              48.51831
            ],
            [
              37.245369,
              48.522744
            ],
            [
              37.248974,
              48.526041
            ],
            [
              37.254982,
              48.52661
            ],
            [
              37.254639,
              48.531384
            ]
          ]
        ]
      }
    },
    {
      "type": "Feature",
      "properties": {
        "Name": "New polygon 38",
        "description": "",
        "tessellate": -1,
        "extrude": 0,
        "visibility": -1,
        "________________": "опис: Звільненно 426км2\nназвание:",
        "________": "Звільненно 426км2"
      },
      "geometry": {
        "type": "Polygon",
        "coordinates": [
          [
            [
              36.125154,
              47.800652,
              0
            ],
            [
              36.128759,
              47.800595,
              0
            ],
            [
              36.139034,
              47.802074,
              0
            ],
            [
              36.149112,
              47.802682,
              0
            ],
            [
              36.15225,
              47.806489,
              0
            ],
            [
              36.159904,
              47.809358,
              0
            ],
            [
              36.170134,
              47.810845,
              0
            ],
            [
              36.181154,
              47.810734
            ],
            [
              36.185188,
              47.819033
            ],
            [
              36.194372,
              47.819783
            ],
            [
              36.196518,
              47.825488
            ],
            [
              36.197977,
              47.832979
            ],
            [
              36.206903,
              47.833267
            ],
            [
              36.215487,
              47.833152
            ],
            [
              36.219435,
              47.822837
            ],
            [
              36.222181,
              47.812175
            ],
            [
              36.225529,
              47.812348
            ],
            [
              36.228361,
              47.7988
            ],
            [
              36.244739,
              47.798912,
              0
            ],
            [
              36.267306,
              47.80106,
              0
            ],
            [
              36.264123,
              47.815791,
              0
            ],
            [
              36.275324,
              47.816628,
              0
            ],
            [
              36.279401,
              47.797892,
              0
            ],
            [
              36.292655,
              47.798954,
              0
            ],
            [
              36.303806,
              47.800612,
              0
            ],
            [
              36.303519,
              47.802123,
              0
            ],
            [
              36.311788,
              47.802918,
              0
            ],
            [
              36.315729,
              47.803161,
              0
            ],
            [
              36.317617,
              47.805092,
              0
            ],
            [
              36.318003,
              47.808781,
              0
            ],
            [
              36.315549,
              47.818055,
              0
            ],
            [
              36.313339,
              47.828601,
              0
            ],
            [
              36.312587,
              47.839603,
              0
            ],
            [
              36.311385,
              47.844701,
              0
            ],
            [
              36.306879,
              47.849684,
              0
            ],
            [
              36.285095,
              47.848764
            ],
            [
              36.283379,
              47.860398
            ],
            [
              36.283293,
              47.866156
            ],
            [
              36.280804,
              47.871683
            ],
            [
              36.291876,
              47.87105
            ],
            [
              36.299944,
              47.867768
            ],
            [
              36.310089,
              47.863805,
              0
            ],
            [
              36.318157,
              47.870837,
              0
            ],
            [
              36.327672,
              47.875768,
              0
            ],
            [
              36.33755,
              47.88137,
              0
            ],
            [
              36.359273,
              47.875455,
              0
            ],
            [
              36.373242,
              47.876938,
              0
            ],
            [
              36.37865,
              47.871612,
              0
            ],
            [
              36.394699,
              47.872649,
              0
            ],
            [
              36.396416,
              47.875844,
              0
            ],
            [
              36.431068,
              47.876585,
              0
            ],
            [
              36.438643,
              47.871662,
              0
            ],
            [
              36.454611,
              47.86748
            ],
            [
              36.46019,
              47.872547
            ],
            [
              36.472865,
              47.87352,
              0
            ],
            [
              36.487673,
              47.873537,
              0
            ],
            [
              36.486951,
              47.874644,
              0
            ],
            [
              36.486372,
              47.876832,
              0
            ],
            [
              36.486394,
              47.877537,
              0
            ],
            [
              36.50956,
              47.877596,
              0
            ],
            [
              36.508591,
              47.881265,
              0
            ],
            [
              36.510806,
              47.88205,
              0
            ],
            [
              36.52648,
              47.88417,
              0
            ],
            [
              36.525541,
              47.887191,
              0
            ],
            [
              36.527396,
              47.887762,
              0
            ],
            [
              36.525869,
              47.891624,
              0
            ],
            [
              36.531599,
              47.892886,
              0
            ],
            [
              36.535131,
              47.894333,
              0
            ],
            [
              36.534127,
              47.905447,
              0
            ],
            [
              36.5373,
              47.90581,
              0
            ],
            [
              36.536592,
              47.916765,
              0
            ],
            [
              36.53614,
              47.919151,
              0
            ],
            [
              36.571831,
              47.92092,
              0
            ],
            [
              36.578379,
              47.923475
            ],
            [
              36.584902,
              47.926408
            ],
            [
              36.583958,
              47.932389
            ],
            [
              36.591253,
              47.931641
            ],
            [
              36.589279,
              47.940727
            ],
            [
              36.579409,
              47.943573
            ],
            [
              36.579967,
              47.94547
            ],
            [
              36.589537,
              47.944148
            ],
            [
              36.598334,
              47.944924
            ],
            [
              36.606703,
              47.946764
            ],
            [
              36.609364,
              47.933884
            ],
            [
              36.634666,
              47.938099,
              0
            ],
            [
              36.633861,
              47.943954,
              0
            ],
            [
              36.63244,
              47.950725,
              0
            ],
            [
              36.629859,
              47.961324,
              0
            ],
            [
              36.639043,
              47.962876,
              0
            ],
            [
              36.639902,
              47.961382,
              0
            ],
            [
              36.649429,
              47.962646,
              0
            ],
            [
              36.647369,
              47.972991,
              0
            ],
            [
              36.682234,
              47.977053
            ],
            [
              36.701031,
              47.978949
            ],
            [
              36.705751,
              47.976421
            ],
            [
              36.709528,
              47.976421
            ],
            [
              36.709957,
              47.978087
            ],
            [
              36.714077,
              47.984694
            ],
            [
              36.74017,
              47.979581
            ],
            [
              36.740427,
              47.981276
            ],
            [
              36.740427,
              47.984407
            ],
            [
              36.740127,
              47.987078
            ],
            [
              36.741521,
              47.988787
            ],
            [
              36.746242,
              47.987969
            ],
            [
              36.749246,
              47.988514
            ],
            [
              36.747293,
              47.990209
            ],
            [
              36.746907,
              47.991616
            ],
            [
              36.745963,
              47.992736
            ],
            [
              36.745963,
              47.995407
            ],
            [
              36.74047,
              47.995781
            ],
            [
              36.736779,
              47.995867
            ],
            [
              36.737809,
              47.992937
            ],
            [
              36.736865,
              47.992909
            ],
            [
              36.736275,
              47.990977
            ],
            [
              36.736479,
              47.987796
            ],
            [
              36.734333,
              47.986475
            ],
            [
              36.728239,
              47.988313
            ],
            [
              36.723776,
              47.988428
            ],
            [
              36.71648,
              47.99647
            ],
            [
              36.718626,
              48.000318
            ],
            [
              36.717167,
              48.005084
            ],
            [
              36.722832,
              48.00497
            ],
            [
              36.725149,
              48.007554
            ],
            [
              36.71927,
              48.011229
            ],
            [
              36.720772,
              48.012492
            ],
            [
              36.716566,
              48.014616
            ],
            [
              36.713905,
              48.016626
            ],
            [
              36.716051,
              48.019554
            ],
            [
              36.715631,
              48.022622,
              0
            ],
            [
              36.719256,
              48.029833,
              0
            ],
            [
              36.735286,
              48.038693,
              0
            ],
            [
              36.757329,
              48.036837,
              0
            ],
            [
              36.758945,
              48.049214,
              0
            ],
            [
              36.729388,
              48.053537,
              0
            ],
            [
              36.72005,
              48.072744,
              0
            ],
            [
              36.73914,
              48.077505
            ],
            [
              36.744118,
              48.078996
            ],
            [
              36.748238,
              48.081462
            ],
            [
              36.750212,
              48.081692
            ],
            [
              36.753902,
              48.080889
            ],
            [
              36.759181,
              48.08152
            ],
            [
              36.760426,
              48.080057
            ],
            [
              36.763515,
              48.079427
            ],
            [
              36.766777,
              48.079627
            ],
            [
              36.767035,
              48.080029
            ],
            [
              36.761413,
              48.082924
            ],
            [
              36.765018,
              48.086623
            ],
            [
              36.770382,
              48.084616
            ],
            [
              36.766262,
              48.09763
            ],
            [
              36.762571,
              48.096999
            ],
            [
              36.767361,
              48.104338
            ],
            [
              36.779455,
              48.103262,
              0
            ],
            [
              36.790842,
              48.104402,
              0
            ],
            [
              36.78987,
              48.110112,
              0
            ],
            [
              36.80643,
              48.111393,
              0
            ],
            [
              36.809475,
              48.102232,
              0
            ],
            [
              36.833603,
              48.104315,
              0
            ],
            [
              36.828001,
              48.125253,
              0
            ],
            [
              36.830834,
              48.124835,
              0
            ],
            [
              36.829094,
              48.1355,
              0
            ],
            [
              36.81623,
              48.133504,
              0
            ],
            [
              36.806776,
              48.128485,
              0
            ],
            [
              36.777665,
              48.122609,
              0
            ],
            [
              36.752447,
              48.124398,
              0
            ],
            [
              36.748671,
              48.121934,
              0
            ],
            [
              36.747057,
              48.120016,
              0
            ],
            [
              36.737034,
              48.117486,
              0
            ],
            [
              36.732615,
              48.122124,
              0
            ],
            [
              36.719061,
              48.124889,
              0
            ],
            [
              36.712683,
              48.133694,
              0
            ],
            [
              36.709079,
              48.14304,
              0
            ],
            [
              36.699431,
              48.145748,
              0
            ],
            [
              36.680263,
              48.145982,
              0
            ],
            [
              36.669365,
              48.129046,
              0
            ],
            [
              36.673147,
              48.118039,
              0
            ],
            [
              36.653647,
              48.117743,
              0
            ],
            [
              36.63913,
              48.11539,
              0
            ],
            [
              36.639482,
              48.117325,
              0
            ],
            [
              36.63729,
              48.117365,
              0
            ],
            [
              36.635137,
              48.115783,
              0
            ],
            [
              36.633355,
              48.107896,
              0
            ],
            [
              36.62138,
              48.101505,
              0
            ],
            [
              36.610174,
              48.089708,
              0
            ],
            [
              36.598501,
              48.084117,
              0
            ],
            [
              36.585926,
              48.082569,
              0
            ],
            [
              36.580991,
              48.077322,
              0
            ],
            [
              36.586956,
              48.075172,
              0
            ],
            [
              36.58083,
              48.062909,
              0
            ],
            [
              36.587722,
              48.055054,
              0
            ],
            [
              36.57454,
              48.039865,
              0
            ],
            [
              36.584632,
              48.031527,
              0
            ],
            [
              36.591112,
              48.019778,
              0
            ],
            [
              36.578955,
              48.018056,
              0
            ],
            [
              36.573924,
              48.012868,
              0
            ],
            [
              36.570633,
              48.001873,
              0
            ],
            [
              36.554386,
              47.9984,
              0
            ],
            [
              36.544825,
              48.001065,
              0
            ],
            [
              36.531418,
              47.998218,
              0
            ],
            [
              36.527507,
              47.996129,
              0
            ],
            [
              36.528575,
              47.99068,
              0
            ],
            [
              36.528938,
              47.984994,
              0
            ],
            [
              36.536103,
              47.980571,
              0
            ],
            [
              36.529527,
              47.976032,
              0
            ],
            [
              36.527971,
              47.972734,
              0
            ],
            [
              36.527777,
              47.969986,
              0
            ],
            [
              36.530869,
              47.956182,
              0
            ],
            [
              36.526679,
              47.951433,
              0
            ],
            [
              36.515345,
              47.950929,
              0
            ],
            [
              36.507318,
              47.95585,
              0
            ],
            [
              36.50354,
              47.954161,
              0
            ],
            [
              36.502554,
              47.942002,
              0
            ],
            [
              36.487189,
              47.942433,
              0
            ],
            [
              36.484754,
              47.943846,
              0
            ],
            [
              36.48187,
              47.94404,
              0
            ],
            [
              36.47976,
              47.942108,
              0
            ],
            [
              36.474688,
              47.941785,
              0
            ],
            [
              36.472967,
              47.944872,
              0
            ],
            [
              36.471592,
              47.9454,
              0
            ],
            [
              36.468845,
              47.945237,
              0
            ],
            [
              36.466053,
              47.947384,
              0
            ],
            [
              36.41523,
              47.930767,
              0
            ],
            [
              36.401744,
              47.928927,
              0
            ],
            [
              36.400264,
              47.923175,
              0
            ],
            [
              36.38754,
              47.924022,
              0
            ],
            [
              36.371134,
              47.92694,
              0
            ],
            [
              36.370189,
              47.930907,
              0
            ],
            [
              36.330225,
              47.92709,
              0
            ],
            [
              36.330258,
              47.930403,
              0
            ],
            [
              36.33221,
              47.934156,
              0
            ],
            [
              36.333368,
              47.937981,
              0
            ],
            [
              36.332096,
              47.941611,
              0
            ],
            [
              36.329795,
              47.946392,
              0
            ],
            [
              36.326604,
              47.943952,
              0
            ],
            [
              36.321548,
              47.943401,
              0
            ],
            [
              36.314347,
              47.940493,
              0
            ],
            [
              36.308202,
              47.940474,
              0
            ],
            [
              36.309819,
              47.927442,
              0
            ],
            [
              36.299496,
              47.927138,
              0
            ],
            [
              36.276751,
              47.914541,
              0
            ],
            [
              36.247777,
              47.911479,
              0
            ],
            [
              36.216451,
              47.899281,
              0
            ],
            [
              36.207168,
              47.894478,
              0
            ],
            [
              36.191214,
              47.909492,
              0
            ],
            [
              36.186059,
              47.916551,
              0
            ],
            [
              36.182025,
              47.916797,
              0
            ],
            [
              36.180489,
              47.915231,
              0
            ],
            [
              36.17989,
              47.913818,
              0
            ],
            [
              36.180107,
              47.91206,
              0
            ],
            [
              36.178596,
              47.910807,
              0
            ],
            [
              36.17717,
              47.910762,
              0
            ],
            [
              36.175062,
              47.911445,
              0
            ],
            [
              36.174457,
              47.912242,
              0
            ],
            [
              36.173328,
              47.91382,
              0
            ],
            [
              36.171255,
              47.913787,
              0
            ],
            [
              36.171478,
              47.910906,
              0
            ],
            [
              36.168826,
              47.910212,
              0
            ],
            [
              36.163606,
              47.908264,
              0
            ],
            [
              36.158386,
              47.905567,
              0
            ],
            [
              36.1558,
              47.907192,
              0
            ],
            [
              36.149317,
              47.904384,
              0
            ],
            [
              36.133264,
              47.89093,
              0
            ],
            [
              36.136955,
              47.871539,
              0
            ],
            [
              36.150515,
              47.865611,
              0
            ],
            [
              36.163474,
              47.866535,
              0
            ],
            [
              36.171667,
              47.864748,
              0
            ],
            [
              36.177425,
              47.857321,
              0
            ],
            [
              36.179379,
              47.857172,
              0
            ],
            [
              36.182076,
              47.851784,
              0
            ],
            [
              36.183534,
              47.848218,
              0
            ],
            [
              36.184887,
              47.840718,
              0
            ],
            [
              36.180337,
              47.822408,
              0
            ],
            [
              36.172604,
              47.820015,
              0
            ],
            [
              36.16676,
              47.820043,
              0
            ],
            [
              36.160122,
              47.825871,
              0
            ],
            [
              36.147746,
              47.828986,
              0
            ],
            [
              36.144082,
              47.83141,
              0
            ],
            [
              36.142343,
              47.840159,
              0
            ],
            [
              36.124028,
              47.839564,
              0
            ],
            [
              36.123995,
              47.833496,
              0
            ],
            [
              36.113306,
              47.83267,
              0
            ],
            [
              36.096005,
              47.839977,
              0
            ],
            [
              36.085036,
              47.848173,
              0
            ],
            [
              36.08119,
              47.847614,
              0
            ],
            [
              36.086074,
              47.829153,
              0
            ],
            [
              36.088846,
              47.829391,
              0
            ],
            [
              36.089199,
              47.818671,
              0
            ],
            [
              36.063459,
              47.820928,
              0
            ],
            [
              36.034296,
              47.808608,
              0
            ],
            [
              36.022327,
              47.792376,
              0
            ],
            [
              36.04364,
              47.789628,
              0
            ],
            [
              36.059769,
              47.788022,
              0
            ],
            [
              36.091435,
              47.79418,
              0
            ],
            [
              36.106768,
              47.791676,
              0
            ],
            [
              36.115838,
              47.797148,
              0
            ],
            [
              36.125154,
              47.800652,
              0
            ]
          ]
        ]
      }
    },
    {
      "type": "Feature",
      "properties": {
        "Name": "New polygon 39",
        "description": "",
        "tessellate": -1,
        "extrude": 0,
        "visibility": -1,
        "________________": "опис: \nназвание:",
        "________": ""
      },
      "geometry": {
        "type": "Polygon",
        "coordinates": [
          [
            [
              35.335281,
              47.640429,
              0
            ],
            [
              35.310534,
              47.643873,
              0
            ],
            [
              35.306154,
              47.654026,
              0
            ],
            [
              35.282908,
              47.651611,
              0
            ],
            [
              35.272007,
              47.644534,
              0
            ],
            [
              35.258627,
              47.63913,
              0
            ],
            [
              35.279088,
              47.60882,
              0
            ],
            [
              35.288418,
              47.596296,
              0
            ],
            [
              35.291757,
              47.59159,
              0
            ],
            [
              35.294336,
              47.590938,
              0
            ],
            [
              35.297871,
              47.591231
            ],
            [
              35.298986,
              47.588626
            ],
            [
              35.301518,
              47.583445
            ],
            [
              35.30478,
              47.582026
            ],
            [
              35.307527,
              47.582402
            ],
            [
              35.318611,
              47.580055,
              0
            ],
            [
              35.32852,
              47.575974,
              0
            ],
            [
              35.335636,
              47.577742
            ],
            [
              35.338059,
              47.579469,
              0
            ],
            [
              35.342093,
              47.582827,
              0
            ],
            [
              35.34512,
              47.584429
            ],
            [
              35.351193,
              47.585572
            ],
            [
              35.350914,
              47.58699
            ],
            [
              35.34982,
              47.587772
            ],
            [
              35.350206,
              47.58893
            ],
            [
              35.352373,
              47.588944
            ],
            [
              35.357008,
              47.589118
            ],
            [
              35.359926,
              47.591346
            ],
            [
              35.373316,
              47.593199
            ],
            [
              35.375032,
              47.597135
            ],
            [
              35.39546,
              47.597713
            ],
            [
              35.394258,
              47.604022
            ],
            [
              35.407734,
              47.604253
            ],
            [
              35.423527,
              47.604427
            ],
            [
              35.418892,
              47.599218
            ],
            [
              35.418377,
              47.595514
            ],
            [
              35.422153,
              47.589726
            ],
            [
              35.419579,
              47.582895
            ],
            [
              35.410944,
              47.574259,
              0
            ],
            [
              35.411859,
              47.56708,
              0
            ],
            [
              35.418832,
              47.564344,
              0
            ],
            [
              35.424283,
              47.562072,
              0
            ],
            [
              35.446162,
              47.572011,
              0
            ],
            [
              35.446458,
              47.583733,
              0
            ],
            [
              35.450874,
              47.585728,
              0
            ],
            [
              35.476187,
              47.585664,
              0
            ],
            [
              35.475273,
              47.591738,
              0
            ],
            [
              35.498543,
              47.591925
            ],
            [
              35.527725,
              47.593257
            ],
            [
              35.524957,
              47.59589
            ],
            [
              35.550993,
              47.595744,
              0
            ],
            [
              35.54754,
              47.61843,
              0
            ],
            [
              35.515743,
              47.617407,
              0
            ],
            [
              35.518487,
              47.624244,
              0
            ],
            [
              35.517661,
              47.631898,
              0
            ],
            [
              35.510276,
              47.635713,
              0
            ],
            [
              35.500419,
              47.631671,
              0
            ],
            [
              35.486105,
              47.633429,
              0
            ],
            [
              35.479045,
              47.630066,
              0
            ],
            [
              35.47662,
              47.625777,
              0
            ],
            [
              35.468491,
              47.618254,
              0
            ],
            [
              35.439955,
              47.617656,
              0
            ],
            [
              35.434086,
              47.612872,
              0
            ],
            [
              35.406974,
              47.613577,
              0
            ],
            [
              35.405953,
              47.616769,
              0
            ],
            [
              35.376657,
              47.616046,
              0
            ],
            [
              35.37577,
              47.629148,
              0
            ],
            [
              35.368498,
              47.633422,
              0
            ],
            [
              35.335281,
              47.640429,
              0
            ]
          ]
        ]
      }
    },
    {
      "type": "Feature",
      "properties": {
        "Name": "New polygon 40",
        "description": "",
        "tessellate": -1,
        "extrude": 0,
        "visibility": -1,
        "________________": "опис: \nназвание:",
        "________": ""
      },
      "geometry": {
        "type": "MultiPolygon",
        "coordinates": [
          [
            [
              [
                -46.367808,
                78.180214,
                0
              ],
              [
                -46.367831,
                78.180213,
                0
              ],
              [
                -46.36778,
                78.180216,
                0
              ],
              [
                -46.367808,
                78.180214,
                0
              ]
            ]
          ],
          [
            [
              [
                37.553711,
                49.736232,
                0
              ],
              [
                37.557843,
                49.731164,
                0
              ],
              [
                37.560761,
                49.720955,
                0
              ],
              [
                37.562994,
                49.714201,
                0
              ],
              [
                37.5563,
                49.708206,
                0
              ],
              [
                37.553725,
                49.702545,
                0
              ],
              [
                37.557845,
                49.701656,
                0
              ],
              [
                37.565913,
                49.702767,
                0
              ],
              [
                37.572779,
                49.705209,
                0
              ],
              [
                37.578272,
                49.70421,
                0
              ],
              [
                37.584152,
                49.701767,
                0
              ],
              [
                37.589489,
                49.701003,
                0
              ],
              [
                37.590578,
                49.69774,
                0
              ],
              [
                37.589407,
                49.694711,
                0
              ],
              [
                37.593823,
                49.685562,
                0
              ],
              [
                37.597986,
                49.683646,
                0
              ],
              [
                37.60824,
                49.684436,
                0
              ],
              [
                37.607705,
                49.689441,
                0
              ],
              [
                37.608371,
                49.692891,
                0
              ],
              [
                37.612937,
                49.694961,
                0
              ],
              [
                37.615811,
                49.696266,
                0
              ],
              [
                37.62425,
                49.696961,
                0
              ],
              [
                37.621988,
                49.702102,
                0
              ],
              [
                37.614271,
                49.700821,
                0
              ],
              [
                37.612853,
                49.701308
              ],
              [
                37.608562,
                49.700892
              ],
              [
                37.607875,
                49.702224
              ],
              [
                37.601652,
                49.705666
              ],
              [
                37.602382,
                49.70697
              ],
              [
                37.604141,
                49.70833
              ],
              [
                37.595836,
                49.70841,
                0
              ],
              [
                37.593924,
                49.709273,
                0
              ],
              [
                37.590049,
                49.710932,
                0
              ],
              [
                37.590252,
                49.71248,
                0
              ],
              [
                37.58787,
                49.713595,
                0
              ],
              [
                37.58478,
                49.714985,
                0
              ],
              [
                37.582699,
                49.716971,
                0
              ],
              [
                37.57285,
                49.719462,
                0
              ],
              [
                37.570516,
                49.72245,
                0
              ],
              [
                37.56244,
                49.720978,
                0
              ],
              [
                37.564195,
                49.725445,
                0
              ],
              [
                37.577023,
                49.726332,
                0
              ],
              [
                37.585187,
                49.725829,
                0
              ],
              [
                37.58906,
                49.729293,
                0
              ],
              [
                37.575503,
                49.731358,
                0
              ],
              [
                37.562109,
                49.734392,
                0
              ],
              [
                37.558927,
                49.737685,
                0
              ],
              [
                37.553502,
                49.737547,
                0
              ],
              [
                37.552049,
                49.737488,
                0
              ],
              [
                37.553711,
                49.736232,
                0
              ]
            ]
          ]
        ]
      }
    },
    {
      "type": "Feature",
      "properties": {
        "Name": "New polygon 2"
      },
      "geometry": {
        "type": "Polygon",
        "coordinates": [
          [
            [
              37.808067,
              48.965068
            ],
            [
              37.809522,
              48.965144,
              0
            ],
            [
              37.813556,
              48.966215,
              0
            ],
            [
              37.815466,
              48.966412,
              0
            ],
            [
              37.819454,
              48.964655,
              0
            ],
            [
              37.820739,
              48.966194,
              0
            ],
            [
              37.82447,
              48.968254,
              0
            ],
            [
              37.829102,
              48.9693,
              0
            ],
            [
              37.832588,
              48.971348,
              0
            ],
            [
              37.833151,
              48.970922,
              0
            ],
            [
              37.835235,
              48.972201,
              0
            ],
            [
              37.839403,
              48.972583
            ],
            [
              37.845755,
              48.972527
            ],
            [
              37.858028,
              48.973738
            ],
            [
              37.864208,
              48.974189
            ],
            [
              37.864037,
              48.970527
            ],
            [
              37.853479,
              48.969118
            ],
            [
              37.843866,
              48.969006
            ],
            [
              37.836871,
              48.964244
            ],
            [
              37.835197,
              48.961624
            ],
            [
              37.834597,
              48.955453
            ],
            [
              37.83288,
              48.953734
            ],
            [
              37.830262,
              48.953621
            ],
            [
              37.827215,
              48.957172
            ],
            [
              37.821851,
              48.958722
            ],
            [
              37.818117,
              48.960102
            ],
            [
              37.812366,
              48.962131
            ],
            [
              37.809277,
              48.962835
            ],
            [
              37.808067,
              48.965068
            ]
          ]
        ]
      }
    },
    {
      "type": "Feature",
      "properties": {
        "Name": "Advance 43",
        "_advanceId": "adv-1791041686591"
      },
      "geometry": {
        "type": "Polygon",
        "coordinates": [
          [
            [
              35.790066,
              47.54841,
              0
            ],
            [
              35.790881,
              47.555391,
              0
            ],
            [
              35.794787,
              47.558433,
              0
            ],
            [
              35.794829,
              47.562228,
              0
            ],
            [
              35.79792,
              47.571951
            ],
            [
              35.805731,
              47.572183
            ],
            [
              35.807018,
              47.568245
            ],
            [
              35.809679,
              47.563786
            ],
            [
              35.804787,
              47.560137
            ],
            [
              35.798607,
              47.55504
            ],
            [
              35.793886,
              47.547393
            ],
            [
              35.790066,
              47.54841,
              0
            ]
          ]
        ]
      }
    },
    {
      "type": "Feature",
      "properties": {
        "Name": "Advance 43",
        "_advanceId": "adv-1791041686591"
      },
      "geometry": {
        "type": "Polygon",
        "coordinates": [
          [
            [
              35.833797,
              47.57143
            ],
            [
              35.857143,
              47.571778
            ],
            [
              35.872936,
              47.569577
            ],
            [
              35.879809,
              47.569424
            ],
            [
              35.875254,
              47.555503
            ],
            [
              35.876112,
              47.550174
            ],
            [
              35.872936,
              47.548494
            ],
            [
              35.871305,
              47.545134
            ],
            [
              35.868816,
              47.545365
            ],
            [
              35.866241,
              47.547393
            ],
            [
              35.861263,
              47.545249
            ],
            [
              35.855255,
              47.540325
            ],
            [
              35.844355,
              47.543975
            ],
            [
              35.843239,
              47.554345
            ],
            [
              35.842981,
              47.557936
            ],
            [
              35.839205,
              47.559094
            ],
            [
              35.832939,
              47.562106
            ],
            [
              35.833797,
              47.57143
            ]
          ]
        ]
      }
    },
    {
      "type": "Feature",
      "properties": {
        "Name": "Advance 58",
        "_advanceId": "adv-1791470644772"
      },
      "geometry": {
        "type": "Polygon",
        "coordinates": [
          [
            [
              36.709957,
              47.978087
            ],
            [
              36.714077,
              47.984694
            ],
            [
              36.74017,
              47.979581
            ],
            [
              36.741114,
              47.978432
            ],
            [
              36.738625,
              47.975961
            ],
            [
              36.739912,
              47.97441
            ],
            [
              36.742744,
              47.973835
            ],
            [
              36.74695,
              47.967686
            ],
            [
              36.750383,
              47.967658
            ],
            [
              36.750855,
              47.965445
            ],
            [
              36.754503,
              47.960043
            ],
            [
              36.754932,
              47.954898
            ],
            [
              36.758537,
              47.953576
            ],
            [
              36.755791,
              47.950271
            ],
            [
              36.753345,
              47.950098
            ],
            [
              36.751499,
              47.952081
            ],
            [
              36.750984,
              47.95395
            ],
            [
              36.742573,
              47.953087
            ],
            [
              36.741672,
              47.955732
            ],
            [
              36.723604,
              47.95395
            ],
            [
              36.720085,
              47.96602
            ],
            [
              36.719398,
              47.967974
            ],
            [
              36.715536,
              47.969066
            ],
            [
              36.711931,
              47.971019
            ],
            [
              36.711502,
              47.972801
            ],
            [
              36.709528,
              47.976421
            ],
            [
              36.709957,
              47.978087
            ]
          ]
        ]
      }
    }
  ]
}