{
  "type": "FeatureCollection",
  "features": [
    {
      "type": "Feature",
      "properties": {
        "Name": "Ukrainian-controlled Sumy region",
        "description": "",
        "tessellate": -1,
        "extrude": 0,
        "visibility": -1,
        "________________": ""
      },
      "geometry": {
        "type": "Polygon",
        "coordinates": [
          [
            [
              33.397128,
              52.308803,
              0
            ],
            [
              33.337596,
              52.173244,
              0
            ],
            [
              33.483165,
              52.050112,
              0
            ],
            [
              33.362316,
              52.026459,
              0
            ],
            [
              33.393865,
              51.973903,
              0
            ],
            [
              33.297735,
              51.933278,
              0
            ],
            [
              33.181041,
              51.916476,
              0
            ],
            [
              33.076671,
              51.789237,
              0
            ],
            [
              33.145336,
              51.729736,
              0
            ],
            [
              33.172801,
              51.596851,
              0
            ],
            [
              33.164562,
              51.448173,
              0
            ],
            [
              33.038219,
              51.348785,
              0
            ],
            [
              33.043712,
              51.233705,
              0
            ],
            [
              32.958568,
              51.161419,
              0
            ],
            [
              32.977794,
              51.075215,
              0
            ],
            [
              33.156322,
              50.971559,
              0
            ],
            [
              33.161815,
              50.850333,
              0
            ],
            [
              33.142589,
              50.690528,
              0
            ],
            [
              33.038219,
              50.526684,
              0
            ],
            [
              33.42274,
              50.495244,
              0
            ],
            [
              33.683666,
              50.463784,
              0
            ],
            [
              33.928111,
              50.537159,
              0
            ],
            [
              34.232982,
              50.545887,
              0
            ],
            [
              34.287914,
              50.446297,
              0
            ],
            [
              34.39503,
              50.341239,
              0
            ],
            [
              34.537853,
              50.253513,
              0
            ],
            [
              34.526866,
              50.160346,
              0
            ],
            [
              34.593709,
              50.123378,
              0
            ],
            [
              34.728292,
              50.153304,
              0
            ],
            [
              34.849141,
              50.162103,
              0
            ],
            [
              34.899953,
              50.158584,
              0
            ],
            [
              34.941152,
              50.146265,
              0
            ],
            [
              34.952138,
              50.171779,
              0
            ],
            [
              34.993337,
              50.184092,
              0
            ],
            [
              35.040029,
              50.164742,
              0
            ],
            [
              35.071614,
              50.208707,
              0
            ],
            [
              35.204823,
              50.228917,
              0
            ],
            [
              35.258382,
              50.239459,
              0
            ],
            [
              35.273488,
              50.264923,
              0
            ],
            [
              35.331166,
              50.275895,
              0
            ],
            [
              35.297521,
              50.289936,
              0
            ],
            [
              35.327733,
              50.31625,
              0
            ],
            [
              35.385411,
              50.296954,
              0
            ],
            [
              35.379231,
              50.316689,
              0
            ],
            [
              35.396398,
              50.31625,
              0
            ],
            [
              35.421117,
              50.332032,
              0
            ],
            [
              35.450643,
              50.313181,
              0
            ],
            [
              35.457509,
              50.303533,
              0
            ],
            [
              35.501454,
              50.297393,
              0
            ],
            [
              35.54128,
              50.297393,
              0
            ],
            [
              35.515187,
              50.317127,
              0
            ],
            [
              35.601018,
              50.327211,
              0
            ],
            [
              35.63947,
              50.310112,
              0
            ],
            [
              35.661912,
              50.327369,
              0
            ],
            [
              35.693028,
              50.344742,
              0
            ],
            [
              35.667623,
              50.342989,
              0
            ],
            [
              35.654576,
              50.352628,
              0
            ],
            [
              35.609041,
              50.355415,
              0
            ],
            [
              35.599427,
              50.386947,
              0
            ],
            [
              35.585008,
              50.389574,
              0
            ],
            [
              35.583635,
              50.456507,
              0
            ],
            [
              35.541749,
              50.45913,
              0
            ],
            [
              35.484758,
              50.484914,
              0
            ],
            [
              35.461412,
              50.506754,
              0
            ],
            [
              35.439439,
              50.543423,
              0
            ],
            [
              35.393434,
              50.583115,
              0
            ],
            [
              35.407167,
              50.590962,
              0
            ],
            [
              35.422273,
              50.612753,
              0
            ],
            [
              35.40236,
              50.632791,
              0
            ],
            [
              35.393091,
              50.649992,
              0
            ],
            [
              35.399732,
              50.655887,
              0
            ],
            [
              35.398188,
              50.658172,
              0
            ],
            [
              35.389862,
              50.663668,
              0
            ],
            [
              35.392351,
              50.669543,
              0
            ],
            [
              35.394668,
              50.671991,
              0
            ],
            [
              35.392265,
              50.678736,
              0
            ],
            [
              35.386343,
              50.68586,
              0
            ],
            [
              35.386944,
              50.690754,
              0
            ],
            [
              35.374584,
              50.698502,
              0
            ],
            [
              35.374317,
              50.708469,
              0
            ],
            [
              35.383965,
              50.711288,
              0
            ],
            [
              35.378876,
              50.718476,
              0
            ],
            [
              35.366304,
              50.721371,
              0
            ],
            [
              35.355573,
              50.730675,
              0
            ],
            [
              35.352117,
              50.740194,
              0
            ],
            [
              35.370637,
              50.746237,
              0
            ],
            [
              35.350337,
              50.762012,
              0
            ],
            [
              35.361018,
              50.770808,
              0
            ],
            [
              35.364816,
              50.781174,
              0
            ],
            [
              35.356931,
              50.794496,
              0
            ],
            [
              35.353418,
              50.814662,
              0
            ],
            [
              35.352685,
              50.843661,
              0
            ],
            [
              35.341155,
              50.863159,
              0
            ],
            [
              35.343015,
              50.889621,
              0
            ],
            [
              35.310642,
              50.913243,
              0
            ],
            [
              35.29641,
              50.929039,
              0
            ],
            [
              35.291609,
              50.944507,
              0
            ],
            [
              35.266675,
              50.950908,
              0
            ],
            [
              35.276444,
              50.964274,
              0
            ],
            [
              35.253606,
              50.976794,
              0
            ],
            [
              35.236748,
              50.982812,
              0
            ],
            [
              35.229502,
              50.993368,
              0
            ],
            [
              35.22497,
              51.005402,
              0
            ],
            [
              35.219527,
              51.003042,
              0
            ],
            [
              35.216708,
              51.005476,
              0
            ],
            [
              35.213201,
              51.004886,
              0
            ],
            [
              35.214084,
              51.009322,
              0
            ],
            [
              35.199791,
              51.004104,
              0
            ],
            [
              35.186041,
              51.011159,
              0
            ],
            [
              35.172971,
              51.0221,
              0
            ],
            [
              35.166809,
              51.025556,
              0
            ],
            [
              35.162048,
              51.032791,
              0
            ],
            [
              35.150054,
              51.033709,
              0
            ],
            [
              35.143554,
              51.028796,
              0
            ],
            [
              35.138836,
              51.030523,
              0
            ],
            [
              35.138329,
              51.027067,
              0
            ],
            [
              35.140955,
              51.016594,
              0
            ],
            [
              35.129257,
              51.009906,
              0
            ],
            [
              35.117731,
              51.010344,
              0
            ],
            [
              35.10146,
              51.016458,
              0
            ],
            [
              35.083384,
              51.028401,
              0
            ],
            [
              35.079749,
              51.040958,
              0
            ],
            [
              35.095357,
              51.050041,
              0
            ],
            [
              35.092941,
              51.056427,
              0
            ],
            [
              35.094781,
              51.067233,
              0
            ],
            [
              35.092206,
              51.079206,
              0
            ],
            [
              35.077443,
              51.083519,
              0
            ],
            [
              35.061264,
              51.083357,
              0
            ],
            [
              35.053196,
              51.092172,
              0
            ],
            [
              35.037145,
              51.089583,
              0
            ],
            [
              35.015302,
              51.084058,
              0
            ],
            [
              35.005711,
              51.085777,
              0
            ],
            [
              34.992854,
              51.071654,
              0
            ],
            [
              34.97865,
              51.07295,
              0
            ],
            [
              34.958997,
              51.083627,
              0
            ],
            [
              34.924827,
              51.078103,
              0
            ],
            [
              34.902288,
              51.074493,
              0
            ],
            [
              34.895321,
              51.068456,
              0
            ],
            [
              34.886776,
              51.057872,
              0
            ],
            [
              34.86962,
              51.0588,
              0
            ],
            [
              34.857528,
              51.060644,
              0
            ],
            [
              34.854544,
              51.069511,
              0
            ],
            [
              34.834539,
              51.07628,
              0
            ],
            [
              34.815992,
              51.076281,
              0
            ],
            [
              34.806026,
              51.085017,
              0
            ],
            [
              34.808449,
              51.095704,
              0
            ],
            [
              34.807935,
              51.106698,
              0
            ],
            [
              34.791798,
              51.110039,
              0
            ],
            [
              34.769311,
              51.114458,
              0
            ],
            [
              34.742532,
              51.127603,
              0
            ],
            [
              34.745021,
              51.141498,
              0
            ],
            [
              34.728112,
              51.14796,
              0
            ],
            [
              34.714379,
              51.16045,
              0
            ],
            [
              34.694466,
              51.165724,
              0
            ],
            [
              34.702407,
              51.170089,
              0
            ],
            [
              34.712331,
              51.172958,
              0
            ],
            [
              34.674222,
              51.195124,
              0
            ],
            [
              34.649428,
              51.249214,
              0
            ],
            [
              34.597243,
              51.25609,
              0
            ],
            [
              34.584585,
              51.234661,
              0
            ],
            [
              34.538191,
              51.244915,
              0
            ],
            [
              34.473647,
              51.244056,
              0
            ],
            [
              34.411522,
              51.265332,
              0
            ],
            [
              34.394683,
              51.251792,
              0
            ],
            [
              34.368597,
              51.257088,
              0
            ],
            [
              34.328809,
              51.232834,
              0
            ],
            [
              34.298012,
              51.231581,
              0
            ],
            [
              34.265491,
              51.248054,
              0
            ],
            [
              34.225921,
              51.264519,
              0
            ],
            [
              34.233378,
              51.273892,
              0
            ],
            [
              34.2515,
              51.274472,
              0
            ],
            [
              34.254933,
              51.281881,
              0
            ],
            [
              34.244633,
              51.284243,
              0
            ],
            [
              34.237767,
              51.292188,
              0
            ],
            [
              34.25768,
              51.301955,
              0
            ],
            [
              34.264718,
              51.298414,
              0
            ],
            [
              34.272099,
              51.314564,
              0
            ],
            [
              34.276949,
              51.312848,
              0
            ],
            [
              34.277335,
              51.310863,
              0
            ],
            [
              34.281669,
              51.310916,
              0
            ],
            [
              34.281197,
              51.318695,
              0
            ],
            [
              34.289351,
              51.321753,
              0
            ],
            [
              34.281369,
              51.334356,
              0
            ],
            [
              34.287634,
              51.33929,
              0
            ],
            [
              34.320324,
              51.332558,
              0
            ],
            [
              34.334057,
              51.360864,
              0
            ],
            [
              34.294232,
              51.383153,
              0
            ],
            [
              34.2393,
              51.390867,
              0
            ],
            [
              34.220662,
              51.429436,
              0
            ],
            [
              34.240788,
              51.447078,
              0
            ],
            [
              34.243935,
              51.46429,
              0
            ],
            [
              34.265045,
              51.480971,
              0
            ],
            [
              34.263676,
              51.498927,
              0
            ],
            [
              34.253205,
              51.528305,
              0
            ],
            [
              34.247883,
              51.54603,
              0
            ],
            [
              34.237927,
              51.579005,
              0
            ],
            [
              34.212521,
              51.575591,
              0
            ],
            [
              34.208401,
              51.600335,
              0
            ],
            [
              34.182309,
              51.605453,
              0
            ],
            [
              34.157589,
              51.643818,
              0
            ],
            [
              34.113644,
              51.64254,
              0
            ],
            [
              34.108151,
              51.667673,
              0
            ],
            [
              34.084805,
              51.659155,
              0
            ],
            [
              34.086865,
              51.66597,
              0
            ],
            [
              34.125317,
              51.683853,
              0
            ],
            [
              34.154843,
              51.694069,
              0
            ],
            [
              34.212521,
              51.702581,
              0
            ],
            [
              34.229589,
              51.699626,
              0
            ],
            [
              34.260243,
              51.701092,
              0
            ],
            [
              34.276379,
              51.72279,
              0
            ],
            [
              34.281602,
              51.739931,
              0
            ],
            [
              34.294868,
              51.749167,
              0
            ],
            [
              34.316548,
              51.759037,
              0
            ],
            [
              34.351052,
              51.757762,
              0
            ],
            [
              34.364613,
              51.765093,
              0
            ],
            [
              34.374398,
              51.77699,
              0
            ],
            [
              34.376624,
              51.792874,
              0
            ],
            [
              34.375443,
              51.800424,
              0
            ],
            [
              34.370207,
              51.811303,
              0
            ],
            [
              34.359221,
              51.81332,
              0
            ],
            [
              34.341883,
              51.807482,
              0
            ],
            [
              34.331583,
              51.807801,
              0
            ],
            [
              34.322056,
              51.809658,
              0
            ],
            [
              34.314331,
              51.814222,
              0
            ],
            [
              34.310641,
              51.818838,
              0
            ],
            [
              34.297165,
              51.82966,
              0
            ],
            [
              34.288604,
              51.834501,
              0
            ],
            [
              34.280391,
              51.831389,
              0
            ],
            [
              34.268732,
              51.821955,
              0
            ],
            [
              34.252689,
              51.814293,
              0
            ],
            [
              34.23557,
              51.816775,
              0
            ],
            [
              34.231152,
              51.829124,
              0
            ],
            [
              34.242209,
              51.843725,
              0
            ],
            [
              34.249317,
              51.851218,
              0
            ],
            [
              34.253318,
              51.857135,
              0
            ],
            [
              34.26144,
              51.858811,
              0
            ],
            [
              34.270214,
              51.874565,
              0
            ],
            [
              34.262902,
              51.879151,
              0
            ],
            [
              34.240921,
              51.883011,
              0
            ],
            [
              34.225815,
              51.906317,
              0
            ],
            [
              34.126721,
              51.964168,
              0
            ],
            [
              34.076416,
              51.996671,
              0
            ],
            [
              34.065577,
              52.032334,
              0
            ],
            [
              34.045128,
              52.077167,
              0
            ],
            [
              34.079654,
              52.134236,
              0
            ],
            [
              34.048402,
              52.169913,
              0
            ],
            [
              34.056544,
              52.184196,
              0
            ],
            [
              34.039963,
              52.200583,
              0
            ],
            [
              34.014452,
              52.198553,
              0
            ],
            [
              33.987561,
              52.21293,
              0
            ],
            [
              33.978779,
              52.22925,
              0
            ],
            [
              33.972054,
              52.229167,
              0
            ],
            [
              33.95654,
              52.22984,
              0
            ],
            [
              33.958048,
              52.236326,
              0
            ],
            [
              33.954749,
              52.244074,
              0
            ],
            [
              33.927544,
              52.251579,
              0
            ],
            [
              33.940671,
              52.281562,
              0
            ],
            [
              33.911909,
              52.298947,
              0
            ],
            [
              33.870074,
              52.304155,
              0
            ],
            [
              33.828221,
              52.316486,
              0
            ],
            [
              33.813235,
              52.360411,
              0
            ],
            [
              33.704745,
              52.354121,
              0
            ],
            [
              33.603122,
              52.303765,
              0
            ],
            [
              33.54117,
              52.291501,
              0
            ],
            [
              33.473023,
              52.314052,
              0
            ],
            [
              33.523471,
              52.349088,
              0
            ],
            [
              33.441073,
              52.34741,
              0
            ],
            [
              33.397128,
              52.308803,
              0
            ]
          ]
        ]
      }
    },
    {
      "type": "Feature",
      "properties": {
        "Name": "Ukrainian-controlled Zaporizhzhia region",
        "description": "",
        "tessellate": -1,
        "extrude": 0,
        "visibility": -1,
        "________________": ""
      },
      "geometry": {
        "type": "Polygon",
        "coordinates": [
          [
            [
              35.258627,
              47.63913,
              0
            ],
            [
              35.272007,
              47.644534,
              0
            ],
            [
              35.282908,
              47.651611,
              0
            ],
            [
              35.306154,
              47.654026,
              0
            ],
            [
              35.310534,
              47.643873,
              0
            ],
            [
              35.335281,
              47.640429,
              0
            ],
            [
              35.368498,
              47.633422,
              0
            ],
            [
              35.37577,
              47.629148,
              0
            ],
            [
              35.376657,
              47.616046,
              0
            ],
            [
              35.405953,
              47.616769,
              0
            ],
            [
              35.406974,
              47.613577,
              0
            ],
            [
              35.434086,
              47.612872,
              0
            ],
            [
              35.439955,
              47.617656,
              0
            ],
            [
              35.468491,
              47.618254,
              0
            ],
            [
              35.47662,
              47.625777,
              0
            ],
            [
              35.486105,
              47.633429,
              0
            ],
            [
              35.500419,
              47.631671,
              0
            ],
            [
              35.510276,
              47.635713,
              0
            ],
            [
              35.517661,
              47.631898,
              0
            ],
            [
              35.518487,
              47.624244,
              0
            ],
            [
              35.515743,
              47.617407,
              0
            ],
            [
              35.54754,
              47.61843,
              0
            ],
            [
              35.549362,
              47.606857,
              0
            ],
            [
              35.550993,
              47.595744,
              0
            ],
            [
              35.553225,
              47.591808,
              0
            ],
            [
              35.561979,
              47.59285,
              0
            ],
            [
              35.572108,
              47.593661,
              0
            ],
            [
              35.589874,
              47.59476,
              0
            ],
            [
              35.590132,
              47.585557,
              0
            ],
            [
              35.593513,
              47.58478,
              0
            ],
            [
              35.601118,
              47.583183,
              0
            ],
            [
              35.615469,
              47.584908,
              0
            ],
            [
              35.633031,
              47.579981,
              0
            ],
            [
              35.653166,
              47.582811,
              0
            ],
            [
              35.668575,
              47.566188,
              0
            ],
            [
              35.679172,
              47.557447,
              0
            ],
            [
              35.688786,
              47.542269,
              0
            ],
            [
              35.696682,
              47.539952,
              0
            ],
            [
              35.70681,
              47.541342,
              0
            ],
            [
              35.740971,
              47.533925,
              0
            ],
            [
              35.757534,
              47.534158,
              0
            ],
            [
              35.777363,
              47.539952,
              0
            ],
            [
              35.785431,
              47.542155,
              0
            ],
            [
              35.790066,
              47.54841,
              0
            ],
            [
              35.790881,
              47.555391,
              0
            ],
            [
              35.794787,
              47.558433,
              0
            ],
            [
              35.794829,
              47.562228,
              0
            ],
            [
              35.80294,
              47.563821,
              0
            ],
            [
              35.819162,
              47.561733,
              0
            ],
            [
              35.839805,
              47.555954,
              0
            ],
            [
              35.853666,
              47.554551,
              0
            ],
            [
              35.863152,
              47.554219,
              0
            ],
            [
              35.867852,
              47.551157,
              0
            ],
            [
              35.875854,
              47.550857,
              0
            ],
            [
              35.881647,
              47.550422,
              0
            ],
            [
              35.889344,
              47.548354,
              0
            ],
            [
              35.899149,
              47.545703,
              0
            ],
            [
              35.905586,
              47.545008,
              0
            ],
            [
              35.914298,
              47.544255,
              0
            ],
            [
              35.919992,
              47.541674,
              0
            ],
            [
              35.931408,
              47.536795,
              0
            ],
            [
              35.944605,
              47.538331,
              0
            ],
            [
              35.966104,
              47.532592,
              0
            ],
            [
              35.966607,
              47.528273,
              0
            ],
            [
              35.979567,
              47.526998,
              0
            ],
            [
              35.989524,
              47.526476,
              0
            ],
            [
              35.993128,
              47.530475,
              0
            ],
            [
              35.992626,
              47.534157,
              0
            ],
            [
              35.994857,
              47.538532,
              0
            ],
            [
              36.008076,
              47.542501,
              0
            ],
            [
              36.010908,
              47.549337,
              0
            ],
            [
              36.00945,
              47.556781,
              0
            ],
            [
              35.998548,
              47.568915,
              0
            ],
            [
              36.002368,
              47.577629,
              0
            ],
            [
              36.003355,
              47.582927,
              0
            ],
            [
              36.00636,
              47.593664,
              0
            ],
            [
              35.974087,
              47.602029,
              0
            ],
            [
              35.941022,
              47.604763,
              0
            ],
            [
              35.945087,
              47.613305,
              0
            ],
            [
              35.952586,
              47.616987,
              0
            ],
            [
              35.978035,
              47.629743,
              0
            ],
            [
              35.996918,
              47.633792,
              0
            ],
            [
              36.009965,
              47.635997,
              0
            ],
            [
              36.005759,
              47.653352,
              0
            ],
            [
              36.008365,
              47.653502,
              0
            ],
            [
              36.006531,
              47.666431,
              0
            ],
            [
              36.022496,
              47.667053,
              0
            ],
            [
              36.020607,
              47.673916,
              0
            ],
            [
              36.01623,
              47.676633,
              0
            ],
            [
              36.016101,
              47.683019,
              0
            ],
            [
              36.040035,
              47.685428,
              0
            ],
            [
              36.039136,
              47.690537,
              0
            ],
            [
              36.043761,
              47.691132,
              0
            ],
            [
              36.039126,
              47.705689,
              0
            ],
            [
              36.034233,
              47.708135,
              0
            ],
            [
              36.032838,
              47.714349,
              0
            ],
            [
              36.035906,
              47.714787,
              0
            ],
            [
              36.042472,
              47.715144,
              0
            ],
            [
              36.041701,
              47.720762,
              0
            ],
            [
              36.040564,
              47.727176,
              0
            ],
            [
              36.027473,
              47.726771,
              0
            ],
            [
              36.025494,
              47.733803,
              0
            ],
            [
              36.019641,
              47.739809,
              0
            ],
            [
              36.018353,
              47.745408,
              0
            ],
            [
              36.017237,
              47.756748,
              0
            ],
            [
              36.030198,
              47.758623,
              0
            ],
            [
              36.031142,
              47.761623,
              0
            ],
            [
              36.039124,
              47.764047,
              0
            ],
            [
              36.033631,
              47.768547,
              0
            ],
            [
              36.031743,
              47.775065,
              0
            ],
            [
              36.033832,
              47.776749,
              0
            ],
            [
              36.022327,
              47.792376,
              0
            ],
            [
              36.034296,
              47.808608,
              0
            ],
            [
              36.063459,
              47.820928,
              0
            ],
            [
              36.089199,
              47.818671,
              0
            ],
            [
              36.088846,
              47.829391,
              0
            ],
            [
              36.086074,
              47.829153,
              0
            ],
            [
              36.08119,
              47.847614,
              0
            ],
            [
              36.085036,
              47.848173,
              0
            ],
            [
              36.096005,
              47.839977,
              0
            ],
            [
              36.11432,
              47.833006,
              0
            ],
            [
              36.123995,
              47.833496,
              0
            ],
            [
              36.124028,
              47.839564,
              0
            ],
            [
              36.142343,
              47.840159,
              0
            ],
            [
              36.144082,
              47.83141,
              0
            ],
            [
              36.146891,
              47.829564,
              0
            ],
            [
              36.160122,
              47.825871,
              0
            ],
            [
              36.16676,
              47.820043,
              0
            ],
            [
              36.172604,
              47.820015,
              0
            ],
            [
              36.178957,
              47.821893,
              0
            ],
            [
              36.184891,
              47.839958,
              0
            ],
            [
              36.183534,
              47.848218,
              0
            ],
            [
              36.179379,
              47.857172,
              0
            ],
            [
              36.177425,
              47.857321,
              0
            ],
            [
              36.177425,
              47.851562,
              0
            ],
            [
              36.101551,
              47.843267,
              0
            ],
            [
              36.100178,
              47.849028,
              0
            ],
            [
              36.072712,
              47.848797,
              0
            ],
            [
              36.072369,
              47.866305,
              0
            ],
            [
              36.087132,
              47.866074,
              0
            ],
            [
              36.087818,
              47.862159,
              0
            ],
            [
              36.114597,
              47.86308,
              0
            ],
            [
              36.12627,
              47.889332,
              0
            ],
            [
              36.120777,
              47.904524,
              0
            ],
            [
              36.109104,
              47.925694,
              0
            ],
            [
              36.117344,
              47.928914,
              0
            ],
            [
              36.098805,
              47.944095,
              0
            ],
            [
              36.083698,
              47.931675,
              0
            ],
            [
              36.075459,
              47.964789,
              0
            ],
            [
              36.050053,
              47.958812,
              0
            ],
            [
              36.049366,
              47.969846,
              0
            ],
            [
              36.073399,
              47.972604,
              0
            ],
            [
              36.061726,
              48.002476,
              0
            ],
            [
              36.039753,
              48.006611,
              0
            ],
            [
              36.037006,
              48.021769,
              0
            ],
            [
              36.065159,
              48.022687,
              0
            ],
            [
              36.050053,
              48.058497,
              0
            ],
            [
              35.976582,
              48.046104,
              0
            ],
            [
              35.980015,
              48.058497,
              0
            ],
            [
              35.971775,
              48.064921,
              0
            ],
            [
              35.972395,
              48.091633,
              0
            ],
            [
              35.950489,
              48.091529,
              0
            ],
            [
              35.902424,
              48.079603,
              0
            ],
            [
              35.814533,
              48.066298,
              0
            ],
            [
              35.8008,
              48.099326,
              0
            ],
            [
              35.779514,
              48.096116,
              0
            ],
            [
              35.749989,
              48.097491,
              0
            ],
            [
              35.703983,
              48.134623,
              0
            ],
            [
              35.524769,
              48.07318,
              0
            ],
            [
              35.509663,
              48.09795,
              0
            ],
            [
              35.402546,
              48.106204,
              0
            ],
            [
              35.320082,
              48.126477,
              0
            ],
            [
              35.276203,
              48.142871,
              0
            ],
            [
              35.251625,
              48.135208,
              0
            ],
            [
              35.232056,
              48.136583,
              0
            ],
            [
              35.217465,
              48.14168,
              0
            ],
            [
              35.200985,
              48.138931,
              0
            ],
            [
              35.187939,
              48.129308,
              0
            ],
            [
              35.125454,
              48.129308,
              0
            ],
            [
              35.090435,
              48.127933,
              0
            ],
            [
              35.054043,
              48.118307,
              0
            ],
            [
              35.03413,
              48.093089,
              0
            ],
            [
              34.986752,
              48.092172,
              0
            ],
            [
              34.9188,
              48.092415,
              0
            ],
            [
              34.919081,
              48.127394,
              0
            ],
            [
              34.857662,
              48.133891,
              0
            ],
            [
              34.859722,
              48.101802,
              0
            ],
            [
              34.872769,
              48.055009,
              0
            ],
            [
              34.843243,
              48.04996,
              0
            ],
            [
              34.847146,
              48.011547,
              0
            ],
            [
              34.870491,
              47.984897,
              0
            ],
            [
              34.91993,
              47.937078,
              0
            ],
            [
              34.805098,
              47.916134,
              0
            ],
            [
              34.8238,
              47.854209,
              0
            ],
            [
              34.865523,
              47.871936,
              0
            ],
            [
              34.92817,
              47.833932,
              0
            ],
            [
              34.856759,
              47.793354,
              0
            ],
            [
              34.941903,
              47.761976,
              0
            ],
            [
              34.955635,
              47.708406,
              0
            ],
            [
              34.884224,
              47.665881,
              0
            ],
            [
              34.9644,
              47.557785,
              0
            ],
            [
              35.083352,
              47.599249,
              0
            ],
            [
              35.136813,
              47.632391,
              0
            ],
            [
              35.163573,
              47.69288,
              0
            ],
            [
              35.190356,
              47.679388,
              0
            ],
            [
              35.235663,
              47.650495,
              0
            ],
            [
              35.258627,
              47.63913,
              0
            ]
          ]
        ]
      }
    },
    {
      "type": "Feature",
      "properties": {
        "Name": "Ukrainian-controlled Dnipro region",
        "description": "",
        "tessellate": -1,
        "extrude": 0,
        "visibility": -1,
        "________________": ""
      },
      "geometry": {
        "type": "Polygon",
        "coordinates": [
          [
            [
              33.098097,
              47.536465,
              0
            ],
            [
              33.098097,
              47.582801,
              0
            ],
            [
              33.247972,
              47.570701,
              0
            ],
            [
              33.219133,
              47.534553,
              0
            ],
            [
              33.291917,
              47.548459,
              0
            ],
            [
              33.315263,
              47.491422,
              0
            ],
            [
              33.353716,
              47.494206,
              0
            ],
            [
              33.33037,
              47.522962,
              0
            ],
            [
              33.478685,
              47.547069,
              0
            ],
            [
              33.485551,
              47.595248,
              0
            ],
            [
              33.567949,
              47.602656,
              0
            ],
            [
              33.595415,
              47.535944,
              0
            ],
            [
              33.581682,
              47.488638,
              0
            ],
            [
              33.64348,
              47.50905,
              0
            ],
            [
              33.946977,
              47.510905,
              0
            ],
            [
              34.022168,
              47.562224,
              0
            ],
            [
              34.059247,
              47.578901,
              0
            ],
            [
              34.121045,
              47.556663,
              0
            ],
            [
              34.138211,
              47.530707,
              0
            ],
            [
              34.220609,
              47.515869,
              0
            ],
            [
              34.264554,
              47.570563,
              0
            ],
            [
              34.28378,
              47.569637,
              0
            ],
            [
              34.39227,
              47.532561,
              0
            ],
            [
              34.471234,
              47.562224,
              0
            ],
            [
              34.526853,
              47.609926,
              0
            ],
            [
              34.601697,
              47.594184,
              0
            ],
            [
              34.673108,
              47.573343,
              0
            ],
            [
              34.732846,
              47.566857,
              0
            ],
            [
              34.822797,
              47.56454,
              0
            ],
            [
              34.880475,
              47.549712,
              0
            ],
            [
              34.9644,
              47.557785,
              0
            ],
            [
              34.884224,
              47.665881,
              0
            ],
            [
              34.955635,
              47.708406,
              0
            ],
            [
              34.941903,
              47.761976,
              0
            ],
            [
              34.856759,
              47.793354,
              0
            ],
            [
              34.92817,
              47.833932,
              0
            ],
            [
              34.865523,
              47.871936,
              0
            ],
            [
              34.8238,
              47.854209,
              0
            ],
            [
              34.805098,
              47.916134,
              0
            ],
            [
              34.91993,
              47.937078,
              0
            ],
            [
              34.870491,
              47.984897,
              0
            ],
            [
              34.847146,
              48.011547,
              0
            ],
            [
              34.843243,
              48.04996,
              0
            ],
            [
              34.872769,
              48.055009,
              0
            ],
            [
              34.859722,
              48.101802,
              0
            ],
            [
              34.857662,
              48.133891,
              0
            ],
            [
              34.919081,
              48.127394,
              0
            ],
            [
              34.9188,
              48.092415,
              0
            ],
            [
              35.03413,
              48.093089,
              0
            ],
            [
              35.051793,
              48.116888,
              0
            ],
            [
              35.090435,
              48.127933,
              0
            ],
            [
              35.187939,
              48.129308,
              0
            ],
            [
              35.200985,
              48.138931,
              0
            ],
            [
              35.213155,
              48.140949,
              0
            ],
            [
              35.232056,
              48.136583,
              0
            ],
            [
              35.251625,
              48.135208,
              0
            ],
            [
              35.276203,
              48.142871,
              0
            ],
            [
              35.402546,
              48.106204,
              0
            ],
            [
              35.509663,
              48.09795,
              0
            ],
            [
              35.524769,
              48.07318,
              0
            ],
            [
              35.703983,
              48.134623,
              0
            ],
            [
              35.749989,
              48.097491,
              0
            ],
            [
              35.779514,
              48.096116,
              0
            ],
            [
              35.8008,
              48.099326,
              0
            ],
            [
              35.814533,
              48.066298,
              0
            ],
            [
              35.904711,
              48.079933,
              0
            ],
            [
              35.950489,
              48.091529,
              0
            ],
            [
              35.972395,
              48.091633,
              0
            ],
            [
              35.971775,
              48.064921,
              0
            ],
            [
              35.980015,
              48.058497,
              0
            ],
            [
              35.976582,
              48.046104,
              0
            ],
            [
              36.050053,
              48.058497,
              0
            ],
            [
              36.065159,
              48.022687,
              0
            ],
            [
              36.037006,
              48.021769,
              0
            ],
            [
              36.039753,
              48.006611,
              0
            ],
            [
              36.061726,
              48.002476,
              0
            ],
            [
              36.073399,
              47.972604,
              0
            ],
            [
              36.049366,
              47.969846,
              0
            ],
            [
              36.050053,
              47.958812,
              0
            ],
            [
              36.075459,
              47.964789,
              0
            ],
            [
              36.083698,
              47.931675,
              0
            ],
            [
              36.098805,
              47.944095,
              0
            ],
            [
              36.117344,
              47.928914,
              0
            ],
            [
              36.109104,
              47.925694,
              0
            ],
            [
              36.120777,
              47.904524,
              0
            ],
            [
              36.12627,
              47.889332,
              0
            ],
            [
              36.114597,
              47.86308,
              0
            ],
            [
              36.087818,
              47.862159,
              0
            ],
            [
              36.087132,
              47.866074,
              0
            ],
            [
              36.072369,
              47.866305,
              0
            ],
            [
              36.072712,
              47.848797,
              0
            ],
            [
              36.100178,
              47.849028,
              0
            ],
            [
              36.101551,
              47.843267,
              0
            ],
            [
              36.177425,
              47.851562,
              0
            ],
            [
              36.177425,
              47.857321,
              0
            ],
            [
              36.171667,
              47.864748,
              0
            ],
            [
              36.163474,
              47.866535,
              0
            ],
            [
              36.150515,
              47.865611,
              0
            ],
            [
              36.136955,
              47.871539,
              0
            ],
            [
              36.133264,
              47.89093,
              0
            ],
            [
              36.149317,
              47.904384,
              0
            ],
            [
              36.1558,
              47.907192,
              0
            ],
            [
              36.158386,
              47.905567,
              0
            ],
            [
              36.163606,
              47.908264,
              0
            ],
            [
              36.168826,
              47.910212,
              0
            ],
            [
              36.171478,
              47.910906,
              0
            ],
            [
              36.171255,
              47.913787,
              0
            ],
            [
              36.173328,
              47.91382,
              0
            ],
            [
              36.175062,
              47.911445,
              0
            ],
            [
              36.17717,
              47.910762,
              0
            ],
            [
              36.178596,
              47.910807,
              0
            ],
            [
              36.180107,
              47.91206,
              0
            ],
            [
              36.17989,
              47.913818,
              0
            ],
            [
              36.180489,
              47.915231,
              0
            ],
            [
              36.182025,
              47.916797,
              0
            ],
            [
              36.186059,
              47.916551,
              0
            ],
            [
              36.191214,
              47.909492,
              0
            ],
            [
              36.207168,
              47.894478,
              0
            ],
            [
              36.216451,
              47.899281,
              0
            ],
            [
              36.247777,
              47.911479,
              0
            ],
            [
              36.276751,
              47.914541,
              0
            ],
            [
              36.299496,
              47.927138,
              0
            ],
            [
              36.309819,
              47.927442,
              0
            ],
            [
              36.308202,
              47.940474,
              0
            ],
            [
              36.314347,
              47.940493,
              0
            ],
            [
              36.321548,
              47.943401,
              0
            ],
            [
              36.326604,
              47.943952,
              0
            ],
            [
              36.329795,
              47.946392,
              0
            ],
            [
              36.333368,
              47.937981,
              0
            ],
            [
              36.330258,
              47.930403,
              0
            ],
            [
              36.330225,
              47.92709,
              0
            ],
            [
              36.370189,
              47.930907,
              0
            ],
            [
              36.371134,
              47.92694,
              0
            ],
            [
              36.38754,
              47.924022,
              0
            ],
            [
              36.400264,
              47.923175,
              0
            ],
            [
              36.401744,
              47.928927,
              0
            ],
            [
              36.41523,
              47.930767,
              0
            ],
            [
              36.466053,
              47.947384,
              0
            ],
            [
              36.468845,
              47.945237,
              0
            ],
            [
              36.472967,
              47.944872,
              0
            ],
            [
              36.474688,
              47.941785,
              0
            ],
            [
              36.47976,
              47.942108,
              0
            ],
            [
              36.48187,
              47.94404,
              0
            ],
            [
              36.484754,
              47.943846,
              0
            ],
            [
              36.487189,
              47.942433,
              0
            ],
            [
              36.502554,
              47.942002,
              0
            ],
            [
              36.50354,
              47.954161,
              0
            ],
            [
              36.507318,
              47.95585,
              0
            ],
            [
              36.515345,
              47.950929,
              0
            ],
            [
              36.526679,
              47.951433,
              0
            ],
            [
              36.530869,
              47.956182,
              0
            ],
            [
              36.527777,
              47.969986,
              0
            ],
            [
              36.527971,
              47.972734,
              0
            ],
            [
              36.529527,
              47.976032,
              0
            ],
            [
              36.536103,
              47.980571,
              0
            ],
            [
              36.528938,
              47.984994,
              0
            ],
            [
              36.528575,
              47.99068,
              0
            ],
            [
              36.527507,
              47.996129,
              0
            ],
            [
              36.531418,
              47.998218,
              0
            ],
            [
              36.539389,
              47.999889,
              0
            ],
            [
              36.545684,
              48.000778,
              0
            ],
            [
              36.554386,
              47.9984,
              0
            ],
            [
              36.570633,
              48.001873,
              0
            ],
            [
              36.573924,
              48.012868,
              0
            ],
            [
              36.578955,
              48.018056,
              0
            ],
            [
              36.591112,
              48.019778,
              0
            ],
            [
              36.584632,
              48.031527,
              0
            ],
            [
              36.57454,
              48.039865,
              0
            ],
            [
              36.587722,
              48.055054,
              0
            ],
            [
              36.58083,
              48.062909,
              0
            ],
            [
              36.586956,
              48.075172,
              0
            ],
            [
              36.580991,
              48.077322,
              0
            ],
            [
              36.585926,
              48.082569,
              0
            ],
            [
              36.598501,
              48.084117,
              0
            ],
            [
              36.610174,
              48.089708,
              0
            ],
            [
              36.62138,
              48.101505,
              0
            ],
            [
              36.633355,
              48.107896,
              0
            ],
            [
              36.635137,
              48.115783,
              0
            ],
            [
              36.63729,
              48.117365,
              0
            ],
            [
              36.639482,
              48.117325,
              0
            ],
            [
              36.63913,
              48.11539,
              0
            ],
            [
              36.653647,
              48.117743,
              0
            ],
            [
              36.673147,
              48.118039,
              0
            ],
            [
              36.669365,
              48.129046,
              0
            ],
            [
              36.680263,
              48.145982,
              0
            ],
            [
              36.699431,
              48.145748,
              0
            ],
            [
              36.709079,
              48.14304,
              0
            ],
            [
              36.712683,
              48.133694,
              0
            ],
            [
              36.719061,
              48.124889,
              0
            ],
            [
              36.732615,
              48.122124,
              0
            ],
            [
              36.737034,
              48.117486,
              0
            ],
            [
              36.747057,
              48.120016,
              0
            ],
            [
              36.748671,
              48.121934,
              0
            ],
            [
              36.752447,
              48.124398,
              0
            ],
            [
              36.777665,
              48.122609,
              0
            ],
            [
              36.806776,
              48.128485,
              0
            ],
            [
              36.81623,
              48.133504,
              0
            ],
            [
              36.829094,
              48.1355,
              0
            ],
            [
              36.845745,
              48.134698,
              0
            ],
            [
              36.865658,
              48.15417,
              0
            ],
            [
              36.8757,
              48.169285,
              0
            ],
            [
              36.872566,
              48.18387,
              0
            ],
            [
              36.875463,
              48.184019,
              0
            ],
            [
              36.87942,
              48.182044,
              0
            ],
            [
              36.884104,
              48.182926,
              0
            ],
            [
              36.884713,
              48.181814,
              0
            ],
            [
              36.882872,
              48.179798,
              0
            ],
            [
              36.883935,
              48.178694,
              0
            ],
            [
              36.885641,
              48.178132,
              0
            ],
            [
              36.888314,
              48.177528,
              0
            ],
            [
              36.891023,
              48.178829,
              0
            ],
            [
              36.893966,
              48.179651,
              0
            ],
            [
              36.894279,
              48.181006,
              0
            ],
            [
              36.892059,
              48.182676,
              0
            ],
            [
              36.894584,
              48.183878,
              0
            ],
            [
              36.900284,
              48.189257,
              0
            ],
            [
              36.90286,
              48.1879,
              0
            ],
            [
              36.904698,
              48.187662,
              0
            ],
            [
              36.905926,
              48.18796,
              0
            ],
            [
              36.906453,
              48.189133,
              0
            ],
            [
              36.88849,
              48.207907,
              0
            ],
            [
              36.887803,
              48.221293,
              0
            ],
            [
              36.876044,
              48.230441,
              0
            ],
            [
              36.874928,
              48.245019,
              0
            ],
            [
              36.868489,
              48.261936,
              0
            ],
            [
              36.889519,
              48.272562,
              0
            ],
            [
              36.911835,
              48.288784,
              0
            ],
            [
              36.90898,
              48.310395,
              0
            ],
            [
              36.874653,
              48.306541,
              0
            ],
            [
              36.869841,
              48.314505,
              0
            ],
            [
              36.816975,
              48.313848,
              0
            ],
            [
              36.808043,
              48.358324,
              0
            ],
            [
              36.840666,
              48.412273,
              0
            ],
            [
              36.834136,
              48.436284,
              0
            ],
            [
              36.831389,
              48.490922,
              0
            ],
            [
              36.9028,
              48.51458,
              0
            ],
            [
              36.860228,
              48.566406,
              0
            ],
            [
              36.802214,
              48.608786,
              0
            ],
            [
              36.711577,
              48.623312,
              0
            ],
            [
              36.590727,
              48.612418,
              0
            ],
            [
              36.480864,
              48.661423,
              0
            ],
            [
              36.351774,
              48.554275,
              0
            ],
            [
              36.338041,
              48.525179,
              0
            ],
            [
              36.263884,
              48.537911,
              0
            ],
            [
              36.310576,
              48.574269,
              0
            ],
            [
              36.280363,
              48.608786,
              0
            ],
            [
              36.272124,
              48.661423,
              0
            ],
            [
              36.165007,
              48.744804,
              0
            ],
            [
              36.129301,
              48.791872,
              0
            ],
            [
              36.060637,
              48.903932,
              0
            ],
            [
              35.909575,
              48.986911,
              0
            ],
            [
              35.75302,
              48.931005,
              0
            ],
            [
              35.676115,
              48.961671,
              0
            ],
            [
              35.481108,
              48.985108,
              0
            ],
            [
              35.327299,
              49.051755,
              0
            ],
            [
              35.214689,
              49.096735,
              0
            ],
            [
              35.07736,
              49.163232,
              0
            ],
            [
              35.027922,
              49.156048,
              0
            ],
            [
              34.945524,
              49.18478,
              0
            ],
            [
              34.874113,
              49.157844,
              0
            ],
            [
              34.846647,
              49.204523,
              0
            ],
            [
              34.654387,
              49.130894,
              0
            ],
            [
              34.506071,
              49.07515,
              0
            ],
            [
              34.418181,
              49.089541,
              0
            ],
            [
              34.401701,
              49.053555,
              0
            ],
            [
              34.335783,
              49.013939,
              0
            ],
            [
              34.341276,
              48.977898,
              0
            ],
            [
              34.302824,
              48.909347,
              0
            ],
            [
              34.331663,
              48.859228,
              0
            ],
            [
              34.34471,
              48.845222,
              0
            ],
            [
              34.32617,
              48.840703,
              0
            ],
            [
              34.329603,
              48.822623,
              0
            ],
            [
              34.295271,
              48.820362,
              0
            ],
            [
              34.291838,
              48.793229,
              0
            ],
            [
              34.302824,
              48.785538,
              0
            ],
            [
              34.335783,
              48.780109,
              0
            ],
            [
              34.315184,
              48.762007,
              0
            ],
            [
              34.310377,
              48.739371,
              0
            ],
            [
              34.265059,
              48.743899,
              0
            ],
            [
              34.198375,
              48.762662,
              0
            ],
            [
              34.159923,
              48.758135,
              0
            ],
            [
              34.169536,
              48.771714,
              0
            ],
            [
              34.111858,
              48.785288,
              0
            ],
            [
              34.087139,
              48.776239,
              0
            ],
            [
              34.067913,
              48.797954,
              0
            ],
            [
              34.001995,
              48.806999,
              0
            ],
            [
              33.983947,
              48.820295,
              0
            ],
            [
              33.979827,
              48.85645,
              0
            ],
            [
              33.950988,
              48.881743,
              0
            ],
            [
              33.88919,
              48.888968,
              0
            ],
            [
              33.858977,
              48.819391,
              0
            ],
            [
              33.843871,
              48.776874,
              0
            ],
            [
              33.801299,
              48.797685,
              0
            ],
            [
              33.747741,
              48.795875,
              0
            ],
            [
              33.687316,
              48.821199,
              0
            ],
            [
              33.640624,
              48.794066,
              0
            ],
            [
              33.582946,
              48.809443,
              0
            ],
            [
              33.571959,
              48.763298,
              0
            ],
            [
              33.596679,
              48.748812,
              0
            ],
            [
              33.625518,
              48.733416,
              0
            ],
            [
              33.666716,
              48.722546,
              0
            ],
            [
              33.747741,
              48.691733,
              0
            ],
            [
              33.761474,
              48.68176,
              0
            ],
            [
              33.805419,
              48.679947,
              0
            ],
            [
              33.802672,
              48.667251,
              0
            ],
            [
              33.749114,
              48.65183,
              0
            ],
            [
              33.753234,
              48.619159,
              0
            ],
            [
              33.65161,
              48.585558,
              0
            ],
            [
              33.609038,
              48.598275,
              0
            ],
            [
              33.625518,
              48.57193,
              0
            ],
            [
              33.593932,
              48.577382,
              0
            ],
            [
              33.507415,
              48.57193,
              0
            ],
            [
              33.45935,
              48.531932,
              0
            ],
            [
              33.488189,
              48.420864,
              0
            ],
            [
              33.45111,
              48.367064,
              0
            ],
            [
              33.500548,
              48.325078,
              0
            ],
            [
              33.534881,
              48.277575,
              0
            ],
            [
              33.517028,
              48.241003,
              0
            ],
            [
              33.473082,
              48.195252,
              0
            ],
            [
              33.302794,
              48.153125,
              0
            ],
            [
              33.302794,
              48.107296,
              0
            ],
            [
              33.269835,
              48.101794,
              0
            ],
            [
              33.264342,
              48.145795,
              0
            ],
            [
              33.20941,
              48.173277,
              0
            ],
            [
              33.187438,
              48.134798,
              0
            ],
            [
              33.21765,
              48.103628,
              0
            ],
            [
              33.140746,
              48.074273,
              0
            ],
            [
              33.102294,
              48.033884,
              0
            ],
            [
              32.995177,
              48.017351,
              0
            ],
            [
              32.993804,
              47.978756,
              0
            ],
            [
              33.00479,
              47.94749,
              0
            ],
            [
              32.985564,
              47.92909,
              0
            ],
            [
              33.072081,
              47.915286,
              0
            ],
            [
              33.080321,
              47.889508,
              0
            ],
            [
              33.069335,
              47.883061,
              0
            ],
            [
              33.076201,
              47.836069,
              0
            ],
            [
              33.059722,
              47.833304,
              0
            ],
            [
              33.072081,
              47.804718,
              0
            ],
            [
              33.056975,
              47.766886,
              0
            ],
            [
              33.063842,
              47.741958,
              0
            ],
            [
              32.975951,
              47.728103,
              0
            ],
            [
              32.975951,
              47.651376,
              0
            ],
            [
              33.02539,
              47.61621,
              0
            ],
            [
              32.949858,
              47.589357,
              0
            ],
            [
              33.092681,
              47.598619,
              0
            ],
            [
              33.087188,
              47.553223,
              0
            ],
            [
              33.098097,
              47.536465,
              0
            ]
          ]
        ]
      }
    },
    {
      "type": "Feature",
      "properties": {
        "Name": "Ukrainian-controlled Donetsk region",
        "description": "",
        "tessellate": -1,
        "extrude": 0,
        "visibility": -1,
        "________________": ""
      },
      "geometry": {
        "type": "Polygon",
        "coordinates": [
          [
            [
              36.911835,
              48.288784,
              0
            ],
            [
              36.943077,
              48.289012,
              0
            ],
            [
              36.953377,
              48.296322,
              0
            ],
            [
              36.967968,
              48.296893,
              0
            ],
            [
              36.981015,
              48.292839,
              0
            ],
            [
              36.995778,
              48.291982,
              0
            ],
            [
              36.996379,
              48.300718,
              0
            ],
            [
              36.981787,
              48.311851,
              0
            ],
            [
              36.966252,
              48.317673,
              0
            ],
            [
              36.968741,
              48.325663,
              0
            ],
            [
              36.981176,
              48.337372,
              0
            ],
            [
              36.991036,
              48.34594,
              0
            ],
            [
              37.000563,
              48.351987,
              0
            ],
            [
              37.003331,
              48.358809,
              0
            ],
            [
              36.994327,
              48.364744,
              0
            ],
            [
              36.99981,
              48.379373,
              0
            ],
            [
              37.007788,
              48.379047,
              0
            ],
            [
              37.007783,
              48.384592,
              0
            ],
            [
              37.018935,
              48.386136,
              0
            ],
            [
              37.017127,
              48.396799,
              0
            ],
            [
              37.030324,
              48.39873,
              0
            ],
            [
              37.029411,
              48.406821,
              0
            ],
            [
              37.028607,
              48.414366,
              0
            ],
            [
              37.03443,
              48.414891,
              0
            ],
            [
              37.032886,
              48.418807,
              0
            ],
            [
              37.029969,
              48.424143,
              0
            ],
            [
              37.043359,
              48.427083,
              0
            ],
            [
              37.059245,
              48.426323,
              0
            ],
            [
              37.072611,
              48.422986,
              0
            ],
            [
              37.077412,
              48.427233,
              0
            ],
            [
              37.076528,
              48.432259,
              0
            ],
            [
              37.074785,
              48.443488,
              0
            ],
            [
              37.085016,
              48.447637,
              0
            ],
            [
              37.086445,
              48.454736,
              0
            ],
            [
              37.089964,
              48.464139,
              0
            ],
            [
              37.087423,
              48.467873,
              0
            ],
            [
              37.082919,
              48.473464,
              0
            ],
            [
              37.07986,
              48.476954,
              0
            ],
            [
              37.081473,
              48.479522,
              0
            ],
            [
              37.081439,
              48.482263,
              0
            ],
            [
              37.077126,
              48.485593,
              0
            ],
            [
              37.060569,
              48.484699,
              0
            ],
            [
              37.050024,
              48.482284,
              0
            ],
            [
              37.0448,
              48.483167,
              0
            ],
            [
              37.045755,
              48.489854,
              0
            ],
            [
              37.054436,
              48.49142,
              0
            ],
            [
              37.068559,
              48.493704,
              0
            ],
            [
              37.081794,
              48.492601,
              0
            ],
            [
              37.095072,
              48.492971,
              0
            ],
            [
              37.100422,
              48.491085,
              0
            ],
            [
              37.103883,
              48.492527,
              0
            ],
            [
              37.111695,
              48.493517,
              0
            ],
            [
              37.123794,
              48.493477,
              0
            ],
            [
              37.122562,
              48.50546,
              0
            ],
            [
              37.138201,
              48.510491,
              0
            ],
            [
              37.152007,
              48.51464,
              0
            ],
            [
              37.1588,
              48.516076,
              0
            ],
            [
              37.167603,
              48.515343,
              0
            ],
            [
              37.166289,
              48.519542,
              0
            ],
            [
              37.169537,
              48.52727,
              0
            ],
            [
              37.183258,
              48.542159,
              0
            ],
            [
              37.192098,
              48.554261,
              0
            ],
            [
              37.21244,
              48.566418,
              0
            ],
            [
              37.22091,
              48.568284,
              0
            ],
            [
              37.22945,
              48.568978,
              0
            ],
            [
              37.236252,
              48.568935,
              0
            ],
            [
              37.257685,
              48.565864,
              0
            ],
            [
              37.273567,
              48.567465,
              0
            ],
            [
              37.286656,
              48.561736,
              0
            ],
            [
              37.301118,
              48.561429,
              0
            ],
            [
              37.303253,
              48.554811,
              0
            ],
            [
              37.313862,
              48.553319
            ],
            [
              37.323628,
              48.550931,
              0
            ],
            [
              37.330002,
              48.552217,
              0
            ],
            [
              37.336719,
              48.558104,
              0
            ],
            [
              37.340519,
              48.563423,
              0
            ],
            [
              37.346036,
              48.570273,
              0
            ],
            [
              37.361424,
              48.569284,
              0
            ],
            [
              37.384021,
              48.571926,
              0
            ],
            [
              37.392662,
              48.580569,
              0
            ],
            [
              37.407072,
              48.582314,
              0
            ],
            [
              37.418855,
              48.582738,
              0
            ],
            [
              37.427629,
              48.581462,
              0
            ],
            [
              37.435864,
              48.579023,
              0
            ],
            [
              37.44144,
              48.577165,
              0
            ],
            [
              37.448776,
              48.580588,
              0
            ],
            [
              37.463249,
              48.579137,
              0
            ],
            [
              37.466236,
              48.572221,
              0
            ],
            [
              37.47197,
              48.568854,
              0
            ],
            [
              37.473521,
              48.564017,
              0
            ],
            [
              37.471809,
              48.560231,
              0
            ],
            [
              37.474694,
              48.555073,
              0
            ],
            [
              37.478242,
              48.538037,
              0
            ],
            [
              37.479986,
              48.51886,
              0
            ],
            [
              37.509083,
              48.521362,
              0
            ],
            [
              37.509131,
              48.527172,
              0
            ],
            [
              37.507398,
              48.535574,
              0
            ],
            [
              37.521457,
              48.536586,
              0
            ],
            [
              37.533371,
              48.533507,
              0
            ],
            [
              37.54374,
              48.53037,
              0
            ],
            [
              37.553707,
              48.536999,
              0
            ],
            [
              37.573715,
              48.527032,
              0
            ],
            [
              37.584748,
              48.533595,
              0
            ],
            [
              37.59288,
              48.534626,
              0
            ],
            [
              37.602853,
              48.541314,
              0
            ],
            [
              37.604658,
              48.545123,
              0
            ],
            [
              37.611812,
              48.552053,
              0
            ],
            [
              37.621475,
              48.555973,
              0
            ],
            [
              37.615624,
              48.560432,
              0
            ],
            [
              37.611067,
              48.564025,
              0
            ],
            [
              37.613548,
              48.566595,
              0
            ],
            [
              37.621929,
              48.568697,
              0
            ],
            [
              37.617838,
              48.572828,
              0
            ],
            [
              37.622157,
              48.575682,
              0
            ],
            [
              37.626605,
              48.573553,
              0
            ],
            [
              37.628872,
              48.574475,
              0
            ],
            [
              37.633156,
              48.57395,
              0
            ],
            [
              37.64097,
              48.577031,
              0
            ],
            [
              37.645952,
              48.576363,
              0
            ],
            [
              37.653899,
              48.580776,
              0
            ],
            [
              37.654207,
              48.590808,
              0
            ],
            [
              37.660137,
              48.594737,
              0
            ],
            [
              37.671388,
              48.589809,
              0
            ],
            [
              37.6918,
              48.592519,
              0
            ],
            [
              37.702882,
              48.591207,
              0
            ],
            [
              37.708885,
              48.59323,
              0
            ],
            [
              37.713,
              48.596388,
              0
            ],
            [
              37.718783,
              48.596912,
              0
            ],
            [
              37.733192,
              48.59301,
              0
            ],
            [
              37.746571,
              48.59053,
              0
            ],
            [
              37.747258,
              48.598704,
              0
            ],
            [
              37.725015,
              48.606383,
              0
            ],
            [
              37.715951,
              48.611027,
              0
            ],
            [
              37.717697,
              48.622004,
              0
            ],
            [
              37.752064,
              48.625716,
              0
            ],
            [
              37.762021,
              48.63536,
              0
            ],
            [
              37.754039,
              48.648631,
              0
            ],
            [
              37.755497,
              48.655463,
              0
            ],
            [
              37.76966,
              48.657759,
              0
            ],
            [
              37.785882,
              48.664733,
              0
            ],
            [
              37.794894,
              48.671308,
              0
            ],
            [
              37.799443,
              48.676182,
              0
            ],
            [
              37.795323,
              48.686156,
              0
            ],
            [
              37.786224,
              48.688592,
              0
            ],
            [
              37.775883,
              48.688168,
              0
            ],
            [
              37.762127,
              48.687446,
              0
            ],
            [
              37.748899,
              48.687991,
              0
            ],
            [
              37.739962,
              48.692955,
              0
            ],
            [
              37.729154,
              48.704215,
              0
            ],
            [
              37.70384,
              48.705444,
              0
            ],
            [
              37.703322,
              48.712809,
              0
            ],
            [
              37.697911,
              48.721758,
              0
            ],
            [
              37.70541,
              48.725309,
              0
            ],
            [
              37.70868,
              48.729235,
              0
            ],
            [
              37.710305,
              48.733208,
              0
            ],
            [
              37.7097,
              48.739021,
              0
            ],
            [
              37.710801,
              48.745301,
              0
            ],
            [
              37.721136,
              48.747961,
              0
            ],
            [
              37.736279,
              48.748581,
              0
            ],
            [
              37.747809,
              48.754847,
              0
            ],
            [
              37.765606,
              48.758876,
              0
            ],
            [
              37.770861,
              48.757672,
              0
            ],
            [
              37.781161,
              48.759255,
              0
            ],
            [
              37.769044,
              48.767938,
              0
            ],
            [
              37.779172,
              48.776649,
              0
            ],
            [
              37.78502,
              48.781789,
              0
            ],
            [
              37.793163,
              48.786773,
              0
            ],
            [
              37.794893,
              48.789802,
              0
            ],
            [
              37.802446,
              48.796134,
              0
            ],
            [
              37.80673,
              48.802551,
              0
            ],
            [
              37.800801,
              48.803937,
              0
            ],
            [
              37.804828,
              48.819811,
              0
            ],
            [
              37.794809,
              48.835343,
              0
            ],
            [
              37.794477,
              48.84294,
              0
            ],
            [
              37.784033,
              48.843603,
              0
            ],
            [
              37.782065,
              48.849148,
              0
            ],
            [
              37.784518,
              48.851616,
              0
            ],
            [
              37.782258,
              48.852794,
              0
            ],
            [
              37.776249,
              48.853218,
              0
            ],
            [
              37.773099,
              48.853024,
              0
            ],
            [
              37.768413,
              48.852667,
              0
            ],
            [
              37.768225,
              48.858182,
              0
            ],
            [
              37.768664,
              48.862916,
              0
            ],
            [
              37.770807,
              48.865022,
              0
            ],
            [
              37.757506,
              48.869348,
              0
            ],
            [
              37.764716,
              48.877947,
              0
            ],
            [
              37.774812,
              48.882254,
              0
            ],
            [
              37.789714,
              48.886183,
              0
            ],
            [
              37.807951,
              48.881022,
              0
            ],
            [
              37.81031,
              48.88596,
              0
            ],
            [
              37.816874,
              48.887388,
              0
            ],
            [
              37.825038,
              48.893696,
              0
            ],
            [
              37.83985,
              48.890614,
              0
            ],
            [
              37.844532,
              48.887644,
              0
            ],
            [
              37.854757,
              48.885092,
              0
            ],
            [
              37.861733,
              48.887022,
              0
            ],
            [
              37.863903,
              48.885453,
              0
            ],
            [
              37.862983,
              48.88394,
              0
            ],
            [
              37.860174,
              48.882427,
              0
            ],
            [
              37.866653,
              48.88294,
              0
            ],
            [
              37.872056,
              48.885783,
              0
            ],
            [
              37.879222,
              48.887602,
              0
            ],
            [
              37.88802,
              48.889084,
              0
            ],
            [
              37.885435,
              48.894486,
              0
            ],
            [
              37.886284,
              48.900341,
              0
            ],
            [
              37.878825,
              48.903727,
              0
            ],
            [
              37.875233,
              48.903671,
              0
            ],
            [
              37.867079,
              48.904743,
              0
            ],
            [
              37.861069,
              48.907451,
              0
            ],
            [
              37.838739,
              48.905348,
              0
            ],
            [
              37.825845,
              48.907079,
              0
            ],
            [
              37.815209,
              48.90735,
              0
            ],
            [
              37.808686,
              48.90893,
              0
            ],
            [
              37.786198,
              48.904868,
              0
            ],
            [
              37.781478,
              48.910002,
              0
            ],
            [
              37.790919,
              48.914063,
              0
            ],
            [
              37.796498,
              48.920042,
              0
            ],
            [
              37.805939,
              48.919986,
              0
            ],
            [
              37.803536,
              48.925287,
              0
            ],
            [
              37.802361,
              48.929955,
              0
            ],
            [
              37.792146,
              48.939315,
              0
            ],
            [
              37.791203,
              48.964904,
              0
            ],
            [
              37.804115,
              48.964862,
              0
            ],
            [
              37.809522,
              48.965144,
              0
            ],
            [
              37.813556,
              48.966215,
              0
            ],
            [
              37.815466,
              48.966412,
              0
            ],
            [
              37.819454,
              48.964655,
              0
            ],
            [
              37.820739,
              48.966194,
              0
            ],
            [
              37.82447,
              48.968254,
              0
            ],
            [
              37.829102,
              48.9693,
              0
            ],
            [
              37.832588,
              48.971348,
              0
            ],
            [
              37.833151,
              48.970922,
              0
            ],
            [
              37.835235,
              48.972201,
              0
            ],
            [
              37.833671,
              48.973002,
              0
            ],
            [
              37.828542,
              48.969831,
              0
            ],
            [
              37.825793,
              48.9718,
              0
            ],
            [
              37.820208,
              48.971314,
              0
            ],
            [
              37.81244,
              48.972075,
              0
            ],
            [
              37.81081,
              48.976469,
              0
            ],
            [
              37.806175,
              48.979793,
              0
            ],
            [
              37.810037,
              48.984919,
              0
            ],
            [
              37.812269,
              48.989988,
              0
            ],
            [
              37.812526,
              48.995901,
              0
            ],
            [
              37.810037,
              48.996436,
              0
            ],
            [
              37.807205,
              48.996464,
              0
            ],
            [
              37.791827,
              49.001585,
              0
            ],
            [
              37.782371,
              49.004215,
              0
            ],
            [
              37.778852,
              49.009338,
              0
            ],
            [
              37.781684,
              49.014124,
              0
            ],
            [
              37.781608,
              49.018889,
              0
            ],
            [
              37.782258,
              49.022167,
              0
            ],
            [
              37.773548,
              49.022022,
              0
            ],
            [
              37.765154,
              49.022489,
              0
            ],
            [
              37.760562,
              49.021954,
              0
            ],
            [
              37.74588,
              49.023983,
              0
            ],
            [
              37.744614,
              49.034748,
              0
            ],
            [
              37.743508,
              49.036022,
              0
            ],
            [
              37.729922,
              49.035202,
              0
            ],
            [
              37.713714,
              49.035903,
              0
            ],
            [
              37.701619,
              49.041361,
              0
            ],
            [
              37.682274,
              49.040403,
              0
            ],
            [
              37.65968,
              49.046053,
              0
            ],
            [
              37.644108,
              49.049459,
              0
            ],
            [
              37.620576,
              49.051857,
              0
            ],
            [
              37.603199,
              49.051361,
              0
            ],
            [
              37.590406,
              49.046468,
              0
            ],
            [
              37.587616,
              49.051011,
              0
            ],
            [
              37.587038,
              49.055899,
              0
            ],
            [
              37.588167,
              49.064779,
              0
            ],
            [
              37.570743,
              49.065341,
              0
            ],
            [
              37.571087,
              49.082097,
              0
            ],
            [
              37.56576,
              49.08884,
              0
            ],
            [
              37.582891,
              49.108884,
              0
            ],
            [
              37.595658,
              49.117677,
              0
            ],
            [
              37.593621,
              49.122153,
              0
            ],
            [
              37.6204,
              49.143943,
              0
            ],
            [
              37.617647,
              49.163814,
              0
            ],
            [
              37.649057,
              49.162357,
              0
            ],
            [
              37.661508,
              49.172684,
              0
            ],
            [
              37.668078,
              49.183232,
              0
            ],
            [
              37.699021,
              49.19243,
              0
            ],
            [
              37.714471,
              49.196052,
              0
            ],
            [
              37.729406,
              49.190892,
              0
            ],
            [
              37.739305,
              49.18998,
              0
            ],
            [
              37.749357,
              49.184071,
              0
            ],
            [
              37.755693,
              49.189686,
              0
            ],
            [
              37.766424,
              49.190775,
              0
            ],
            [
              37.782855,
              49.188814,
              0
            ],
            [
              37.79041,
              49.187572,
              0
            ],
            [
              37.802426,
              49.187572,
              0
            ],
            [
              37.820622,
              49.182747,
              0
            ],
            [
              37.829205,
              49.175453,
              0
            ],
            [
              37.839418,
              49.180951,
              0
            ],
            [
              37.841478,
              49.187964,
              0
            ],
            [
              37.811028,
              49.192328,
              0
            ],
            [
              37.813088,
              49.200573,
              0
            ],
            [
              37.80605,
              49.202424,
              0
            ],
            [
              37.79395,
              49.21217,
              0
            ],
            [
              37.712001,
              49.22096,
              0
            ],
            [
              37.613124,
              49.234413,
              0
            ],
            [
              37.565745,
              49.22948,
              0
            ],
            [
              37.528666,
              49.201672,
              0
            ],
            [
              37.488154,
              49.181029,
              0
            ],
            [
              37.547206,
              49.172052,
              0
            ],
            [
              37.550147,
              49.155417,
              0
            ],
            [
              37.573298,
              49.135226,
              0
            ],
            [
              37.504634,
              49.101071,
              0
            ],
            [
              37.503261,
              49.064193,
              0
            ],
            [
              37.42361,
              49.055194,
              0
            ],
            [
              37.371425,
              49.034491,
              0
            ],
            [
              37.370051,
              48.987651,
              0
            ],
            [
              37.320613,
              48.98675,
              0
            ],
            [
              37.2904,
              48.960609,
              0
            ],
            [
              37.335719,
              48.932649,
              0
            ],
            [
              37.271174,
              48.914602,
              0
            ],
            [
              37.216243,
              48.896549,
              0
            ],
            [
              37.200804,
              48.813894,
              0
            ],
            [
              37.137965,
              48.844157,
              0
            ],
            [
              37.052821,
              48.816132,
              0
            ],
            [
              36.997889,
              48.794425,
              0
            ],
            [
              37.050075,
              48.760941,
              0
            ],
            [
              37.014369,
              48.746454,
              0
            ],
            [
              36.959437,
              48.788092,
              0
            ],
            [
              36.848201,
              48.796234,
              0
            ],
            [
              36.827601,
              48.769088,
              0
            ],
            [
              36.783656,
              48.779043,
              0
            ],
            [
              36.783656,
              48.804375,
              0
            ],
            [
              36.721858,
              48.79533,
              0
            ],
            [
              36.684779,
              48.770898,
              0
            ],
            [
              36.711577,
              48.623312,
              0
            ],
            [
              36.802214,
              48.608786,
              0
            ],
            [
              36.860228,
              48.566406,
              0
            ],
            [
              36.9028,
              48.51458,
              0
            ],
            [
              36.831389,
              48.490922,
              0
            ],
            [
              36.833781,
              48.442183,
              0
            ],
            [
              36.840666,
              48.412273,
              0
            ],
            [
              36.808043,
              48.358324,
              0
            ],
            [
              36.816975,
              48.313848,
              0
            ],
            [
              36.869841,
              48.314505,
              0
            ],
            [
              36.874653,
              48.306541,
              0
            ],
            [
              36.90898,
              48.310395,
              0
            ],
            [
              36.911835,
              48.288784,
              0
            ]
          ]
        ]
      }
    },
    {
      "type": "Feature",
      "properties": {
        "Name": "Ukrainian-controlled Luhansk region",
        "description": "",
        "tessellate": -1,
        "extrude": 0,
        "visibility": -1,
        "________________": ""
      },
      "geometry": {
        "type": "Polygon",
        "coordinates": [
          [
            [
              37.873601,
              49.331119,
              0
            ],
            [
              37.883155,
              49.321621,
              0
            ],
            [
              37.882469,
              49.312669,
              0
            ],
            [
              37.944782,
              49.303715,
              0
            ],
            [
              37.942096,
              49.318728,
              0
            ],
            [
              37.940422,
              49.326429,
              0
            ],
            [
              37.92964,
              49.325989,
              0
            ],
            [
              37.918835,
              49.328758,
              0
            ],
            [
              37.907162,
              49.330338,
              0
            ],
            [
              37.888449,
              49.323344,
              0
            ],
            [
              37.883986,
              49.329609,
              0
            ],
            [
              37.873601,
              49.331119,
              0
            ]
          ]
        ]
      }
    },
    {
      "type": "Feature",
      "properties": {
        "Name": "Ukrainian-controlled Kharkiv region",
        "description": "",
        "tessellate": -1,
        "extrude": 0,
        "visibility": -1,
        "________________": ""
      },
      "geometry": {
        "type": "Polygon",
        "coordinates": [
          [
            [
              37.79395,
              49.21217,
              0
            ],
            [
              37.835492,
              49.214189,
              0
            ],
            [
              37.847508,
              49.229661,
              0
            ],
            [
              37.846135,
              49.246641,
              0
            ],
            [
              37.834934,
              49.253197,
              0
            ],
            [
              37.833003,
              49.260199,
              0
            ],
            [
              37.833815,
              49.268487,
              0
            ],
            [
              37.855057,
              49.271845,
              0
            ],
            [
              37.885699,
              49.269931,
              0
            ],
            [
              37.89465,
              49.266733,
              0
            ],
            [
              37.898926,
              49.257757,
              0
            ],
            [
              37.908786,
              49.259841,
              0
            ],
            [
              37.905011,
              49.268572,
              0
            ],
            [
              37.905186,
              49.276721,
              0
            ],
            [
              37.928532,
              49.285455,
              0
            ],
            [
              37.947072,
              49.295476,
              0
            ],
            [
              37.944782,
              49.303715,
              0
            ],
            [
              37.882469,
              49.312669,
              0
            ],
            [
              37.852771,
              49.307856,
              0
            ],
            [
              37.834015,
              49.312774,
              0
            ],
            [
              37.814857,
              49.315805,
              0
            ],
            [
              37.800301,
              49.327539,
              0
            ],
            [
              37.80666,
              49.3432,
              0
            ],
            [
              37.803563,
              49.366904,
              0
            ],
            [
              37.780217,
              49.386352,
              0
            ],
            [
              37.764335,
              49.392548,
              0
            ],
            [
              37.750946,
              49.394559,
              0
            ],
            [
              37.721935,
              49.397017,
              0
            ],
            [
              37.702365,
              49.404278,
              0
            ],
            [
              37.690566,
              49.404764,
              0
            ],
            [
              37.673272,
              49.405344,
              0
            ],
            [
              37.654904,
              49.42265,
              0
            ],
            [
              37.649872,
              49.43497,
              0
            ],
            [
              37.635903,
              49.438124,
              0
            ],
            [
              37.62399,
              49.444738,
              0
            ],
            [
              37.633961,
              49.459155,
              0
            ],
            [
              37.644855,
              49.469218,
              0
            ],
            [
              37.667413,
              49.474927,
              0
            ],
            [
              37.703634,
              49.453506,
              0
            ],
            [
              37.72698,
              49.44681,
              0
            ],
            [
              37.766805,
              49.454175,
              0
            ],
            [
              37.758394,
              49.462432,
              0
            ],
            [
              37.743171,
              49.466984,
              0
            ],
            [
              37.731987,
              49.48064,
              0
            ],
            [
              37.710218,
              49.479846,
              0
            ],
            [
              37.688825,
              49.482885,
              0
            ],
            [
              37.684597,
              49.488154,
              0
            ],
            [
              37.681512,
              49.493787,
              0
            ],
            [
              37.69121,
              49.503041,
              0
            ],
            [
              37.689322,
              49.50867,
              0
            ],
            [
              37.69267,
              49.51363,
              0
            ],
            [
              37.685889,
              49.518645,
              0
            ],
            [
              37.690506,
              49.527302,
              0
            ],
            [
              37.690849,
              49.529864,
              0
            ],
            [
              37.690249,
              49.533151,
              0
            ],
            [
              37.689305,
              49.535435,
              0
            ],
            [
              37.688103,
              49.537997,
              0
            ],
            [
              37.686558,
              49.54145,
              0
            ],
            [
              37.682953,
              49.547577,
              0
            ],
            [
              37.682909,
              49.551937,
              0
            ],
            [
              37.678318,
              49.556597,
              0
            ],
            [
              37.676533,
              49.566821,
              0
            ],
            [
              37.691983,
              49.574391,
              0
            ],
            [
              37.703656,
              49.581514,
              0
            ],
            [
              37.722108,
              49.586355,
              0
            ],
            [
              37.73759,
              49.585792,
              0
            ],
            [
              37.736764,
              49.589679,
              0
            ],
            [
              37.725881,
              49.589565,
              0
            ],
            [
              37.725983,
              49.595459,
              0
            ],
            [
              37.724969,
              49.601575,
              0
            ],
            [
              37.741542,
              49.599688,
              0
            ],
            [
              37.745383,
              49.602742,
              0
            ],
            [
              37.720726,
              49.606016,
              0
            ],
            [
              37.713033,
              49.606566,
              0
            ],
            [
              37.715725,
              49.614179,
              0
            ],
            [
              37.712093,
              49.619988,
              0
            ],
            [
              37.708652,
              49.618937,
              0
            ],
            [
              37.71019,
              49.615551,
              0
            ],
            [
              37.700907,
              49.616119,
              0
            ],
            [
              37.693697,
              49.615677,
              0
            ],
            [
              37.682239,
              49.618254,
              0
            ],
            [
              37.678504,
              49.622666,
              0
            ],
            [
              37.676616,
              49.629616,
              0
            ],
            [
              37.678161,
              49.636676,
              0
            ],
            [
              37.682538,
              49.639956,
              0
            ],
            [
              37.681508,
              49.644069,
              0
            ],
            [
              37.669492,
              49.645958,
              0
            ],
            [
              37.669406,
              49.650293,
              0
            ],
            [
              37.651982,
              49.651349,
              0
            ],
            [
              37.64606,
              49.652419,
              0
            ],
            [
              37.643034,
              49.654843,
              0
            ],
            [
              37.642568,
              49.656448,
              0
            ],
            [
              37.635676,
              49.65746,
              0
            ],
            [
              37.63108,
              49.658205,
              0
            ],
            [
              37.630067,
              49.66898,
              0
            ],
            [
              37.631987,
              49.678526,
              0
            ],
            [
              37.629042,
              49.685683,
              0
            ],
            [
              37.630323,
              49.690672,
              0
            ],
            [
              37.625426,
              49.695166,
              0
            ],
            [
              37.62425,
              49.696961,
              0
            ],
            [
              37.615811,
              49.696266,
              0
            ],
            [
              37.608371,
              49.692891,
              0
            ],
            [
              37.607705,
              49.689441,
              0
            ],
            [
              37.60824,
              49.684436,
              0
            ],
            [
              37.597986,
              49.683646,
              0
            ],
            [
              37.593823,
              49.685562,
              0
            ],
            [
              37.589407,
              49.694711,
              0
            ],
            [
              37.590578,
              49.69774,
              0
            ],
            [
              37.589489,
              49.701003,
              0
            ],
            [
              37.584152,
              49.701767,
              0
            ],
            [
              37.578272,
              49.70421,
              0
            ],
            [
              37.572779,
              49.705209,
              0
            ],
            [
              37.565913,
              49.702767,
              0
            ],
            [
              37.557845,
              49.701656,
              0
            ],
            [
              37.553725,
              49.702545,
              0
            ],
            [
              37.5563,
              49.708206,
              0
            ],
            [
              37.562994,
              49.714201,
              0
            ],
            [
              37.560761,
              49.720955,
              0
            ],
            [
              37.557843,
              49.731164,
              0
            ],
            [
              37.553711,
              49.736232,
              0
            ],
            [
              37.552049,
              49.737488,
              0
            ],
            [
              37.558927,
              49.737685,
              0
            ],
            [
              37.562109,
              49.734392,
              0
            ],
            [
              37.575503,
              49.731358,
              0
            ],
            [
              37.58906,
              49.729293,
              0
            ],
            [
              37.588771,
              49.731592,
              0
            ],
            [
              37.577571,
              49.737972,
              0
            ],
            [
              37.565557,
              49.745128,
              0
            ],
            [
              37.570618,
              49.753169,
              0
            ],
            [
              37.566542,
              49.760238,
              0
            ],
            [
              37.562453,
              49.771622,
              0
            ],
            [
              37.571241,
              49.776687,
              0
            ],
            [
              37.574395,
              49.78388,
              0
            ],
            [
              37.575425,
              49.791084,
              0
            ],
            [
              37.578943,
              49.802109,
              0
            ],
            [
              37.596539,
              49.805932,
              0
            ],
            [
              37.590874,
              49.816788,
              0
            ],
            [
              37.575253,
              49.825094,
              0
            ],
            [
              37.583836,
              49.842589,
              0
            ],
            [
              37.598947,
              49.853075,
              0
            ],
            [
              37.605984,
              49.863006,
              0
            ],
            [
              37.616274,
              49.868004,
              0
            ],
            [
              37.618169,
              49.881319,
              0
            ],
            [
              37.633275,
              49.891937,
              0
            ],
            [
              37.649754,
              49.889504,
              0
            ],
            [
              37.669667,
              49.899235,
              0
            ],
            [
              37.671384,
              49.909628,
              0
            ],
            [
              37.691296,
              49.922008,
              0
            ],
            [
              37.698678,
              49.943499,
              0
            ],
            [
              37.695932,
              49.95333,
              0
            ],
            [
              37.685846,
              49.959721,
              0
            ],
            [
              37.68475,
              49.967776,
              0
            ],
            [
              37.696703,
              49.971413,
              0
            ],
            [
              37.729233,
              49.969287,
              0
            ],
            [
              37.75112,
              49.966803,
              0
            ],
            [
              37.760562,
              49.979113,
              0
            ],
            [
              37.773007,
              49.997545,
              0
            ],
            [
              37.755498,
              50.005048,
              0
            ],
            [
              37.726659,
              50.015638,
              0
            ],
            [
              37.704,
              50.017789,
              0
            ],
            [
              37.689064,
              50.030885,
              0
            ],
            [
              37.703656,
              50.036371,
              0
            ],
            [
              37.697133,
              50.044309,
              0
            ],
            [
              37.692674,
              50.053514,
              0
            ],
            [
              37.674608,
              50.058779,
              0
            ],
            [
              37.654046,
              50.068997,
              0
            ],
            [
              37.633961,
              50.07759,
              0
            ],
            [
              37.632931,
              50.104242,
              0
            ],
            [
              37.64389,
              50.110866,
              0
            ],
            [
              37.64904,
              50.121434,
              0
            ],
            [
              37.65831,
              50.128697,
              0
            ],
            [
              37.65213,
              50.131999,
              0
            ],
            [
              37.646637,
              50.133869,
              0
            ],
            [
              37.633934,
              50.128147,
              0
            ],
            [
              37.626553,
              50.130458,
              0
            ],
            [
              37.616452,
              50.13286,
              0
            ],
            [
              37.570447,
              50.149583,
              0
            ],
            [
              37.56152,
              50.156842,
              0
            ],
            [
              37.55637,
              50.168499,
              0
            ],
            [
              37.555684,
              50.187188,
              0
            ],
            [
              37.547787,
              50.191254,
              0
            ],
            [
              37.541513,
              50.195445,
              0
            ],
            [
              37.531869,
              50.191287,
              0
            ],
            [
              37.516658,
              50.186891,
              0
            ],
            [
              37.497565,
              50.188659,
              0
            ],
            [
              37.48122,
              50.189764,
              0
            ],
            [
              37.467972,
              50.19283,
              0
            ],
            [
              37.452148,
              50.198972,
              0
            ],
            [
              37.443675,
              50.211691,
              0
            ],
            [
              37.453399,
              50.217488,
              0
            ],
            [
              37.45059,
              50.222075,
              0
            ],
            [
              37.454521,
              50.225138,
              0
            ],
            [
              37.458452,
              50.227321,
              0
            ],
            [
              37.457577,
              50.23428,
              0
            ],
            [
              37.458342,
              50.24775,
              0
            ],
            [
              37.445251,
              50.252343,
              0
            ],
            [
              37.452566,
              50.259113,
              0
            ],
            [
              37.464432,
              50.26193,
              0
            ],
            [
              37.474786,
              50.25982,
              0
            ],
            [
              37.487029,
              50.254691,
              0
            ],
            [
              37.508423,
              50.257549,
              0
            ],
            [
              37.526558,
              50.260735,
              0
            ],
            [
              37.542463,
              50.259587,
              0
            ],
            [
              37.551672,
              50.25251,
              0
            ],
            [
              37.569402,
              50.247136,
              0
            ],
            [
              37.582638,
              50.248242,
              0
            ],
            [
              37.595874,
              50.24825,
              0
            ],
            [
              37.606723,
              50.254577,
              0
            ],
            [
              37.609419,
              50.259011,
              0
            ],
            [
              37.615377,
              50.25675,
              0
            ],
            [
              37.620992,
              50.265657,
              0
            ],
            [
              37.62163,
              50.278569,
              0
            ],
            [
              37.617586,
              50.297485,
              0
            ],
            [
              37.620505,
              50.307902,
              0
            ],
            [
              37.585314,
              50.305051,
              0
            ],
            [
              37.55802,
              50.303407,
              0
            ],
            [
              37.547377,
              50.322152,
              0
            ],
            [
              37.510357,
              50.332343,
              0
            ],
            [
              37.476309,
              50.360059,
              0
            ],
            [
              37.465493,
              50.379123,
              0
            ],
            [
              37.429274,
              50.379329,
              0
            ],
            [
              37.414938,
              50.376647,
              0
            ],
            [
              37.395929,
              50.375284,
              0
            ],
            [
              37.38052,
              50.389794,
              0
            ],
            [
              37.380606,
              50.40194,
              0
            ],
            [
              37.389791,
              50.409817,
              0
            ],
            [
              37.395843,
              50.412402,
              0
            ],
            [
              37.395137,
              50.419519,
              0
            ],
            [
              37.382584,
              50.425542,
              0
            ],
            [
              37.35048,
              50.423435,
              0
            ],
            [
              37.32053,
              50.433116,
              0
            ],
            [
              37.31014,
              50.426388,
              0
            ],
            [
              37.305762,
              50.415068,
              0
            ],
            [
              37.290142,
              50.401765,
              0
            ],
            [
              37.257433,
              50.390224,
              0
            ],
            [
              37.261855,
              50.386693,
              0
            ],
            [
              37.278443,
              50.37751,
              0
            ],
            [
              37.271174,
              50.37172,
              0
            ],
            [
              37.262052,
              50.370714,
              0
            ],
            [
              37.248298,
              50.364449,
              0
            ],
            [
              37.245595,
              50.354981,
              0
            ],
            [
              37.236411,
              50.353035,
              0
            ],
            [
              37.241647,
              50.338273,
              0
            ],
            [
              37.239288,
              50.323064,
              0
            ],
            [
              37.224056,
              50.322809,
              0
            ],
            [
              37.207239,
              50.32033,
              0
            ],
            [
              37.207377,
              50.312852,
              0
            ],
            [
              37.188443,
              50.310078,
              0
            ],
            [
              37.189942,
              50.304169,
              0
            ],
            [
              37.190496,
              50.301713,
              0
            ],
            [
              37.194388,
              50.292874,
              0
            ],
            [
              37.195432,
              50.282104,
              0
            ],
            [
              37.216389,
              50.285158,
              0
            ],
            [
              37.222237,
              50.275706,
              0
            ],
            [
              37.226895,
              50.272269,
              0
            ],
            [
              37.240604,
              50.272166,
              0
            ],
            [
              37.246048,
              50.265392,
              0
            ],
            [
              37.267847,
              50.265648,
              0
            ],
            [
              37.270418,
              50.25888,
              0
            ],
            [
              37.26136,
              50.252333,
              0
            ],
            [
              37.254836,
              50.245197,
              0
            ],
            [
              37.251317,
              50.239653,
              0
            ],
            [
              37.249284,
              50.232202,
              0
            ],
            [
              37.231065,
              50.227221,
              0
            ],
            [
              37.223549,
              50.216654,
              0
            ],
            [
              37.192175,
              50.229805,
              0
            ],
            [
              37.191192,
              50.225317,
              0
            ],
            [
              37.175797,
              50.209185,
              0
            ],
            [
              37.172758,
              50.205083,
              0
            ],
            [
              37.164632,
              50.200557,
              0
            ],
            [
              37.153069,
              50.198888,
              0
            ],
            [
              37.139991,
              50.20099,
              0
            ],
            [
              37.128486,
              50.204349,
              0
            ],
            [
              37.118941,
              50.206019,
              0
            ],
            [
              37.107503,
              50.205488,
              0
            ],
            [
              37.104201,
              50.202604,
              0
            ],
            [
              37.108422,
              50.198141,
              0
            ],
            [
              37.118283,
              50.188299,
              0
            ],
            [
              37.122478,
              50.185161,
              0
            ],
            [
              37.110269,
              50.169434,
              0
            ],
            [
              37.089803,
              50.175685,
              0
            ],
            [
              37.090929,
              50.184116,
              0
            ],
            [
              37.085297,
              50.186509,
              0
            ],
            [
              37.06266,
              50.178158,
              0
            ],
            [
              37.042362,
              50.172724,
              0
            ],
            [
              37.036223,
              50.183948,
              0
            ],
            [
              37.019099,
              50.178754,
              0
            ],
            [
              37.015634,
              50.186632,
              0
            ],
            [
              36.997922,
              50.189947,
              0
            ],
            [
              36.988118,
              50.193193,
              0
            ],
            [
              36.969647,
              50.197207,
              0
            ],
            [
              36.958533,
              50.197949,
              0
            ],
            [
              36.940049,
              50.200625,
              0
            ],
            [
              36.929383,
              50.203319,
              0
            ],
            [
              36.92301,
              50.200189,
              0
            ],
            [
              36.902026,
              50.204471,
              0
            ],
            [
              36.8954,
              50.205628,
              0
            ],
            [
              36.886268,
              50.204935,
              0
            ],
            [
              36.876867,
              50.200672,
              0
            ],
            [
              36.856176,
              50.205876,
              0
            ],
            [
              36.853884,
              50.210988,
              0
            ],
            [
              36.849249,
              50.21681,
              0
            ],
            [
              36.843204,
              50.222823,
              0
            ],
            [
              36.834143,
              50.230868,
              0
            ],
            [
              36.829508,
              50.237786,
              0
            ],
            [
              36.810282,
              50.238664,
              0
            ],
            [
              36.794318,
              50.235919,
              0
            ],
            [
              36.780417,
              50.229399,
              0
            ],
            [
              36.773555,
              50.229109,
              0
            ],
            [
              36.764261,
              50.230864,
              0
            ],
            [
              36.749498,
              50.232621,
              0
            ],
            [
              36.73834,
              50.234104,
              0
            ],
            [
              36.720573,
              50.237068,
              0
            ],
            [
              36.713364,
              50.240691,
              0
            ],
            [
              36.703236,
              50.24135,
              0
            ],
            [
              36.686327,
              50.240142,
              0
            ],
            [
              36.677486,
              50.235586,
              0
            ],
            [
              36.663967,
              50.222201,
              0
            ],
            [
              36.647745,
              50.217808,
              0
            ],
            [
              36.639763,
              50.222476,
              0
            ],
            [
              36.620673,
              50.213809,
              0
            ],
            [
              36.59973,
              50.203153,
              0
            ],
            [
              36.595953,
              50.193922,
              0
            ],
            [
              36.527632,
              50.190845,
              0
            ],
            [
              36.49227,
              50.187108,
              0
            ],
            [
              36.48609,
              50.207767,
              0
            ],
            [
              36.44472,
              50.225836,
              0
            ],
            [
              36.434248,
              50.236104,
              0
            ],
            [
              36.414679,
              50.241154,
              0
            ],
            [
              36.379317,
              50.244667,
              0
            ],
            [
              36.36524,
              50.262887,
              0
            ],
            [
              36.350649,
              50.26991,
              0
            ],
            [
              36.323197,
              50.27222,
              0
            ],
            [
              36.30586,
              50.275676,
              0
            ],
            [
              36.285604,
              50.280064,
              0
            ],
            [
              36.263974,
              50.278309,
              0
            ],
            [
              36.252344,
              50.282957,
              0
            ],
            [
              36.243031,
              50.2884,
              0
            ],
            [
              36.230784,
              50.303653,
              0
            ],
            [
              36.22952,
              50.316055,
              0
            ],
            [
              36.21819,
              50.322303,
              0
            ],
            [
              36.185233,
              50.313767,
              0
            ],
            [
              36.159743,
              50.310811,
              0
            ],
            [
              36.153133,
              50.314456,
              0
            ],
            [
              36.141803,
              50.319814,
              0
            ],
            [
              36.148841,
              50.331802,
              0
            ],
            [
              36.146351,
              50.338712,
              0
            ],
            [
              36.156994,
              50.349256,
              0
            ],
            [
              36.177764,
              50.356158,
              0
            ],
            [
              36.183946,
              50.367054,
              0
            ],
            [
              36.186261,
              50.378714,
              0
            ],
            [
              36.173558,
              50.384406,
              0
            ],
            [
              36.165318,
              50.402791,
              0
            ],
            [
              36.176165,
              50.401497,
              0
            ],
            [
              36.163037,
              50.423551,
              0
            ],
            [
              36.156514,
              50.433393,
              0
            ],
            [
              36.107762,
              50.439735,
              0
            ],
            [
              36.082013,
              50.448917,
              0
            ],
            [
              36.065877,
              50.449573,
              0
            ],
            [
              36.018498,
              50.445201,
              0
            ],
            [
              35.971463,
              50.439297,
              0
            ],
            [
              35.96597,
              50.434924,
              0
            ],
            [
              35.937818,
              50.431862,
              0
            ],
            [
              35.933011,
              50.425301,
              0
            ],
            [
              35.895932,
              50.426176,
              0
            ],
            [
              35.881513,
              50.431206,
              0
            ],
            [
              35.874646,
              50.423332,
              0
            ],
            [
              35.819371,
              50.429675,
              0
            ],
            [
              35.789845,
              50.418301,
              0
            ],
            [
              35.808923,
              50.410726,
              0
            ],
            [
              35.74178,
              50.353943,
              0
            ],
            [
              35.654576,
              50.352628,
              0
            ],
            [
              35.667623,
              50.342989,
              0
            ],
            [
              35.693028,
              50.344742,
              0
            ],
            [
              35.657323,
              50.324142,
              0
            ],
            [
              35.63947,
              50.310112,
              0
            ],
            [
              35.601018,
              50.327211,
              0
            ],
            [
              35.515187,
              50.317127,
              0
            ],
            [
              35.54128,
              50.297393,
              0
            ],
            [
              35.501454,
              50.297393,
              0
            ],
            [
              35.457509,
              50.303533,
              0
            ],
            [
              35.450643,
              50.313181,
              0
            ],
            [
              35.421117,
              50.332032,
              0
            ],
            [
              35.396398,
              50.31625,
              0
            ],
            [
              35.379231,
              50.316689,
              0
            ],
            [
              35.385411,
              50.296954,
              0
            ],
            [
              35.327733,
              50.31625,
              0
            ],
            [
              35.297521,
              50.289936,
              0
            ],
            [
              35.331166,
              50.275895,
              0
            ],
            [
              35.273488,
              50.264923,
              0
            ],
            [
              35.258382,
              50.239459,
              0
            ],
            [
              35.204823,
              50.228917,
              0
            ],
            [
              35.071614,
              50.208707,
              0
            ],
            [
              35.040029,
              50.164742,
              0
            ],
            [
              34.993337,
              50.184092,
              0
            ],
            [
              34.952138,
              50.171779,
              0
            ],
            [
              34.941152,
              50.146265,
              0
            ],
            [
              34.946645,
              50.089908,
              0
            ],
            [
              34.858754,
              49.985828,
              0
            ],
            [
              34.875234,
              49.934587,
              0
            ],
            [
              34.919179,
              49.924863,
              0
            ],
            [
              35.051015,
              49.852311,
              0
            ],
            [
              35.226796,
              49.85054,
              0
            ],
            [
              35.204823,
              49.740616,
              0
            ],
            [
              35.295461,
              49.690891,
              0
            ],
            [
              35.41631,
              49.678452,
              0
            ],
            [
              35.452016,
              49.541412,
              0
            ],
            [
              35.463002,
              49.482562,
              0
            ],
            [
              35.358632,
              49.482562,
              0
            ],
            [
              35.339406,
              49.40756,
              0
            ],
            [
              35.248769,
              49.303797,
              0
            ],
            [
              35.130666,
              49.294841,
              0
            ],
            [
              35.034535,
              49.323493,
              0
            ],
            [
              34.991963,
              49.224934,
              0
            ],
            [
              35.027922,
              49.156048,
              0
            ],
            [
              35.07736,
              49.163232,
              0
            ],
            [
              35.214689,
              49.096735,
              0
            ],
            [
              35.481108,
              48.985108,
              0
            ],
            [
              35.676115,
              48.961671,
              0
            ],
            [
              35.75302,
              48.931005,
              0
            ],
            [
              35.909575,
              48.986911,
              0
            ],
            [
              36.060637,
              48.903932,
              0
            ],
            [
              36.129301,
              48.791872,
              0
            ],
            [
              36.165007,
              48.744804,
              0
            ],
            [
              36.272124,
              48.661423,
              0
            ],
            [
              36.280363,
              48.608786,
              0
            ],
            [
              36.310576,
              48.574269,
              0
            ],
            [
              36.263884,
              48.537911,
              0
            ],
            [
              36.338041,
              48.525179,
              0
            ],
            [
              36.351774,
              48.554275,
              0
            ],
            [
              36.480864,
              48.661423,
              0
            ],
            [
              36.590727,
              48.612418,
              0
            ],
            [
              36.711577,
              48.623312,
              0
            ],
            [
              36.684779,
              48.770898,
              0
            ],
            [
              36.721858,
              48.79533,
              0
            ],
            [
              36.783656,
              48.804375,
              0
            ],
            [
              36.783656,
              48.779043,
              0
            ],
            [
              36.827601,
              48.769088,
              0
            ],
            [
              36.848201,
              48.796234,
              0
            ],
            [
              36.959437,
              48.788092,
              0
            ],
            [
              37.014369,
              48.746454,
              0
            ],
            [
              37.050075,
              48.760941,
              0
            ],
            [
              36.997889,
              48.794425,
              0
            ],
            [
              37.052443,
              48.8166,
              0
            ],
            [
              37.137965,
              48.844157,
              0
            ],
            [
              37.200804,
              48.813894,
              0
            ],
            [
              37.216243,
              48.896549,
              0
            ],
            [
              37.271174,
              48.914602,
              0
            ],
            [
              37.335719,
              48.932649,
              0
            ],
            [
              37.2904,
              48.960609,
              0
            ],
            [
              37.320613,
              48.98675,
              0
            ],
            [
              37.370051,
              48.987651,
              0
            ],
            [
              37.371425,
              49.034491,
              0
            ],
            [
              37.42361,
              49.055194,
              0
            ],
            [
              37.503261,
              49.064193,
              0
            ],
            [
              37.504634,
              49.101071,
              0
            ],
            [
              37.573298,
              49.135226,
              0
            ],
            [
              37.550147,
              49.155417,
              0
            ],
            [
              37.547206,
              49.172052,
              0
            ],
            [
              37.488154,
              49.181029,
              0
            ],
            [
              37.528666,
              49.201672,
              0
            ],
            [
              37.565745,
              49.22948,
              0
            ],
            [
              37.613124,
              49.234413,
              0
            ],
            [
              37.712001,
              49.22096,
              0
            ],
            [
              37.79395,
              49.21217,
              0
            ]
          ]
        ]
      }
    },
    {
      "type": "Feature",
      "properties": {
        "Name": "Ukrainian-controlled Chernihiv region",
        "description": "",
        "tessellate": -1,
        "extrude": 0,
        "visibility": -1,
        "________________": ""
      },
      "geometry": {
        "type": "Polygon",
        "coordinates": [
          [
            [
              30.515447,
              51.255919,
              0
            ],
            [
              30.518194,
              51.166447,
              0
            ],
            [
              30.485235,
              51.023277,
              0
            ],
            [
              30.606085,
              51.009454,
              0
            ],
            [
              30.707708,
              50.886595,
              0
            ],
            [
              30.726934,
              50.792935,
              0
            ],
            [
              31.020818,
              50.768622,
              0
            ],
            [
              31.163641,
              50.772096,
              0
            ],
            [
              31.226812,
              50.549237,
              0
            ],
            [
              31.504217,
              50.51432,
              0
            ],
            [
              31.825567,
              50.61028,
              0
            ],
            [
              32.026067,
              50.530036,
              0
            ],
            [
              31.998602,
              50.418164,
              0
            ],
            [
              32.237554,
              50.351615,
              0
            ],
            [
              32.344671,
              50.433912,
              0
            ],
            [
              32.550665,
              50.342851,
              0
            ],
            [
              32.806097,
              50.356872,
              0
            ],
            [
              33.038219,
              50.526684,
              0
            ],
            [
              33.142589,
              50.690528,
              0
            ],
            [
              33.161815,
              50.850333,
              0
            ],
            [
              33.156322,
              50.971559,
              0
            ],
            [
              32.977794,
              51.075215,
              0
            ],
            [
              32.958568,
              51.161419,
              0
            ],
            [
              33.043712,
              51.233705,
              0
            ],
            [
              33.038219,
              51.348785,
              0
            ],
            [
              33.164562,
              51.448173,
              0
            ],
            [
              33.172801,
              51.596851,
              0
            ],
            [
              33.145336,
              51.729736,
              0
            ],
            [
              33.076671,
              51.789237,
              0
            ],
            [
              33.181041,
              51.916476,
              0
            ],
            [
              33.297735,
              51.933278,
              0
            ],
            [
              33.393865,
              51.973903,
              0
            ],
            [
              33.362316,
              52.026459,
              0
            ],
            [
              33.483165,
              52.050112,
              0
            ],
            [
              33.337596,
              52.173244,
              0
            ],
            [
              33.397128,
              52.308803,
              0
            ],
            [
              33.441073,
              52.34741,
              0
            ],
            [
              33.38574,
              52.333919,
              0
            ],
            [
              33.352953,
              52.333394,
              0
            ],
            [
              33.329607,
              52.323848,
              0
            ],
            [
              33.302312,
              52.31283,
              0
            ],
            [
              33.275018,
              52.307582,
              0
            ],
            [
              33.230558,
              52.351223,
              0
            ],
            [
              33.187198,
              52.362478,
              0
            ],
            [
              33.176898,
              52.335634,
              0
            ],
            [
              33.082141,
              52.290718,
              0
            ],
            [
              32.969531,
              52.242393,
              0
            ],
            [
              32.898807,
              52.238608,
              0
            ],
            [
              32.869281,
              52.26341,
              0
            ],
            [
              32.830829,
              52.256265,
              0
            ],
            [
              32.758731,
              52.252903,
              0
            ],
            [
              32.694534,
              52.243451,
              0
            ],
            [
              32.67702,
              52.26257,
              0
            ],
            [
              32.574677,
              52.290399,
              0
            ],
            [
              32.48476,
              52.312972,
              0
            ],
            [
              32.446382,
              52.316866,
              0
            ],
            [
              32.394197,
              52.324001,
              0
            ],
            [
              32.387674,
              52.311619,
              0
            ],
            [
              32.364328,
              52.304272,
              0
            ],
            [
              32.370164,
              52.275712,
              0
            ],
            [
              32.396257,
              52.278863,
              0
            ],
            [
              32.386585,
              52.268135,
              0
            ],
            [
              32.403751,
              52.249642,
              0
            ],
            [
              32.365299,
              52.235767,
              0
            ],
            [
              32.354312,
              52.226936,
              0
            ],
            [
              32.341953,
              52.215578,
              0
            ],
            [
              32.356372,
              52.194959,
              0
            ],
            [
              32.363925,
              52.176015,
              0
            ],
            [
              32.391391,
              52.155798,
              0
            ],
            [
              32.376972,
              52.135573,
              0
            ],
            [
              32.352252,
              52.121663,
              0
            ],
            [
              32.32204,
              52.095516,
              0
            ],
            [
              32.232012,
              52.063462,
              0
            ],
            [
              32.125659,
              52.022478,
              0
            ],
            [
              32.017884,
              52.033067,
              0
            ],
            [
              31.90456,
              52.04909,
              0
            ],
            [
              31.92173,
              52.074411,
              0
            ],
            [
              31.848941,
              52.094673,
              0
            ],
            [
              31.763797,
              52.092141,
              0
            ],
            [
              31.613408,
              52.112525,
              0
            ],
            [
              31.455479,
              52.118815,
              0
            ],
            [
              31.421161,
              52.14358,
              0
            ],
            [
              31.35112,
              52.115795,
              0
            ],
            [
              31.261859,
              52.044867,
              0
            ],
            [
              31.142359,
              52.105709,
              0
            ],
            [
              30.992694,
              52.084547,
              0
            ],
            [
              30.849872,
              51.969631,
              0
            ],
            [
              30.701557,
              51.851027,
              0
            ],
            [
              30.580707,
              51.776315,
              0
            ],
            [
              30.514789,
              51.62311,
              0
            ],
            [
              30.591693,
              51.47965,
              0
            ],
            [
              30.624652,
              51.328873,
              0
            ],
            [
              30.515447,
              51.255919,
              0
            ]
          ]
        ]
      }
    },
    {
      "type": "Feature",
      "properties": {
        "Name": "Ukrainian-controlled central Ukraine",
        "description": "",
        "tessellate": -1,
        "extrude": 0,
        "visibility": -1,
        "________________": ""
      },
      "geometry": {
        "type": "Polygon",
        "coordinates": [
          [
            [
              31.979583,
              46.653153,
              0
            ],
            [
              31.987792,
              46.668074,
              0
            ],
            [
              32.034031,
              46.667592,
              0
            ],
            [
              32.017895,
              46.677251,
              0
            ],
            [
              32.084843,
              46.682669,
              0
            ],
            [
              32.074887,
              46.730225,
              0
            ],
            [
              32.058751,
              46.728578,
              0
            ],
            [
              32.055083,
              46.744354,
              0
            ],
            [
              32.109906,
              46.753753,
              0
            ],
            [
              32.114025,
              46.747401,
              0
            ],
            [
              32.168271,
              46.753047,
              0
            ],
            [
              32.168614,
              46.761279,
              0
            ],
            [
              32.217366,
              46.770216,
              0
            ],
            [
              32.209126,
              46.800777,
              0
            ],
            [
              32.253523,
              46.822874,
              0
            ],
            [
              32.221486,
              46.845881,
              0
            ],
            [
              32.339588,
              46.794666,
              0
            ],
            [
              32.37506,
              46.796087,
              0
            ],
            [
              32.363621,
              46.828501,
              0
            ],
            [
              32.460438,
              46.839306,
              0
            ],
            [
              32.474171,
              46.815346,
              0
            ],
            [
              32.525669,
              46.821454,
              0
            ],
            [
              32.51949,
              46.850108,
              0
            ],
            [
              32.531849,
              46.849638,
              0
            ],
            [
              32.527729,
              46.881562,
              0
            ],
            [
              32.542836,
              46.876868,
              0
            ],
            [
              32.546956,
              46.86748,
              0
            ],
            [
              32.572361,
              46.867949,
              0
            ],
            [
              32.599593,
              46.851057,
              0
            ],
            [
              32.686797,
              46.862326,
              0
            ],
            [
              32.701451,
              46.820044,
              0
            ],
            [
              32.814061,
              46.836957,
              0
            ],
            [
              32.817946,
              46.842134,
              0
            ],
            [
              32.94521,
              46.856682,
              0
            ],
            [
              32.948643,
              46.866072,
              0
            ],
            [
              32.923237,
              46.865602,
              0
            ],
            [
              32.914997,
              46.880623,
              0
            ],
            [
              32.864872,
              46.874991,
              0
            ],
            [
              32.83672,
              46.884847,
              0
            ],
            [
              32.83878,
              46.897047,
              0
            ],
            [
              32.925297,
              46.907838,
              0
            ],
            [
              32.924376,
              46.927547,
              0
            ],
            [
              32.980915,
              46.933632,
              0
            ],
            [
              32.978621,
              46.945363,
              0
            ],
            [
              32.949782,
              46.945832,
              0
            ],
            [
              32.938109,
              46.984257,
              0
            ],
            [
              32.948409,
              47.001118,
              0
            ],
            [
              33.01982,
              46.972076,
              0
            ],
            [
              33.066512,
              47.020314,
              0
            ],
            [
              32.912251,
              47.083461,
              0
            ],
            [
              32.909504,
              47.127393,
              0
            ],
            [
              32.964888,
              47.190435,
              0
            ],
            [
              33.012501,
              47.192757,
              0
            ],
            [
              33.022066,
              47.17661,
              0
            ],
            [
              33.030728,
              47.178037,
              0
            ],
            [
              33.037172,
              47.188978,
              0
            ],
            [
              33.056741,
              47.193644,
              0
            ],
            [
              33.070131,
              47.222098,
              0
            ],
            [
              33.109956,
              47.22816,
              0
            ],
            [
              33.124376,
              47.200642,
              0
            ],
            [
              33.146349,
              47.207173,
              0
            ],
            [
              33.121443,
              47.232414,
              0
            ],
            [
              33.161455,
              47.236553,
              0
            ],
            [
              33.179308,
              47.243546,
              0
            ],
            [
              33.102403,
              47.287346,
              0
            ],
            [
              33.102403,
              47.319939,
              0
            ],
            [
              33.147722,
              47.336694,
              0
            ],
            [
              33.118883,
              47.389715,
              0
            ],
            [
              33.033553,
              47.377685,
              0
            ],
            [
              33.021193,
              47.435309,
              0
            ],
            [
              33.052965,
              47.447327,
              0
            ],
            [
              33.048659,
              47.469668,
              0
            ],
            [
              33.072191,
              47.476109,
              0
            ],
            [
              33.076125,
              47.415798,
              0
            ],
            [
              33.143602,
              47.425033,
              0
            ],
            [
              33.131056,
              47.511426,
              0
            ],
            [
              33.144975,
              47.539189,
              0
            ],
            [
              33.098097,
              47.536465,
              0
            ],
            [
              33.087188,
              47.553223,
              0
            ],
            [
              33.092681,
              47.598619,
              0
            ],
            [
              32.949858,
              47.589357,
              0
            ],
            [
              33.02539,
              47.61621,
              0
            ],
            [
              32.975951,
              47.651376,
              0
            ],
            [
              32.975951,
              47.728103,
              0
            ],
            [
              33.063842,
              47.741958,
              0
            ],
            [
              33.056975,
              47.766886,
              0
            ],
            [
              33.072081,
              47.804718,
              0
            ],
            [
              33.059722,
              47.833304,
              0
            ],
            [
              33.076201,
              47.836069,
              0
            ],
            [
              33.069335,
              47.883061,
              0
            ],
            [
              33.080321,
              47.889508,
              0
            ],
            [
              33.072081,
              47.915286,
              0
            ],
            [
              32.985564,
              47.92909,
              0
            ],
            [
              33.00479,
              47.94749,
              0
            ],
            [
              32.993804,
              47.978756,
              0
            ],
            [
              32.995177,
              48.017351,
              0
            ],
            [
              33.102294,
              48.033884,
              0
            ],
            [
              33.140746,
              48.074273,
              0
            ],
            [
              33.21765,
              48.103628,
              0
            ],
            [
              33.187438,
              48.134798,
              0
            ],
            [
              33.20941,
              48.173277,
              0
            ],
            [
              33.264342,
              48.145795,
              0
            ],
            [
              33.269835,
              48.101794,
              0
            ],
            [
              33.302794,
              48.107296,
              0
            ],
            [
              33.302794,
              48.153125,
              0
            ],
            [
              33.473082,
              48.195252,
              0
            ],
            [
              33.517028,
              48.241003,
              0
            ],
            [
              33.534881,
              48.277575,
              0
            ],
            [
              33.45111,
              48.367064,
              0
            ],
            [
              33.488189,
              48.420864,
              0
            ],
            [
              33.45935,
              48.531932,
              0
            ],
            [
              33.517479,
              48.576095,
              0
            ],
            [
              33.593932,
              48.577382,
              0
            ],
            [
              33.625518,
              48.57193,
              0
            ],
            [
              33.609038,
              48.598275,
              0
            ],
            [
              33.65161,
              48.585558,
              0
            ],
            [
              33.753234,
              48.619159,
              0
            ],
            [
              33.749114,
              48.65183,
              0
            ],
            [
              33.802672,
              48.667251,
              0
            ],
            [
              33.794884,
              48.678663,
              0
            ],
            [
              33.761474,
              48.68176,
              0
            ],
            [
              33.747741,
              48.691733,
              0
            ],
            [
              33.625518,
              48.733416,
              0
            ],
            [
              33.571959,
              48.763298,
              0
            ],
            [
              33.582946,
              48.809443,
              0
            ],
            [
              33.640624,
              48.794066,
              0
            ],
            [
              33.700127,
              48.821727,
              0
            ],
            [
              33.747741,
              48.795875,
              0
            ],
            [
              33.801299,
              48.797685,
              0
            ],
            [
              33.843871,
              48.776874,
              0
            ],
            [
              33.88919,
              48.888968,
              0
            ],
            [
              33.950988,
              48.881743,
              0
            ],
            [
              34.004998,
              48.85517,
              0
            ],
            [
              34.112114,
              48.805449,
              0
            ],
            [
              34.26043,
              48.762015,
              0
            ],
            [
              34.310377,
              48.739371,
              0
            ],
            [
              34.315184,
              48.762007,
              0
            ],
            [
              34.335783,
              48.780109,
              0
            ],
            [
              34.302824,
              48.785538,
              0
            ],
            [
              34.291838,
              48.793229,
              0
            ],
            [
              34.295271,
              48.820362,
              0
            ],
            [
              34.329603,
              48.822623,
              0
            ],
            [
              34.32617,
              48.840703,
              0
            ],
            [
              34.34471,
              48.845222,
              0
            ],
            [
              34.302824,
              48.909347,
              0
            ],
            [
              34.341276,
              48.977898,
              0
            ],
            [
              34.335783,
              49.013939,
              0
            ],
            [
              34.401701,
              49.053555,
              0
            ],
            [
              34.418181,
              49.089541,
              0
            ],
            [
              34.506071,
              49.07515,
              0
            ],
            [
              34.846647,
              49.204523,
              0
            ],
            [
              34.874113,
              49.157844,
              0
            ],
            [
              34.945524,
              49.18478,
              0
            ],
            [
              35.027922,
              49.156048,
              0
            ],
            [
              34.991963,
              49.224934,
              0
            ],
            [
              35.034535,
              49.323493,
              0
            ],
            [
              35.130666,
              49.294841,
              0
            ],
            [
              35.248769,
              49.303797,
              0
            ],
            [
              35.339406,
              49.40756,
              0
            ],
            [
              35.358632,
              49.482562,
              0
            ],
            [
              35.463002,
              49.482562,
              0
            ],
            [
              35.41631,
              49.678452,
              0
            ],
            [
              35.295461,
              49.690891,
              0
            ],
            [
              35.204823,
              49.740616,
              0
            ],
            [
              35.226796,
              49.85054,
              0
            ],
            [
              35.050196,
              49.852422,
              0
            ],
            [
              34.92969,
              49.923757,
              0
            ],
            [
              34.875234,
              49.934587,
              0
            ],
            [
              34.858754,
              49.985828,
              0
            ],
            [
              34.946645,
              50.089908,
              0
            ],
            [
              34.941152,
              50.146265,
              0
            ],
            [
              34.899953,
              50.158584,
              0
            ],
            [
              34.849141,
              50.162103,
              0
            ],
            [
              34.728292,
              50.153304,
              0
            ],
            [
              34.593709,
              50.123378,
              0
            ],
            [
              34.526866,
              50.160346,
              0
            ],
            [
              34.537853,
              50.253513,
              0
            ],
            [
              34.39503,
              50.341239,
              0
            ],
            [
              34.287914,
              50.446297,
              0
            ],
            [
              34.232982,
              50.545887,
              0
            ],
            [
              33.928111,
              50.537159,
              0
            ],
            [
              33.683666,
              50.463784,
              0
            ],
            [
              33.42274,
              50.495244,
              0
            ],
            [
              33.038219,
              50.526684,
              0
            ],
            [
              32.806097,
              50.356872,
              0
            ],
            [
              32.550665,
              50.342851,
              0
            ],
            [
              32.344671,
              50.433912,
              0
            ],
            [
              32.237554,
              50.351615,
              0
            ],
            [
              31.998602,
              50.418164,
              0
            ],
            [
              32.026067,
              50.530036,
              0
            ],
            [
              31.825567,
              50.61028,
              0
            ],
            [
              31.504217,
              50.51432,
              0
            ],
            [
              31.226812,
              50.549237,
              0
            ],
            [
              31.163641,
              50.772096,
              0
            ],
            [
              31.020818,
              50.768622,
              0
            ],
            [
              30.726934,
              50.792935,
              0
            ],
            [
              30.707708,
              50.886595,
              0
            ],
            [
              30.606085,
              51.009454,
              0
            ],
            [
              30.485235,
              51.023277,
              0
            ],
            [
              30.518194,
              51.166447,
              0
            ],
            [
              30.515447,
              51.255919,
              0
            ],
            [
              30.467504,
              51.280155,
              0
            ],
            [
              30.429052,
              51.300766,
              0
            ],
            [
              30.357641,
              51.360831,
              0
            ],
            [
              30.343908,
              51.42938,
              0
            ],
            [
              30.176366,
              51.489276,
              0
            ],
            [
              29.909948,
              51.479013,
              0
            ],
            [
              29.745153,
              51.448213,
              0
            ],
            [
              29.709447,
              51.523467,
              0
            ],
            [
              29.418309,
              51.379692,
              0
            ],
            [
              29.330419,
              51.393404,
              0
            ],
            [
              29.121679,
              51.612243,
              0
            ],
            [
              28.75913,
              51.51663,
              0
            ],
            [
              28.330663,
              51.550801,
              0
            ],
            [
              27.77036,
              51.578119,
              0
            ],
            [
              31.154149,
              46.643053,
              0
            ],
            [
              31.236671,
              46.613178,
              0
            ],
            [
              31.353401,
              46.600913,
              0
            ],
            [
              31.401466,
              46.626383,
              0
            ],
            [
              31.512703,
              46.62544,
              0
            ],
            [
              31.562141,
              46.601856,
              0
            ],
            [
              31.622566,
              46.650898,
              0
            ],
            [
              31.72007,
              46.629212,
              0
            ],
            [
              31.784614,
              46.613178,
              0
            ],
            [
              31.849159,
              46.626383,
              0
            ],
            [
              31.901344,
              46.649013,
              0
            ],
            [
              31.909584,
              46.681056,
              0
            ],
            [
              31.979583,
              46.653153,
              0
            ]
          ]
        ]
      }
    },
    {
      "type": "Feature",
      "properties": {
        "Name": "Ukrainian-controlled western Ukraine",
        "description": "",
        "tessellate": -1,
        "extrude": 0,
        "visibility": -1,
        "________________": ""
      },
      "geometry": {
        "type": "Polygon",
        "coordinates": [
          [
            [
              27.77036,
              51.578119,
              0
            ],
            [
              27.429372,
              51.59815,
              0
            ],
            [
              26.989918,
              51.761641,
              0
            ],
            [
              26.121998,
              51.917766,
              0
            ],
            [
              25.352956,
              51.904211,
              0
            ],
            [
              24.594899,
              51.897432,
              0
            ],
            [
              24.298268,
              51.775238,
              0
            ],
            [
              23.935719,
              51.577672,
              0
            ],
            [
              23.639088,
              51.666343,
              0
            ],
            [
              23.650075,
              51.392956,
              0
            ],
            [
              23.770924,
              51.111029,
              0
            ],
            [
              24.045582,
              50.882855,
              0
            ],
            [
              24.097098,
              50.867173,
              0
            ],
            [
              24.104647,
              50.851484,
              0
            ],
            [
              23.982473,
              50.830507,
              0
            ],
            [
              23.970237,
              50.790524,
              0
            ],
            [
              24.106938,
              50.634899,
              0
            ],
            [
              24.078541,
              50.528013,
              0
            ],
            [
              24.009715,
              50.417876,
              0
            ],
            [
              23.869801,
              50.381121,
              0
            ],
            [
              23.728807,
              50.384772,
              0
            ],
            [
              23.27654,
              50.085967,
              0
            ],
            [
              22.694264,
              49.575731,
              0
            ],
            [
              22.727223,
              49.315012,
              0
            ],
            [
              22.738209,
              49.178747,
              0
            ],
            [
              22.892018,
              49.042105,
              0
            ],
            [
              22.518483,
              49.006084,
              0
            ],
            [
              22.386647,
              48.847282,
              0
            ],
            [
              22.419606,
              48.698852,
              0
            ],
            [
              22.199879,
              48.619026,
              0
            ],
            [
              22.144948,
              48.429844,
              0
            ],
            [
              22.298756,
              48.422554,
              0
            ],
            [
              22.386647,
              48.276527,
              0
            ],
            [
              22.573415,
              48.261901,
              0
            ],
            [
              22.61736,
              48.144745,
              0
            ],
            [
              22.782155,
              48.130082,
              0
            ],
            [
              22.903004,
              47.975863,
              0
            ],
            [
              23.210622,
              48.056702,
              0
            ],
            [
              23.562184,
              48.012624,
              0
            ],
            [
              23.935719,
              47.961152,
              0
            ],
            [
              24.583913,
              47.924355,
              0
            ],
            [
              24.913502,
              47.725197,
              0
            ],
            [
              25.111256,
              47.76952,
              0
            ],
            [
              25.341969,
              47.916992,
              0
            ],
            [
              26.17693,
              47.975863,
              0
            ],
            [
              26.29778,
              48.144745,
              0
            ],
            [
              26.599904,
              48.269215,
              0
            ],
            [
              26.720753,
              48.389734,
              0
            ],
            [
              26.83611,
              48.440778,
              0
            ],
            [
              27.25359,
              48.400676,
              0
            ],
            [
              27.467824,
              48.429844,
              0
            ],
            [
              27.731496,
              48.444422,
              0
            ],
            [
              27.945729,
              48.338639,
              0
            ],
            [
              28.357716,
              48.243613,
              0
            ],
            [
              28.46758,
              48.119081,
              0
            ],
            [
              28.544484,
              48.166732,
              0
            ],
            [
              28.824635,
              48.126415,
              0
            ],
            [
              29.00591,
              48.001598,
              0
            ],
            [
              29.187184,
              47.96483,
              0
            ],
            [
              29.30254,
              47.806427,
              0
            ],
            [
              29.187184,
              47.621629,
              0
            ],
            [
              29.220143,
              47.488168,
              0
            ],
            [
              29.362965,
              47.406442,
              0
            ],
            [
              29.467335,
              47.328311,
              0
            ],
            [
              29.560719,
              47.36181,
              0
            ],
            [
              29.599171,
              47.313416,
              0
            ],
            [
              29.566212,
              47.171703,
              0
            ],
            [
              29.604665,
              47.085746,
              0
            ],
            [
              29.582692,
              46.984662,
              0
            ],
            [
              29.741994,
              46.879631,
              0
            ],
            [
              29.950734,
              46.808243,
              0
            ],
            [
              29.895802,
              46.55575,
              0
            ],
            [
              30.137501,
              46.427167,
              0
            ],
            [
              30.093556,
              46.398763,
              0
            ],
            [
              29.906789,
              46.387397,
              0
            ],
            [
              29.681569,
              46.444203,
              0
            ],
            [
              29.621144,
              46.372238,
              0
            ],
            [
              29.417897,
              46.482041,
              0
            ],
            [
              29.253102,
              46.387397,
              0
            ],
            [
              29.209157,
              46.508512,
              0
            ],
            [
              28.929005,
              46.432847,
              0
            ],
            [
              29.049855,
              46.182404,
              0
            ],
            [
              28.978444,
              46.110094,
              0
            ],
            [
              28.98943,
              46.014805,
              0
            ],
            [
              28.758717,
              45.984278,
              0
            ],
            [
              28.753224,
              45.850523,
              0
            ],
            [
              28.648854,
              45.812248,
              0
            ],
            [
              28.489552,
              45.716446,
              0
            ],
            [
              28.500539,
              45.616637,
              0
            ],
            [
              28.506032,
              45.524348,
              0
            ],
            [
              28.445607,
              45.493551,
              0
            ],
            [
              28.305531,
              45.545511,
              0
            ],
            [
              28.24236,
              45.464664,
              0
            ],
            [
              28.316518,
              45.348966,
              0
            ],
            [
              28.506032,
              45.256238,
              0
            ],
            [
              28.76421,
              45.219491,
              0
            ],
            [
              28.750478,
              45.265904,
              0
            ],
            [
              28.78893,
              45.325798,
              0
            ],
            [
              28.918019,
              45.277502,
              0
            ],
            [
              29.003163,
              45.312279,
              0
            ],
            [
              29.162465,
              45.401059,
              0
            ],
            [
              29.398671,
              45.451178,
              0
            ],
            [
              29.571706,
              45.410701,
              0
            ],
            [
              29.678822,
              45.302621,
              0
            ],
            [
              29.665089,
              45.198206,
              0
            ],
            [
              29.750233,
              45.209817,
              0
            ],
            [
              29.763966,
              45.271703,
              0
            ],
            [
              29.780446,
              45.449251,
              0
            ],
            [
              29.64037,
              45.468516,
              0
            ],
            [
              29.709035,
              45.570511,
              0
            ],
            [
              29.829884,
              45.614716,
              0
            ],
            [
              29.898549,
              45.714528,
              0
            ],
            [
              30.167714,
              45.829475,
              0
            ],
            [
              30.359975,
              46.001451,
              0
            ],
            [
              30.381947,
              46.104381,
              0
            ],
            [
              30.250111,
              46.210921,
              0
            ],
            [
              30.118275,
              46.370343,
              0
            ],
            [
              30.255604,
              46.366553,
              0
            ],
            [
              30.40392,
              46.199516,
              0
            ],
            [
              30.530263,
              46.134842,
              0
            ],
            [
              30.667592,
              46.260315,
              0
            ],
            [
              30.771962,
              46.419594,
              0
            ],
            [
              30.980702,
              46.574633,
              0
            ],
            [
              31.154149,
              46.643053,
              0
            ],
            [
              27.77036,
              51.578119,
              0
            ]
          ]
        ]
      }
    },
    {
      "type": "Feature",
      "properties": {
        "Name": "Ukrainian-controlled Kherson region",
        "description": "",
        "tessellate": -1,
        "extrude": 0,
        "visibility": -1,
        "________________": ""
      },
      "geometry": {
        "type": "Polygon",
        "coordinates": [
          [
            [
              31.979583,
              46.653153,
              0
            ],
            [
              32.003108,
              46.637312,
              0
            ],
            [
              32.026797,
              46.61279,
              0
            ],
            [
              32.095462,
              46.612555,
              0
            ],
            [
              32.116748,
              46.560409,
              0
            ],
            [
              32.148334,
              46.556396,
              0
            ],
            [
              32.208758,
              46.576223,
              0
            ],
            [
              32.248927,
              46.589202,
              0
            ],
            [
              32.300425,
              46.564894,
              0
            ],
            [
              32.295276,
              46.548369,
              0
            ],
            [
              32.286693,
              46.545299,
              0
            ],
            [
              32.27985,
              46.541237,
              0
            ],
            [
              32.284808,
              46.532361,
              0
            ],
            [
              32.296537,
              46.534971,
              0
            ],
            [
              32.315875,
              46.535735,
              0
            ],
            [
              32.32154,
              46.534406,
              0
            ],
            [
              32.328747,
              46.53427,
              0
            ],
            [
              32.334269,
              46.534617,
              0
            ],
            [
              32.339791,
              46.535016,
              0
            ],
            [
              32.342738,
              46.534294,
              0
            ],
            [
              32.35241,
              46.537806,
              0
            ],
            [
              32.362676,
              46.54539,
              0
            ],
            [
              32.384036,
              46.546463,
              0
            ],
            [
              32.408654,
              46.557141,
              0
            ],
            [
              32.433684,
              46.559165,
              0
            ],
            [
              32.458194,
              46.564011,
              0
            ],
            [
              32.477497,
              46.572307,
              0
            ],
            [
              32.486572,
              46.57346,
              0
            ],
            [
              32.494715,
              46.574626,
              0
            ],
            [
              32.495782,
              46.573025,
              0
            ],
            [
              32.504745,
              46.572722,
              0
            ],
            [
              32.504982,
              46.575347,
              0
            ],
            [
              32.505826,
              46.578271,
              0
            ],
            [
              32.507529,
              46.580015,
              0
            ],
            [
              32.51057,
              46.581005,
              0
            ],
            [
              32.510986,
              46.582551,
              0
            ],
            [
              32.511795,
              46.583382,
              0
            ],
            [
              32.510324,
              46.584505,
              0
            ],
            [
              32.511219,
              46.585243,
              0
            ],
            [
              32.513316,
              46.585745,
              0
            ],
            [
              32.517411,
              46.584332,
              0
            ],
            [
              32.518073,
              46.582349,
              0
            ],
            [
              32.521751,
              46.583385,
              0
            ],
            [
              32.527193,
              46.58682,
              0
            ],
            [
              32.5277,
              46.591364,
              0
            ],
            [
              32.556282,
              46.598561,
              0
            ],
            [
              32.561948,
              46.600979,
              0
            ],
            [
              32.570533,
              46.60198,
              0
            ],
            [
              32.582726,
              46.601152,
              0
            ],
            [
              32.598662,
              46.605704,
              0
            ],
            [
              32.642019,
              46.638002,
              0
            ],
            [
              32.708725,
              46.666807,
              0
            ],
            [
              32.754731,
              46.670105,
              0
            ],
            [
              32.809662,
              46.680941,
              0
            ],
            [
              32.846741,
              46.69413,
              0
            ],
            [
              32.88176,
              46.709199,
              0
            ],
            [
              32.921028,
              46.733647,
              0
            ],
            [
              32.940207,
              46.731812,
              0
            ],
            [
              33.040458,
              46.741935,
              0
            ],
            [
              33.126458,
              46.778977,
              0
            ],
            [
              33.152293,
              46.783858,
              0
            ],
            [
              33.173835,
              46.776626,
              0
            ],
            [
              33.302062,
              46.750169,
              0
            ],
            [
              33.346829,
              46.762938,
              0
            ],
            [
              33.375026,
              46.788439,
              0
            ],
            [
              33.400432,
              46.814291,
              0
            ],
            [
              33.467723,
              46.842009,
              0
            ],
            [
              33.55424,
              46.851871,
              0
            ],
            [
              33.596812,
              46.859384,
              0
            ],
            [
              33.600245,
              46.914759,
              0
            ],
            [
              33.628398,
              46.953675,
              0
            ],
            [
              33.65584,
              46.979046,
              0
            ],
            [
              33.668199,
              47.006211,
              0
            ],
            [
              33.677812,
              47.042253,
              0
            ],
            [
              33.74785,
              47.080609,
              0
            ],
            [
              33.791795,
              47.106787,
              0
            ],
            [
              33.794542,
              47.147898,
              0
            ],
            [
              33.798662,
              47.17591,
              0
            ],
            [
              33.883806,
              47.205774,
              0
            ],
            [
              33.909898,
              47.221632,
              0
            ],
            [
              33.916765,
              47.245876,
              0
            ],
            [
              33.934618,
              47.273837,
              0
            ],
            [
              33.97307,
              47.304576,
              0
            ],
            [
              33.975816,
              47.348326,
              0
            ],
            [
              33.96895,
              47.404124,
              0
            ],
            [
              33.951097,
              47.450577,
              0
            ],
            [
              33.946977,
              47.510905,
              0
            ],
            [
              33.64348,
              47.50905,
              0
            ],
            [
              33.581682,
              47.488638,
              0
            ],
            [
              33.595415,
              47.535944,
              0
            ],
            [
              33.567949,
              47.602656,
              0
            ],
            [
              33.485551,
              47.595248,
              0
            ],
            [
              33.478685,
              47.547069,
              0
            ],
            [
              33.33037,
              47.522962,
              0
            ],
            [
              33.353716,
              47.494206,
              0
            ],
            [
              33.315263,
              47.491422,
              0
            ],
            [
              33.291917,
              47.548459,
              0
            ],
            [
              33.219133,
              47.534553,
              0
            ],
            [
              33.247972,
              47.570701,
              0
            ],
            [
              33.098097,
              47.582801,
              0
            ],
            [
              33.098097,
              47.536465,
              0
            ],
            [
              33.144975,
              47.539189,
              0
            ],
            [
              33.131056,
              47.511426,
              0
            ],
            [
              33.143602,
              47.425033,
              0
            ],
            [
              33.076125,
              47.415798,
              0
            ],
            [
              33.072191,
              47.476109,
              0
            ],
            [
              33.048659,
              47.469668,
              0
            ],
            [
              33.052965,
              47.447327,
              0
            ],
            [
              33.021193,
              47.435309,
              0
            ],
            [
              33.029619,
              47.403659,
              0
            ],
            [
              33.033553,
              47.377685,
              0
            ],
            [
              33.118883,
              47.389715,
              0
            ],
            [
              33.147722,
              47.336694,
              0
            ],
            [
              33.102403,
              47.319939,
              0
            ],
            [
              33.102403,
              47.287346,
              0
            ],
            [
              33.179308,
              47.243546,
              0
            ],
            [
              33.161455,
              47.236553,
              0
            ],
            [
              33.121443,
              47.232414,
              0
            ],
            [
              33.146349,
              47.207173,
              0
            ],
            [
              33.124376,
              47.200642,
              0
            ],
            [
              33.109956,
              47.22816,
              0
            ],
            [
              33.070131,
              47.222098,
              0
            ],
            [
              33.056741,
              47.193644,
              0
            ],
            [
              33.037172,
              47.188978,
              0
            ],
            [
              33.035112,
              47.17661,
              0
            ],
            [
              33.022066,
              47.17661,
              0
            ],
            [
              33.012501,
              47.192757,
              0
            ],
            [
              32.964888,
              47.190435,
              0
            ],
            [
              32.909504,
              47.127393,
              0
            ],
            [
              32.912251,
              47.083461,
              0
            ],
            [
              33.066512,
              47.020314,
              0
            ],
            [
              33.01982,
              46.972076,
              0
            ],
            [
              32.948409,
              47.001118,
              0
            ],
            [
              32.938109,
              46.984257,
              0
            ],
            [
              32.93903,
              46.97394,
              0
            ],
            [
              32.949782,
              46.945832,
              0
            ],
            [
              32.978621,
              46.945363,
              0
            ],
            [
              32.980915,
              46.933632,
              0
            ],
            [
              32.924376,
              46.927547,
              0
            ],
            [
              32.925297,
              46.907838,
              0
            ],
            [
              32.83878,
              46.897047,
              0
            ],
            [
              32.83672,
              46.884847,
              0
            ],
            [
              32.864872,
              46.874991,
              0
            ],
            [
              32.914997,
              46.880623,
              0
            ],
            [
              32.923237,
              46.865602,
              0
            ],
            [
              32.948643,
              46.866072,
              0
            ],
            [
              32.94521,
              46.856682,
              0
            ],
            [
              32.817946,
              46.842134,
              0
            ],
            [
              32.814061,
              46.836957,
              0
            ],
            [
              32.701451,
              46.820044,
              0
            ],
            [
              32.686797,
              46.862326,
              0
            ],
            [
              32.599593,
              46.851057,
              0
            ],
            [
              32.572361,
              46.867949,
              0
            ],
            [
              32.546956,
              46.86748,
              0
            ],
            [
              32.542836,
              46.876868,
              0
            ],
            [
              32.527729,
              46.881562,
              0
            ],
            [
              32.531849,
              46.849638,
              0
            ],
            [
              32.51949,
              46.850108,
              0
            ],
            [
              32.525669,
              46.821454,
              0
            ],
            [
              32.474171,
              46.815346,
              0
            ],
            [
              32.460438,
              46.839306,
              0
            ],
            [
              32.363621,
              46.828501,
              0
            ],
            [
              32.37506,
              46.796087,
              0
            ],
            [
              32.339588,
              46.794666,
              0
            ],
            [
              32.221486,
              46.845881,
              0
            ],
            [
              32.253523,
              46.822874,
              0
            ],
            [
              32.209126,
              46.800777,
              0
            ],
            [
              32.217366,
              46.770216,
              0
            ],
            [
              32.168614,
              46.761279,
              0
            ],
            [
              32.168271,
              46.753047,
              0
            ],
            [
              32.114025,
              46.747401,
              0
            ],
            [
              32.109906,
              46.753753,
              0
            ],
            [
              32.055083,
              46.744354,
              0
            ],
            [
              32.058751,
              46.728578,
              0
            ],
            [
              32.074887,
              46.730225,
              0
            ],
            [
              32.084843,
              46.682669,
              0
            ],
            [
              32.017895,
              46.677251,
              0
            ],
            [
              32.034031,
              46.667592,
              0
            ],
            [
              31.987792,
              46.668074,
              0
            ],
            [
              31.979583,
              46.653153,
              0
            ]
          ]
        ]
      }
    }
  ]
}